solid OpenSCAD_Model
  facet normal 0.737277 -0.67559 0
    outer loop
      vertex 9.54594 -9.54594 2
      vertex 10.3416 -8.67763 0
      vertex 10.3416 -8.67763 2
    endloop
  endfacet
  facet normal 0.737277 -0.67559 0
    outer loop
      vertex 10.3416 -8.67763 0
      vertex 9.54594 -9.54594 2
      vertex 9.54594 -9.54594 0
    endloop
  endfacet
  facet normal 0.923879 -0.382685 0
    outer loop
      vertex 12.2352 -5.70535 2
      vertex 12.6859 -4.61727 0
      vertex 12.6859 -4.61727 2
    endloop
  endfacet
  facet normal 0.923879 -0.382685 0
    outer loop
      vertex 12.6859 -4.61727 0
      vertex 12.2352 -5.70535 2
      vertex 12.2352 -5.70535 0
    endloop
  endfacet
  facet normal 0.737277 0.67559 0
    outer loop
      vertex 10.3416 8.67763 2
      vertex 9.54594 9.54594 0
      vertex 9.54594 9.54594 2
    endloop
  endfacet
  facet normal 0.737277 0.67559 0
    outer loop
      vertex 9.54594 9.54594 0
      vertex 10.3416 8.67763 2
      vertex 10.3416 8.67763 0
    endloop
  endfacet
  facet normal 0.382685 0.923879 -0
    outer loop
      vertex 5.70535 12.2352 0
      vertex 4.61727 12.6859 2
      vertex 5.70535 12.2352 2
    endloop
  endfacet
  facet normal 0.382685 0.923879 0
    outer loop
      vertex 4.61727 12.6859 2
      vertex 5.70535 12.2352 0
      vertex 4.61727 12.6859 0
    endloop
  endfacet
  facet normal 0.991447 0.130513 0
    outer loop
      vertex 13.4192 1.4 2
      vertex 13.2949 2.34425 0
      vertex 13.2949 2.34425 2
    endloop
  endfacet
  facet normal 0.991447 0.130513 0
    outer loop
      vertex 13.2949 2.34425 0
      vertex 13.4192 1.4 2
      vertex 13.4192 1.4 0
    endloop
  endfacet
  facet normal 0.216434 0.976297 -0
    outer loop
      vertex 3.49406 13.04 0
      vertex 2.34425 13.2949 2
      vertex 3.49406 13.04 2
    endloop
  endfacet
  facet normal 0.216434 0.976297 0
    outer loop
      vertex 2.34425 13.2949 2
      vertex 3.49406 13.04 0
      vertex 2.34425 13.2949 0
    endloop
  endfacet
  facet normal -0.382685 0.923879 0
    outer loop
      vertex -4.61727 12.6859 0
      vertex -5.70535 12.2352 2
      vertex -4.61727 12.6859 2
    endloop
  endfacet
  facet normal -0.382685 0.923879 0
    outer loop
      vertex -5.70535 12.2352 2
      vertex -4.61727 12.6859 0
      vertex -5.70535 12.2352 0
    endloop
  endfacet
  facet normal 0.923879 0.382685 0
    outer loop
      vertex 12.6859 4.61727 2
      vertex 12.2352 5.70535 0
      vertex 12.2352 5.70535 2
    endloop
  endfacet
  facet normal 0.923879 0.382685 0
    outer loop
      vertex 12.2352 5.70535 0
      vertex 12.6859 4.61727 2
      vertex 12.6859 4.61727 0
    endloop
  endfacet
  facet normal 0.67559 -0.737277 0
    outer loop
      vertex 8.67763 -10.3416 0
      vertex 9.54594 -9.54594 2
      vertex 8.67763 -10.3416 2
    endloop
  endfacet
  facet normal 0.67559 -0.737277 0
    outer loop
      vertex 9.54594 -9.54594 2
      vertex 8.67763 -10.3416 0
      vertex 9.54594 -9.54594 0
    endloop
  endfacet
  facet normal 0.608787 0.793334 -0
    outer loop
      vertex 8.67763 10.3416 0
      vertex 7.74328 11.0586 2
      vertex 8.67763 10.3416 2
    endloop
  endfacet
  facet normal 0.608787 0.793334 0
    outer loop
      vertex 7.74328 11.0586 2
      vertex 8.67763 10.3416 0
      vertex 7.74328 11.0586 0
    endloop
  endfacet
  facet normal -0.216434 0.976297 0
    outer loop
      vertex -2.34425 13.2949 0
      vertex -3.49406 13.04 2
      vertex -2.34425 13.2949 2
    endloop
  endfacet
  facet normal -0.216434 0.976297 0
    outer loop
      vertex -3.49406 13.04 2
      vertex -2.34425 13.2949 0
      vertex -3.49406 13.04 0
    endloop
  endfacet
  facet normal 0.843426 0.537246 0
    outer loop
      vertex 11.6913 6.75 2
      vertex 11.0586 7.74328 0
      vertex 11.0586 7.74328 2
    endloop
  endfacet
  facet normal 0.843426 0.537246 0
    outer loop
      vertex 11.0586 7.74328 0
      vertex 11.6913 6.75 2
      vertex 11.6913 6.75 0
    endloop
  endfacet
  facet normal -0.923879 -0.382685 0
    outer loop
      vertex -12.2352 -5.70535 0
      vertex -12.6859 -4.61727 2
      vertex -12.6859 -4.61727 0
    endloop
  endfacet
  facet normal -0.923879 -0.382685 0
    outer loop
      vertex -12.6859 -4.61727 2
      vertex -12.2352 -5.70535 0
      vertex -12.2352 -5.70535 2
    endloop
  endfacet
  facet normal 0.461808 0.88698 -0
    outer loop
      vertex 6.75 11.6913 0
      vertex 5.70535 12.2352 2
      vertex 6.75 11.6913 2
    endloop
  endfacet
  facet normal 0.461808 0.88698 0
    outer loop
      vertex 5.70535 12.2352 2
      vertex 6.75 11.6913 0
      vertex 5.70535 12.2352 0
    endloop
  endfacet
  facet normal -0.953728 0.30067 0
    outer loop
      vertex -13.04 3.49406 0
      vertex -12.6859 4.61727 2
      vertex -12.6859 4.61727 0
    endloop
  endfacet
  facet normal -0.953728 0.30067 0
    outer loop
      vertex -12.6859 4.61727 2
      vertex -13.04 3.49406 0
      vertex -13.04 3.49406 2
    endloop
  endfacet
  facet normal -0.976297 -0.216434 0
    outer loop
      vertex -13.04 -3.49406 0
      vertex -13.2949 -2.34425 2
      vertex -13.2949 -2.34425 0
    endloop
  endfacet
  facet normal -0.976297 -0.216434 0
    outer loop
      vertex -13.2949 -2.34425 2
      vertex -13.04 -3.49406 0
      vertex -13.04 -3.49406 2
    endloop
  endfacet
  facet normal 0.537246 -0.843426 0
    outer loop
      vertex 6.75 -11.6913 0
      vertex 7.74328 -11.0586 2
      vertex 6.75 -11.6913 2
    endloop
  endfacet
  facet normal 0.537246 -0.843426 0
    outer loop
      vertex 7.74328 -11.0586 2
      vertex 6.75 -11.6913 0
      vertex 7.74328 -11.0586 0
    endloop
  endfacet
  facet normal -0.0436436 -0.999047 0
    outer loop
      vertex -1.1766 -13.4486 0
      vertex 0 -13.5 2
      vertex -1.1766 -13.4486 2
    endloop
  endfacet
  facet normal -0.0436436 -0.999047 -0
    outer loop
      vertex 0 -13.5 2
      vertex -1.1766 -13.4486 0
      vertex 0 -13.5 0
    endloop
  endfacet
  facet normal -0.30067 -0.953728 0
    outer loop
      vertex -4.61727 -12.6859 0
      vertex -3.49406 -13.04 2
      vertex -4.61727 -12.6859 2
    endloop
  endfacet
  facet normal -0.30067 -0.953728 -0
    outer loop
      vertex -3.49406 -13.04 2
      vertex -4.61727 -12.6859 0
      vertex -3.49406 -13.04 0
    endloop
  endfacet
  facet normal 0.216434 -0.976297 0
    outer loop
      vertex 2.34425 -13.2949 0
      vertex 3.49406 -13.04 2
      vertex 2.34425 -13.2949 2
    endloop
  endfacet
  facet normal 0.216434 -0.976297 0
    outer loop
      vertex 3.49406 -13.04 2
      vertex 2.34425 -13.2949 0
      vertex 3.49406 -13.04 0
    endloop
  endfacet
  facet normal -0.537246 -0.843426 0
    outer loop
      vertex -7.74328 -11.0586 0
      vertex -6.75 -11.6913 2
      vertex -7.74328 -11.0586 2
    endloop
  endfacet
  facet normal -0.537246 -0.843426 -0
    outer loop
      vertex -6.75 -11.6913 2
      vertex -7.74328 -11.0586 0
      vertex -6.75 -11.6913 0
    endloop
  endfacet
  facet normal 0.608787 -0.793334 0
    outer loop
      vertex 7.74328 -11.0586 0
      vertex 8.67763 -10.3416 2
      vertex 7.74328 -11.0586 2
    endloop
  endfacet
  facet normal 0.608787 -0.793334 0
    outer loop
      vertex 8.67763 -10.3416 2
      vertex 7.74328 -11.0586 0
      vertex 8.67763 -10.3416 0
    endloop
  endfacet
  facet normal 0.976297 0.216434 0
    outer loop
      vertex 13.2949 2.34425 2
      vertex 13.04 3.49406 0
      vertex 13.04 3.49406 2
    endloop
  endfacet
  facet normal 0.976297 0.216434 0
    outer loop
      vertex 13.04 3.49406 0
      vertex 13.2949 2.34425 2
      vertex 13.2949 2.34425 0
    endloop
  endfacet
  facet normal 0.991447 -0.130513 0
    outer loop
      vertex 13.2949 -2.34425 2
      vertex 13.4192 -1.4 0
      vertex 13.4192 -1.4 2
    endloop
  endfacet
  facet normal 0.991447 -0.130513 0
    outer loop
      vertex 13.4192 -1.4 0
      vertex 13.2949 -2.34425 2
      vertex 13.2949 -2.34425 0
    endloop
  endfacet
  facet normal -0.999047 0.0436436 0
    outer loop
      vertex -13.5 0 0
      vertex -13.4486 1.1766 2
      vertex -13.4486 1.1766 0
    endloop
  endfacet
  facet normal -0.999047 0.0436436 0
    outer loop
      vertex -13.4486 1.1766 2
      vertex -13.5 0 0
      vertex -13.5 0 2
    endloop
  endfacet
  facet normal -0.67559 0.737277 0
    outer loop
      vertex -8.67763 10.3416 0
      vertex -9.54594 9.54594 2
      vertex -8.67763 10.3416 2
    endloop
  endfacet
  facet normal -0.67559 0.737277 0
    outer loop
      vertex -9.54594 9.54594 2
      vertex -8.67763 10.3416 0
      vertex -9.54594 9.54594 0
    endloop
  endfacet
  facet normal -0.382685 -0.923879 0
    outer loop
      vertex -5.70535 -12.2352 0
      vertex -4.61727 -12.6859 2
      vertex -5.70535 -12.2352 2
    endloop
  endfacet
  facet normal -0.382685 -0.923879 -0
    outer loop
      vertex -4.61727 -12.6859 2
      vertex -5.70535 -12.2352 0
      vertex -4.61727 -12.6859 0
    endloop
  endfacet
  facet normal -0.999047 -0.0436436 0
    outer loop
      vertex -13.4486 -1.1766 0
      vertex -13.5 0 2
      vertex -13.5 0 0
    endloop
  endfacet
  facet normal -0.999047 -0.0436436 0
    outer loop
      vertex -13.5 0 2
      vertex -13.4486 -1.1766 0
      vertex -13.4486 -1.1766 2
    endloop
  endfacet
  facet normal -0.461808 0.88698 0
    outer loop
      vertex -5.70535 12.2352 0
      vertex -6.75 11.6913 2
      vertex -5.70535 12.2352 2
    endloop
  endfacet
  facet normal -0.461808 0.88698 0
    outer loop
      vertex -6.75 11.6913 2
      vertex -5.70535 12.2352 0
      vertex -6.75 11.6913 0
    endloop
  endfacet
  facet normal -0.843426 0.537246 0
    outer loop
      vertex -11.6913 6.75 0
      vertex -11.0586 7.74328 2
      vertex -11.0586 7.74328 0
    endloop
  endfacet
  facet normal -0.843426 0.537246 0
    outer loop
      vertex -11.0586 7.74328 2
      vertex -11.6913 6.75 0
      vertex -11.6913 6.75 2
    endloop
  endfacet
  facet normal 0.30067 -0.953728 0
    outer loop
      vertex 3.49406 -13.04 0
      vertex 4.61727 -12.6859 2
      vertex 3.49406 -13.04 2
    endloop
  endfacet
  facet normal 0.30067 -0.953728 0
    outer loop
      vertex 4.61727 -12.6859 2
      vertex 3.49406 -13.04 0
      vertex 4.61727 -12.6859 0
    endloop
  endfacet
  facet normal 0.976297 -0.216434 0
    outer loop
      vertex 13.04 -3.49406 2
      vertex 13.2949 -2.34425 0
      vertex 13.2949 -2.34425 2
    endloop
  endfacet
  facet normal 0.976297 -0.216434 0
    outer loop
      vertex 13.2949 -2.34425 0
      vertex 13.04 -3.49406 2
      vertex 13.04 -3.49406 0
    endloop
  endfacet
  facet normal 0.0436436 -0.999047 0
    outer loop
      vertex 0 -13.5 0
      vertex 1.1766 -13.4486 2
      vertex 0 -13.5 2
    endloop
  endfacet
  facet normal 0.0436436 -0.999047 0
    outer loop
      vertex 1.1766 -13.4486 2
      vertex 0 -13.5 0
      vertex 1.1766 -13.4486 0
    endloop
  endfacet
  facet normal -0.88698 -0.461808 0
    outer loop
      vertex -11.6913 -6.75 0
      vertex -12.2352 -5.70535 2
      vertex -12.2352 -5.70535 0
    endloop
  endfacet
  facet normal -0.88698 -0.461808 0
    outer loop
      vertex -12.2352 -5.70535 2
      vertex -11.6913 -6.75 0
      vertex -11.6913 -6.75 2
    endloop
  endfacet
  facet normal -0.0436436 0.999047 0
    outer loop
      vertex 0 13.5 0
      vertex -1.1766 13.4486 2
      vertex 0 13.5 2
    endloop
  endfacet
  facet normal -0.0436436 0.999047 0
    outer loop
      vertex -1.1766 13.4486 2
      vertex 0 13.5 0
      vertex -1.1766 13.4486 0
    endloop
  endfacet
  facet normal -0.991448 0.130506 0
    outer loop
      vertex -13.4486 1.1766 0
      vertex -13.2949 2.34425 2
      vertex -13.2949 2.34425 0
    endloop
  endfacet
  facet normal -0.991448 0.130506 0
    outer loop
      vertex -13.2949 2.34425 2
      vertex -13.4486 1.1766 0
      vertex -13.4486 1.1766 2
    endloop
  endfacet
  facet normal 0.953728 0.30067 0
    outer loop
      vertex 13.04 3.49406 2
      vertex 12.6859 4.61727 0
      vertex 12.6859 4.61727 2
    endloop
  endfacet
  facet normal 0.953728 0.30067 0
    outer loop
      vertex 12.6859 4.61727 0
      vertex 13.04 3.49406 2
      vertex 13.04 3.49406 0
    endloop
  endfacet
  facet normal 0.843426 -0.537246 0
    outer loop
      vertex 11.0586 -7.74328 2
      vertex 11.6913 -6.75 0
      vertex 11.6913 -6.75 2
    endloop
  endfacet
  facet normal 0.843426 -0.537246 0
    outer loop
      vertex 11.6913 -6.75 0
      vertex 11.0586 -7.74328 2
      vertex 11.0586 -7.74328 0
    endloop
  endfacet
  facet normal -0.793334 -0.608787 0
    outer loop
      vertex -10.3416 -8.67763 0
      vertex -11.0586 -7.74328 2
      vertex -11.0586 -7.74328 0
    endloop
  endfacet
  facet normal -0.793334 -0.608787 0
    outer loop
      vertex -11.0586 -7.74328 2
      vertex -10.3416 -8.67763 0
      vertex -10.3416 -8.67763 2
    endloop
  endfacet
  facet normal -0.991448 -0.130506 0
    outer loop
      vertex -13.2949 -2.34425 0
      vertex -13.4486 -1.1766 2
      vertex -13.4486 -1.1766 0
    endloop
  endfacet
  facet normal -0.991448 -0.130506 0
    outer loop
      vertex -13.4486 -1.1766 2
      vertex -13.2949 -2.34425 0
      vertex -13.2949 -2.34425 2
    endloop
  endfacet
  facet normal 0.67559 0.737277 -0
    outer loop
      vertex 9.54594 9.54594 0
      vertex 8.67763 10.3416 2
      vertex 9.54594 9.54594 2
    endloop
  endfacet
  facet normal 0.67559 0.737277 0
    outer loop
      vertex 8.67763 10.3416 2
      vertex 9.54594 9.54594 0
      vertex 8.67763 10.3416 0
    endloop
  endfacet
  facet normal 0.88698 0.461808 0
    outer loop
      vertex 12.2352 5.70535 2
      vertex 11.6913 6.75 0
      vertex 11.6913 6.75 2
    endloop
  endfacet
  facet normal 0.88698 0.461808 0
    outer loop
      vertex 11.6913 6.75 0
      vertex 12.2352 5.70535 2
      vertex 12.2352 5.70535 0
    endloop
  endfacet
  facet normal -0.216434 -0.976297 0
    outer loop
      vertex -3.49406 -13.04 0
      vertex -2.34425 -13.2949 2
      vertex -3.49406 -13.04 2
    endloop
  endfacet
  facet normal -0.216434 -0.976297 -0
    outer loop
      vertex -2.34425 -13.2949 2
      vertex -3.49406 -13.04 0
      vertex -2.34425 -13.2949 0
    endloop
  endfacet
  facet normal -0.130506 0.991448 0
    outer loop
      vertex -1.1766 13.4486 0
      vertex -2.34425 13.2949 2
      vertex -1.1766 13.4486 2
    endloop
  endfacet
  facet normal -0.130506 0.991448 0
    outer loop
      vertex -2.34425 13.2949 2
      vertex -1.1766 13.4486 0
      vertex -2.34425 13.2949 0
    endloop
  endfacet
  facet normal 0.130506 -0.991448 0
    outer loop
      vertex 1.1766 -13.4486 0
      vertex 2.34425 -13.2949 2
      vertex 1.1766 -13.4486 2
    endloop
  endfacet
  facet normal 0.130506 -0.991448 0
    outer loop
      vertex 2.34425 -13.2949 2
      vertex 1.1766 -13.4486 0
      vertex 2.34425 -13.2949 0
    endloop
  endfacet
  facet normal 0.537246 0.843426 -0
    outer loop
      vertex 7.74328 11.0586 0
      vertex 6.75 11.6913 2
      vertex 7.74328 11.0586 2
    endloop
  endfacet
  facet normal 0.537246 0.843426 0
    outer loop
      vertex 6.75 11.6913 2
      vertex 7.74328 11.0586 0
      vertex 6.75 11.6913 0
    endloop
  endfacet
  facet normal -0.608787 0.793334 0
    outer loop
      vertex -7.74328 11.0586 0
      vertex -8.67763 10.3416 2
      vertex -7.74328 11.0586 2
    endloop
  endfacet
  facet normal -0.608787 0.793334 0
    outer loop
      vertex -8.67763 10.3416 2
      vertex -7.74328 11.0586 0
      vertex -8.67763 10.3416 0
    endloop
  endfacet
  facet normal -0.953728 -0.30067 0
    outer loop
      vertex -12.6859 -4.61727 0
      vertex -13.04 -3.49406 2
      vertex -13.04 -3.49406 0
    endloop
  endfacet
  facet normal -0.953728 -0.30067 0
    outer loop
      vertex -13.04 -3.49406 2
      vertex -12.6859 -4.61727 0
      vertex -12.6859 -4.61727 2
    endloop
  endfacet
  facet normal -0.737277 0.67559 0
    outer loop
      vertex -10.3416 8.67763 0
      vertex -9.54594 9.54594 2
      vertex -9.54594 9.54594 0
    endloop
  endfacet
  facet normal -0.737277 0.67559 0
    outer loop
      vertex -9.54594 9.54594 2
      vertex -10.3416 8.67763 0
      vertex -10.3416 8.67763 2
    endloop
  endfacet
  facet normal -0.737277 -0.67559 0
    outer loop
      vertex -9.54594 -9.54594 0
      vertex -10.3416 -8.67763 2
      vertex -10.3416 -8.67763 0
    endloop
  endfacet
  facet normal -0.737277 -0.67559 0
    outer loop
      vertex -10.3416 -8.67763 2
      vertex -9.54594 -9.54594 0
      vertex -9.54594 -9.54594 2
    endloop
  endfacet
  facet normal -0.976297 0.216434 0
    outer loop
      vertex -13.2949 2.34425 0
      vertex -13.04 3.49406 2
      vertex -13.04 3.49406 0
    endloop
  endfacet
  facet normal -0.976297 0.216434 0
    outer loop
      vertex -13.04 3.49406 2
      vertex -13.2949 2.34425 0
      vertex -13.2949 2.34425 2
    endloop
  endfacet
  facet normal -0.30067 0.953728 0
    outer loop
      vertex -3.49406 13.04 0
      vertex -4.61727 12.6859 2
      vertex -3.49406 13.04 2
    endloop
  endfacet
  facet normal -0.30067 0.953728 0
    outer loop
      vertex -4.61727 12.6859 2
      vertex -3.49406 13.04 0
      vertex -4.61727 12.6859 0
    endloop
  endfacet
  facet normal -0.793334 0.608787 0
    outer loop
      vertex -11.0586 7.74328 0
      vertex -10.3416 8.67763 2
      vertex -10.3416 8.67763 0
    endloop
  endfacet
  facet normal -0.793334 0.608787 0
    outer loop
      vertex -10.3416 8.67763 2
      vertex -11.0586 7.74328 0
      vertex -11.0586 7.74328 2
    endloop
  endfacet
  facet normal 0.88698 -0.461808 0
    outer loop
      vertex 11.6913 -6.75 2
      vertex 12.2352 -5.70535 0
      vertex 12.2352 -5.70535 2
    endloop
  endfacet
  facet normal 0.88698 -0.461808 0
    outer loop
      vertex 12.2352 -5.70535 0
      vertex 11.6913 -6.75 2
      vertex 11.6913 -6.75 0
    endloop
  endfacet
  facet normal 0.793334 0.608787 0
    outer loop
      vertex 11.0586 7.74328 2
      vertex 10.3416 8.67763 0
      vertex 10.3416 8.67763 2
    endloop
  endfacet
  facet normal 0.793334 0.608787 0
    outer loop
      vertex 10.3416 8.67763 0
      vertex 11.0586 7.74328 2
      vertex 11.0586 7.74328 0
    endloop
  endfacet
  facet normal -0.608787 -0.793334 0
    outer loop
      vertex -8.67763 -10.3416 0
      vertex -7.74328 -11.0586 2
      vertex -8.67763 -10.3416 2
    endloop
  endfacet
  facet normal -0.608787 -0.793334 -0
    outer loop
      vertex -7.74328 -11.0586 2
      vertex -8.67763 -10.3416 0
      vertex -7.74328 -11.0586 0
    endloop
  endfacet
  facet normal 0.953728 -0.30067 0
    outer loop
      vertex 12.6859 -4.61727 2
      vertex 13.04 -3.49406 0
      vertex 13.04 -3.49406 2
    endloop
  endfacet
  facet normal 0.953728 -0.30067 0
    outer loop
      vertex 13.04 -3.49406 0
      vertex 12.6859 -4.61727 2
      vertex 12.6859 -4.61727 0
    endloop
  endfacet
  facet normal -0.843426 -0.537246 0
    outer loop
      vertex -11.0586 -7.74328 0
      vertex -11.6913 -6.75 2
      vertex -11.6913 -6.75 0
    endloop
  endfacet
  facet normal -0.843426 -0.537246 0
    outer loop
      vertex -11.6913 -6.75 2
      vertex -11.0586 -7.74328 0
      vertex -11.0586 -7.74328 2
    endloop
  endfacet
  facet normal -0.923879 0.382685 0
    outer loop
      vertex -12.6859 4.61727 0
      vertex -12.2352 5.70535 2
      vertex -12.2352 5.70535 0
    endloop
  endfacet
  facet normal -0.923879 0.382685 0
    outer loop
      vertex -12.2352 5.70535 2
      vertex -12.6859 4.61727 0
      vertex -12.6859 4.61727 2
    endloop
  endfacet
  facet normal -0.67559 -0.737277 0
    outer loop
      vertex -9.54594 -9.54594 0
      vertex -8.67763 -10.3416 2
      vertex -9.54594 -9.54594 2
    endloop
  endfacet
  facet normal -0.67559 -0.737277 -0
    outer loop
      vertex -8.67763 -10.3416 2
      vertex -9.54594 -9.54594 0
      vertex -8.67763 -10.3416 0
    endloop
  endfacet
  facet normal 0.382685 -0.923879 0
    outer loop
      vertex 4.61727 -12.6859 0
      vertex 5.70535 -12.2352 2
      vertex 4.61727 -12.6859 2
    endloop
  endfacet
  facet normal 0.382685 -0.923879 0
    outer loop
      vertex 5.70535 -12.2352 2
      vertex 4.61727 -12.6859 0
      vertex 5.70535 -12.2352 0
    endloop
  endfacet
  facet normal 0.461808 -0.88698 0
    outer loop
      vertex 5.70535 -12.2352 0
      vertex 6.75 -11.6913 2
      vertex 5.70535 -12.2352 2
    endloop
  endfacet
  facet normal 0.461808 -0.88698 0
    outer loop
      vertex 6.75 -11.6913 2
      vertex 5.70535 -12.2352 0
      vertex 6.75 -11.6913 0
    endloop
  endfacet
  facet normal 0.793334 -0.608787 0
    outer loop
      vertex 10.3416 -8.67763 2
      vertex 11.0586 -7.74328 0
      vertex 11.0586 -7.74328 2
    endloop
  endfacet
  facet normal 0.793334 -0.608787 0
    outer loop
      vertex 11.0586 -7.74328 0
      vertex 10.3416 -8.67763 2
      vertex 10.3416 -8.67763 0
    endloop
  endfacet
  facet normal 0 0 -1
    outer loop
      vertex 13.4192 -1.4 0
      vertex 15.4 1.4 0
      vertex 15.4 -1.4 0
    endloop
  endfacet
  facet normal 0 0 -1
    outer loop
      vertex 13.4192 -1.4 0
      vertex 13.4192 1.4 0
      vertex 15.4 1.4 0
    endloop
  endfacet
  facet normal 0 0 -1
    outer loop
      vertex 3.12676 -0.551332 0
      vertex 13.4192 -1.4 0
      vertex 13.2949 -2.34425 0
    endloop
  endfacet
  facet normal 0 0 -1
    outer loop
      vertex 13.4192 -1.4 0
      vertex 3.175 0 0
      vertex 13.4192 1.4 0
    endloop
  endfacet
  facet normal 0 0 -1
    outer loop
      vertex 3.12676 -0.551332 0
      vertex 13.2949 -2.34425 0
      vertex 13.04 -3.49406 0
    endloop
  endfacet
  facet normal 0 0 -1
    outer loop
      vertex 3.16292 0.276719 0
      vertex 13.4192 1.4 0
      vertex 3.175 0 0
    endloop
  endfacet
  facet normal 0 0 -1
    outer loop
      vertex 3.06681 -0.82175 0
      vertex 13.04 -3.49406 0
      vertex 12.6859 -4.61727 0
    endloop
  endfacet
  facet normal 0 0 -1
    outer loop
      vertex 3.12676 0.551332 0
      vertex 13.4192 1.4 0
      vertex 3.16292 0.276719 0
    endloop
  endfacet
  facet normal 0 0 -1
    outer loop
      vertex 2.98352 -1.08591 0
      vertex 12.6859 -4.61727 0
      vertex 12.2352 -5.70535 0
    endloop
  endfacet
  facet normal -0 0 -1
    outer loop
      vertex 13.4192 1.4 0
      vertex 3.12676 0.551332 0
      vertex 13.2949 2.34425 0
    endloop
  endfacet
  facet normal 0 0 -1
    outer loop
      vertex 2.87753 -1.34181 0
      vertex 12.2352 -5.70535 0
      vertex 11.6913 -6.75 0
    endloop
  endfacet
  facet normal -0 0 -1
    outer loop
      vertex 13.2949 2.34425 0
      vertex 3.12676 0.551332 0
      vertex 13.04 3.49406 0
    endloop
  endfacet
  facet normal 0 0 -1
    outer loop
      vertex 2.74963 -1.5875 0
      vertex 11.6913 -6.75 0
      vertex 11.0586 -7.74328 0
    endloop
  endfacet
  facet normal 0 0 -1
    outer loop
      vertex 3.06681 0.82175 0
      vertex 13.04 3.49406 0
      vertex 3.12676 0.551332 0
    endloop
  endfacet
  facet normal 0 0 -1
    outer loop
      vertex 2.60081 -1.82111 0
      vertex 11.0586 -7.74328 0
      vertex 10.3416 -8.67763 0
    endloop
  endfacet
  facet normal -0 0 -1
    outer loop
      vertex 13.04 3.49406 0
      vertex 3.06681 0.82175 0
      vertex 12.6859 4.61727 0
    endloop
  endfacet
  facet normal 0 0 -1
    outer loop
      vertex 2.43219 -2.04085 0
      vertex 10.3416 -8.67763 0
      vertex 9.54594 -9.54594 0
    endloop
  endfacet
  facet normal 0 0 -1
    outer loop
      vertex 2.98352 1.08591 0
      vertex 12.6859 4.61727 0
      vertex 3.06681 0.82175 0
    endloop
  endfacet
  facet normal 0 0 -1
    outer loop
      vertex 2.24506 -2.24506 0
      vertex 9.54594 -9.54594 0
      vertex 8.67763 -10.3416 0
    endloop
  endfacet
  facet normal -0 0 -1
    outer loop
      vertex 12.6859 4.61727 0
      vertex 2.98352 1.08591 0
      vertex 12.2352 5.70535 0
    endloop
  endfacet
  facet normal 0 0 -1
    outer loop
      vertex 2.04085 -2.43219 0
      vertex 8.67763 -10.3416 0
      vertex 7.74328 -11.0586 0
    endloop
  endfacet
  facet normal 0 0 -1
    outer loop
      vertex 2.87753 1.34181 0
      vertex 12.2352 5.70535 0
      vertex 2.98352 1.08591 0
    endloop
  endfacet
  facet normal 0 0 -1
    outer loop
      vertex 1.82111 -2.60081 0
      vertex 7.74328 -11.0586 0
      vertex 6.75 -11.6913 0
    endloop
  endfacet
  facet normal -0 0 -1
    outer loop
      vertex 12.2352 5.70535 0
      vertex 2.87753 1.34181 0
      vertex 11.6913 6.75 0
    endloop
  endfacet
  facet normal 0 0 -1
    outer loop
      vertex 1.5875 -2.74963 0
      vertex 6.75 -11.6913 0
      vertex 5.70535 -12.2352 0
    endloop
  endfacet
  facet normal 0 0 -1
    outer loop
      vertex 2.74963 1.5875 0
      vertex 11.6913 6.75 0
      vertex 2.87753 1.34181 0
    endloop
  endfacet
  facet normal 0 0 -1
    outer loop
      vertex 1.34181 -2.87753 0
      vertex 5.70535 -12.2352 0
      vertex 4.61727 -12.6859 0
    endloop
  endfacet
  facet normal -0 0 -1
    outer loop
      vertex 11.6913 6.75 0
      vertex 2.74963 1.5875 0
      vertex 11.0586 7.74328 0
    endloop
  endfacet
  facet normal 0 0 -1
    outer loop
      vertex 1.08591 -2.98352 0
      vertex 4.61727 -12.6859 0
      vertex 3.49406 -13.04 0
    endloop
  endfacet
  facet normal 0 0 -1
    outer loop
      vertex 2.60081 1.82111 0
      vertex 11.0586 7.74328 0
      vertex 2.74963 1.5875 0
    endloop
  endfacet
  facet normal -0 0 -1
    outer loop
      vertex 11.0586 7.74328 0
      vertex 2.60081 1.82111 0
      vertex 10.3416 8.67763 0
    endloop
  endfacet
  facet normal 0 0 -1
    outer loop
      vertex 13.4192 -1.4 0
      vertex 3.16292 -0.276719 0
      vertex 3.175 0 0
    endloop
  endfacet
  facet normal 0 0 -1
    outer loop
      vertex 13.4192 -1.4 0
      vertex 3.12676 -0.551332 0
      vertex 3.16292 -0.276719 0
    endloop
  endfacet
  facet normal 0 0 -1
    outer loop
      vertex 13.04 -3.49406 0
      vertex 3.06681 -0.82175 0
      vertex 3.12676 -0.551332 0
    endloop
  endfacet
  facet normal 0 0 -1
    outer loop
      vertex 12.6859 -4.61727 0
      vertex 2.98352 -1.08591 0
      vertex 3.06681 -0.82175 0
    endloop
  endfacet
  facet normal 0 0 -1
    outer loop
      vertex 12.2352 -5.70535 0
      vertex 2.87753 -1.34181 0
      vertex 2.98352 -1.08591 0
    endloop
  endfacet
  facet normal 0 0 -1
    outer loop
      vertex 11.6913 -6.75 0
      vertex 2.74963 -1.5875 0
      vertex 2.87753 -1.34181 0
    endloop
  endfacet
  facet normal 0 0 -1
    outer loop
      vertex 11.0586 -7.74328 0
      vertex 2.60081 -1.82111 0
      vertex 2.74963 -1.5875 0
    endloop
  endfacet
  facet normal 0 0 -1
    outer loop
      vertex 10.3416 -8.67763 0
      vertex 2.43219 -2.04085 0
      vertex 2.60081 -1.82111 0
    endloop
  endfacet
  facet normal 0 0 -1
    outer loop
      vertex 0.82175 -3.06681 0
      vertex 3.49406 -13.04 0
      vertex 2.34425 -13.2949 0
    endloop
  endfacet
  facet normal 0 0 -1
    outer loop
      vertex 9.54594 -9.54594 0
      vertex 2.24506 -2.24506 0
      vertex 2.43219 -2.04085 0
    endloop
  endfacet
  facet normal 0 0 -1
    outer loop
      vertex 8.67763 -10.3416 0
      vertex 2.04085 -2.43219 0
      vertex 2.24506 -2.24506 0
    endloop
  endfacet
  facet normal 0 0 -1
    outer loop
      vertex 7.74328 -11.0586 0
      vertex 1.82111 -2.60081 0
      vertex 2.04085 -2.43219 0
    endloop
  endfacet
  facet normal 0 0 -1
    outer loop
      vertex 6.75 -11.6913 0
      vertex 1.5875 -2.74963 0
      vertex 1.82111 -2.60081 0
    endloop
  endfacet
  facet normal 0 0 -1
    outer loop
      vertex 5.70535 -12.2352 0
      vertex 1.34181 -2.87753 0
      vertex 1.5875 -2.74963 0
    endloop
  endfacet
  facet normal 0 0 -1
    outer loop
      vertex 0.551332 -3.12676 0
      vertex 2.34425 -13.2949 0
      vertex 1.1766 -13.4486 0
    endloop
  endfacet
  facet normal 0 0 -1
    outer loop
      vertex 4.61727 -12.6859 0
      vertex 1.08591 -2.98352 0
      vertex 1.34181 -2.87753 0
    endloop
  endfacet
  facet normal 0 0 -1
    outer loop
      vertex 3.49406 -13.04 0
      vertex 0.82175 -3.06681 0
      vertex 1.08591 -2.98352 0
    endloop
  endfacet
  facet normal 0 0 -1
    outer loop
      vertex 2.34425 -13.2949 0
      vertex 0.551332 -3.12676 0
      vertex 0.82175 -3.06681 0
    endloop
  endfacet
  facet normal 0 0 -1
    outer loop
      vertex 1.1766 -13.4486 0
      vertex 0.276719 -3.16292 0
      vertex 0.551332 -3.12676 0
    endloop
  endfacet
  facet normal 0 0 -1
    outer loop
      vertex 0 -13.5 0
      vertex 0.276719 -3.16292 0
      vertex 1.1766 -13.4486 0
    endloop
  endfacet
  facet normal 0 0 -1
    outer loop
      vertex 0 -13.5 0
      vertex 0 -3.175 0
      vertex 0.276719 -3.16292 0
    endloop
  endfacet
  facet normal 0 0 -1
    outer loop
      vertex 0 -13.5 0
      vertex -0.276719 -3.16292 0
      vertex 0 -3.175 0
    endloop
  endfacet
  facet normal 0 0 -1
    outer loop
      vertex -1.1766 -13.4486 0
      vertex -0.276719 -3.16292 0
      vertex 0 -13.5 0
    endloop
  endfacet
  facet normal -0 0 -1
    outer loop
      vertex -0.276719 -3.16292 0
      vertex -1.1766 -13.4486 0
      vertex -0.551332 -3.12676 0
    endloop
  endfacet
  facet normal 0 0 -1
    outer loop
      vertex -2.34425 -13.2949 0
      vertex -0.551332 -3.12676 0
      vertex -1.1766 -13.4486 0
    endloop
  endfacet
  facet normal -0 0 -1
    outer loop
      vertex -0.551332 -3.12676 0
      vertex -2.34425 -13.2949 0
      vertex -0.82175 -3.06681 0
    endloop
  endfacet
  facet normal 0 0 -1
    outer loop
      vertex -3.49406 -13.04 0
      vertex -0.82175 -3.06681 0
      vertex -2.34425 -13.2949 0
    endloop
  endfacet
  facet normal -0 0 -1
    outer loop
      vertex -0.82175 -3.06681 0
      vertex -3.49406 -13.04 0
      vertex -1.08591 -2.98352 0
    endloop
  endfacet
  facet normal 0 0 -1
    outer loop
      vertex -4.61727 -12.6859 0
      vertex -1.08591 -2.98352 0
      vertex -3.49406 -13.04 0
    endloop
  endfacet
  facet normal -0 0 -1
    outer loop
      vertex -1.08591 -2.98352 0
      vertex -4.61727 -12.6859 0
      vertex -1.34181 -2.87753 0
    endloop
  endfacet
  facet normal 0 0 -1
    outer loop
      vertex -5.70535 -12.2352 0
      vertex -1.34181 -2.87753 0
      vertex -4.61727 -12.6859 0
    endloop
  endfacet
  facet normal -0 0 -1
    outer loop
      vertex -1.34181 -2.87753 0
      vertex -5.70535 -12.2352 0
      vertex -1.5875 -2.74963 0
    endloop
  endfacet
  facet normal 0 0 -1
    outer loop
      vertex -6.75 -11.6913 0
      vertex -1.5875 -2.74963 0
      vertex -5.70535 -12.2352 0
    endloop
  endfacet
  facet normal -0 0 -1
    outer loop
      vertex -1.5875 -2.74963 0
      vertex -6.75 -11.6913 0
      vertex -1.82111 -2.60081 0
    endloop
  endfacet
  facet normal 0 0 -1
    outer loop
      vertex -7.74328 -11.0586 0
      vertex -1.82111 -2.60081 0
      vertex -6.75 -11.6913 0
    endloop
  endfacet
  facet normal -0 0 -1
    outer loop
      vertex -1.82111 -2.60081 0
      vertex -7.74328 -11.0586 0
      vertex -2.04085 -2.43219 0
    endloop
  endfacet
  facet normal 0 0 -1
    outer loop
      vertex -8.67763 -10.3416 0
      vertex -2.04085 -2.43219 0
      vertex -7.74328 -11.0586 0
    endloop
  endfacet
  facet normal -0 0 -1
    outer loop
      vertex -2.04085 -2.43219 0
      vertex -8.67763 -10.3416 0
      vertex -2.24506 -2.24506 0
    endloop
  endfacet
  facet normal 0 0 -1
    outer loop
      vertex -9.54594 -9.54594 0
      vertex -2.24506 -2.24506 0
      vertex -8.67763 -10.3416 0
    endloop
  endfacet
  facet normal -0 0 -1
    outer loop
      vertex -2.24506 -2.24506 0
      vertex -9.54594 -9.54594 0
      vertex -2.43219 -2.04085 0
    endloop
  endfacet
  facet normal -0 0 -1
    outer loop
      vertex -2.43219 -2.04085 0
      vertex -10.3416 -8.67763 0
      vertex -2.60081 -1.82111 0
    endloop
  endfacet
  facet normal 0 0 -1
    outer loop
      vertex -10.3416 -8.67763 0
      vertex -2.43219 -2.04085 0
      vertex -9.54594 -9.54594 0
    endloop
  endfacet
  facet normal 0 0 -1
    outer loop
      vertex 2.43219 2.04085 0
      vertex 10.3416 8.67763 0
      vertex 2.60081 1.82111 0
    endloop
  endfacet
  facet normal -0 0 -1
    outer loop
      vertex 10.3416 8.67763 0
      vertex 2.43219 2.04085 0
      vertex 9.54594 9.54594 0
    endloop
  endfacet
  facet normal 0 0 -1
    outer loop
      vertex 2.24506 2.24506 0
      vertex 9.54594 9.54594 0
      vertex 2.43219 2.04085 0
    endloop
  endfacet
  facet normal -0 0 -1
    outer loop
      vertex 9.54594 9.54594 0
      vertex 2.24506 2.24506 0
      vertex 8.67763 10.3416 0
    endloop
  endfacet
  facet normal 0 0 -1
    outer loop
      vertex 2.04085 2.43219 0
      vertex 8.67763 10.3416 0
      vertex 2.24506 2.24506 0
    endloop
  endfacet
  facet normal -0 0 -1
    outer loop
      vertex 8.67763 10.3416 0
      vertex 2.04085 2.43219 0
      vertex 7.74328 11.0586 0
    endloop
  endfacet
  facet normal 0 0 -1
    outer loop
      vertex 1.82111 2.60081 0
      vertex 7.74328 11.0586 0
      vertex 2.04085 2.43219 0
    endloop
  endfacet
  facet normal -0 0 -1
    outer loop
      vertex 7.74328 11.0586 0
      vertex 1.82111 2.60081 0
      vertex 6.75 11.6913 0
    endloop
  endfacet
  facet normal 0 0 -1
    outer loop
      vertex 1.5875 2.74963 0
      vertex 6.75 11.6913 0
      vertex 1.82111 2.60081 0
    endloop
  endfacet
  facet normal -0 0 -1
    outer loop
      vertex 6.75 11.6913 0
      vertex 1.5875 2.74963 0
      vertex 5.70535 12.2352 0
    endloop
  endfacet
  facet normal 0 0 -1
    outer loop
      vertex 1.34181 2.87753 0
      vertex 5.70535 12.2352 0
      vertex 1.5875 2.74963 0
    endloop
  endfacet
  facet normal -0 0 -1
    outer loop
      vertex 5.70535 12.2352 0
      vertex 1.34181 2.87753 0
      vertex 4.61727 12.6859 0
    endloop
  endfacet
  facet normal 0 0 -1
    outer loop
      vertex 1.08591 2.98352 0
      vertex 4.61727 12.6859 0
      vertex 1.34181 2.87753 0
    endloop
  endfacet
  facet normal -0 0 -1
    outer loop
      vertex 4.61727 12.6859 0
      vertex 1.08591 2.98352 0
      vertex 3.49406 13.04 0
    endloop
  endfacet
  facet normal 0 0 -1
    outer loop
      vertex 0.82175 3.06681 0
      vertex 3.49406 13.04 0
      vertex 1.08591 2.98352 0
    endloop
  endfacet
  facet normal -0 0 -1
    outer loop
      vertex 3.49406 13.04 0
      vertex 0.82175 3.06681 0
      vertex 2.34425 13.2949 0
    endloop
  endfacet
  facet normal 0 0 -1
    outer loop
      vertex 0.551332 3.12676 0
      vertex 2.34425 13.2949 0
      vertex 0.82175 3.06681 0
    endloop
  endfacet
  facet normal -0 0 -1
    outer loop
      vertex 2.34425 13.2949 0
      vertex 0.551332 3.12676 0
      vertex 1.1766 13.4486 0
    endloop
  endfacet
  facet normal 0 0 -1
    outer loop
      vertex 0.276719 3.16292 0
      vertex 1.1766 13.4486 0
      vertex 0.551332 3.12676 0
    endloop
  endfacet
  facet normal 0 0 -1
    outer loop
      vertex 0 3.175 0
      vertex 1.1766 13.4486 0
      vertex 0.276719 3.16292 0
    endloop
  endfacet
  facet normal 0 0 -1
    outer loop
      vertex 0 3.175 0
      vertex 0 13.5 0
      vertex 1.1766 13.4486 0
    endloop
  endfacet
  facet normal 0 0 -1
    outer loop
      vertex -0.276719 3.16292 0
      vertex 0 13.5 0
      vertex 0 3.175 0
    endloop
  endfacet
  facet normal 0 0 -1
    outer loop
      vertex -1.1766 13.4486 0
      vertex -0.276719 3.16292 0
      vertex -0.551332 3.12676 0
    endloop
  endfacet
  facet normal 0 0 -1
    outer loop
      vertex -2.34425 13.2949 0
      vertex -0.551332 3.12676 0
      vertex -0.82175 3.06681 0
    endloop
  endfacet
  facet normal 0 0 -1
    outer loop
      vertex -3.49406 13.04 0
      vertex -0.82175 3.06681 0
      vertex -1.08591 2.98352 0
    endloop
  endfacet
  facet normal 0 0 -1
    outer loop
      vertex -0.276719 3.16292 0
      vertex -1.1766 13.4486 0
      vertex 0 13.5 0
    endloop
  endfacet
  facet normal 0 0 -1
    outer loop
      vertex -4.61727 12.6859 0
      vertex -1.08591 2.98352 0
      vertex -1.34181 2.87753 0
    endloop
  endfacet
  facet normal 0 0 -1
    outer loop
      vertex -5.70535 12.2352 0
      vertex -1.34181 2.87753 0
      vertex -1.5875 2.74963 0
    endloop
  endfacet
  facet normal 0 0 -1
    outer loop
      vertex -6.75 11.6913 0
      vertex -1.5875 2.74963 0
      vertex -1.82111 2.60081 0
    endloop
  endfacet
  facet normal 0 0 -1
    outer loop
      vertex -7.74328 11.0586 0
      vertex -1.82111 2.60081 0
      vertex -2.04085 2.43219 0
    endloop
  endfacet
  facet normal 0 0 -1
    outer loop
      vertex -8.67763 10.3416 0
      vertex -2.04085 2.43219 0
      vertex -2.24506 2.24506 0
    endloop
  endfacet
  facet normal 0 0 -1
    outer loop
      vertex -0.551332 3.12676 0
      vertex -2.34425 13.2949 0
      vertex -1.1766 13.4486 0
    endloop
  endfacet
  facet normal 0 0 -1
    outer loop
      vertex -9.54594 9.54594 0
      vertex -2.24506 2.24506 0
      vertex -2.43219 2.04085 0
    endloop
  endfacet
  facet normal 0 0 -1
    outer loop
      vertex -10.3416 8.67763 0
      vertex -2.43219 2.04085 0
      vertex -2.60081 1.82111 0
    endloop
  endfacet
  facet normal 0 0 -1
    outer loop
      vertex -11.0586 7.74328 0
      vertex -2.60081 1.82111 0
      vertex -2.74963 1.5875 0
    endloop
  endfacet
  facet normal 0 0 -1
    outer loop
      vertex -11.6913 6.75 0
      vertex -2.74963 1.5875 0
      vertex -2.87753 1.34181 0
    endloop
  endfacet
  facet normal 0 0 -1
    outer loop
      vertex -12.2352 5.70535 0
      vertex -2.87753 1.34181 0
      vertex -2.98352 1.08591 0
    endloop
  endfacet
  facet normal 0 0 -1
    outer loop
      vertex -12.6859 4.61727 0
      vertex -2.98352 1.08591 0
      vertex -3.06681 0.82175 0
    endloop
  endfacet
  facet normal 0 0 -1
    outer loop
      vertex -13.04 3.49406 0
      vertex -3.06681 0.82175 0
      vertex -3.12676 0.551332 0
    endloop
  endfacet
  facet normal 0 0 -1
    outer loop
      vertex -13.2949 2.34425 0
      vertex -3.12676 0.551332 0
      vertex -3.16292 0.276719 0
    endloop
  endfacet
  facet normal 0 0 -1
    outer loop
      vertex -0.82175 3.06681 0
      vertex -3.49406 13.04 0
      vertex -2.34425 13.2949 0
    endloop
  endfacet
  facet normal 0 0 -1
    outer loop
      vertex -13.4486 1.1766 0
      vertex -3.16292 0.276719 0
      vertex -3.175 0 0
    endloop
  endfacet
  facet normal 0 0 -1
    outer loop
      vertex -11.0586 -7.74328 0
      vertex -2.60081 -1.82111 0
      vertex -10.3416 -8.67763 0
    endloop
  endfacet
  facet normal -0 0 -1
    outer loop
      vertex -2.60081 -1.82111 0
      vertex -11.0586 -7.74328 0
      vertex -2.74963 -1.5875 0
    endloop
  endfacet
  facet normal 0 0 -1
    outer loop
      vertex -1.08591 2.98352 0
      vertex -4.61727 12.6859 0
      vertex -3.49406 13.04 0
    endloop
  endfacet
  facet normal 0 0 -1
    outer loop
      vertex -11.6913 -6.75 0
      vertex -2.74963 -1.5875 0
      vertex -11.0586 -7.74328 0
    endloop
  endfacet
  facet normal 0 0 -1
    outer loop
      vertex -1.34181 2.87753 0
      vertex -5.70535 12.2352 0
      vertex -4.61727 12.6859 0
    endloop
  endfacet
  facet normal -0 0 -1
    outer loop
      vertex -2.74963 -1.5875 0
      vertex -11.6913 -6.75 0
      vertex -2.87753 -1.34181 0
    endloop
  endfacet
  facet normal 0 0 -1
    outer loop
      vertex -1.5875 2.74963 0
      vertex -6.75 11.6913 0
      vertex -5.70535 12.2352 0
    endloop
  endfacet
  facet normal 0 0 -1
    outer loop
      vertex -12.2352 -5.70535 0
      vertex -2.87753 -1.34181 0
      vertex -11.6913 -6.75 0
    endloop
  endfacet
  facet normal 0 0 -1
    outer loop
      vertex -1.82111 2.60081 0
      vertex -7.74328 11.0586 0
      vertex -6.75 11.6913 0
    endloop
  endfacet
  facet normal -0 0 -1
    outer loop
      vertex -2.87753 -1.34181 0
      vertex -12.2352 -5.70535 0
      vertex -2.98352 -1.08591 0
    endloop
  endfacet
  facet normal 0 0 -1
    outer loop
      vertex -2.04085 2.43219 0
      vertex -8.67763 10.3416 0
      vertex -7.74328 11.0586 0
    endloop
  endfacet
  facet normal 0 0 -1
    outer loop
      vertex -12.6859 -4.61727 0
      vertex -2.98352 -1.08591 0
      vertex -12.2352 -5.70535 0
    endloop
  endfacet
  facet normal 0 0 -1
    outer loop
      vertex -2.24506 2.24506 0
      vertex -9.54594 9.54594 0
      vertex -8.67763 10.3416 0
    endloop
  endfacet
  facet normal -0 0 -1
    outer loop
      vertex -2.98352 -1.08591 0
      vertex -12.6859 -4.61727 0
      vertex -3.06681 -0.82175 0
    endloop
  endfacet
  facet normal 0 0 -1
    outer loop
      vertex -2.43219 2.04085 0
      vertex -10.3416 8.67763 0
      vertex -9.54594 9.54594 0
    endloop
  endfacet
  facet normal 0 0 -1
    outer loop
      vertex -13.04 -3.49406 0
      vertex -3.06681 -0.82175 0
      vertex -12.6859 -4.61727 0
    endloop
  endfacet
  facet normal 0 0 -1
    outer loop
      vertex -2.60081 1.82111 0
      vertex -11.0586 7.74328 0
      vertex -10.3416 8.67763 0
    endloop
  endfacet
  facet normal -0 0 -1
    outer loop
      vertex -3.06681 -0.82175 0
      vertex -13.04 -3.49406 0
      vertex -3.12676 -0.551332 0
    endloop
  endfacet
  facet normal 0 0 -1
    outer loop
      vertex -2.74963 1.5875 0
      vertex -11.6913 6.75 0
      vertex -11.0586 7.74328 0
    endloop
  endfacet
  facet normal 0 0 -1
    outer loop
      vertex -13.2949 -2.34425 0
      vertex -3.12676 -0.551332 0
      vertex -13.04 -3.49406 0
    endloop
  endfacet
  facet normal 0 0 -1
    outer loop
      vertex -2.87753 1.34181 0
      vertex -12.2352 5.70535 0
      vertex -11.6913 6.75 0
    endloop
  endfacet
  facet normal -0 0 -1
    outer loop
      vertex -3.12676 -0.551332 0
      vertex -13.2949 -2.34425 0
      vertex -3.16292 -0.276719 0
    endloop
  endfacet
  facet normal 0 0 -1
    outer loop
      vertex -2.98352 1.08591 0
      vertex -12.6859 4.61727 0
      vertex -12.2352 5.70535 0
    endloop
  endfacet
  facet normal 0 0 -1
    outer loop
      vertex -13.4486 -1.1766 0
      vertex -3.16292 -0.276719 0
      vertex -13.2949 -2.34425 0
    endloop
  endfacet
  facet normal 0 0 -1
    outer loop
      vertex -3.06681 0.82175 0
      vertex -13.04 3.49406 0
      vertex -12.6859 4.61727 0
    endloop
  endfacet
  facet normal -0 0 -1
    outer loop
      vertex -3.16292 -0.276719 0
      vertex -13.4486 -1.1766 0
      vertex -3.175 0 0
    endloop
  endfacet
  facet normal 0 0 -1
    outer loop
      vertex -3.12676 0.551332 0
      vertex -13.2949 2.34425 0
      vertex -13.04 3.49406 0
    endloop
  endfacet
  facet normal 0 0 -1
    outer loop
      vertex -13.5 0 0
      vertex -3.175 0 0
      vertex -13.4486 -1.1766 0
    endloop
  endfacet
  facet normal 0 0 -1
    outer loop
      vertex -3.16292 0.276719 0
      vertex -13.4486 1.1766 0
      vertex -13.2949 2.34425 0
    endloop
  endfacet
  facet normal 0 0 -1
    outer loop
      vertex -3.175 0 0
      vertex -13.5 0 0
      vertex -13.4486 1.1766 0
    endloop
  endfacet
  facet normal -0.537246 0.843426 0
    outer loop
      vertex -6.75 11.6913 0
      vertex -7.74328 11.0586 2
      vertex -6.75 11.6913 2
    endloop
  endfacet
  facet normal -0.537246 0.843426 0
    outer loop
      vertex -7.74328 11.0586 2
      vertex -6.75 11.6913 0
      vertex -7.74328 11.0586 0
    endloop
  endfacet
  facet normal -0.461808 -0.88698 0
    outer loop
      vertex -6.75 -11.6913 0
      vertex -5.70535 -12.2352 2
      vertex -6.75 -11.6913 2
    endloop
  endfacet
  facet normal -0.461808 -0.88698 -0
    outer loop
      vertex -5.70535 -12.2352 2
      vertex -6.75 -11.6913 0
      vertex -5.70535 -12.2352 0
    endloop
  endfacet
  facet normal 0.30067 0.953728 -0
    outer loop
      vertex 4.61727 12.6859 0
      vertex 3.49406 13.04 2
      vertex 4.61727 12.6859 2
    endloop
  endfacet
  facet normal 0.30067 0.953728 0
    outer loop
      vertex 3.49406 13.04 2
      vertex 4.61727 12.6859 0
      vertex 3.49406 13.04 0
    endloop
  endfacet
  facet normal 0.130506 0.991448 -0
    outer loop
      vertex 2.34425 13.2949 0
      vertex 1.1766 13.4486 2
      vertex 2.34425 13.2949 2
    endloop
  endfacet
  facet normal 0.130506 0.991448 0
    outer loop
      vertex 1.1766 13.4486 2
      vertex 2.34425 13.2949 0
      vertex 1.1766 13.4486 0
    endloop
  endfacet
  facet normal -0.88698 0.461808 0
    outer loop
      vertex -12.2352 5.70535 0
      vertex -11.6913 6.75 2
      vertex -11.6913 6.75 0
    endloop
  endfacet
  facet normal -0.88698 0.461808 0
    outer loop
      vertex -11.6913 6.75 2
      vertex -12.2352 5.70535 0
      vertex -12.2352 5.70535 2
    endloop
  endfacet
  facet normal -0.130506 -0.991448 0
    outer loop
      vertex -2.34425 -13.2949 0
      vertex -1.1766 -13.4486 2
      vertex -2.34425 -13.2949 2
    endloop
  endfacet
  facet normal -0.130506 -0.991448 -0
    outer loop
      vertex -1.1766 -13.4486 2
      vertex -2.34425 -13.2949 0
      vertex -1.1766 -13.4486 0
    endloop
  endfacet
  facet normal 0.0436436 0.999047 -0
    outer loop
      vertex 1.1766 13.4486 0
      vertex 0 13.5 2
      vertex 1.1766 13.4486 2
    endloop
  endfacet
  facet normal 0.0436436 0.999047 0
    outer loop
      vertex 0 13.5 2
      vertex 1.1766 13.4486 0
      vertex 0 13.5 0
    endloop
  endfacet
  facet normal -0 0 1
    outer loop
      vertex -8.97663 2.19407 2
      vertex -3.12676 0.551332 2
      vertex -8.93079 2.30473 2
    endloop
  endfacet
  facet normal 0 0 1
    outer loop
      vertex -3.175 0 2
      vertex -8.88666 -2.46944 2
      vertex -8.87102 -2.58819 2
    endloop
  endfacet
  facet normal 0 0 1
    outer loop
      vertex -3.12676 0.551332 2
      vertex -8.97663 2.19407 2
      vertex -3.16292 0.276719 2
    endloop
  endfacet
  facet normal 0 0 1
    outer loop
      vertex -3.175 0 2
      vertex -8.89788 -2.38418 2
      vertex -8.88666 -2.46944 2
    endloop
  endfacet
  facet normal 0 0 1
    outer loop
      vertex -9.23862 0.20401 2
      vertex -3.16292 0.276719 2
      vertex -8.97663 2.19407 2
    endloop
  endfacet
  facet normal 0 0 1
    outer loop
      vertex -9.22299 -0.0852579 2
      vertex -3.175 0 2
      vertex -9.21176 0 2
    endloop
  endfacet
  facet normal 0 -0 1
    outer loop
      vertex -9.22299 0.0852579 2
      vertex -3.16292 0.276719 2
      vertex -9.23862 0.20401 2
    endloop
  endfacet
  facet normal 0 0 1
    outer loop
      vertex -3.175 0 2
      vertex -8.93079 -2.30473 2
      vertex -8.89788 -2.38418 2
    endloop
  endfacet
  facet normal 0 0 1
    outer loop
      vertex -9.23862 0.20401 2
      vertex -8.97663 2.19407 2
      vertex -9.02898 2.12585 2
    endloop
  endfacet
  facet normal 0 0 1
    outer loop
      vertex -9.23862 -0.20401 2
      vertex -3.175 0 2
      vertex -9.22299 -0.0852579 2
    endloop
  endfacet
  facet normal 0 0 1
    outer loop
      vertex -9.28446 0.314669 2
      vertex -9.02898 2.12585 2
      vertex -9.10189 2.03082 2
    endloop
  endfacet
  facet normal 0 0 1
    outer loop
      vertex -3.175 0 2
      vertex -8.97663 -2.19407 2
      vertex -8.93079 -2.30473 2
    endloop
  endfacet
  facet normal 0 0 1
    outer loop
      vertex -9.31737 0.394117 2
      vertex -9.10189 2.03082 2
      vertex -9.19692 1.95791 2
    endloop
  endfacet
  facet normal 0 0 1
    outer loop
      vertex -3.175 0 2
      vertex -9.23862 -0.20401 2
      vertex -8.97663 -2.19407 2
    endloop
  endfacet
  facet normal 0 0 1
    outer loop
      vertex -8.97663 -2.19407 2
      vertex -9.23862 -0.20401 2
      vertex -9.02898 -2.12585 2
    endloop
  endfacet
  facet normal 0 0 1
    outer loop
      vertex -3.16292 0.276719 2
      vertex -9.21176 0 2
      vertex -3.175 0 2
    endloop
  endfacet
  facet normal 0 -0 1
    outer loop
      vertex -9.21176 0 2
      vertex -3.16292 0.276719 2
      vertex -9.22299 0.0852579 2
    endloop
  endfacet
  facet normal 0 0 1
    outer loop
      vertex -9.39028 0.489143 2
      vertex -9.19692 1.95791 2
      vertex -9.26514 1.90556 2
    endloop
  endfacet
  facet normal 0 0 1
    outer loop
      vertex -9.02898 2.12585 2
      vertex -9.28446 0.314669 2
      vertex -9.23862 0.20401 2
    endloop
  endfacet
  facet normal 0 0 1
    outer loop
      vertex -9.10189 2.03082 2
      vertex -9.31737 0.394117 2
      vertex -9.28446 0.314669 2
    endloop
  endfacet
  facet normal 0 0 1
    outer loop
      vertex -9.51086 0.609716 2
      vertex -9.26514 1.90556 2
      vertex -9.3758 1.85972 2
    endloop
  endfacet
  facet normal 0 0 1
    outer loop
      vertex -9.19692 1.95791 2
      vertex -9.39028 0.489143 2
      vertex -9.31737 0.394117 2
    endloop
  endfacet
  facet normal 0 0 1
    outer loop
      vertex -9.26514 1.90556 2
      vertex -9.44263 0.557366 2
      vertex -9.39028 0.489143 2
    endloop
  endfacet
  facet normal 0 0 1
    outer loop
      vertex -9.60588 0.682631 2
      vertex -9.3758 1.85972 2
      vertex -9.45525 1.82681 2
    endloop
  endfacet
  facet normal 0 0 1
    outer loop
      vertex -9.26514 1.90556 2
      vertex -9.51086 0.609716 2
      vertex -9.44263 0.557366 2
    endloop
  endfacet
  facet normal 0 0 1
    outer loop
      vertex -9.60588 0.682631 2
      vertex -9.45525 1.82681 2
      vertex -9.54051 1.81559 2
    endloop
  endfacet
  facet normal 0 0 1
    outer loop
      vertex -9.3758 1.85972 2
      vertex -9.60588 0.682631 2
      vertex -9.51086 0.609716 2
    endloop
  endfacet
  facet normal 0 0 1
    outer loop
      vertex -9.68533 0.71554 2
      vertex -9.54051 1.81559 2
      vertex -9.65926 1.79995 2
    endloop
  endfacet
  facet normal 0 0 1
    outer loop
      vertex -9.54051 1.81559 2
      vertex -9.68533 0.71554 2
      vertex -9.60588 0.682631 2
    endloop
  endfacet
  facet normal 0 0 1
    outer loop
      vertex -9.79599 0.761376 2
      vertex -9.65926 1.79995 2
      vertex -9.77801 1.81559 2
    endloop
  endfacet
  facet normal 0 0 1
    outer loop
      vertex -9.65926 1.79995 2
      vertex -9.79599 0.761376 2
      vertex -9.68533 0.71554 2
    endloop
  endfacet
  facet normal 0 0 1
    outer loop
      vertex -9.91474 0.77701 2
      vertex -9.77801 1.81559 2
      vertex -9.86327 1.82681 2
    endloop
  endfacet
  facet normal 0 0 1
    outer loop
      vertex -9.77801 1.81559 2
      vertex -9.91474 0.77701 2
      vertex -9.79599 0.761376 2
    endloop
  endfacet
  facet normal 0 0 1
    outer loop
      vertex -10 0.788235 2
      vertex -9.86327 1.82681 2
      vertex -9.94272 1.85972 2
    endloop
  endfacet
  facet normal 0 0 1
    outer loop
      vertex -9.86327 1.82681 2
      vertex -10 0.788235 2
      vertex -9.91474 0.77701 2
    endloop
  endfacet
  facet normal 0 0 1
    outer loop
      vertex -10.0853 0.77701 2
      vertex -9.94272 1.85972 2
      vertex -10.0534 1.90556 2
    endloop
  endfacet
  facet normal 0 0 1
    outer loop
      vertex -9.94272 1.85972 2
      vertex -10.0853 0.77701 2
      vertex -10 0.788235 2
    endloop
  endfacet
  facet normal 0 0 1
    outer loop
      vertex -10.204 0.761376 2
      vertex -10.0534 1.90556 2
      vertex -10.1216 1.95791 2
    endloop
  endfacet
  facet normal 0 0 1
    outer loop
      vertex -10.0534 1.90556 2
      vertex -10.204 0.761376 2
      vertex -10.0853 0.77701 2
    endloop
  endfacet
  facet normal 0 0 1
    outer loop
      vertex -10.3147 0.71554 2
      vertex -10.1216 1.95791 2
      vertex -10.2166 2.03082 2
    endloop
  endfacet
  facet normal 0 0 1
    outer loop
      vertex -10.3941 0.682631 2
      vertex -10.2166 2.03082 2
      vertex -10.2895 2.12585 2
    endloop
  endfacet
  facet normal 0 0 1
    outer loop
      vertex -10.1216 1.95791 2
      vertex -10.3147 0.71554 2
      vertex -10.204 0.761376 2
    endloop
  endfacet
  facet normal 0 0 1
    outer loop
      vertex -10.4891 0.609716 2
      vertex -10.2895 2.12585 2
      vertex -10.3419 2.19407 2
    endloop
  endfacet
  facet normal 0 0 1
    outer loop
      vertex -13.2949 2.34425 2
      vertex -10.3419 2.19407 2
      vertex -10.3877 2.30473 2
    endloop
  endfacet
  facet normal 0 0 1
    outer loop
      vertex -10.2166 2.03082 2
      vertex -10.3941 0.682631 2
      vertex -10.3147 0.71554 2
    endloop
  endfacet
  facet normal -0 0 1
    outer loop
      vertex -13.2949 2.34425 2
      vertex -10.3877 2.30473 2
      vertex -10.4206 2.38418 2
    endloop
  endfacet
  facet normal 0 0 1
    outer loop
      vertex -13.2949 2.34425 2
      vertex -10.4206 2.38418 2
      vertex -10.4319 2.46944 2
    endloop
  endfacet
  facet normal 0 0 1
    outer loop
      vertex -13.2949 2.34425 2
      vertex -10.4319 2.46944 2
      vertex -10.4475 2.58819 2
    endloop
  endfacet
  facet normal 0 0 1
    outer loop
      vertex -10.2895 2.12585 2
      vertex -10.4891 0.609716 2
      vertex -10.3941 0.682631 2
    endloop
  endfacet
  facet normal 0 0 1
    outer loop
      vertex -2.87753 1.34181 2
      vertex -8.10289 4.44263 2
      vertex -2.98352 1.08591 2
    endloop
  endfacet
  facet normal 0 0 1
    outer loop
      vertex -3.175 0 2
      vertex -7.88324 -4.91474 2
      vertex -7.87202 -5 2
    endloop
  endfacet
  facet normal -0 0 1
    outer loop
      vertex -8.87102 2.58819 2
      vertex -2.98352 1.08591 2
      vertex -8.10289 4.44263 2
    endloop
  endfacet
  facet normal 0 0 1
    outer loop
      vertex -3.175 0 2
      vertex -7.89888 -4.79599 2
      vertex -7.88324 -4.91474 2
    endloop
  endfacet
  facet normal -0 0 1
    outer loop
      vertex -8.88666 2.46944 2
      vertex -2.98352 1.08591 2
      vertex -8.87102 2.58819 2
    endloop
  endfacet
  facet normal 0 0 1
    outer loop
      vertex -3.175 0 2
      vertex -7.93179 -4.71654 2
      vertex -7.89888 -4.79599 2
    endloop
  endfacet
  facet normal -0 0 1
    outer loop
      vertex -8.89788 2.38418 2
      vertex -2.98352 1.08591 2
      vertex -8.88666 2.46944 2
    endloop
  endfacet
  facet normal 0 0 1
    outer loop
      vertex -3.175 0 2
      vertex -7.97762 -4.60588 2
      vertex -7.93179 -4.71654 2
    endloop
  endfacet
  facet normal 0 0 1
    outer loop
      vertex -2.98352 1.08591 2
      vertex -8.89788 2.38418 2
      vertex -3.06681 0.82175 2
    endloop
  endfacet
  facet normal -0 0 1
    outer loop
      vertex -8.93079 2.30473 2
      vertex -3.12676 0.551332 2
      vertex -8.89788 2.38418 2
    endloop
  endfacet
  facet normal 0 0 1
    outer loop
      vertex -3.06681 0.82175 2
      vertex -8.89788 2.38418 2
      vertex -3.12676 0.551332 2
    endloop
  endfacet
  facet normal 0 -0 1
    outer loop
      vertex -8.10289 -4.44263 2
      vertex -3.175 0 2
      vertex -8.87102 -2.58819 2
    endloop
  endfacet
  facet normal 0 0 1
    outer loop
      vertex -8.87102 2.58819 2
      vertex -8.10289 4.44263 2
      vertex -8.19791 4.36972 2
    endloop
  endfacet
  facet normal 0 0 1
    outer loop
      vertex -3.175 0 2
      vertex -8.05054 -4.51086 2
      vertex -7.97762 -4.60588 2
    endloop
  endfacet
  facet normal 0 0 1
    outer loop
      vertex -8.88666 2.70694 2
      vertex -8.19791 4.36972 2
      vertex -8.26614 4.31737 2
    endloop
  endfacet
  facet normal 0 0 1
    outer loop
      vertex -3.175 0 2
      vertex -8.10289 -4.44263 2
      vertex -8.05054 -4.51086 2
    endloop
  endfacet
  facet normal 0 0 1
    outer loop
      vertex -8.89788 2.7922 2
      vertex -8.26614 4.31737 2
      vertex -8.34558 4.28446 2
    endloop
  endfacet
  facet normal 0 0 1
    outer loop
      vertex -8.10289 -4.44263 2
      vertex -8.87102 -2.58819 2
      vertex -8.19791 -4.36972 2
    endloop
  endfacet
  facet normal 0 0 1
    outer loop
      vertex -8.93079 2.87165 2
      vertex -8.34558 4.28446 2
      vertex -8.45624 4.23862 2
    endloop
  endfacet
  facet normal -0 0 1
    outer loop
      vertex -8.88666 -2.70694 2
      vertex -8.19791 -4.36972 2
      vertex -8.87102 -2.58819 2
    endloop
  endfacet
  facet normal 0 0 1
    outer loop
      vertex -9.02898 3.05053 2
      vertex -8.45624 4.23862 2
      vertex -8.575 4.22299 2
    endloop
  endfacet
  facet normal 0 0 1
    outer loop
      vertex -8.19791 -4.36972 2
      vertex -8.88666 -2.70694 2
      vertex -8.26614 -4.31737 2
    endloop
  endfacet
  facet normal 0 0 1
    outer loop
      vertex -9.10189 3.14556 2
      vertex -8.575 4.22299 2
      vertex -8.66025 4.21176 2
    endloop
  endfacet
  facet normal -0 0 1
    outer loop
      vertex -8.89788 -2.7922 2
      vertex -8.26614 -4.31737 2
      vertex -8.88666 -2.70694 2
    endloop
  endfacet
  facet normal 0 0 1
    outer loop
      vertex -9.10189 3.14556 2
      vertex -8.66025 4.21176 2
      vertex -8.74551 4.22299 2
    endloop
  endfacet
  facet normal 0 0 1
    outer loop
      vertex -8.26614 -4.31737 2
      vertex -8.89788 -2.7922 2
      vertex -8.34558 -4.28446 2
    endloop
  endfacet
  facet normal 0 0 1
    outer loop
      vertex -9.19692 3.21847 2
      vertex -8.74551 4.22299 2
      vertex -8.86426 4.23862 2
    endloop
  endfacet
  facet normal -0 0 1
    outer loop
      vertex -8.93079 -2.87165 2
      vertex -8.34558 -4.28446 2
      vertex -8.89788 -2.7922 2
    endloop
  endfacet
  facet normal 0 0 1
    outer loop
      vertex -8.34558 -4.28446 2
      vertex -8.93079 -2.87165 2
      vertex -8.45624 -4.23862 2
    endloop
  endfacet
  facet normal 0 0 1
    outer loop
      vertex -8.19791 4.36972 2
      vertex -8.88666 2.70694 2
      vertex -8.87102 2.58819 2
    endloop
  endfacet
  facet normal 0 0 1
    outer loop
      vertex -8.26614 4.31737 2
      vertex -8.89788 2.7922 2
      vertex -8.88666 2.70694 2
    endloop
  endfacet
  facet normal 0 0 1
    outer loop
      vertex -8.34558 4.28446 2
      vertex -8.93079 2.87165 2
      vertex -8.89788 2.7922 2
    endloop
  endfacet
  facet normal 0 0 1
    outer loop
      vertex -9.26514 3.27082 2
      vertex -8.86426 4.23862 2
      vertex -8.97492 4.28446 2
    endloop
  endfacet
  facet normal 0 0 1
    outer loop
      vertex -8.45624 4.23862 2
      vertex -8.97663 2.98231 2
      vertex -8.93079 2.87165 2
    endloop
  endfacet
  facet normal 0 0 1
    outer loop
      vertex -8.45624 4.23862 2
      vertex -9.02898 3.05053 2
      vertex -8.97663 2.98231 2
    endloop
  endfacet
  facet normal 0 0 1
    outer loop
      vertex -9.3758 3.31666 2
      vertex -8.97492 4.28446 2
      vertex -9.05437 4.31737 2
    endloop
  endfacet
  facet normal 0 0 1
    outer loop
      vertex -8.575 4.22299 2
      vertex -9.10189 3.14556 2
      vertex -9.02898 3.05053 2
    endloop
  endfacet
  facet normal 0 0 1
    outer loop
      vertex -9.45525 3.34957 2
      vertex -9.05437 4.31737 2
      vertex -9.12259 4.36972 2
    endloop
  endfacet
  facet normal 0 0 1
    outer loop
      vertex -8.74551 4.22299 2
      vertex -9.19692 3.21847 2
      vertex -9.10189 3.14556 2
    endloop
  endfacet
  facet normal 0 0 1
    outer loop
      vertex -9.54051 3.36079 2
      vertex -9.12259 4.36972 2
      vertex -9.21762 4.44263 2
    endloop
  endfacet
  facet normal 0 0 1
    outer loop
      vertex -8.86426 4.23862 2
      vertex -9.26514 3.27082 2
      vertex -9.19692 3.21847 2
    endloop
  endfacet
  facet normal 0 0 1
    outer loop
      vertex -9.65926 3.37642 2
      vertex -9.21762 4.44263 2
      vertex -9.26997 4.51086 2
    endloop
  endfacet
  facet normal 0 0 1
    outer loop
      vertex -9.77801 3.36079 2
      vertex -9.26997 4.51086 2
      vertex -9.34289 4.60588 2
    endloop
  endfacet
  facet normal 0 0 1
    outer loop
      vertex -8.97492 4.28446 2
      vertex -9.3758 3.31666 2
      vertex -9.26514 3.27082 2
    endloop
  endfacet
  facet normal 0 0 1
    outer loop
      vertex -9.94272 3.31666 2
      vertex -9.34289 4.60588 2
      vertex -9.38872 4.71654 2
    endloop
  endfacet
  facet normal 0 0 1
    outer loop
      vertex -10.0534 3.27082 2
      vertex -9.38872 4.71654 2
      vertex -9.42163 4.79599 2
    endloop
  endfacet
  facet normal 0 0 1
    outer loop
      vertex -12.2352 5.70535 2
      vertex -9.42163 4.79599 2
      vertex -9.43726 4.91474 2
    endloop
  endfacet
  facet normal 0 0 1
    outer loop
      vertex -12.2352 5.70535 2
      vertex -9.43726 4.91474 2
      vertex -9.44849 5 2
    endloop
  endfacet
  facet normal 0 0 1
    outer loop
      vertex -9.05437 4.31737 2
      vertex -9.45525 3.34957 2
      vertex -9.3758 3.31666 2
    endloop
  endfacet
  facet normal -0 0 1
    outer loop
      vertex -6.7564 6.35553 2
      vertex -7.88324 4.91474 2
      vertex -6.67695 6.38844 2
    endloop
  endfacet
  facet normal 0 0 1
    outer loop
      vertex -3.175 0 2
      vertex -6.29406 -6.98581 2
      vertex -6.28283 -7.07107 2
    endloop
  endfacet
  facet normal 0 0 1
    outer loop
      vertex -7.89888 4.79599 2
      vertex -6.67695 6.38844 2
      vertex -7.88324 4.91474 2
    endloop
  endfacet
  facet normal 0 0 1
    outer loop
      vertex -3.175 0 2
      vertex -6.30969 -6.86706 2
      vertex -6.29406 -6.98581 2
    endloop
  endfacet
  facet normal 0 0 1
    outer loop
      vertex -6.67695 6.38844 2
      vertex -7.89888 4.79599 2
      vertex -2.60081 1.82111 2
    endloop
  endfacet
  facet normal 0 0 1
    outer loop
      vertex -3.175 0 2
      vertex -6.35553 -6.7564 2
      vertex -6.30969 -6.86706 2
    endloop
  endfacet
  facet normal -0 0 1
    outer loop
      vertex -7.93179 4.71654 2
      vertex -2.60081 1.82111 2
      vertex -7.89888 4.79599 2
    endloop
  endfacet
  facet normal 0 0 1
    outer loop
      vertex -3.175 0 2
      vertex -6.38844 -6.67695 2
      vertex -6.35553 -6.7564 2
    endloop
  endfacet
  facet normal -0 0 1
    outer loop
      vertex -7.97762 4.60588 2
      vertex -2.60081 1.82111 2
      vertex -7.93179 4.71654 2
    endloop
  endfacet
  facet normal 0 0 1
    outer loop
      vertex -3.175 0 2
      vertex -6.46135 -6.58192 2
      vertex -6.38844 -6.67695 2
    endloop
  endfacet
  facet normal 0 0 1
    outer loop
      vertex -2.60081 1.82111 2
      vertex -7.97762 4.60588 2
      vertex -2.74963 1.5875 2
    endloop
  endfacet
  facet normal 0 0 1
    outer loop
      vertex -3.175 0 2
      vertex -6.5137 -6.5137 2
      vertex -6.46135 -6.58192 2
    endloop
  endfacet
  facet normal 0 0 1
    outer loop
      vertex -2.74963 1.5875 2
      vertex -7.97762 4.60588 2
      vertex -2.87753 1.34181 2
    endloop
  endfacet
  facet normal -0 0 1
    outer loop
      vertex -8.10289 4.44263 2
      vertex -2.87753 1.34181 2
      vertex -8.05054 4.51086 2
    endloop
  endfacet
  facet normal -0 0 1
    outer loop
      vertex -8.05054 4.51086 2
      vertex -2.87753 1.34181 2
      vertex -7.97762 4.60588 2
    endloop
  endfacet
  facet normal 0 -0 1
    outer loop
      vertex -6.67695 -6.38844 2
      vertex -3.175 0 2
      vertex -7.87202 -5 2
    endloop
  endfacet
  facet normal 0 0 1
    outer loop
      vertex -7.88324 4.91474 2
      vertex -6.7564 6.35553 2
      vertex -7.87202 5 2
    endloop
  endfacet
  facet normal 0 0 1
    outer loop
      vertex -3.175 0 2
      vertex -6.58192 -6.46135 2
      vertex -6.5137 -6.5137 2
    endloop
  endfacet
  facet normal 0 0 1
    outer loop
      vertex -7.87202 5 2
      vertex -6.7564 6.35553 2
      vertex -6.86706 6.30969 2
    endloop
  endfacet
  facet normal 0 0 1
    outer loop
      vertex -3.175 0 2
      vertex -6.67695 -6.38844 2
      vertex -6.58192 -6.46135 2
    endloop
  endfacet
  facet normal 0 0 1
    outer loop
      vertex -7.88324 5.08526 2
      vertex -6.86706 6.30969 2
      vertex -6.98581 6.29406 2
    endloop
  endfacet
  facet normal 0 0 1
    outer loop
      vertex -6.67695 -6.38844 2
      vertex -7.87202 -5 2
      vertex -6.7564 -6.35553 2
    endloop
  endfacet
  facet normal 0 0 1
    outer loop
      vertex -7.89888 5.20401 2
      vertex -6.98581 6.29406 2
      vertex -7.07107 6.28283 2
    endloop
  endfacet
  facet normal 0 0 1
    outer loop
      vertex -6.7564 -6.35553 2
      vertex -7.87202 -5 2
      vertex -6.86706 -6.30969 2
    endloop
  endfacet
  facet normal 0 0 1
    outer loop
      vertex -7.89888 5.20401 2
      vertex -7.07107 6.28283 2
      vertex -7.15633 6.29406 2
    endloop
  endfacet
  facet normal -0 0 1
    outer loop
      vertex -7.88324 -5.08526 2
      vertex -6.86706 -6.30969 2
      vertex -7.87202 -5 2
    endloop
  endfacet
  facet normal 0 0 1
    outer loop
      vertex -7.93179 5.28346 2
      vertex -7.15633 6.29406 2
      vertex -7.27508 6.30969 2
    endloop
  endfacet
  facet normal 0 0 1
    outer loop
      vertex -6.86706 -6.30969 2
      vertex -7.88324 -5.08526 2
      vertex -6.98581 -6.29406 2
    endloop
  endfacet
  facet normal 0 0 1
    outer loop
      vertex -7.97762 5.39412 2
      vertex -7.27508 6.30969 2
      vertex -7.38574 6.35553 2
    endloop
  endfacet
  facet normal -0 0 1
    outer loop
      vertex -7.89888 -5.20401 2
      vertex -6.98581 -6.29406 2
      vertex -7.88324 -5.08526 2
    endloop
  endfacet
  facet normal 0 0 1
    outer loop
      vertex -8.05054 5.48914 2
      vertex -7.38574 6.35553 2
      vertex -7.46518 6.38844 2
    endloop
  endfacet
  facet normal 0 0 1
    outer loop
      vertex -6.98581 -6.29406 2
      vertex -7.89888 -5.20401 2
      vertex -7.07107 -6.28283 2
    endloop
  endfacet
  facet normal 0 0 1
    outer loop
      vertex -8.10289 5.55737 2
      vertex -7.46518 6.38844 2
      vertex -7.56021 6.46135 2
    endloop
  endfacet
  facet normal 0 0 1
    outer loop
      vertex -7.07107 -6.28283 2
      vertex -7.89888 -5.20401 2
      vertex -7.15633 -6.29406 2
    endloop
  endfacet
  facet normal 0 0 1
    outer loop
      vertex -8.19791 5.63028 2
      vertex -7.56021 6.46135 2
      vertex -7.62843 6.5137 2
    endloop
  endfacet
  facet normal -0 0 1
    outer loop
      vertex -7.93179 -5.28346 2
      vertex -7.15633 -6.29406 2
      vertex -7.89888 -5.20401 2
    endloop
  endfacet
  facet normal 0 0 1
    outer loop
      vertex -8.26614 5.68263 2
      vertex -7.62843 6.5137 2
      vertex -7.68078 6.58192 2
    endloop
  endfacet
  facet normal 0 0 1
    outer loop
      vertex -7.15633 -6.29406 2
      vertex -7.93179 -5.28346 2
      vertex -7.27508 -6.30969 2
    endloop
  endfacet
  facet normal 0 0 1
    outer loop
      vertex -8.34558 5.71554 2
      vertex -7.68078 6.58192 2
      vertex -7.7537 6.67695 2
    endloop
  endfacet
  facet normal -0 0 1
    outer loop
      vertex -7.97762 -5.39412 2
      vertex -7.27508 -6.30969 2
      vertex -7.93179 -5.28346 2
    endloop
  endfacet
  facet normal 0 0 1
    outer loop
      vertex -8.45624 5.76138 2
      vertex -7.7537 6.67695 2
      vertex -7.78661 6.7564 2
    endloop
  endfacet
  facet normal 0 0 1
    outer loop
      vertex -7.27508 -6.30969 2
      vertex -7.97762 -5.39412 2
      vertex -7.38574 -6.35553 2
    endloop
  endfacet
  facet normal 0 0 1
    outer loop
      vertex -8.575 5.77701 2
      vertex -7.78661 6.7564 2
      vertex -7.83244 6.86706 2
    endloop
  endfacet
  facet normal -0 0 1
    outer loop
      vertex -8.05054 -5.48914 2
      vertex -7.38574 -6.35553 2
      vertex -7.97762 -5.39412 2
    endloop
  endfacet
  facet normal 0 0 1
    outer loop
      vertex -8.74551 5.77701 2
      vertex -7.83244 6.86706 2
      vertex -7.84808 6.98581 2
    endloop
  endfacet
  facet normal 0 0 1
    outer loop
      vertex -7.38574 -6.35553 2
      vertex -8.05054 -5.48914 2
      vertex -7.46518 -6.38844 2
    endloop
  endfacet
  facet normal 0 0 1
    outer loop
      vertex -8.86426 5.76138 2
      vertex -7.84808 6.98581 2
      vertex -7.8593 7.07107 2
    endloop
  endfacet
  facet normal -0 0 1
    outer loop
      vertex -8.10289 -5.55737 2
      vertex -7.46518 -6.38844 2
      vertex -8.05054 -5.48914 2
    endloop
  endfacet
  facet normal 0 0 1
    outer loop
      vertex -6.35553 6.7564 2
      vertex -4.91474 7.88324 2
      vertex -6.30969 6.86706 2
    endloop
  endfacet
  facet normal 0 0 1
    outer loop
      vertex -3.175 0 2
      vertex -4.22299 -8.575 2
      vertex -4.21176 -8.66025 2
    endloop
  endfacet
  facet normal -0 0 1
    outer loop
      vertex -4.91474 7.88324 2
      vertex -6.35553 6.7564 2
      vertex -4.79599 7.89888 2
    endloop
  endfacet
  facet normal 0 0 1
    outer loop
      vertex -3.175 0 2
      vertex -4.23862 -8.45624 2
      vertex -4.22299 -8.575 2
    endloop
  endfacet
  facet normal 0 0 1
    outer loop
      vertex -6.38844 6.67695 2
      vertex -4.79599 7.89888 2
      vertex -6.35553 6.7564 2
    endloop
  endfacet
  facet normal 0 0 1
    outer loop
      vertex -3.175 0 2
      vertex -4.28446 -8.34558 2
      vertex -4.23862 -8.45624 2
    endloop
  endfacet
  facet normal 0 0 1
    outer loop
      vertex -4.79599 7.89888 2
      vertex -6.38844 6.67695 2
      vertex -2.04085 2.43219 2
    endloop
  endfacet
  facet normal 0 0 1
    outer loop
      vertex -3.175 0 2
      vertex -4.31737 -8.26614 2
      vertex -4.28446 -8.34558 2
    endloop
  endfacet
  facet normal -0 0 1
    outer loop
      vertex -6.46135 6.58192 2
      vertex -2.04085 2.43219 2
      vertex -6.38844 6.67695 2
    endloop
  endfacet
  facet normal 0 0 1
    outer loop
      vertex -3.175 0 2
      vertex -4.36972 -8.19791 2
      vertex -4.31737 -8.26614 2
    endloop
  endfacet
  facet normal -0 0 1
    outer loop
      vertex -6.5137 6.5137 2
      vertex -2.04085 2.43219 2
      vertex -6.46135 6.58192 2
    endloop
  endfacet
  facet normal 0 0 1
    outer loop
      vertex -3.175 0 2
      vertex -4.44263 -8.10289 2
      vertex -4.36972 -8.19791 2
    endloop
  endfacet
  facet normal 0 0 1
    outer loop
      vertex -2.04085 2.43219 2
      vertex -6.5137 6.5137 2
      vertex -2.24506 2.24506 2
    endloop
  endfacet
  facet normal 0 0 1
    outer loop
      vertex -3.175 0 2
      vertex -4.51086 -8.05054 2
      vertex -4.44263 -8.10289 2
    endloop
  endfacet
  facet normal 0 0 1
    outer loop
      vertex -2.24506 2.24506 2
      vertex -6.5137 6.5137 2
      vertex -2.43219 2.04085 2
    endloop
  endfacet
  facet normal 0 0 1
    outer loop
      vertex -3.175 0 2
      vertex -4.60588 -7.97762 2
      vertex -4.51086 -8.05054 2
    endloop
  endfacet
  facet normal -0 0 1
    outer loop
      vertex -6.58192 6.46135 2
      vertex -2.43219 2.04085 2
      vertex -6.5137 6.5137 2
    endloop
  endfacet
  facet normal 0 0 1
    outer loop
      vertex -3.175 0 2
      vertex -4.71654 -7.93179 2
      vertex -4.60588 -7.97762 2
    endloop
  endfacet
  facet normal -0 0 1
    outer loop
      vertex -6.67695 6.38844 2
      vertex -2.43219 2.04085 2
      vertex -6.58192 6.46135 2
    endloop
  endfacet
  facet normal 0 0 1
    outer loop
      vertex -2.43219 2.04085 2
      vertex -6.67695 6.38844 2
      vertex -2.60081 1.82111 2
    endloop
  endfacet
  facet normal 0 0 1
    outer loop
      vertex -5.08526 7.88324 2
      vertex -6.30969 6.86706 2
      vertex -5 7.87202 2
    endloop
  endfacet
  facet normal 0 -0 1
    outer loop
      vertex -4.79599 -7.89888 2
      vertex -3.175 0 2
      vertex -6.28283 -7.07107 2
    endloop
  endfacet
  facet normal 0 0 1
    outer loop
      vertex -6.30969 6.86706 2
      vertex -5.08526 7.88324 2
      vertex -6.29406 6.98581 2
    endloop
  endfacet
  facet normal 0 0 1
    outer loop
      vertex -3.175 0 2
      vertex -4.79599 -7.89888 2
      vertex -4.71654 -7.93179 2
    endloop
  endfacet
  facet normal 0 0 1
    outer loop
      vertex -5.20401 7.89888 2
      vertex -6.29406 6.98581 2
      vertex -5.08526 7.88324 2
    endloop
  endfacet
  facet normal 0 0 1
    outer loop
      vertex -4.79599 -7.89888 2
      vertex -6.28283 -7.07107 2
      vertex -4.91474 -7.88324 2
    endloop
  endfacet
  facet normal 0 0 1
    outer loop
      vertex -6.29406 6.98581 2
      vertex -5.20401 7.89888 2
      vertex -6.28283 7.07107 2
    endloop
  endfacet
  facet normal 0 0 1
    outer loop
      vertex -4.91474 -7.88324 2
      vertex -6.28283 -7.07107 2
      vertex -5 -7.87202 2
    endloop
  endfacet
  facet normal 0 0 1
    outer loop
      vertex -6.28283 7.07107 2
      vertex -5.20401 7.89888 2
      vertex -5.28346 7.93179 2
    endloop
  endfacet
  facet normal 0 0 1
    outer loop
      vertex -5 -7.87202 2
      vertex -6.28283 -7.07107 2
      vertex -5.08526 -7.88324 2
    endloop
  endfacet
  facet normal 0 0 1
    outer loop
      vertex -6.29406 7.15633 2
      vertex -5.28346 7.93179 2
      vertex -5.39412 7.97762 2
    endloop
  endfacet
  facet normal 0 0 1
    outer loop
      vertex -5.08526 -7.88324 2
      vertex -6.28283 -7.07107 2
      vertex -5.20401 -7.89888 2
    endloop
  endfacet
  facet normal 0 0 1
    outer loop
      vertex -6.30969 7.27508 2
      vertex -5.39412 7.97762 2
      vertex -5.48914 8.05054 2
    endloop
  endfacet
  facet normal 0 0 1
    outer loop
      vertex -5.20401 -7.89888 2
      vertex -6.28283 -7.07107 2
      vertex -5.28346 -7.93179 2
    endloop
  endfacet
  facet normal 0 0 1
    outer loop
      vertex -6.35553 7.38574 2
      vertex -5.48914 8.05054 2
      vertex -5.55737 8.10289 2
    endloop
  endfacet
  facet normal -0 0 1
    outer loop
      vertex -6.29406 -7.15633 2
      vertex -5.28346 -7.93179 2
      vertex -6.28283 -7.07107 2
    endloop
  endfacet
  facet normal 0 0 1
    outer loop
      vertex -6.38844 7.46518 2
      vertex -5.55737 8.10289 2
      vertex -5.63028 8.19791 2
    endloop
  endfacet
  facet normal 0 0 1
    outer loop
      vertex -5.28346 -7.93179 2
      vertex -6.29406 -7.15633 2
      vertex -5.39412 -7.97762 2
    endloop
  endfacet
  facet normal 0 0 1
    outer loop
      vertex -6.46135 7.56021 2
      vertex -5.63028 8.19791 2
      vertex -5.68263 8.26614 2
    endloop
  endfacet
  facet normal -0 0 1
    outer loop
      vertex -6.30969 -7.27508 2
      vertex -5.39412 -7.97762 2
      vertex -6.29406 -7.15633 2
    endloop
  endfacet
  facet normal 0 0 1
    outer loop
      vertex -6.5137 7.62843 2
      vertex -5.68263 8.26614 2
      vertex -5.71554 8.34558 2
    endloop
  endfacet
  facet normal 0 0 1
    outer loop
      vertex -5.39412 -7.97762 2
      vertex -6.30969 -7.27508 2
      vertex -5.48914 -8.05054 2
    endloop
  endfacet
  facet normal 0 0 1
    outer loop
      vertex -6.58192 7.68078 2
      vertex -5.71554 8.34558 2
      vertex -5.76138 8.45624 2
    endloop
  endfacet
  facet normal -0 0 1
    outer loop
      vertex -6.35553 -7.38574 2
      vertex -5.48914 -8.05054 2
      vertex -6.30969 -7.27508 2
    endloop
  endfacet
  facet normal 0 0 1
    outer loop
      vertex -6.7564 7.78661 2
      vertex -5.76138 8.45624 2
      vertex -5.77701 8.575 2
    endloop
  endfacet
  facet normal 0 0 1
    outer loop
      vertex -5.48914 -8.05054 2
      vertex -6.35553 -7.38574 2
      vertex -5.55737 -8.10289 2
    endloop
  endfacet
  facet normal 0 0 1
    outer loop
      vertex -6.86706 7.83244 2
      vertex -5.77701 8.575 2
      vertex -5.78823 8.66025 2
    endloop
  endfacet
  facet normal -0 0 1
    outer loop
      vertex -6.38844 -7.46518 2
      vertex -5.55737 -8.10289 2
      vertex -6.35553 -7.38574 2
    endloop
  endfacet
  facet normal 0 0 1
    outer loop
      vertex -3.34957 -9.45525 2
      vertex -4.31737 -9.05437 2
      vertex -3.36079 -9.54051 2
    endloop
  endfacet
  facet normal -0 0 1
    outer loop
      vertex -4.36972 -9.12259 2
      vertex -3.36079 -9.54051 2
      vertex -4.31737 -9.05437 2
    endloop
  endfacet
  facet normal 0 0 1
    outer loop
      vertex -3.36079 -9.54051 2
      vertex -4.36972 -9.12259 2
      vertex -3.37642 -9.65926 2
    endloop
  endfacet
  facet normal -0 0 1
    outer loop
      vertex -4.44263 -9.21762 2
      vertex -3.37642 -9.65926 2
      vertex -4.36972 -9.12259 2
    endloop
  endfacet
  facet normal -0 0 1
    outer loop
      vertex -4.51086 -9.26997 2
      vertex -3.37642 -9.65926 2
      vertex -4.44263 -9.21762 2
    endloop
  endfacet
  facet normal 0 0 1
    outer loop
      vertex -3.37642 -9.65926 2
      vertex -4.51086 -9.26997 2
      vertex -3.36079 -9.77801 2
    endloop
  endfacet
  facet normal -0 0 1
    outer loop
      vertex -4.60588 -9.34289 2
      vertex -3.36079 -9.77801 2
      vertex -4.51086 -9.26997 2
    endloop
  endfacet
  facet normal 0 0 1
    outer loop
      vertex -3.36079 -9.77801 2
      vertex -4.60588 -9.34289 2
      vertex -3.34957 -9.86327 2
    endloop
  endfacet
  facet normal -0 0 1
    outer loop
      vertex -4.71654 -9.38872 2
      vertex -3.34957 -9.86327 2
      vertex -4.60588 -9.34289 2
    endloop
  endfacet
  facet normal 0 0 1
    outer loop
      vertex -3.34957 -9.86327 2
      vertex -4.61727 -12.6859 2
      vertex -3.49406 -13.04 2
    endloop
  endfacet
  facet normal -0 0 1
    outer loop
      vertex -4.79599 -9.42163 2
      vertex -3.34957 -9.86327 2
      vertex -4.71654 -9.38872 2
    endloop
  endfacet
  facet normal 0 0 1
    outer loop
      vertex -3.34957 -9.86327 2
      vertex -4.79599 -9.42163 2
      vertex -4.61727 -12.6859 2
    endloop
  endfacet
  facet normal 0 0 1
    outer loop
      vertex -5.70535 -12.2352 2
      vertex -4.79599 -9.42163 2
      vertex -4.91474 -9.43726 2
    endloop
  endfacet
  facet normal 0 0 1
    outer loop
      vertex -5.70535 -12.2352 2
      vertex -4.91474 -9.43726 2
      vertex -5 -9.44849 2
    endloop
  endfacet
  facet normal 0 0 1
    outer loop
      vertex -5.70535 -12.2352 2
      vertex -5 -9.44849 2
      vertex -5.08526 -9.43726 2
    endloop
  endfacet
  facet normal 0 0 1
    outer loop
      vertex -5.70535 -12.2352 2
      vertex -5.08526 -9.43726 2
      vertex -5.20401 -9.42163 2
    endloop
  endfacet
  facet normal 0 0 1
    outer loop
      vertex -6.75 -11.6913 2
      vertex -5.20401 -9.42163 2
      vertex -5.28346 -9.38872 2
    endloop
  endfacet
  facet normal 0 0 1
    outer loop
      vertex -6.75 -11.6913 2
      vertex -5.28346 -9.38872 2
      vertex -5.39412 -9.34289 2
    endloop
  endfacet
  facet normal 0 0 1
    outer loop
      vertex -6.75 -11.6913 2
      vertex -5.39412 -9.34289 2
      vertex -5.48914 -9.26997 2
    endloop
  endfacet
  facet normal 0 0 1
    outer loop
      vertex -6.75 -11.6913 2
      vertex -5.48914 -9.26997 2
      vertex -5.55737 -9.21762 2
    endloop
  endfacet
  facet normal 0 0 1
    outer loop
      vertex -7.74328 -11.0586 2
      vertex -5.55737 -9.21762 2
      vertex -5.63028 -9.12259 2
    endloop
  endfacet
  facet normal 0 0 1
    outer loop
      vertex -7.74328 -11.0586 2
      vertex -5.63028 -9.12259 2
      vertex -5.68263 -9.05437 2
    endloop
  endfacet
  facet normal 0 0 1
    outer loop
      vertex -4.79599 -9.42163 2
      vertex -5.70535 -12.2352 2
      vertex -4.61727 -12.6859 2
    endloop
  endfacet
  facet normal 0 0 1
    outer loop
      vertex -7.74328 -11.0586 2
      vertex -5.68263 -9.05437 2
      vertex -5.71554 -8.97492 2
    endloop
  endfacet
  facet normal 0 0 1
    outer loop
      vertex -7.74328 -11.0586 2
      vertex -5.71554 -8.97492 2
      vertex -5.76138 -8.86426 2
    endloop
  endfacet
  facet normal 0 0 1
    outer loop
      vertex -6.98581 -7.84808 2
      vertex -5.76138 -8.86426 2
      vertex -5.77701 -8.74551 2
    endloop
  endfacet
  facet normal 0 0 1
    outer loop
      vertex -6.86706 -7.83244 2
      vertex -5.77701 -8.74551 2
      vertex -5.78823 -8.66025 2
    endloop
  endfacet
  facet normal -0 0 1
    outer loop
      vertex -6.46135 -7.56021 2
      vertex -5.63028 -8.19791 2
      vertex -6.38844 -7.46518 2
    endloop
  endfacet
  facet normal 0 0 1
    outer loop
      vertex -5.63028 -8.19791 2
      vertex -6.46135 -7.56021 2
      vertex -5.68263 -8.26614 2
    endloop
  endfacet
  facet normal -0 0 1
    outer loop
      vertex -6.5137 -7.62843 2
      vertex -5.68263 -8.26614 2
      vertex -6.46135 -7.56021 2
    endloop
  endfacet
  facet normal 0 0 1
    outer loop
      vertex -5.68263 -8.26614 2
      vertex -6.5137 -7.62843 2
      vertex -5.71554 -8.34558 2
    endloop
  endfacet
  facet normal -0 0 1
    outer loop
      vertex -6.58192 -7.68078 2
      vertex -5.71554 -8.34558 2
      vertex -6.5137 -7.62843 2
    endloop
  endfacet
  facet normal 0 0 1
    outer loop
      vertex -5.71554 -8.34558 2
      vertex -6.58192 -7.68078 2
      vertex -5.76138 -8.45624 2
    endloop
  endfacet
  facet normal -0 0 1
    outer loop
      vertex -6.67695 -7.7537 2
      vertex -5.76138 -8.45624 2
      vertex -6.58192 -7.68078 2
    endloop
  endfacet
  facet normal -0 0 1
    outer loop
      vertex -6.7564 -7.78661 2
      vertex -5.76138 -8.45624 2
      vertex -6.67695 -7.7537 2
    endloop
  endfacet
  facet normal 0 0 1
    outer loop
      vertex -5.76138 -8.45624 2
      vertex -6.7564 -7.78661 2
      vertex -5.77701 -8.575 2
    endloop
  endfacet
  facet normal -0 0 1
    outer loop
      vertex -6.86706 -7.83244 2
      vertex -5.77701 -8.575 2
      vertex -6.7564 -7.78661 2
    endloop
  endfacet
  facet normal 0 0 1
    outer loop
      vertex -5.20401 -9.42163 2
      vertex -6.75 -11.6913 2
      vertex -5.70535 -12.2352 2
    endloop
  endfacet
  facet normal 0 0 1
    outer loop
      vertex -5.77701 -8.575 2
      vertex -6.86706 -7.83244 2
      vertex -5.78823 -8.66025 2
    endloop
  endfacet
  facet normal 0 0 1
    outer loop
      vertex -5.77701 -8.74551 2
      vertex -6.86706 -7.83244 2
      vertex -6.98581 -7.84808 2
    endloop
  endfacet
  facet normal 0 0 1
    outer loop
      vertex -5.76138 -8.86426 2
      vertex -6.98581 -7.84808 2
      vertex -7.07107 -7.8593 2
    endloop
  endfacet
  facet normal 0 0 1
    outer loop
      vertex -5.76138 -8.86426 2
      vertex -7.07107 -7.8593 2
      vertex -7.74328 -11.0586 2
    endloop
  endfacet
  facet normal 0 0 1
    outer loop
      vertex -8.67763 -10.3416 2
      vertex -7.07107 -7.8593 2
      vertex -7.15633 -7.84808 2
    endloop
  endfacet
  facet normal 0 0 1
    outer loop
      vertex -8.67763 -10.3416 2
      vertex -7.15633 -7.84808 2
      vertex -7.27508 -7.83244 2
    endloop
  endfacet
  facet normal 0 0 1
    outer loop
      vertex -8.67763 -10.3416 2
      vertex -7.27508 -7.83244 2
      vertex -7.38574 -7.78661 2
    endloop
  endfacet
  facet normal 0 0 1
    outer loop
      vertex -8.67763 -10.3416 2
      vertex -7.38574 -7.78661 2
      vertex -7.46518 -7.7537 2
    endloop
  endfacet
  facet normal 0 0 1
    outer loop
      vertex -9.54594 -9.54594 2
      vertex -7.46518 -7.7537 2
      vertex -7.56021 -7.68078 2
    endloop
  endfacet
  facet normal 0 0 1
    outer loop
      vertex -9.54594 -9.54594 2
      vertex -7.56021 -7.68078 2
      vertex -7.62843 -7.62843 2
    endloop
  endfacet
  facet normal 0 0 1
    outer loop
      vertex -9.54594 -9.54594 2
      vertex -7.62843 -7.62843 2
      vertex -7.68078 -7.56021 2
    endloop
  endfacet
  facet normal 0 0 1
    outer loop
      vertex -5.55737 -9.21762 2
      vertex -7.74328 -11.0586 2
      vertex -6.75 -11.6913 2
    endloop
  endfacet
  facet normal 0 0 1
    outer loop
      vertex -9.54594 -9.54594 2
      vertex -7.68078 -7.56021 2
      vertex -7.7537 -7.46518 2
    endloop
  endfacet
  facet normal 0 0 1
    outer loop
      vertex -10.3416 -8.67763 2
      vertex -7.7537 -7.46518 2
      vertex -7.78661 -7.38574 2
    endloop
  endfacet
  facet normal 0 0 1
    outer loop
      vertex -10.3416 -8.67763 2
      vertex -7.78661 -7.38574 2
      vertex -7.83244 -7.27508 2
    endloop
  endfacet
  facet normal 0 0 1
    outer loop
      vertex -10.3416 -8.67763 2
      vertex -7.83244 -7.27508 2
      vertex -7.84808 -7.15633 2
    endloop
  endfacet
  facet normal 0 0 1
    outer loop
      vertex -10.3416 -8.67763 2
      vertex -7.84808 -7.15633 2
      vertex -7.8593 -7.07107 2
    endloop
  endfacet
  facet normal -0 0 1
    outer loop
      vertex -8.19791 -5.63028 2
      vertex -7.56021 -6.46135 2
      vertex -8.10289 -5.55737 2
    endloop
  endfacet
  facet normal 0 0 1
    outer loop
      vertex -7.56021 -6.46135 2
      vertex -8.19791 -5.63028 2
      vertex -7.62843 -6.5137 2
    endloop
  endfacet
  facet normal -0 0 1
    outer loop
      vertex -8.26614 -5.68263 2
      vertex -7.62843 -6.5137 2
      vertex -8.19791 -5.63028 2
    endloop
  endfacet
  facet normal 0 0 1
    outer loop
      vertex -7.62843 -6.5137 2
      vertex -8.26614 -5.68263 2
      vertex -7.68078 -6.58192 2
    endloop
  endfacet
  facet normal -0 0 1
    outer loop
      vertex -8.34558 -5.71554 2
      vertex -7.68078 -6.58192 2
      vertex -8.26614 -5.68263 2
    endloop
  endfacet
  facet normal 0 0 1
    outer loop
      vertex -7.68078 -6.58192 2
      vertex -8.34558 -5.71554 2
      vertex -7.7537 -6.67695 2
    endloop
  endfacet
  facet normal -0 0 1
    outer loop
      vertex -8.45624 -5.76138 2
      vertex -7.7537 -6.67695 2
      vertex -8.34558 -5.71554 2
    endloop
  endfacet
  facet normal 0 0 1
    outer loop
      vertex -7.7537 -6.67695 2
      vertex -8.45624 -5.76138 2
      vertex -7.78661 -6.7564 2
    endloop
  endfacet
  facet normal -0 0 1
    outer loop
      vertex -8.575 -5.77701 2
      vertex -7.78661 -6.7564 2
      vertex -8.45624 -5.76138 2
    endloop
  endfacet
  facet normal 0 0 1
    outer loop
      vertex -7.78661 -6.7564 2
      vertex -8.575 -5.77701 2
      vertex -7.83244 -6.86706 2
    endloop
  endfacet
  facet normal -0 0 1
    outer loop
      vertex -8.66025 -5.78823 2
      vertex -7.83244 -6.86706 2
      vertex -8.575 -5.77701 2
    endloop
  endfacet
  facet normal 0 0 1
    outer loop
      vertex -8.74551 -5.77701 2
      vertex -7.83244 -6.86706 2
      vertex -8.66025 -5.78823 2
    endloop
  endfacet
  facet normal 0 0 1
    outer loop
      vertex -7.83244 -6.86706 2
      vertex -8.74551 -5.77701 2
      vertex -7.84808 -6.98581 2
    endloop
  endfacet
  facet normal 0 0 1
    outer loop
      vertex -8.86426 -5.76138 2
      vertex -7.84808 -6.98581 2
      vertex -8.74551 -5.77701 2
    endloop
  endfacet
  facet normal 0 0 1
    outer loop
      vertex -7.07107 -7.8593 2
      vertex -8.67763 -10.3416 2
      vertex -7.74328 -11.0586 2
    endloop
  endfacet
  facet normal 0 0 1
    outer loop
      vertex -7.84808 -6.98581 2
      vertex -8.86426 -5.76138 2
      vertex -7.8593 -7.07107 2
    endloop
  endfacet
  facet normal 0 0 1
    outer loop
      vertex -7.8593 -7.07107 2
      vertex -8.86426 -5.76138 2
      vertex -10.3416 -8.67763 2
    endloop
  endfacet
  facet normal 0 0 1
    outer loop
      vertex -11.0586 -7.74328 2
      vertex -8.86426 -5.76138 2
      vertex -8.97492 -5.71554 2
    endloop
  endfacet
  facet normal 0 0 1
    outer loop
      vertex -11.0586 -7.74328 2
      vertex -8.97492 -5.71554 2
      vertex -9.05437 -5.68263 2
    endloop
  endfacet
  facet normal 0 0 1
    outer loop
      vertex -11.0586 -7.74328 2
      vertex -9.05437 -5.68263 2
      vertex -9.12259 -5.63028 2
    endloop
  endfacet
  facet normal 0 0 1
    outer loop
      vertex -11.0586 -7.74328 2
      vertex -9.12259 -5.63028 2
      vertex -9.21762 -5.55737 2
    endloop
  endfacet
  facet normal 0 0 1
    outer loop
      vertex -11.6913 -6.75 2
      vertex -9.21762 -5.55737 2
      vertex -9.26997 -5.48914 2
    endloop
  endfacet
  facet normal 0 0 1
    outer loop
      vertex -11.6913 -6.75 2
      vertex -9.26997 -5.48914 2
      vertex -9.34289 -5.39412 2
    endloop
  endfacet
  facet normal 0 0 1
    outer loop
      vertex -11.6913 -6.75 2
      vertex -9.34289 -5.39412 2
      vertex -9.38872 -5.28346 2
    endloop
  endfacet
  facet normal 0 0 1
    outer loop
      vertex -11.6913 -6.75 2
      vertex -9.38872 -5.28346 2
      vertex -9.42163 -5.20401 2
    endloop
  endfacet
  facet normal 0 0 1
    outer loop
      vertex -9.94272 -3.31666 2
      vertex -9.34289 -4.60588 2
      vertex -9.86327 -3.34957 2
    endloop
  endfacet
  facet normal 0 0 1
    outer loop
      vertex -7.46518 -7.7537 2
      vertex -9.54594 -9.54594 2
      vertex -8.67763 -10.3416 2
    endloop
  endfacet
  facet normal 0 0 1
    outer loop
      vertex -12.2352 -5.70535 2
      vertex -9.42163 -5.20401 2
      vertex -9.43726 -5.08526 2
    endloop
  endfacet
  facet normal 0 0 1
    outer loop
      vertex -12.2352 -5.70535 2
      vertex -9.43726 -5.08526 2
      vertex -9.44849 -5 2
    endloop
  endfacet
  facet normal 0 0 1
    outer loop
      vertex -9.34289 -4.60588 2
      vertex -9.94272 -3.31666 2
      vertex -9.38872 -4.71654 2
    endloop
  endfacet
  facet normal 0 0 1
    outer loop
      vertex -10.0534 -3.27082 2
      vertex -9.38872 -4.71654 2
      vertex -9.94272 -3.31666 2
    endloop
  endfacet
  facet normal 0 0 1
    outer loop
      vertex -9.38872 -4.71654 2
      vertex -10.0534 -3.27082 2
      vertex -9.42163 -4.79599 2
    endloop
  endfacet
  facet normal 0 0 1
    outer loop
      vertex -12.2352 -5.70535 2
      vertex -9.42163 -4.79599 2
      vertex -10.0534 -3.27082 2
    endloop
  endfacet
  facet normal 0 0 1
    outer loop
      vertex -9.42163 -4.79599 2
      vertex -12.2352 -5.70535 2
      vertex -9.43726 -4.91474 2
    endloop
  endfacet
  facet normal 0 0 1
    outer loop
      vertex -9.43726 -4.91474 2
      vertex -12.2352 -5.70535 2
      vertex -9.44849 -5 2
    endloop
  endfacet
  facet normal 0 0 1
    outer loop
      vertex -12.6859 -4.61727 2
      vertex -10.0534 -3.27082 2
      vertex -10.1216 -3.21847 2
    endloop
  endfacet
  facet normal 0 0 1
    outer loop
      vertex -12.6859 -4.61727 2
      vertex -10.1216 -3.21847 2
      vertex -10.2166 -3.14556 2
    endloop
  endfacet
  facet normal 0 0 1
    outer loop
      vertex -12.6859 -4.61727 2
      vertex -10.2166 -3.14556 2
      vertex -10.2895 -3.05053 2
    endloop
  endfacet
  facet normal 0 0 1
    outer loop
      vertex -7.7537 -7.46518 2
      vertex -10.3416 -8.67763 2
      vertex -9.54594 -9.54594 2
    endloop
  endfacet
  facet normal 0 0 1
    outer loop
      vertex -12.6859 -4.61727 2
      vertex -10.2895 -3.05053 2
      vertex -10.3419 -2.98231 2
    endloop
  endfacet
  facet normal 0 0 1
    outer loop
      vertex -13.04 -3.49406 2
      vertex -10.3419 -2.98231 2
      vertex -10.3877 -2.87165 2
    endloop
  endfacet
  facet normal 0 0 1
    outer loop
      vertex -13.04 -3.49406 2
      vertex -10.3877 -2.87165 2
      vertex -10.4206 -2.7922 2
    endloop
  endfacet
  facet normal 0 0 1
    outer loop
      vertex -13.04 -3.49406 2
      vertex -10.4206 -2.7922 2
      vertex -10.4319 -2.70694 2
    endloop
  endfacet
  facet normal 0 0 1
    outer loop
      vertex -13.04 -3.49406 2
      vertex -10.4319 -2.70694 2
      vertex -10.4475 -2.58819 2
    endloop
  endfacet
  facet normal 0 0 1
    outer loop
      vertex -10.4206 -2.38418 2
      vertex -13.2949 -2.34425 2
      vertex -10.4319 -2.46944 2
    endloop
  endfacet
  facet normal 0 0 1
    outer loop
      vertex -10.4319 -2.46944 2
      vertex -13.2949 -2.34425 2
      vertex -10.4475 -2.58819 2
    endloop
  endfacet
  facet normal 0 0 1
    outer loop
      vertex -13.4486 -1.1766 2
      vertex -10.5574 -0.557366 2
      vertex -10.6097 -0.489143 2
    endloop
  endfacet
  facet normal 0 0 1
    outer loop
      vertex -13.4486 -1.1766 2
      vertex -10.6097 -0.489143 2
      vertex -10.6826 -0.394117 2
    endloop
  endfacet
  facet normal 0 0 1
    outer loop
      vertex -13.4486 -1.1766 2
      vertex -10.6826 -0.394117 2
      vertex -10.7155 -0.314669 2
    endloop
  endfacet
  facet normal 0 0 1
    outer loop
      vertex -13.4486 -1.1766 2
      vertex -10.7155 -0.314669 2
      vertex -10.7614 -0.20401 2
    endloop
  endfacet
  facet normal 0 0 1
    outer loop
      vertex -13.5 0 2
      vertex -10.7614 -0.20401 2
      vertex -10.777 -0.0852579 2
    endloop
  endfacet
  facet normal -0 0 1
    outer loop
      vertex -13.5 0 2
      vertex -10.777 -0.0852579 2
      vertex -10.7882 0 2
    endloop
  endfacet
  facet normal 0 0 1
    outer loop
      vertex -8.86426 -5.76138 2
      vertex -11.0586 -7.74328 2
      vertex -10.3416 -8.67763 2
    endloop
  endfacet
  facet normal 0 0 1
    outer loop
      vertex -10.5574 0.557366 2
      vertex -13.4486 1.1766 2
      vertex -10.6097 0.489143 2
    endloop
  endfacet
  facet normal 0 0 1
    outer loop
      vertex -10.6097 0.489143 2
      vertex -13.4486 1.1766 2
      vertex -10.6826 0.394117 2
    endloop
  endfacet
  facet normal 0 0 1
    outer loop
      vertex -9.21762 -5.55737 2
      vertex -11.6913 -6.75 2
      vertex -11.0586 -7.74328 2
    endloop
  endfacet
  facet normal 0 0 1
    outer loop
      vertex -10.6826 0.394117 2
      vertex -13.4486 1.1766 2
      vertex -10.7155 0.314669 2
    endloop
  endfacet
  facet normal 0 0 1
    outer loop
      vertex -9.42163 -5.20401 2
      vertex -12.2352 -5.70535 2
      vertex -11.6913 -6.75 2
    endloop
  endfacet
  facet normal 0 0 1
    outer loop
      vertex -10.7155 0.314669 2
      vertex -13.4486 1.1766 2
      vertex -10.7614 0.20401 2
    endloop
  endfacet
  facet normal 0 0 1
    outer loop
      vertex -10.0534 -3.27082 2
      vertex -12.6859 -4.61727 2
      vertex -12.2352 -5.70535 2
    endloop
  endfacet
  facet normal 0 0 1
    outer loop
      vertex -13.5 0 2
      vertex -10.7614 0.20401 2
      vertex -13.4486 1.1766 2
    endloop
  endfacet
  facet normal 0 0 1
    outer loop
      vertex -10.3419 -2.98231 2
      vertex -13.04 -3.49406 2
      vertex -12.6859 -4.61727 2
    endloop
  endfacet
  facet normal 0 0 1
    outer loop
      vertex -10.7614 0.20401 2
      vertex -13.5 0 2
      vertex -10.777 0.0852579 2
    endloop
  endfacet
  facet normal 0 0 1
    outer loop
      vertex -10.4475 -2.58819 2
      vertex -13.2949 -2.34425 2
      vertex -13.04 -3.49406 2
    endloop
  endfacet
  facet normal 0 0 1
    outer loop
      vertex -10.777 0.0852579 2
      vertex -13.5 0 2
      vertex -10.7882 0 2
    endloop
  endfacet
  facet normal 0 0 1
    outer loop
      vertex -10.5574 -0.557366 2
      vertex -13.4486 -1.1766 2
      vertex -13.2949 -2.34425 2
    endloop
  endfacet
  facet normal 0 0 1
    outer loop
      vertex -10.7614 -0.20401 2
      vertex -13.5 0 2
      vertex -13.4486 -1.1766 2
    endloop
  endfacet
  facet normal -0 0 1
    outer loop
      vertex -8.97663 -2.98231 2
      vertex -8.45624 -4.23862 2
      vertex -8.93079 -2.87165 2
    endloop
  endfacet
  facet normal -0 0 1
    outer loop
      vertex -9.02898 -3.05053 2
      vertex -8.45624 -4.23862 2
      vertex -8.97663 -2.98231 2
    endloop
  endfacet
  facet normal 0 0 1
    outer loop
      vertex -8.45624 -4.23862 2
      vertex -9.02898 -3.05053 2
      vertex -8.575 -4.22299 2
    endloop
  endfacet
  facet normal -0 0 1
    outer loop
      vertex -9.10189 -3.14556 2
      vertex -8.575 -4.22299 2
      vertex -9.02898 -3.05053 2
    endloop
  endfacet
  facet normal 0 0 1
    outer loop
      vertex -8.575 -4.22299 2
      vertex -9.10189 -3.14556 2
      vertex -8.66025 -4.21176 2
    endloop
  endfacet
  facet normal 0 0 1
    outer loop
      vertex -8.66025 -4.21176 2
      vertex -9.10189 -3.14556 2
      vertex -8.74551 -4.22299 2
    endloop
  endfacet
  facet normal -0 0 1
    outer loop
      vertex -9.19692 -3.21847 2
      vertex -8.74551 -4.22299 2
      vertex -9.10189 -3.14556 2
    endloop
  endfacet
  facet normal 0 0 1
    outer loop
      vertex -8.74551 -4.22299 2
      vertex -9.19692 -3.21847 2
      vertex -8.86426 -4.23862 2
    endloop
  endfacet
  facet normal -0 0 1
    outer loop
      vertex -9.26514 -3.27082 2
      vertex -8.86426 -4.23862 2
      vertex -9.19692 -3.21847 2
    endloop
  endfacet
  facet normal 0 0 1
    outer loop
      vertex -8.86426 -4.23862 2
      vertex -9.26514 -3.27082 2
      vertex -8.97492 -4.28446 2
    endloop
  endfacet
  facet normal -0 0 1
    outer loop
      vertex -9.3758 -3.31666 2
      vertex -8.97492 -4.28446 2
      vertex -9.26514 -3.27082 2
    endloop
  endfacet
  facet normal 0 0 1
    outer loop
      vertex -8.97492 -4.28446 2
      vertex -9.3758 -3.31666 2
      vertex -9.05437 -4.31737 2
    endloop
  endfacet
  facet normal -0 0 1
    outer loop
      vertex -9.45525 -3.34957 2
      vertex -9.05437 -4.31737 2
      vertex -9.3758 -3.31666 2
    endloop
  endfacet
  facet normal 0 0 1
    outer loop
      vertex -9.05437 -4.31737 2
      vertex -9.45525 -3.34957 2
      vertex -9.12259 -4.36972 2
    endloop
  endfacet
  facet normal -0 0 1
    outer loop
      vertex -9.54051 -3.36079 2
      vertex -9.12259 -4.36972 2
      vertex -9.45525 -3.34957 2
    endloop
  endfacet
  facet normal 0 0 1
    outer loop
      vertex -9.12259 -4.36972 2
      vertex -9.54051 -3.36079 2
      vertex -9.21762 -4.44263 2
    endloop
  endfacet
  facet normal -0 0 1
    outer loop
      vertex -9.65926 -3.37642 2
      vertex -9.21762 -4.44263 2
      vertex -9.54051 -3.36079 2
    endloop
  endfacet
  facet normal 0 0 1
    outer loop
      vertex -9.21762 -4.44263 2
      vertex -9.65926 -3.37642 2
      vertex -9.26997 -4.51086 2
    endloop
  endfacet
  facet normal 0 0 1
    outer loop
      vertex -9.77801 -3.36079 2
      vertex -9.26997 -4.51086 2
      vertex -9.65926 -3.37642 2
    endloop
  endfacet
  facet normal 0 0 1
    outer loop
      vertex -9.26997 -4.51086 2
      vertex -9.77801 -3.36079 2
      vertex -9.34289 -4.60588 2
    endloop
  endfacet
  facet normal 0 0 1
    outer loop
      vertex -9.86327 -3.34957 2
      vertex -9.34289 -4.60588 2
      vertex -9.77801 -3.36079 2
    endloop
  endfacet
  facet normal -0 0 1
    outer loop
      vertex -9.28446 -0.314669 2
      vertex -9.02898 -2.12585 2
      vertex -9.23862 -0.20401 2
    endloop
  endfacet
  facet normal 0 0 1
    outer loop
      vertex -9.02898 -2.12585 2
      vertex -9.28446 -0.314669 2
      vertex -9.10189 -2.03082 2
    endloop
  endfacet
  facet normal -0 0 1
    outer loop
      vertex -9.31737 -0.394117 2
      vertex -9.10189 -2.03082 2
      vertex -9.28446 -0.314669 2
    endloop
  endfacet
  facet normal 0 0 1
    outer loop
      vertex -9.10189 -2.03082 2
      vertex -9.31737 -0.394117 2
      vertex -9.19692 -1.95791 2
    endloop
  endfacet
  facet normal -0 0 1
    outer loop
      vertex -9.39028 -0.489143 2
      vertex -9.19692 -1.95791 2
      vertex -9.31737 -0.394117 2
    endloop
  endfacet
  facet normal 0 0 1
    outer loop
      vertex -9.19692 -1.95791 2
      vertex -9.39028 -0.489143 2
      vertex -9.26514 -1.90556 2
    endloop
  endfacet
  facet normal -0 0 1
    outer loop
      vertex -9.44263 -0.557366 2
      vertex -9.26514 -1.90556 2
      vertex -9.39028 -0.489143 2
    endloop
  endfacet
  facet normal -0 0 1
    outer loop
      vertex -9.51086 -0.609716 2
      vertex -9.26514 -1.90556 2
      vertex -9.44263 -0.557366 2
    endloop
  endfacet
  facet normal 0 0 1
    outer loop
      vertex -9.26514 -1.90556 2
      vertex -9.51086 -0.609716 2
      vertex -9.3758 -1.85972 2
    endloop
  endfacet
  facet normal -0 0 1
    outer loop
      vertex -9.60588 -0.682631 2
      vertex -9.3758 -1.85972 2
      vertex -9.51086 -0.609716 2
    endloop
  endfacet
  facet normal 0 0 1
    outer loop
      vertex -9.3758 -1.85972 2
      vertex -9.60588 -0.682631 2
      vertex -9.45525 -1.82681 2
    endloop
  endfacet
  facet normal 0 0 1
    outer loop
      vertex -9.45525 -1.82681 2
      vertex -9.60588 -0.682631 2
      vertex -9.54051 -1.81559 2
    endloop
  endfacet
  facet normal -0 0 1
    outer loop
      vertex -9.68533 -0.71554 2
      vertex -9.54051 -1.81559 2
      vertex -9.60588 -0.682631 2
    endloop
  endfacet
  facet normal 0 0 1
    outer loop
      vertex -9.54051 -1.81559 2
      vertex -9.68533 -0.71554 2
      vertex -9.65926 -1.79995 2
    endloop
  endfacet
  facet normal -0 0 1
    outer loop
      vertex -9.79599 -0.761376 2
      vertex -9.65926 -1.79995 2
      vertex -9.68533 -0.71554 2
    endloop
  endfacet
  facet normal 0 0 1
    outer loop
      vertex -9.65926 -1.79995 2
      vertex -9.79599 -0.761376 2
      vertex -9.77801 -1.81559 2
    endloop
  endfacet
  facet normal -0 0 1
    outer loop
      vertex -9.91474 -0.77701 2
      vertex -9.77801 -1.81559 2
      vertex -9.79599 -0.761376 2
    endloop
  endfacet
  facet normal 0 0 1
    outer loop
      vertex -9.77801 -1.81559 2
      vertex -9.91474 -0.77701 2
      vertex -9.86327 -1.82681 2
    endloop
  endfacet
  facet normal -0 0 1
    outer loop
      vertex -10 -0.788235 2
      vertex -9.86327 -1.82681 2
      vertex -9.91474 -0.77701 2
    endloop
  endfacet
  facet normal 0 0 1
    outer loop
      vertex -9.86327 -1.82681 2
      vertex -10 -0.788235 2
      vertex -9.94272 -1.85972 2
    endloop
  endfacet
  facet normal 0 0 1
    outer loop
      vertex -10.0853 -0.77701 2
      vertex -9.94272 -1.85972 2
      vertex -10 -0.788235 2
    endloop
  endfacet
  facet normal 0 0 1
    outer loop
      vertex -9.94272 -1.85972 2
      vertex -10.0853 -0.77701 2
      vertex -10.0534 -1.90556 2
    endloop
  endfacet
  facet normal 0 0 1
    outer loop
      vertex -10.204 -0.761376 2
      vertex -10.0534 -1.90556 2
      vertex -10.0853 -0.77701 2
    endloop
  endfacet
  facet normal 0 0 1
    outer loop
      vertex -10.0534 -1.90556 2
      vertex -10.204 -0.761376 2
      vertex -10.1216 -1.95791 2
    endloop
  endfacet
  facet normal 0 0 1
    outer loop
      vertex -10.3147 -0.71554 2
      vertex -10.1216 -1.95791 2
      vertex -10.204 -0.761376 2
    endloop
  endfacet
  facet normal 0 0 1
    outer loop
      vertex -10.1216 -1.95791 2
      vertex -10.3147 -0.71554 2
      vertex -10.2166 -2.03082 2
    endloop
  endfacet
  facet normal 0 0 1
    outer loop
      vertex -10.3941 -0.682631 2
      vertex -10.2166 -2.03082 2
      vertex -10.3147 -0.71554 2
    endloop
  endfacet
  facet normal 0 0 1
    outer loop
      vertex -10.2166 -2.03082 2
      vertex -10.3941 -0.682631 2
      vertex -10.2895 -2.12585 2
    endloop
  endfacet
  facet normal 0 0 1
    outer loop
      vertex -10.4891 -0.609716 2
      vertex -10.2895 -2.12585 2
      vertex -10.3941 -0.682631 2
    endloop
  endfacet
  facet normal 0 0 1
    outer loop
      vertex -10.2895 -2.12585 2
      vertex -10.4891 -0.609716 2
      vertex -10.3419 -2.19407 2
    endloop
  endfacet
  facet normal 0 0 1
    outer loop
      vertex -10.5574 -0.557366 2
      vertex -10.3419 -2.19407 2
      vertex -10.4891 -0.609716 2
    endloop
  endfacet
  facet normal 0 0 1
    outer loop
      vertex -13.2949 -2.34425 2
      vertex -10.3419 -2.19407 2
      vertex -10.5574 -0.557366 2
    endloop
  endfacet
  facet normal 0 0 1
    outer loop
      vertex -10.3419 -2.19407 2
      vertex -13.2949 -2.34425 2
      vertex -10.3877 -2.30473 2
    endloop
  endfacet
  facet normal 0 0 1
    outer loop
      vertex -10.3877 -2.30473 2
      vertex -13.2949 -2.34425 2
      vertex -10.4206 -2.38418 2
    endloop
  endfacet
  facet normal 0 0 1
    outer loop
      vertex -0.71554 -9.68533 2
      vertex -1.81559 -9.54051 2
      vertex -1.79995 -9.65926 2
    endloop
  endfacet
  facet normal 0 0 1
    outer loop
      vertex -4.21176 -8.66025 2
      vertex -1.5875 -2.74963 2
      vertex -1.82111 -2.60081 2
    endloop
  endfacet
  facet normal 0 0 1
    outer loop
      vertex -1.34181 -2.87753 2
      vertex -1.82681 -9.45525 2
      vertex -1.81559 -9.54051 2
    endloop
  endfacet
  facet normal 0 0 1
    outer loop
      vertex -1.34181 -2.87753 2
      vertex -1.85972 -9.3758 2
      vertex -1.82681 -9.45525 2
    endloop
  endfacet
  facet normal 0 0 1
    outer loop
      vertex -1.34181 -2.87753 2
      vertex -1.90556 -9.26514 2
      vertex -1.85972 -9.3758 2
    endloop
  endfacet
  facet normal 0 0 1
    outer loop
      vertex -1.34181 -2.87753 2
      vertex -1.95791 -9.19692 2
      vertex -1.90556 -9.26514 2
    endloop
  endfacet
  facet normal 0 0 1
    outer loop
      vertex -1.34181 -2.87753 2
      vertex -2.03082 -9.10189 2
      vertex -1.95791 -9.19692 2
    endloop
  endfacet
  facet normal 0 0 1
    outer loop
      vertex -4.21176 -8.66025 2
      vertex -1.82111 -2.60081 2
      vertex -2.04085 -2.43219 2
    endloop
  endfacet
  facet normal 0 0 1
    outer loop
      vertex -1.34181 -2.87753 2
      vertex -2.12585 -9.02898 2
      vertex -2.03082 -9.10189 2
    endloop
  endfacet
  facet normal 0 0 1
    outer loop
      vertex -1.34181 -2.87753 2
      vertex -2.19407 -8.97663 2
      vertex -2.12585 -9.02898 2
    endloop
  endfacet
  facet normal 0 0 1
    outer loop
      vertex -4.21176 -8.66025 2
      vertex -2.04085 -2.43219 2
      vertex -2.24506 -2.24506 2
    endloop
  endfacet
  facet normal 0 0 1
    outer loop
      vertex -1.34181 -2.87753 2
      vertex -2.30473 -8.93079 2
      vertex -2.19407 -8.97663 2
    endloop
  endfacet
  facet normal 0 0 1
    outer loop
      vertex -1.34181 -2.87753 2
      vertex -2.38418 -8.89788 2
      vertex -2.30473 -8.93079 2
    endloop
  endfacet
  facet normal 0 0 1
    outer loop
      vertex -4.21176 -8.66025 2
      vertex -2.24506 -2.24506 2
      vertex -2.43219 -2.04085 2
    endloop
  endfacet
  facet normal 0 0 1
    outer loop
      vertex -1.34181 -2.87753 2
      vertex -2.46944 -8.88666 2
      vertex -2.38418 -8.89788 2
    endloop
  endfacet
  facet normal 0 0 1
    outer loop
      vertex -1.34181 -2.87753 2
      vertex -2.58819 -8.87102 2
      vertex -2.46944 -8.88666 2
    endloop
  endfacet
  facet normal 0 0 1
    outer loop
      vertex -4.21176 -8.66025 2
      vertex -2.43219 -2.04085 2
      vertex -2.60081 -1.82111 2
    endloop
  endfacet
  facet normal -0 0 1
    outer loop
      vertex -4.21176 -8.66025 2
      vertex -2.58819 -8.87102 2
      vertex -1.5875 -2.74963 2
    endloop
  endfacet
  facet normal 0 0 1
    outer loop
      vertex -4.21176 -8.66025 2
      vertex -2.60081 -1.82111 2
      vertex -2.74963 -1.5875 2
    endloop
  endfacet
  facet normal 0 0 1
    outer loop
      vertex -2.58819 -8.87102 2
      vertex -4.21176 -8.66025 2
      vertex -2.70694 -8.88666 2
    endloop
  endfacet
  facet normal 0 0 1
    outer loop
      vertex -2.70694 -8.88666 2
      vertex -4.21176 -8.66025 2
      vertex -2.7922 -8.89788 2
    endloop
  endfacet
  facet normal 0 0 1
    outer loop
      vertex -4.21176 -8.66025 2
      vertex -2.74963 -1.5875 2
      vertex -2.87753 -1.34181 2
    endloop
  endfacet
  facet normal 0 0 1
    outer loop
      vertex -2.7922 -8.89788 2
      vertex -4.21176 -8.66025 2
      vertex -2.87165 -8.93079 2
    endloop
  endfacet
  facet normal 0 0 1
    outer loop
      vertex -4.21176 -8.66025 2
      vertex -2.87753 -1.34181 2
      vertex -2.98352 -1.08591 2
    endloop
  endfacet
  facet normal 0 0 1
    outer loop
      vertex -2.87165 -8.93079 2
      vertex -4.21176 -8.66025 2
      vertex -2.98231 -8.97663 2
    endloop
  endfacet
  facet normal 0 0 1
    outer loop
      vertex -4.21176 -8.66025 2
      vertex -2.98352 -1.08591 2
      vertex -3.06681 -0.82175 2
    endloop
  endfacet
  facet normal 0 0 1
    outer loop
      vertex -4.21176 -8.66025 2
      vertex -3.06681 -0.82175 2
      vertex -3.12676 -0.551332 2
    endloop
  endfacet
  facet normal 0 0 1
    outer loop
      vertex -2.98231 -8.97663 2
      vertex -4.21176 -8.66025 2
      vertex -3.05053 -9.02898 2
    endloop
  endfacet
  facet normal 0 0 1
    outer loop
      vertex -4.21176 -8.66025 2
      vertex -3.12676 -0.551332 2
      vertex -3.16292 -0.276719 2
    endloop
  endfacet
  facet normal 0 0 1
    outer loop
      vertex -4.21176 -8.66025 2
      vertex -3.16292 -0.276719 2
      vertex -3.175 0 2
    endloop
  endfacet
  facet normal 0 0 1
    outer loop
      vertex -1.82111 2.60081 2
      vertex -4.79599 7.89888 2
      vertex -2.04085 2.43219 2
    endloop
  endfacet
  facet normal -0 0 1
    outer loop
      vertex -5 7.87202 2
      vertex -6.30969 6.86706 2
      vertex -4.91474 7.88324 2
    endloop
  endfacet
  facet normal 0 0 1
    outer loop
      vertex -4.21176 8.66025 2
      vertex -3.21847 9.19692 2
      vertex -3.27082 9.26514 2
    endloop
  endfacet
  facet normal 0 0 1
    outer loop
      vertex -3.05053 -9.02898 2
      vertex -4.21176 -8.66025 2
      vertex -3.14556 -9.10189 2
    endloop
  endfacet
  facet normal 0 0 1
    outer loop
      vertex -4.21176 8.66025 2
      vertex -3.27082 9.26514 2
      vertex -3.31666 9.3758 2
    endloop
  endfacet
  facet normal -0 0 1
    outer loop
      vertex -4.22299 -8.74551 2
      vertex -3.14556 -9.10189 2
      vertex -4.21176 -8.66025 2
    endloop
  endfacet
  facet normal 0 0 1
    outer loop
      vertex -4.21176 8.66025 2
      vertex -3.31666 9.3758 2
      vertex -3.34957 9.45525 2
    endloop
  endfacet
  facet normal 0 0 1
    outer loop
      vertex -3.14556 -9.10189 2
      vertex -4.22299 -8.74551 2
      vertex -3.21847 -9.19692 2
    endloop
  endfacet
  facet normal 0 0 1
    outer loop
      vertex -4.21176 8.66025 2
      vertex -3.34957 9.45525 2
      vertex -3.36079 9.54051 2
    endloop
  endfacet
  facet normal -0 0 1
    outer loop
      vertex -4.23862 -8.86426 2
      vertex -3.21847 -9.19692 2
      vertex -4.22299 -8.74551 2
    endloop
  endfacet
  facet normal 0 0 1
    outer loop
      vertex -4.21176 8.66025 2
      vertex -3.36079 9.54051 2
      vertex -3.37642 9.65926 2
    endloop
  endfacet
  facet normal 0 0 1
    outer loop
      vertex -3.21847 -9.19692 2
      vertex -4.23862 -8.86426 2
      vertex -3.27082 -9.26514 2
    endloop
  endfacet
  facet normal 0 0 1
    outer loop
      vertex -2.12585 9.02898 2
      vertex -0.314669 9.28446 2
      vertex -2.03082 9.10189 2
    endloop
  endfacet
  facet normal 0 0 1
    outer loop
      vertex -0.314669 9.28446 2
      vertex -2.12585 9.02898 2
      vertex -0.20401 9.23862 2
    endloop
  endfacet
  facet normal 0 0 1
    outer loop
      vertex -2.19407 8.97663 2
      vertex -0.20401 9.23862 2
      vertex -2.12585 9.02898 2
    endloop
  endfacet
  facet normal 0 0 1
    outer loop
      vertex -0.20401 9.23862 2
      vertex -2.19407 8.97663 2
      vertex -0.551332 3.12676 2
    endloop
  endfacet
  facet normal -0 0 1
    outer loop
      vertex -2.30473 8.93079 2
      vertex -0.551332 3.12676 2
      vertex -2.19407 8.97663 2
    endloop
  endfacet
  facet normal -0 0 1
    outer loop
      vertex -2.38418 8.89788 2
      vertex -0.551332 3.12676 2
      vertex -2.30473 8.93079 2
    endloop
  endfacet
  facet normal 0 0 1
    outer loop
      vertex -0.551332 3.12676 2
      vertex -2.38418 8.89788 2
      vertex -0.82175 3.06681 2
    endloop
  endfacet
  facet normal 0 0 1
    outer loop
      vertex -0.82175 3.06681 2
      vertex -2.38418 8.89788 2
      vertex -1.08591 2.98352 2
    endloop
  endfacet
  facet normal -0 0 1
    outer loop
      vertex -2.46944 8.88666 2
      vertex -1.08591 2.98352 2
      vertex -2.38418 8.89788 2
    endloop
  endfacet
  facet normal -0 0 1
    outer loop
      vertex -2.58819 8.87102 2
      vertex -1.08591 2.98352 2
      vertex -2.46944 8.88666 2
    endloop
  endfacet
  facet normal 0 0 1
    outer loop
      vertex -1.08591 2.98352 2
      vertex -2.58819 8.87102 2
      vertex -1.34181 2.87753 2
    endloop
  endfacet
  facet normal 0 0 1
    outer loop
      vertex -4.31737 8.26614 2
      vertex -2.7922 8.89788 2
      vertex -4.28446 8.34558 2
    endloop
  endfacet
  facet normal 0 0 1
    outer loop
      vertex -4.28446 8.34558 2
      vertex -2.87165 8.93079 2
      vertex -4.23862 8.45624 2
    endloop
  endfacet
  facet normal 0 0 1
    outer loop
      vertex -2.98231 8.97663 2
      vertex -4.23862 8.45624 2
      vertex -2.87165 8.93079 2
    endloop
  endfacet
  facet normal 0 0 1
    outer loop
      vertex -2.87165 8.93079 2
      vertex -4.28446 8.34558 2
      vertex -2.7922 8.89788 2
    endloop
  endfacet
  facet normal 0 0 1
    outer loop
      vertex -2.7922 8.89788 2
      vertex -4.31737 8.26614 2
      vertex -2.70694 8.88666 2
    endloop
  endfacet
  facet normal 0 0 1
    outer loop
      vertex -3.05053 9.02898 2
      vertex -4.23862 8.45624 2
      vertex -2.98231 8.97663 2
    endloop
  endfacet
  facet normal 0 0 1
    outer loop
      vertex -4.23862 8.45624 2
      vertex -3.05053 9.02898 2
      vertex -4.22299 8.575 2
    endloop
  endfacet
  facet normal 0 0 1
    outer loop
      vertex -4.36972 8.19791 2
      vertex -2.70694 8.88666 2
      vertex -4.31737 8.26614 2
    endloop
  endfacet
  facet normal 0 0 1
    outer loop
      vertex -2.70694 8.88666 2
      vertex -4.36972 8.19791 2
      vertex -2.58819 8.87102 2
    endloop
  endfacet
  facet normal 0 0 1
    outer loop
      vertex -3.14556 9.10189 2
      vertex -4.22299 8.575 2
      vertex -3.05053 9.02898 2
    endloop
  endfacet
  facet normal 0 0 1
    outer loop
      vertex -4.22299 8.575 2
      vertex -3.14556 9.10189 2
      vertex -4.21176 8.66025 2
    endloop
  endfacet
  facet normal 0 0 1
    outer loop
      vertex -4.44263 8.10289 2
      vertex -2.58819 8.87102 2
      vertex -4.36972 8.19791 2
    endloop
  endfacet
  facet normal 0 0 1
    outer loop
      vertex -2.58819 8.87102 2
      vertex -4.44263 8.10289 2
      vertex -1.34181 2.87753 2
    endloop
  endfacet
  facet normal 0 0 1
    outer loop
      vertex -4.21176 8.66025 2
      vertex -3.14556 9.10189 2
      vertex -3.21847 9.19692 2
    endloop
  endfacet
  facet normal -0 0 1
    outer loop
      vertex -4.51086 8.05054 2
      vertex -1.34181 2.87753 2
      vertex -4.44263 8.10289 2
    endloop
  endfacet
  facet normal -0 0 1
    outer loop
      vertex -4.60588 7.97762 2
      vertex -1.34181 2.87753 2
      vertex -4.51086 8.05054 2
    endloop
  endfacet
  facet normal 0 0 1
    outer loop
      vertex -1.34181 2.87753 2
      vertex -4.60588 7.97762 2
      vertex -1.5875 2.74963 2
    endloop
  endfacet
  facet normal 0 0 1
    outer loop
      vertex -1.5875 2.74963 2
      vertex -4.60588 7.97762 2
      vertex -1.82111 2.60081 2
    endloop
  endfacet
  facet normal -0 0 1
    outer loop
      vertex -4.71654 7.93179 2
      vertex -1.82111 2.60081 2
      vertex -4.60588 7.97762 2
    endloop
  endfacet
  facet normal -0 0 1
    outer loop
      vertex -4.79599 7.89888 2
      vertex -1.82111 2.60081 2
      vertex -4.71654 7.93179 2
    endloop
  endfacet
  facet normal 0 0 1
    outer loop
      vertex 1.81559 -9.77801 2
      vertex 0.77701 -9.91474 2
      vertex 0.788235 -10 2
    endloop
  endfacet
  facet normal 0 0 1
    outer loop
      vertex 2.03082 -9.10189 2
      vertex 0.761376 -9.79599 2
      vertex 0.77701 -9.91474 2
    endloop
  endfacet
  facet normal 0 0 1
    outer loop
      vertex 2.03082 -9.10189 2
      vertex 0.71554 -9.68533 2
      vertex 0.761376 -9.79599 2
    endloop
  endfacet
  facet normal 0 0 1
    outer loop
      vertex 2.03082 -9.10189 2
      vertex 0.682631 -9.60588 2
      vertex 0.71554 -9.68533 2
    endloop
  endfacet
  facet normal 0 0 1
    outer loop
      vertex 2.03082 -9.10189 2
      vertex 0.609716 -9.51086 2
      vertex 0.682631 -9.60588 2
    endloop
  endfacet
  facet normal 0 0 1
    outer loop
      vertex 2.03082 -9.10189 2
      vertex 0.557366 -9.44263 2
      vertex 0.609716 -9.51086 2
    endloop
  endfacet
  facet normal 0 -0 1
    outer loop
      vertex 0.314669 -9.28446 2
      vertex 2.12585 -9.02898 2
      vertex 0.20401 -9.23862 2
    endloop
  endfacet
  facet normal 0 0 1
    outer loop
      vertex 2.03082 -9.10189 2
      vertex 0.489143 -9.39028 2
      vertex 0.557366 -9.44263 2
    endloop
  endfacet
  facet normal 0 0 1
    outer loop
      vertex 2.03082 -9.10189 2
      vertex 0.394117 -9.31737 2
      vertex 0.489143 -9.39028 2
    endloop
  endfacet
  facet normal 0 0 1
    outer loop
      vertex 2.03082 -9.10189 2
      vertex 0.314669 -9.28446 2
      vertex 0.394117 -9.31737 2
    endloop
  endfacet
  facet normal 0 0 1
    outer loop
      vertex 0.20401 -9.23862 2
      vertex 0.551332 -3.12676 2
      vertex 0.276719 -3.16292 2
    endloop
  endfacet
  facet normal 0 0 1
    outer loop
      vertex 2.12585 -9.02898 2
      vertex 0.314669 -9.28446 2
      vertex 2.03082 -9.10189 2
    endloop
  endfacet
  facet normal 0 0 1
    outer loop
      vertex 0.276719 -3.16292 2
      vertex 0.0852579 -9.22299 2
      vertex 0.20401 -9.23862 2
    endloop
  endfacet
  facet normal 0 0 1
    outer loop
      vertex 0 -9.21176 2
      vertex 0.276719 -3.16292 2
      vertex 0 -3.175 2
    endloop
  endfacet
  facet normal 0 0 1
    outer loop
      vertex 0.276719 -3.16292 2
      vertex 0 -9.21176 2
      vertex 0.0852579 -9.22299 2
    endloop
  endfacet
  facet normal 0 0 1
    outer loop
      vertex -0.276719 -3.16292 2
      vertex 0 -9.21176 2
      vertex 0 -3.175 2
    endloop
  endfacet
  facet normal 0 0 1
    outer loop
      vertex 0 -9.21176 2
      vertex -0.276719 -3.16292 2
      vertex -0.0852579 -9.22299 2
    endloop
  endfacet
  facet normal 0 0 1
    outer loop
      vertex -0.0852579 -9.22299 2
      vertex -0.276719 -3.16292 2
      vertex -0.20401 -9.23862 2
    endloop
  endfacet
  facet normal 0 0 1
    outer loop
      vertex -0.551332 -3.12676 2
      vertex -0.20401 -9.23862 2
      vertex -0.276719 -3.16292 2
    endloop
  endfacet
  facet normal 0 0 1
    outer loop
      vertex -0.82175 -3.06681 2
      vertex -0.20401 -9.23862 2
      vertex -0.551332 -3.12676 2
    endloop
  endfacet
  facet normal 0 0 1
    outer loop
      vertex -0.20401 -9.23862 2
      vertex -0.82175 -3.06681 2
      vertex -0.314669 -9.28446 2
    endloop
  endfacet
  facet normal 0 0 1
    outer loop
      vertex -0.314669 -9.28446 2
      vertex -0.82175 -3.06681 2
      vertex -0.394117 -9.31737 2
    endloop
  endfacet
  facet normal 0 0 1
    outer loop
      vertex -1.81559 -9.54051 2
      vertex -0.394117 -9.31737 2
      vertex -0.82175 -3.06681 2
    endloop
  endfacet
  facet normal 0 0 1
    outer loop
      vertex -1.81559 -9.54051 2
      vertex -0.489143 -9.39028 2
      vertex -0.394117 -9.31737 2
    endloop
  endfacet
  facet normal 0 0 1
    outer loop
      vertex -1.81559 -9.54051 2
      vertex -0.557366 -9.44263 2
      vertex -0.489143 -9.39028 2
    endloop
  endfacet
  facet normal -0 0 1
    outer loop
      vertex -1.81559 -9.54051 2
      vertex -0.682631 -9.60588 2
      vertex -0.609716 -9.51086 2
    endloop
  endfacet
  facet normal 0 0 1
    outer loop
      vertex -1.81559 -9.54051 2
      vertex -0.71554 -9.68533 2
      vertex -0.682631 -9.60588 2
    endloop
  endfacet
  facet normal 0 0 1
    outer loop
      vertex -0.71554 -9.68533 2
      vertex -1.79995 -9.65926 2
      vertex -0.761376 -9.79599 2
    endloop
  endfacet
  facet normal 0 0 1
    outer loop
      vertex -0.761376 -9.79599 2
      vertex -1.79995 -9.65926 2
      vertex -0.77701 -9.91474 2
    endloop
  endfacet
  facet normal 0 0 1
    outer loop
      vertex -1.81559 -9.54051 2
      vertex -0.609716 -9.51086 2
      vertex -0.557366 -9.44263 2
    endloop
  endfacet
  facet normal -0 0 1
    outer loop
      vertex 0.609716 9.51086 2
      vertex 1.85972 9.3758 2
      vertex 0.682631 9.60588 2
    endloop
  endfacet
  facet normal 0 0 1
    outer loop
      vertex 1.85972 9.3758 2
      vertex 0.609716 9.51086 2
      vertex 1.90556 9.26514 2
    endloop
  endfacet
  facet normal -0 0 1
    outer loop
      vertex 0.557366 9.44263 2
      vertex 1.90556 9.26514 2
      vertex 0.609716 9.51086 2
    endloop
  endfacet
  facet normal 0 0 1
    outer loop
      vertex 1.90556 9.26514 2
      vertex 0.557366 9.44263 2
      vertex 1.95791 9.19692 2
    endloop
  endfacet
  facet normal -0 0 1
    outer loop
      vertex 0.489143 9.39028 2
      vertex 1.95791 9.19692 2
      vertex 0.557366 9.44263 2
    endloop
  endfacet
  facet normal 0 0 1
    outer loop
      vertex 1.95791 9.19692 2
      vertex 0.489143 9.39028 2
      vertex 2.03082 9.10189 2
    endloop
  endfacet
  facet normal -0 0 1
    outer loop
      vertex 0.394117 9.31737 2
      vertex 2.03082 9.10189 2
      vertex 0.489143 9.39028 2
    endloop
  endfacet
  facet normal -0 0 1
    outer loop
      vertex 0.314669 9.28446 2
      vertex 2.03082 9.10189 2
      vertex 0.394117 9.31737 2
    endloop
  endfacet
  facet normal -0 0 1
    outer loop
      vertex 0.20401 9.23862 2
      vertex 2.03082 9.10189 2
      vertex 0.314669 9.28446 2
    endloop
  endfacet
  facet normal 0 -0 1
    outer loop
      vertex 0.551332 3.12676 2
      vertex 2.03082 9.10189 2
      vertex 0.20401 9.23862 2
    endloop
  endfacet
  facet normal 0 0 1
    outer loop
      vertex 2.03082 9.10189 2
      vertex 0.551332 3.12676 2
      vertex 0.82175 3.06681 2
    endloop
  endfacet
  facet normal 0 0 1
    outer loop
      vertex 0.551332 3.12676 2
      vertex 0.20401 9.23862 2
      vertex 0.276719 3.16292 2
    endloop
  endfacet
  facet normal -0 0 1
    outer loop
      vertex 0.0852579 9.22299 2
      vertex 0.276719 3.16292 2
      vertex 0.20401 9.23862 2
    endloop
  endfacet
  facet normal -0 0 1
    outer loop
      vertex 0 9.21176 2
      vertex 0.276719 3.16292 2
      vertex 0.0852579 9.22299 2
    endloop
  endfacet
  facet normal 0 0 1
    outer loop
      vertex 0 9.21176 2
      vertex 0 3.175 2
      vertex 0.276719 3.16292 2
    endloop
  endfacet
  facet normal 0 0 1
    outer loop
      vertex -0.276719 3.16292 2
      vertex 0 9.21176 2
      vertex -0.0852579 9.22299 2
    endloop
  endfacet
  facet normal 0 0 1
    outer loop
      vertex -0.276719 3.16292 2
      vertex -0.0852579 9.22299 2
      vertex -0.20401 9.23862 2
    endloop
  endfacet
  facet normal 0 0 1
    outer loop
      vertex 0 9.21176 2
      vertex -0.276719 3.16292 2
      vertex 0 3.175 2
    endloop
  endfacet
  facet normal 0 0 1
    outer loop
      vertex -1.95791 9.19692 2
      vertex -0.489143 9.39028 2
      vertex -1.90556 9.26514 2
    endloop
  endfacet
  facet normal 0 0 1
    outer loop
      vertex -0.557366 9.44263 2
      vertex -1.90556 9.26514 2
      vertex -0.489143 9.39028 2
    endloop
  endfacet
  facet normal 0 0 1
    outer loop
      vertex -0.682631 9.60588 2
      vertex -1.85972 9.3758 2
      vertex -0.609716 9.51086 2
    endloop
  endfacet
  facet normal 0 0 1
    outer loop
      vertex -0.20401 9.23862 2
      vertex -0.551332 3.12676 2
      vertex -0.276719 3.16292 2
    endloop
  endfacet
  facet normal 0 0 1
    outer loop
      vertex -1.85972 9.3758 2
      vertex -0.682631 9.60588 2
      vertex -1.82681 9.45525 2
    endloop
  endfacet
  facet normal 0 0 1
    outer loop
      vertex -1.82681 9.45525 2
      vertex -0.682631 9.60588 2
      vertex -1.81559 9.54051 2
    endloop
  endfacet
  facet normal 0 0 1
    outer loop
      vertex -0.71554 9.68533 2
      vertex -1.81559 9.54051 2
      vertex -0.682631 9.60588 2
    endloop
  endfacet
  facet normal 0 0 1
    outer loop
      vertex -1.81559 9.54051 2
      vertex -0.71554 9.68533 2
      vertex -1.79995 9.65926 2
    endloop
  endfacet
  facet normal 0 0 1
    outer loop
      vertex -1.79995 9.65926 2
      vertex -0.71554 9.68533 2
      vertex -0.761376 9.79599 2
    endloop
  endfacet
  facet normal 0 0 1
    outer loop
      vertex -1.79995 9.65926 2
      vertex -0.761376 9.79599 2
      vertex -0.77701 9.91474 2
    endloop
  endfacet
  facet normal 0 0 1
    outer loop
      vertex -1.81559 9.77801 2
      vertex -0.77701 9.91474 2
      vertex -0.788235 10 2
    endloop
  endfacet
  facet normal 0 0 1
    outer loop
      vertex -1.90556 9.26514 2
      vertex -0.609716 9.51086 2
      vertex -1.85972 9.3758 2
    endloop
  endfacet
  facet normal 0 0 1
    outer loop
      vertex 6.58192 -6.46135 2
      vertex 2.43219 -2.04085 2
      vertex 6.5137 -6.5137 2
    endloop
  endfacet
  facet normal -0 0 1
    outer loop
      vertex 2.04085 -2.43219 2
      vertex 6.5137 -6.5137 2
      vertex 2.24506 -2.24506 2
    endloop
  endfacet
  facet normal 0 0 1
    outer loop
      vertex 3.16292 0.276719 2
      vertex 3.36079 9.54051 2
      vertex 3.34957 9.45525 2
    endloop
  endfacet
  facet normal 0 0 1
    outer loop
      vertex 6.5137 -6.5137 2
      vertex 2.04085 -2.43219 2
      vertex 6.46135 -6.58192 2
    endloop
  endfacet
  facet normal 0 0 1
    outer loop
      vertex 2.98352 1.08591 2
      vertex 3.34957 9.45525 2
      vertex 3.31666 9.3758 2
    endloop
  endfacet
  facet normal 0 0 1
    outer loop
      vertex 4.31737 -8.26614 2
      vertex 3.36079 -9.54051 2
      vertex 3.37642 -9.65926 2
    endloop
  endfacet
  facet normal 0 0 1
    outer loop
      vertex 2.98352 1.08591 2
      vertex 3.31666 9.3758 2
      vertex 3.27082 9.26514 2
    endloop
  endfacet
  facet normal 0 0 1
    outer loop
      vertex 4.31737 -8.26614 2
      vertex 3.34957 -9.45525 2
      vertex 3.36079 -9.54051 2
    endloop
  endfacet
  facet normal 0 0 1
    outer loop
      vertex 2.74963 1.5875 2
      vertex 3.27082 9.26514 2
      vertex 3.21847 9.19692 2
    endloop
  endfacet
  facet normal 0 0 1
    outer loop
      vertex 6.46135 -6.58192 2
      vertex 2.04085 -2.43219 2
      vertex 6.38844 -6.67695 2
    endloop
  endfacet
  facet normal 0 0 1
    outer loop
      vertex 6.38844 -6.67695 2
      vertex 2.04085 -2.43219 2
      vertex 4.79599 -7.89888 2
    endloop
  endfacet
  facet normal -0 0 1
    outer loop
      vertex 2.24506 -2.24506 2
      vertex 6.5137 -6.5137 2
      vertex 2.43219 -2.04085 2
    endloop
  endfacet
  facet normal 0 0 1
    outer loop
      vertex 2.74963 1.5875 2
      vertex 3.21847 9.19692 2
      vertex 3.14556 9.10189 2
    endloop
  endfacet
  facet normal 0 0 1
    outer loop
      vertex 3.34957 9.45525 2
      vertex 3.12676 0.551332 2
      vertex 3.16292 0.276719 2
    endloop
  endfacet
  facet normal 0 0 1
    outer loop
      vertex 3.34957 9.45525 2
      vertex 3.06681 0.82175 2
      vertex 3.12676 0.551332 2
    endloop
  endfacet
  facet normal 0 0 1
    outer loop
      vertex 2.43219 2.04085 2
      vertex 3.14556 9.10189 2
      vertex 3.05053 9.02898 2
    endloop
  endfacet
  facet normal 0 0 1
    outer loop
      vertex 3.34957 9.45525 2
      vertex 2.98352 1.08591 2
      vertex 3.06681 0.82175 2
    endloop
  endfacet
  facet normal 0 0 1
    outer loop
      vertex 2.43219 2.04085 2
      vertex 3.05053 9.02898 2
      vertex 2.98231 8.97663 2
    endloop
  endfacet
  facet normal 0 0 1
    outer loop
      vertex 3.27082 9.26514 2
      vertex 2.87753 1.34181 2
      vertex 2.98352 1.08591 2
    endloop
  endfacet
  facet normal 0 0 1
    outer loop
      vertex 2.04085 2.43219 2
      vertex 2.98231 8.97663 2
      vertex 2.87165 8.93079 2
    endloop
  endfacet
  facet normal 0 0 1
    outer loop
      vertex 2.04085 2.43219 2
      vertex 2.87165 8.93079 2
      vertex 2.7922 8.89788 2
    endloop
  endfacet
  facet normal 0 0 1
    outer loop
      vertex 3.27082 9.26514 2
      vertex 2.74963 1.5875 2
      vertex 2.87753 1.34181 2
    endloop
  endfacet
  facet normal 0 0 1
    outer loop
      vertex 1.5875 2.74963 2
      vertex 2.7922 8.89788 2
      vertex 2.70694 8.88666 2
    endloop
  endfacet
  facet normal 0 0 1
    outer loop
      vertex 3.14556 9.10189 2
      vertex 2.60081 1.82111 2
      vertex 2.74963 1.5875 2
    endloop
  endfacet
  facet normal 0 0 1
    outer loop
      vertex 1.5875 2.74963 2
      vertex 2.70694 8.88666 2
      vertex 2.58819 8.87102 2
    endloop
  endfacet
  facet normal 0 0 1
    outer loop
      vertex 1.08591 2.98352 2
      vertex 2.58819 8.87102 2
      vertex 2.46944 8.88666 2
    endloop
  endfacet
  facet normal 0 0 1
    outer loop
      vertex 3.14556 9.10189 2
      vertex 2.43219 2.04085 2
      vertex 2.60081 1.82111 2
    endloop
  endfacet
  facet normal 0 0 1
    outer loop
      vertex 1.08591 2.98352 2
      vertex 2.46944 8.88666 2
      vertex 2.38418 8.89788 2
    endloop
  endfacet
  facet normal 0 0 1
    outer loop
      vertex 0.82175 3.06681 2
      vertex 2.38418 8.89788 2
      vertex 2.30473 8.93079 2
    endloop
  endfacet
  facet normal 0 0 1
    outer loop
      vertex 2.98231 8.97663 2
      vertex 2.24506 2.24506 2
      vertex 2.43219 2.04085 2
    endloop
  endfacet
  facet normal 0 0 1
    outer loop
      vertex 0.82175 3.06681 2
      vertex 2.30473 8.93079 2
      vertex 2.19407 8.97663 2
    endloop
  endfacet
  facet normal 0 0 1
    outer loop
      vertex 0.82175 3.06681 2
      vertex 2.19407 8.97663 2
      vertex 2.12585 9.02898 2
    endloop
  endfacet
  facet normal 0 0 1
    outer loop
      vertex 2.98231 8.97663 2
      vertex 2.04085 2.43219 2
      vertex 2.24506 2.24506 2
    endloop
  endfacet
  facet normal 0 0 1
    outer loop
      vertex 0.82175 3.06681 2
      vertex 2.12585 9.02898 2
      vertex 2.03082 9.10189 2
    endloop
  endfacet
  facet normal -0 0 1
    outer loop
      vertex 0.682631 9.60588 2
      vertex 1.82681 9.45525 2
      vertex 0.71554 9.68533 2
    endloop
  endfacet
  facet normal 0 0 1
    outer loop
      vertex 1.81559 9.54051 2
      vertex 0.71554 9.68533 2
      vertex 1.82681 9.45525 2
    endloop
  endfacet
  facet normal -0 0 1
    outer loop
      vertex 0.71554 9.68533 2
      vertex 1.81559 9.54051 2
      vertex 0.761376 9.79599 2
    endloop
  endfacet
  facet normal 0 0 1
    outer loop
      vertex 1.79995 9.65926 2
      vertex 0.761376 9.79599 2
      vertex 1.81559 9.54051 2
    endloop
  endfacet
  facet normal 0 0 1
    outer loop
      vertex 2.7922 8.89788 2
      vertex 1.82111 2.60081 2
      vertex 2.04085 2.43219 2
    endloop
  endfacet
  facet normal -0 0 1
    outer loop
      vertex 0.761376 9.79599 2
      vertex 1.79995 9.65926 2
      vertex 0.77701 9.91474 2
    endloop
  endfacet
  facet normal 0 0 1
    outer loop
      vertex 1.81559 9.77801 2
      vertex 0.77701 9.91474 2
      vertex 1.79995 9.65926 2
    endloop
  endfacet
  facet normal 0 0 1
    outer loop
      vertex 2.7922 8.89788 2
      vertex 1.5875 2.74963 2
      vertex 1.82111 2.60081 2
    endloop
  endfacet
  facet normal 0 0 1
    outer loop
      vertex 4.60588 -9.34289 2
      vertex 3.31666 -9.94272 2
      vertex 4.71654 -9.38872 2
    endloop
  endfacet
  facet normal 0 0 1
    outer loop
      vertex 3.27082 -10.0534 2
      vertex 4.71654 -9.38872 2
      vertex 3.31666 -9.94272 2
    endloop
  endfacet
  facet normal 0 0 1
    outer loop
      vertex 4.71654 -9.38872 2
      vertex 3.27082 -10.0534 2
      vertex 4.79599 -9.42163 2
    endloop
  endfacet
  facet normal 0 0 1
    outer loop
      vertex 4.79599 -9.42163 2
      vertex 3.27082 -10.0534 2
      vertex 4.61727 -12.6859 2
    endloop
  endfacet
  facet normal -0 0 1
    outer loop
      vertex 3.21847 -10.1216 2
      vertex 4.61727 -12.6859 2
      vertex 3.27082 -10.0534 2
    endloop
  endfacet
  facet normal -0 0 1
    outer loop
      vertex 3.14556 -10.2166 2
      vertex 4.61727 -12.6859 2
      vertex 3.21847 -10.1216 2
    endloop
  endfacet
  facet normal -0 0 1
    outer loop
      vertex 3.05053 -10.2895 2
      vertex 4.61727 -12.6859 2
      vertex 3.14556 -10.2166 2
    endloop
  endfacet
  facet normal -0 0 1
    outer loop
      vertex 2.98231 -10.3419 2
      vertex 4.61727 -12.6859 2
      vertex 3.05053 -10.2895 2
    endloop
  endfacet
  facet normal 0 0 1
    outer loop
      vertex 4.61727 -12.6859 2
      vertex 2.98231 -10.3419 2
      vertex 3.49406 -13.04 2
    endloop
  endfacet
  facet normal -0 0 1
    outer loop
      vertex 2.87165 -10.3877 2
      vertex 3.49406 -13.04 2
      vertex 2.98231 -10.3419 2
    endloop
  endfacet
  facet normal -0 0 1
    outer loop
      vertex 2.7922 -10.4206 2
      vertex 3.49406 -13.04 2
      vertex 2.87165 -10.3877 2
    endloop
  endfacet
  facet normal -0 0 1
    outer loop
      vertex 2.70694 -10.4319 2
      vertex 3.49406 -13.04 2
      vertex 2.7922 -10.4206 2
    endloop
  endfacet
  facet normal -0 0 1
    outer loop
      vertex 2.58819 -10.4475 2
      vertex 3.49406 -13.04 2
      vertex 2.70694 -10.4319 2
    endloop
  endfacet
  facet normal 0 0 1
    outer loop
      vertex 2.34425 -13.2949 2
      vertex 2.58819 -10.4475 2
      vertex 2.46944 -10.4319 2
    endloop
  endfacet
  facet normal 0 0 1
    outer loop
      vertex 2.34425 -13.2949 2
      vertex 2.46944 -10.4319 2
      vertex 2.38418 -10.4206 2
    endloop
  endfacet
  facet normal 0 0 1
    outer loop
      vertex 2.58819 -10.4475 2
      vertex 2.34425 -13.2949 2
      vertex 3.49406 -13.04 2
    endloop
  endfacet
  facet normal 0 0 1
    outer loop
      vertex 2.30473 -10.3877 2
      vertex 2.34425 -13.2949 2
      vertex 2.38418 -10.4206 2
    endloop
  endfacet
  facet normal 0 0 1
    outer loop
      vertex 2.19407 -10.3419 2
      vertex 2.34425 -13.2949 2
      vertex 2.30473 -10.3877 2
    endloop
  endfacet
  facet normal 0 0 1
    outer loop
      vertex 0.557366 -10.5574 2
      vertex 2.19407 -10.3419 2
      vertex 2.12585 -10.2895 2
    endloop
  endfacet
  facet normal 0 0 1
    outer loop
      vertex 0.609716 -10.4891 2
      vertex 2.12585 -10.2895 2
      vertex 2.03082 -10.2166 2
    endloop
  endfacet
  facet normal 0 0 1
    outer loop
      vertex 0.71554 -10.3147 2
      vertex 2.03082 -10.2166 2
      vertex 1.95791 -10.1216 2
    endloop
  endfacet
  facet normal 0 0 1
    outer loop
      vertex 0.761376 -10.204 2
      vertex 1.95791 -10.1216 2
      vertex 1.90556 -10.0534 2
    endloop
  endfacet
  facet normal 0 0 1
    outer loop
      vertex 0.761376 -10.204 2
      vertex 1.90556 -10.0534 2
      vertex 1.85972 -9.94272 2
    endloop
  endfacet
  facet normal 0 0 1
    outer loop
      vertex 0.77701 -10.0853 2
      vertex 1.85972 -9.94272 2
      vertex 1.82681 -9.86327 2
    endloop
  endfacet
  facet normal 0 0 1
    outer loop
      vertex 0.77701 -9.91474 2
      vertex 1.85972 -9.3758 2
      vertex 1.90556 -9.26514 2
    endloop
  endfacet
  facet normal 0 0 1
    outer loop
      vertex 2.19407 -10.3419 2
      vertex 0.557366 -10.5574 2
      vertex 2.34425 -13.2949 2
    endloop
  endfacet
  facet normal 0 0 1
    outer loop
      vertex 0.788235 -10 2
      vertex 1.82681 -9.86327 2
      vertex 1.81559 -9.77801 2
    endloop
  endfacet
  facet normal 0 0 1
    outer loop
      vertex 0.77701 -9.91474 2
      vertex 1.81559 -9.77801 2
      vertex 1.79995 -9.65926 2
    endloop
  endfacet
  facet normal 0 0 1
    outer loop
      vertex 0.77701 -9.91474 2
      vertex 1.82681 -9.45525 2
      vertex 1.85972 -9.3758 2
    endloop
  endfacet
  facet normal 0 0 1
    outer loop
      vertex 0.77701 -9.91474 2
      vertex 1.81559 -9.54051 2
      vertex 1.82681 -9.45525 2
    endloop
  endfacet
  facet normal 0 0 1
    outer loop
      vertex 0.77701 -9.91474 2
      vertex 1.79995 -9.65926 2
      vertex 1.81559 -9.54051 2
    endloop
  endfacet
  facet normal 0 0 1
    outer loop
      vertex 1.82681 -9.86327 2
      vertex 0.788235 -10 2
      vertex 0.77701 -10.0853 2
    endloop
  endfacet
  facet normal 0 0 1
    outer loop
      vertex 1.85972 -9.94272 2
      vertex 0.77701 -10.0853 2
      vertex 0.761376 -10.204 2
    endloop
  endfacet
  facet normal 0 0 1
    outer loop
      vertex 1.95791 -10.1216 2
      vertex 0.761376 -10.204 2
      vertex 0.71554 -10.3147 2
    endloop
  endfacet
  facet normal 0 0 1
    outer loop
      vertex 2.03082 -10.2166 2
      vertex 0.71554 -10.3147 2
      vertex 0.682631 -10.3941 2
    endloop
  endfacet
  facet normal 0 0 1
    outer loop
      vertex 2.03082 -10.2166 2
      vertex 0.682631 -10.3941 2
      vertex 0.609716 -10.4891 2
    endloop
  endfacet
  facet normal 0 0 1
    outer loop
      vertex 2.12585 -10.2895 2
      vertex 0.609716 -10.4891 2
      vertex 0.557366 -10.5574 2
    endloop
  endfacet
  facet normal 0 0 1
    outer loop
      vertex 2.34425 -13.2949 2
      vertex 0.557366 -10.5574 2
      vertex 1.1766 -13.4486 2
    endloop
  endfacet
  facet normal -0 0 1
    outer loop
      vertex 0.489143 -10.6097 2
      vertex 1.1766 -13.4486 2
      vertex 0.557366 -10.5574 2
    endloop
  endfacet
  facet normal -0 0 1
    outer loop
      vertex 0.394117 -10.6826 2
      vertex 1.1766 -13.4486 2
      vertex 0.489143 -10.6097 2
    endloop
  endfacet
  facet normal -0 0 1
    outer loop
      vertex 0.314669 -10.7155 2
      vertex 1.1766 -13.4486 2
      vertex 0.394117 -10.6826 2
    endloop
  endfacet
  facet normal -0 0 1
    outer loop
      vertex 0.20401 -10.7614 2
      vertex 1.1766 -13.4486 2
      vertex 0.314669 -10.7155 2
    endloop
  endfacet
  facet normal 0 0 1
    outer loop
      vertex 0 -13.5 2
      vertex 0.20401 -10.7614 2
      vertex 0.0852579 -10.777 2
    endloop
  endfacet
  facet normal 0 0 1
    outer loop
      vertex 0 -13.5 2
      vertex 0.0852579 -10.777 2
      vertex 0 -10.7882 2
    endloop
  endfacet
  facet normal 0 0 1
    outer loop
      vertex 0.20401 -10.7614 2
      vertex 0 -13.5 2
      vertex 1.1766 -13.4486 2
    endloop
  endfacet
  facet normal 0 0 1
    outer loop
      vertex -0.0852579 -10.777 2
      vertex 0 -13.5 2
      vertex 0 -10.7882 2
    endloop
  endfacet
  facet normal 0 0 1
    outer loop
      vertex -0.20401 -10.7614 2
      vertex 0 -13.5 2
      vertex -0.0852579 -10.777 2
    endloop
  endfacet
  facet normal 0 0 1
    outer loop
      vertex -1.1766 -13.4486 2
      vertex -0.20401 -10.7614 2
      vertex -0.314669 -10.7155 2
    endloop
  endfacet
  facet normal 0 0 1
    outer loop
      vertex -1.1766 -13.4486 2
      vertex -0.314669 -10.7155 2
      vertex -0.394117 -10.6826 2
    endloop
  endfacet
  facet normal 0 0 1
    outer loop
      vertex -1.1766 -13.4486 2
      vertex -0.394117 -10.6826 2
      vertex -0.489143 -10.6097 2
    endloop
  endfacet
  facet normal 0 0 1
    outer loop
      vertex -1.1766 -13.4486 2
      vertex -0.489143 -10.6097 2
      vertex -0.557366 -10.5574 2
    endloop
  endfacet
  facet normal 0 0 1
    outer loop
      vertex -2.19407 -10.3419 2
      vertex -0.557366 -10.5574 2
      vertex -0.609716 -10.4891 2
    endloop
  endfacet
  facet normal 0 0 1
    outer loop
      vertex -2.12585 -10.2895 2
      vertex -0.609716 -10.4891 2
      vertex -0.682631 -10.3941 2
    endloop
  endfacet
  facet normal 0 0 1
    outer loop
      vertex -2.03082 -10.2166 2
      vertex -0.682631 -10.3941 2
      vertex -0.71554 -10.3147 2
    endloop
  endfacet
  facet normal 0 0 1
    outer loop
      vertex -1.95791 -10.1216 2
      vertex -0.71554 -10.3147 2
      vertex -0.761376 -10.204 2
    endloop
  endfacet
  facet normal 0 0 1
    outer loop
      vertex -1.81559 -9.54051 2
      vertex -0.82175 -3.06681 2
      vertex -1.08591 -2.98352 2
    endloop
  endfacet
  facet normal 0 0 1
    outer loop
      vertex -0.20401 -10.7614 2
      vertex -1.1766 -13.4486 2
      vertex 0 -13.5 2
    endloop
  endfacet
  facet normal 0 0 1
    outer loop
      vertex -1.90556 -10.0534 2
      vertex -0.761376 -10.204 2
      vertex -0.77701 -10.0853 2
    endloop
  endfacet
  facet normal 0 0 1
    outer loop
      vertex -1.85972 -9.94272 2
      vertex -0.77701 -10.0853 2
      vertex -0.788235 -10 2
    endloop
  endfacet
  facet normal -0 0 1
    outer loop
      vertex -1.81559 -9.77801 2
      vertex -0.77701 -9.91474 2
      vertex -1.79995 -9.65926 2
    endloop
  endfacet
  facet normal 0 0 1
    outer loop
      vertex -1.81559 -9.54051 2
      vertex -1.08591 -2.98352 2
      vertex -1.34181 -2.87753 2
    endloop
  endfacet
  facet normal 0 0 1
    outer loop
      vertex -2.58819 -8.87102 2
      vertex -1.34181 -2.87753 2
      vertex -1.5875 -2.74963 2
    endloop
  endfacet
  facet normal 0 0 1
    outer loop
      vertex -0.77701 -9.91474 2
      vertex -1.81559 -9.77801 2
      vertex -0.788235 -10 2
    endloop
  endfacet
  facet normal -0 0 1
    outer loop
      vertex -1.82681 -9.86327 2
      vertex -0.788235 -10 2
      vertex -1.81559 -9.77801 2
    endloop
  endfacet
  facet normal -0 0 1
    outer loop
      vertex -1.85972 -9.94272 2
      vertex -0.788235 -10 2
      vertex -1.82681 -9.86327 2
    endloop
  endfacet
  facet normal 0 0 1
    outer loop
      vertex -0.77701 -10.0853 2
      vertex -1.85972 -9.94272 2
      vertex -1.90556 -10.0534 2
    endloop
  endfacet
  facet normal 0 0 1
    outer loop
      vertex -0.761376 -10.204 2
      vertex -1.90556 -10.0534 2
      vertex -1.95791 -10.1216 2
    endloop
  endfacet
  facet normal 0 0 1
    outer loop
      vertex -0.71554 -10.3147 2
      vertex -1.95791 -10.1216 2
      vertex -2.03082 -10.2166 2
    endloop
  endfacet
  facet normal 0 0 1
    outer loop
      vertex -0.682631 -10.3941 2
      vertex -2.03082 -10.2166 2
      vertex -2.12585 -10.2895 2
    endloop
  endfacet
  facet normal 0 0 1
    outer loop
      vertex -0.609716 -10.4891 2
      vertex -2.12585 -10.2895 2
      vertex -2.19407 -10.3419 2
    endloop
  endfacet
  facet normal 0 0 1
    outer loop
      vertex -0.557366 -10.5574 2
      vertex -2.19407 -10.3419 2
      vertex -1.1766 -13.4486 2
    endloop
  endfacet
  facet normal 0 0 1
    outer loop
      vertex -2.34425 -13.2949 2
      vertex -2.19407 -10.3419 2
      vertex -2.30473 -10.3877 2
    endloop
  endfacet
  facet normal 0 0 1
    outer loop
      vertex -2.19407 -10.3419 2
      vertex -2.34425 -13.2949 2
      vertex -1.1766 -13.4486 2
    endloop
  endfacet
  facet normal -0 0 1
    outer loop
      vertex -2.38418 -10.4206 2
      vertex -2.34425 -13.2949 2
      vertex -2.30473 -10.3877 2
    endloop
  endfacet
  facet normal -0 0 1
    outer loop
      vertex -2.46944 -10.4319 2
      vertex -2.34425 -13.2949 2
      vertex -2.38418 -10.4206 2
    endloop
  endfacet
  facet normal -0 0 1
    outer loop
      vertex -2.58819 -10.4475 2
      vertex -2.34425 -13.2949 2
      vertex -2.46944 -10.4319 2
    endloop
  endfacet
  facet normal 0 0 1
    outer loop
      vertex -3.49406 -13.04 2
      vertex -2.58819 -10.4475 2
      vertex -2.70694 -10.4319 2
    endloop
  endfacet
  facet normal 0 0 1
    outer loop
      vertex -3.49406 -13.04 2
      vertex -2.70694 -10.4319 2
      vertex -2.7922 -10.4206 2
    endloop
  endfacet
  facet normal 0 0 1
    outer loop
      vertex -3.49406 -13.04 2
      vertex -2.7922 -10.4206 2
      vertex -2.87165 -10.3877 2
    endloop
  endfacet
  facet normal 0 0 1
    outer loop
      vertex -3.49406 -13.04 2
      vertex -2.87165 -10.3877 2
      vertex -2.98231 -10.3419 2
    endloop
  endfacet
  facet normal 0 0 1
    outer loop
      vertex -3.49406 -13.04 2
      vertex -2.98231 -10.3419 2
      vertex -3.05053 -10.2895 2
    endloop
  endfacet
  facet normal 0 0 1
    outer loop
      vertex -3.49406 -13.04 2
      vertex -3.05053 -10.2895 2
      vertex -3.14556 -10.2166 2
    endloop
  endfacet
  facet normal 0 0 1
    outer loop
      vertex -3.49406 -13.04 2
      vertex -3.14556 -10.2166 2
      vertex -3.21847 -10.1216 2
    endloop
  endfacet
  facet normal 0 0 1
    outer loop
      vertex -3.49406 -13.04 2
      vertex -3.21847 -10.1216 2
      vertex -3.27082 -10.0534 2
    endloop
  endfacet
  facet normal 0 0 1
    outer loop
      vertex -3.49406 -13.04 2
      vertex -3.27082 -10.0534 2
      vertex -3.31666 -9.94272 2
    endloop
  endfacet
  facet normal 0 0 1
    outer loop
      vertex -3.49406 -13.04 2
      vertex -3.31666 -9.94272 2
      vertex -3.34957 -9.86327 2
    endloop
  endfacet
  facet normal 0 0 1
    outer loop
      vertex -2.58819 -10.4475 2
      vertex -3.49406 -13.04 2
      vertex -2.34425 -13.2949 2
    endloop
  endfacet
  facet normal -0 0 1
    outer loop
      vertex -4.31737 -9.05437 2
      vertex -3.34957 -9.45525 2
      vertex -4.28446 -8.97492 2
    endloop
  endfacet
  facet normal 0 0 1
    outer loop
      vertex -3.31666 -9.3758 2
      vertex -4.28446 -8.97492 2
      vertex -3.34957 -9.45525 2
    endloop
  endfacet
  facet normal 0 0 1
    outer loop
      vertex -3.27082 -9.26514 2
      vertex -4.23862 -8.86426 2
      vertex -3.31666 -9.3758 2
    endloop
  endfacet
  facet normal -0 0 1
    outer loop
      vertex -4.28446 -8.97492 2
      vertex -3.31666 -9.3758 2
      vertex -4.23862 -8.86426 2
    endloop
  endfacet
  facet normal 0 0 1
    outer loop
      vertex -3.49406 13.04 2
      vertex -4.22299 8.74551 2
      vertex -4.21176 8.66025 2
    endloop
  endfacet
  facet normal 0 0 1
    outer loop
      vertex -3.49406 13.04 2
      vertex -4.23862 8.86426 2
      vertex -4.22299 8.74551 2
    endloop
  endfacet
  facet normal 0 0 1
    outer loop
      vertex -3.49406 13.04 2
      vertex -4.28446 8.97492 2
      vertex -4.23862 8.86426 2
    endloop
  endfacet
  facet normal 0 0 1
    outer loop
      vertex -3.49406 13.04 2
      vertex -4.31737 9.05437 2
      vertex -4.28446 8.97492 2
    endloop
  endfacet
  facet normal 0 0 1
    outer loop
      vertex -3.49406 13.04 2
      vertex -4.36972 9.12259 2
      vertex -4.31737 9.05437 2
    endloop
  endfacet
  facet normal 0 0 1
    outer loop
      vertex -3.49406 13.04 2
      vertex -4.44263 9.21762 2
      vertex -4.36972 9.12259 2
    endloop
  endfacet
  facet normal 0 0 1
    outer loop
      vertex -3.49406 13.04 2
      vertex -4.51086 9.26997 2
      vertex -4.44263 9.21762 2
    endloop
  endfacet
  facet normal 0 0 1
    outer loop
      vertex -3.49406 13.04 2
      vertex -4.60588 9.34289 2
      vertex -4.51086 9.26997 2
    endloop
  endfacet
  facet normal -0 0 1
    outer loop
      vertex -4.61727 12.6859 2
      vertex -4.60588 9.34289 2
      vertex -3.49406 13.04 2
    endloop
  endfacet
  facet normal 0 0 1
    outer loop
      vertex -4.61727 12.6859 2
      vertex -4.71654 9.38872 2
      vertex -4.60588 9.34289 2
    endloop
  endfacet
  facet normal 0 0 1
    outer loop
      vertex -4.61727 12.6859 2
      vertex -4.79599 9.42163 2
      vertex -4.71654 9.38872 2
    endloop
  endfacet
  facet normal -0 0 1
    outer loop
      vertex -5.70535 12.2352 2
      vertex -4.79599 9.42163 2
      vertex -4.61727 12.6859 2
    endloop
  endfacet
  facet normal 0 0 1
    outer loop
      vertex -4.79599 9.42163 2
      vertex -5.70535 12.2352 2
      vertex -4.91474 9.43726 2
    endloop
  endfacet
  facet normal 0 0 1
    outer loop
      vertex -4.91474 9.43726 2
      vertex -5.70535 12.2352 2
      vertex -5 9.44849 2
    endloop
  endfacet
  facet normal 0 0 1
    outer loop
      vertex -5 9.44849 2
      vertex -5.70535 12.2352 2
      vertex -5.08526 9.43726 2
    endloop
  endfacet
  facet normal 0 0 1
    outer loop
      vertex -5.08526 9.43726 2
      vertex -5.70535 12.2352 2
      vertex -5.20401 9.42163 2
    endloop
  endfacet
  facet normal -0 0 1
    outer loop
      vertex -6.75 11.6913 2
      vertex -5.20401 9.42163 2
      vertex -5.70535 12.2352 2
    endloop
  endfacet
  facet normal 0 0 1
    outer loop
      vertex -5.20401 9.42163 2
      vertex -6.75 11.6913 2
      vertex -5.28346 9.38872 2
    endloop
  endfacet
  facet normal 0 0 1
    outer loop
      vertex -5.28346 9.38872 2
      vertex -6.75 11.6913 2
      vertex -5.39412 9.34289 2
    endloop
  endfacet
  facet normal 0 0 1
    outer loop
      vertex -5.39412 9.34289 2
      vertex -6.75 11.6913 2
      vertex -5.48914 9.26997 2
    endloop
  endfacet
  facet normal 0 0 1
    outer loop
      vertex -5.48914 9.26997 2
      vertex -6.75 11.6913 2
      vertex -5.55737 9.21762 2
    endloop
  endfacet
  facet normal -0 0 1
    outer loop
      vertex -7.74328 11.0586 2
      vertex -5.55737 9.21762 2
      vertex -6.75 11.6913 2
    endloop
  endfacet
  facet normal 0 0 1
    outer loop
      vertex -5.55737 9.21762 2
      vertex -7.74328 11.0586 2
      vertex -5.63028 9.12259 2
    endloop
  endfacet
  facet normal 0 0 1
    outer loop
      vertex -5.63028 9.12259 2
      vertex -7.74328 11.0586 2
      vertex -5.68263 9.05437 2
    endloop
  endfacet
  facet normal 0 0 1
    outer loop
      vertex -5.68263 9.05437 2
      vertex -7.74328 11.0586 2
      vertex -5.71554 8.97492 2
    endloop
  endfacet
  facet normal 0 0 1
    outer loop
      vertex -5.71554 8.97492 2
      vertex -7.74328 11.0586 2
      vertex -5.76138 8.86426 2
    endloop
  endfacet
  facet normal 0 0 1
    outer loop
      vertex -5.55737 -8.10289 2
      vertex -6.38844 -7.46518 2
      vertex -5.63028 -8.19791 2
    endloop
  endfacet
  facet normal 0 -0 1
    outer loop
      vertex -7.07107 7.8593 2
      vertex -5.76138 8.86426 2
      vertex -7.74328 11.0586 2
    endloop
  endfacet
  facet normal 0 0 1
    outer loop
      vertex -5.28346 7.93179 2
      vertex -6.29406 7.15633 2
      vertex -6.28283 7.07107 2
    endloop
  endfacet
  facet normal 0 0 1
    outer loop
      vertex -5.39412 7.97762 2
      vertex -6.30969 7.27508 2
      vertex -6.29406 7.15633 2
    endloop
  endfacet
  facet normal 0 0 1
    outer loop
      vertex -5.48914 8.05054 2
      vertex -6.35553 7.38574 2
      vertex -6.30969 7.27508 2
    endloop
  endfacet
  facet normal 0 0 1
    outer loop
      vertex -5.55737 8.10289 2
      vertex -6.38844 7.46518 2
      vertex -6.35553 7.38574 2
    endloop
  endfacet
  facet normal 0 0 1
    outer loop
      vertex -5.63028 8.19791 2
      vertex -6.46135 7.56021 2
      vertex -6.38844 7.46518 2
    endloop
  endfacet
  facet normal 0 0 1
    outer loop
      vertex -5.68263 8.26614 2
      vertex -6.5137 7.62843 2
      vertex -6.46135 7.56021 2
    endloop
  endfacet
  facet normal 0 0 1
    outer loop
      vertex -5.71554 8.34558 2
      vertex -6.58192 7.68078 2
      vertex -6.5137 7.62843 2
    endloop
  endfacet
  facet normal 0 0 1
    outer loop
      vertex -5.76138 8.45624 2
      vertex -6.67695 7.7537 2
      vertex -6.58192 7.68078 2
    endloop
  endfacet
  facet normal 0 -0 1
    outer loop
      vertex -6.98581 7.84808 2
      vertex -5.76138 8.86426 2
      vertex -7.07107 7.8593 2
    endloop
  endfacet
  facet normal 0 0 1
    outer loop
      vertex -5.76138 8.45624 2
      vertex -6.7564 7.78661 2
      vertex -6.67695 7.7537 2
    endloop
  endfacet
  facet normal 0 0 1
    outer loop
      vertex -5.77701 8.575 2
      vertex -6.86706 7.83244 2
      vertex -6.7564 7.78661 2
    endloop
  endfacet
  facet normal 0 0 1
    outer loop
      vertex -5.76138 8.86426 2
      vertex -6.98581 7.84808 2
      vertex -5.77701 8.74551 2
    endloop
  endfacet
  facet normal 0 0 1
    outer loop
      vertex -5.77701 8.74551 2
      vertex -6.86706 7.83244 2
      vertex -5.78823 8.66025 2
    endloop
  endfacet
  facet normal 0 -0 1
    outer loop
      vertex -6.86706 7.83244 2
      vertex -5.77701 8.74551 2
      vertex -6.98581 7.84808 2
    endloop
  endfacet
  facet normal -0 0 1
    outer loop
      vertex -8.67763 10.3416 2
      vertex -7.07107 7.8593 2
      vertex -7.74328 11.0586 2
    endloop
  endfacet
  facet normal 0 0 1
    outer loop
      vertex -7.07107 7.8593 2
      vertex -8.67763 10.3416 2
      vertex -7.15633 7.84808 2
    endloop
  endfacet
  facet normal 0 0 1
    outer loop
      vertex -7.15633 7.84808 2
      vertex -8.67763 10.3416 2
      vertex -7.27508 7.83244 2
    endloop
  endfacet
  facet normal 0 0 1
    outer loop
      vertex -7.27508 7.83244 2
      vertex -8.67763 10.3416 2
      vertex -7.38574 7.78661 2
    endloop
  endfacet
  facet normal 0 0 1
    outer loop
      vertex -7.38574 7.78661 2
      vertex -8.67763 10.3416 2
      vertex -7.46518 7.7537 2
    endloop
  endfacet
  facet normal -0 0 1
    outer loop
      vertex -9.54594 9.54594 2
      vertex -7.46518 7.7537 2
      vertex -8.67763 10.3416 2
    endloop
  endfacet
  facet normal 0 0 1
    outer loop
      vertex -7.46518 7.7537 2
      vertex -9.54594 9.54594 2
      vertex -7.56021 7.68078 2
    endloop
  endfacet
  facet normal 0 0 1
    outer loop
      vertex -7.56021 7.68078 2
      vertex -9.54594 9.54594 2
      vertex -7.62843 7.62843 2
    endloop
  endfacet
  facet normal 0 0 1
    outer loop
      vertex -7.62843 7.62843 2
      vertex -9.54594 9.54594 2
      vertex -7.68078 7.56021 2
    endloop
  endfacet
  facet normal 0 0 1
    outer loop
      vertex -7.68078 7.56021 2
      vertex -9.54594 9.54594 2
      vertex -7.7537 7.46518 2
    endloop
  endfacet
  facet normal -0 0 1
    outer loop
      vertex -10.3416 8.67763 2
      vertex -7.7537 7.46518 2
      vertex -9.54594 9.54594 2
    endloop
  endfacet
  facet normal 0 0 1
    outer loop
      vertex -7.7537 7.46518 2
      vertex -10.3416 8.67763 2
      vertex -7.78661 7.38574 2
    endloop
  endfacet
  facet normal 0 0 1
    outer loop
      vertex -7.46518 -6.38844 2
      vertex -8.10289 -5.55737 2
      vertex -7.56021 -6.46135 2
    endloop
  endfacet
  facet normal 0 0 1
    outer loop
      vertex -6.86706 6.30969 2
      vertex -7.88324 5.08526 2
      vertex -7.87202 5 2
    endloop
  endfacet
  facet normal 0 0 1
    outer loop
      vertex -6.98581 6.29406 2
      vertex -7.89888 5.20401 2
      vertex -7.88324 5.08526 2
    endloop
  endfacet
  facet normal 0 0 1
    outer loop
      vertex -7.15633 6.29406 2
      vertex -7.93179 5.28346 2
      vertex -7.89888 5.20401 2
    endloop
  endfacet
  facet normal 0 0 1
    outer loop
      vertex -7.78661 7.38574 2
      vertex -10.3416 8.67763 2
      vertex -7.83244 7.27508 2
    endloop
  endfacet
  facet normal 0 0 1
    outer loop
      vertex -7.27508 6.30969 2
      vertex -7.97762 5.39412 2
      vertex -7.93179 5.28346 2
    endloop
  endfacet
  facet normal 0 0 1
    outer loop
      vertex -7.38574 6.35553 2
      vertex -8.05054 5.48914 2
      vertex -7.97762 5.39412 2
    endloop
  endfacet
  facet normal 0 0 1
    outer loop
      vertex -7.46518 6.38844 2
      vertex -8.10289 5.55737 2
      vertex -8.05054 5.48914 2
    endloop
  endfacet
  facet normal 0 0 1
    outer loop
      vertex -7.56021 6.46135 2
      vertex -8.19791 5.63028 2
      vertex -8.10289 5.55737 2
    endloop
  endfacet
  facet normal 0 0 1
    outer loop
      vertex -7.62843 6.5137 2
      vertex -8.26614 5.68263 2
      vertex -8.19791 5.63028 2
    endloop
  endfacet
  facet normal 0 0 1
    outer loop
      vertex -7.83244 7.27508 2
      vertex -10.3416 8.67763 2
      vertex -7.84808 7.15633 2
    endloop
  endfacet
  facet normal 0 0 1
    outer loop
      vertex -7.68078 6.58192 2
      vertex -8.34558 5.71554 2
      vertex -8.26614 5.68263 2
    endloop
  endfacet
  facet normal 0 0 1
    outer loop
      vertex -7.7537 6.67695 2
      vertex -8.45624 5.76138 2
      vertex -8.34558 5.71554 2
    endloop
  endfacet
  facet normal 0 0 1
    outer loop
      vertex -7.84808 7.15633 2
      vertex -10.3416 8.67763 2
      vertex -7.8593 7.07107 2
    endloop
  endfacet
  facet normal 0 0 1
    outer loop
      vertex -7.78661 6.7564 2
      vertex -8.575 5.77701 2
      vertex -8.45624 5.76138 2
    endloop
  endfacet
  facet normal 0 0 1
    outer loop
      vertex -7.83244 6.86706 2
      vertex -8.66025 5.78823 2
      vertex -8.575 5.77701 2
    endloop
  endfacet
  facet normal 0 -0 1
    outer loop
      vertex -8.86426 5.76138 2
      vertex -7.8593 7.07107 2
      vertex -10.3416 8.67763 2
    endloop
  endfacet
  facet normal 0 0 1
    outer loop
      vertex -7.83244 6.86706 2
      vertex -8.74551 5.77701 2
      vertex -8.66025 5.78823 2
    endloop
  endfacet
  facet normal 0 0 1
    outer loop
      vertex -7.84808 6.98581 2
      vertex -8.86426 5.76138 2
      vertex -8.74551 5.77701 2
    endloop
  endfacet
  facet normal -0 0 1
    outer loop
      vertex -11.0586 7.74328 2
      vertex -8.86426 5.76138 2
      vertex -10.3416 8.67763 2
    endloop
  endfacet
  facet normal 0 0 1
    outer loop
      vertex -8.86426 5.76138 2
      vertex -11.0586 7.74328 2
      vertex -8.97492 5.71554 2
    endloop
  endfacet
  facet normal 0 0 1
    outer loop
      vertex -8.97492 5.71554 2
      vertex -11.0586 7.74328 2
      vertex -9.05437 5.68263 2
    endloop
  endfacet
  facet normal 0 0 1
    outer loop
      vertex -9.05437 5.68263 2
      vertex -11.0586 7.74328 2
      vertex -9.12259 5.63028 2
    endloop
  endfacet
  facet normal 0 0 1
    outer loop
      vertex -9.12259 5.63028 2
      vertex -11.0586 7.74328 2
      vertex -9.21762 5.55737 2
    endloop
  endfacet
  facet normal -0 0 1
    outer loop
      vertex -11.6913 6.75 2
      vertex -9.21762 5.55737 2
      vertex -11.0586 7.74328 2
    endloop
  endfacet
  facet normal 0 0 1
    outer loop
      vertex -9.12259 4.36972 2
      vertex -9.54051 3.36079 2
      vertex -9.45525 3.34957 2
    endloop
  endfacet
  facet normal 0 0 1
    outer loop
      vertex -9.21762 5.55737 2
      vertex -11.6913 6.75 2
      vertex -9.26997 5.48914 2
    endloop
  endfacet
  facet normal 0 0 1
    outer loop
      vertex -9.26997 5.48914 2
      vertex -11.6913 6.75 2
      vertex -9.34289 5.39412 2
    endloop
  endfacet
  facet normal 0 0 1
    outer loop
      vertex -9.34289 5.39412 2
      vertex -11.6913 6.75 2
      vertex -9.38872 5.28346 2
    endloop
  endfacet
  facet normal 0 0 1
    outer loop
      vertex -9.38872 5.28346 2
      vertex -11.6913 6.75 2
      vertex -9.42163 5.20401 2
    endloop
  endfacet
  facet normal -0 0 1
    outer loop
      vertex -12.2352 5.70535 2
      vertex -9.42163 5.20401 2
      vertex -11.6913 6.75 2
    endloop
  endfacet
  facet normal 0 0 1
    outer loop
      vertex -9.42163 5.20401 2
      vertex -12.2352 5.70535 2
      vertex -9.43726 5.08526 2
    endloop
  endfacet
  facet normal 0 0 1
    outer loop
      vertex -9.21762 4.44263 2
      vertex -9.65926 3.37642 2
      vertex -9.54051 3.36079 2
    endloop
  endfacet
  facet normal 0 0 1
    outer loop
      vertex -9.26997 4.51086 2
      vertex -9.77801 3.36079 2
      vertex -9.65926 3.37642 2
    endloop
  endfacet
  facet normal 0 0 1
    outer loop
      vertex -9.34289 4.60588 2
      vertex -9.86327 3.34957 2
      vertex -9.77801 3.36079 2
    endloop
  endfacet
  facet normal 0 0 1
    outer loop
      vertex -9.34289 4.60588 2
      vertex -9.94272 3.31666 2
      vertex -9.86327 3.34957 2
    endloop
  endfacet
  facet normal 0 0 1
    outer loop
      vertex -9.38872 4.71654 2
      vertex -10.0534 3.27082 2
      vertex -9.94272 3.31666 2
    endloop
  endfacet
  facet normal 0 0 1
    outer loop
      vertex -9.42163 4.79599 2
      vertex -12.2352 5.70535 2
      vertex -10.0534 3.27082 2
    endloop
  endfacet
  facet normal -0 0 1
    outer loop
      vertex -12.6859 4.61727 2
      vertex -10.0534 3.27082 2
      vertex -12.2352 5.70535 2
    endloop
  endfacet
  facet normal 0 0 1
    outer loop
      vertex -9.43726 5.08526 2
      vertex -12.2352 5.70535 2
      vertex -9.44849 5 2
    endloop
  endfacet
  facet normal 0 0 1
    outer loop
      vertex -10.0534 3.27082 2
      vertex -12.6859 4.61727 2
      vertex -10.1216 3.21847 2
    endloop
  endfacet
  facet normal 0 0 1
    outer loop
      vertex -10.1216 3.21847 2
      vertex -12.6859 4.61727 2
      vertex -10.2166 3.14556 2
    endloop
  endfacet
  facet normal 0 0 1
    outer loop
      vertex -10.2166 3.14556 2
      vertex -12.6859 4.61727 2
      vertex -10.2895 3.05053 2
    endloop
  endfacet
  facet normal 0 0 1
    outer loop
      vertex -10.2895 3.05053 2
      vertex -12.6859 4.61727 2
      vertex -10.3419 2.98231 2
    endloop
  endfacet
  facet normal -0 0 1
    outer loop
      vertex -13.04 3.49406 2
      vertex -10.3419 2.98231 2
      vertex -12.6859 4.61727 2
    endloop
  endfacet
  facet normal 0 0 1
    outer loop
      vertex -10.3419 2.98231 2
      vertex -13.04 3.49406 2
      vertex -10.3877 2.87165 2
    endloop
  endfacet
  facet normal 0 0 1
    outer loop
      vertex -10.3419 2.19407 2
      vertex -10.5574 0.557366 2
      vertex -10.4891 0.609716 2
    endloop
  endfacet
  facet normal 0 0 1
    outer loop
      vertex -10.3419 2.19407 2
      vertex -13.2949 2.34425 2
      vertex -10.5574 0.557366 2
    endloop
  endfacet
  facet normal -0 0 1
    outer loop
      vertex -13.4486 1.1766 2
      vertex -10.5574 0.557366 2
      vertex -13.2949 2.34425 2
    endloop
  endfacet
  facet normal 0 0 1
    outer loop
      vertex -10.4319 2.70694 2
      vertex -13.04 3.49406 2
      vertex -10.4475 2.58819 2
    endloop
  endfacet
  facet normal 0 0 1
    outer loop
      vertex -13.2949 2.34425 2
      vertex -10.4475 2.58819 2
      vertex -13.04 3.49406 2
    endloop
  endfacet
  facet normal 0 0 1
    outer loop
      vertex -10.3877 2.87165 2
      vertex -13.04 3.49406 2
      vertex -10.4206 2.7922 2
    endloop
  endfacet
  facet normal 0 0 1
    outer loop
      vertex -10.4206 2.7922 2
      vertex -13.04 3.49406 2
      vertex -10.4319 2.70694 2
    endloop
  endfacet
  facet normal -0 0 1
    outer loop
      vertex 1.82111 -2.60081 2
      vertex 4.79599 -7.89888 2
      vertex 2.04085 -2.43219 2
    endloop
  endfacet
  facet normal 0 0 1
    outer loop
      vertex 4.31737 -8.26614 2
      vertex 3.31666 -9.3758 2
      vertex 3.34957 -9.45525 2
    endloop
  endfacet
  facet normal 0 0 1
    outer loop
      vertex 4.31737 -8.26614 2
      vertex 3.27082 -9.26514 2
      vertex 3.31666 -9.3758 2
    endloop
  endfacet
  facet normal 0 0 1
    outer loop
      vertex 4.79599 -7.89888 2
      vertex 1.82111 -2.60081 2
      vertex 4.71654 -7.93179 2
    endloop
  endfacet
  facet normal 0 0 1
    outer loop
      vertex 4.71654 -7.93179 2
      vertex 1.82111 -2.60081 2
      vertex 4.60588 -7.97762 2
    endloop
  endfacet
  facet normal 0 0 1
    outer loop
      vertex 4.31737 -8.26614 2
      vertex 3.21847 -9.19692 2
      vertex 3.27082 -9.26514 2
    endloop
  endfacet
  facet normal 0 0 1
    outer loop
      vertex 4.31737 -8.26614 2
      vertex 3.14556 -9.10189 2
      vertex 3.21847 -9.19692 2
    endloop
  endfacet
  facet normal -0 0 1
    outer loop
      vertex 1.5875 -2.74963 2
      vertex 4.60588 -7.97762 2
      vertex 1.82111 -2.60081 2
    endloop
  endfacet
  facet normal -0 0 1
    outer loop
      vertex 1.34181 -2.87753 2
      vertex 4.60588 -7.97762 2
      vertex 1.5875 -2.74963 2
    endloop
  endfacet
  facet normal 0 0 1
    outer loop
      vertex 4.31737 -8.26614 2
      vertex 3.05053 -9.02898 2
      vertex 3.14556 -9.10189 2
    endloop
  endfacet
  facet normal 0 0 1
    outer loop
      vertex 4.31737 -8.26614 2
      vertex 2.98231 -8.97663 2
      vertex 3.05053 -9.02898 2
    endloop
  endfacet
  facet normal 0 0 1
    outer loop
      vertex 4.60588 -7.97762 2
      vertex 1.34181 -2.87753 2
      vertex 4.51086 -8.05054 2
    endloop
  endfacet
  facet normal 0 0 1
    outer loop
      vertex 4.51086 -8.05054 2
      vertex 1.34181 -2.87753 2
      vertex 4.44263 -8.10289 2
    endloop
  endfacet
  facet normal 0 0 1
    outer loop
      vertex 4.31737 -8.26614 2
      vertex 2.87165 -8.93079 2
      vertex 2.98231 -8.97663 2
    endloop
  endfacet
  facet normal 0 0 1
    outer loop
      vertex 4.31737 -8.26614 2
      vertex 2.7922 -8.89788 2
      vertex 2.87165 -8.93079 2
    endloop
  endfacet
  facet normal 0 -0 1
    outer loop
      vertex 2.58819 -8.87102 2
      vertex 4.44263 -8.10289 2
      vertex 1.34181 -2.87753 2
    endloop
  endfacet
  facet normal 0 0 1
    outer loop
      vertex 4.44263 -8.10289 2
      vertex 2.58819 -8.87102 2
      vertex 4.36972 -8.19791 2
    endloop
  endfacet
  facet normal 0 0 1
    outer loop
      vertex 4.31737 -8.26614 2
      vertex 2.70694 -8.88666 2
      vertex 2.7922 -8.89788 2
    endloop
  endfacet
  facet normal 0 0 1
    outer loop
      vertex 4.36972 -8.19791 2
      vertex 2.70694 -8.88666 2
      vertex 4.31737 -8.26614 2
    endloop
  endfacet
  facet normal 0 -0 1
    outer loop
      vertex 2.70694 -8.88666 2
      vertex 4.36972 -8.19791 2
      vertex 2.58819 -8.87102 2
    endloop
  endfacet
  facet normal -0 0 1
    outer loop
      vertex 1.08591 -2.98352 2
      vertex 2.58819 -8.87102 2
      vertex 1.34181 -2.87753 2
    endloop
  endfacet
  facet normal 0 0 1
    outer loop
      vertex 2.58819 -8.87102 2
      vertex 1.08591 -2.98352 2
      vertex 2.46944 -8.88666 2
    endloop
  endfacet
  facet normal 0 0 1
    outer loop
      vertex 2.46944 -8.88666 2
      vertex 1.08591 -2.98352 2
      vertex 2.38418 -8.89788 2
    endloop
  endfacet
  facet normal -0 0 1
    outer loop
      vertex 0.82175 -3.06681 2
      vertex 2.38418 -8.89788 2
      vertex 1.08591 -2.98352 2
    endloop
  endfacet
  facet normal -0 0 1
    outer loop
      vertex 0.551332 -3.12676 2
      vertex 2.38418 -8.89788 2
      vertex 0.82175 -3.06681 2
    endloop
  endfacet
  facet normal 0 0 1
    outer loop
      vertex 2.38418 -8.89788 2
      vertex 0.551332 -3.12676 2
      vertex 2.30473 -8.93079 2
    endloop
  endfacet
  facet normal 0 0 1
    outer loop
      vertex 2.30473 -8.93079 2
      vertex 0.551332 -3.12676 2
      vertex 2.19407 -8.97663 2
    endloop
  endfacet
  facet normal 0 0 1
    outer loop
      vertex 0.20401 -9.23862 2
      vertex 2.19407 -8.97663 2
      vertex 0.551332 -3.12676 2
    endloop
  endfacet
  facet normal 0 0 1
    outer loop
      vertex 2.19407 -8.97663 2
      vertex 0.20401 -9.23862 2
      vertex 2.12585 -9.02898 2
    endloop
  endfacet
  facet normal 0 0 1
    outer loop
      vertex 0.77701 -9.91474 2
      vertex 1.95791 -9.19692 2
      vertex 2.03082 -9.10189 2
    endloop
  endfacet
  facet normal 0 0 1
    outer loop
      vertex 0.77701 -9.91474 2
      vertex 1.90556 -9.26514 2
      vertex 1.95791 -9.19692 2
    endloop
  endfacet
  facet normal 0 0 1
    outer loop
      vertex 6.35553 7.38574 2
      vertex 5.48914 8.05054 2
      vertex 6.30969 7.27508 2
    endloop
  endfacet
  facet normal 0 0 1
    outer loop
      vertex 6.30969 -6.86706 2
      vertex 5.77701 -8.575 2
      vertex 5.78823 -8.66025 2
    endloop
  endfacet
  facet normal -0 0 1
    outer loop
      vertex 5.39412 7.97762 2
      vertex 6.30969 7.27508 2
      vertex 5.48914 8.05054 2
    endloop
  endfacet
  facet normal 0 0 1
    outer loop
      vertex 6.30969 -6.86706 2
      vertex 5.76138 -8.45624 2
      vertex 5.77701 -8.575 2
    endloop
  endfacet
  facet normal 0 0 1
    outer loop
      vertex 6.30969 7.27508 2
      vertex 5.39412 7.97762 2
      vertex 6.29406 7.15633 2
    endloop
  endfacet
  facet normal 0 0 1
    outer loop
      vertex 6.30969 -6.86706 2
      vertex 5.71554 -8.34558 2
      vertex 5.76138 -8.45624 2
    endloop
  endfacet
  facet normal -0 0 1
    outer loop
      vertex 5.28346 7.93179 2
      vertex 6.29406 7.15633 2
      vertex 5.39412 7.97762 2
    endloop
  endfacet
  facet normal 0 0 1
    outer loop
      vertex 6.30969 -6.86706 2
      vertex 5.68263 -8.26614 2
      vertex 5.71554 -8.34558 2
    endloop
  endfacet
  facet normal 0 0 1
    outer loop
      vertex 6.29406 7.15633 2
      vertex 5.28346 7.93179 2
      vertex 6.28283 7.07107 2
    endloop
  endfacet
  facet normal 0 0 1
    outer loop
      vertex 6.30969 -6.86706 2
      vertex 5.63028 -8.19791 2
      vertex 5.68263 -8.26614 2
    endloop
  endfacet
  facet normal -0 0 1
    outer loop
      vertex 5.20401 7.89888 2
      vertex 6.28283 7.07107 2
      vertex 5.28346 7.93179 2
    endloop
  endfacet
  facet normal 0 0 1
    outer loop
      vertex 6.30969 -6.86706 2
      vertex 5.55737 -8.10289 2
      vertex 5.63028 -8.19791 2
    endloop
  endfacet
  facet normal 0 0 1
    outer loop
      vertex 6.28283 7.07107 2
      vertex 5.20401 7.89888 2
      vertex 6.29406 6.98581 2
    endloop
  endfacet
  facet normal 0 0 1
    outer loop
      vertex 6.30969 -6.86706 2
      vertex 5.48914 -8.05054 2
      vertex 5.55737 -8.10289 2
    endloop
  endfacet
  facet normal -0 0 1
    outer loop
      vertex 5.08526 7.88324 2
      vertex 6.29406 6.98581 2
      vertex 5.20401 7.89888 2
    endloop
  endfacet
  facet normal 0 0 1
    outer loop
      vertex 6.30969 -6.86706 2
      vertex 5.39412 -7.97762 2
      vertex 5.48914 -8.05054 2
    endloop
  endfacet
  facet normal 0 0 1
    outer loop
      vertex 6.29406 6.98581 2
      vertex 5.08526 7.88324 2
      vertex 6.30969 6.86706 2
    endloop
  endfacet
  facet normal 0 0 1
    outer loop
      vertex 6.30969 -6.86706 2
      vertex 5.28346 -7.93179 2
      vertex 5.39412 -7.97762 2
    endloop
  endfacet
  facet normal -0 0 1
    outer loop
      vertex 5 7.87202 2
      vertex 6.30969 6.86706 2
      vertex 5.08526 7.88324 2
    endloop
  endfacet
  facet normal 0 0 1
    outer loop
      vertex 6.30969 -6.86706 2
      vertex 5.20401 -7.89888 2
      vertex 5.28346 -7.93179 2
    endloop
  endfacet
  facet normal 0 0 1
    outer loop
      vertex 4.91474 7.88324 2
      vertex 6.30969 6.86706 2
      vertex 5 7.87202 2
    endloop
  endfacet
  facet normal 0 0 1
    outer loop
      vertex 6.30969 -6.86706 2
      vertex 5.08526 -7.88324 2
      vertex 5.20401 -7.89888 2
    endloop
  endfacet
  facet normal 0 0 1
    outer loop
      vertex 4.79599 7.89888 2
      vertex 6.30969 6.86706 2
      vertex 4.91474 7.88324 2
    endloop
  endfacet
  facet normal 0 0 1
    outer loop
      vertex 6.30969 -6.86706 2
      vertex 5 -7.87202 2
      vertex 5.08526 -7.88324 2
    endloop
  endfacet
  facet normal 0 0 1
    outer loop
      vertex 3.16292 0.276719 2
      vertex 4.79599 7.89888 2
      vertex 4.71654 7.93179 2
    endloop
  endfacet
  facet normal 0 0 1
    outer loop
      vertex 6.30969 -6.86706 2
      vertex 4.91474 -7.88324 2
      vertex 5 -7.87202 2
    endloop
  endfacet
  facet normal 0 0 1
    outer loop
      vertex 3.16292 0.276719 2
      vertex 4.71654 7.93179 2
      vertex 4.60588 7.97762 2
    endloop
  endfacet
  facet normal 0 0 1
    outer loop
      vertex 6.35553 -6.7564 2
      vertex 4.91474 -7.88324 2
      vertex 6.30969 -6.86706 2
    endloop
  endfacet
  facet normal 0 0 1
    outer loop
      vertex 4.79599 7.89888 2
      vertex 3.16292 0.276719 2
      vertex 6.30969 6.86706 2
    endloop
  endfacet
  facet normal 0 -0 1
    outer loop
      vertex 4.91474 -7.88324 2
      vertex 6.35553 -6.7564 2
      vertex 4.79599 -7.89888 2
    endloop
  endfacet
  facet normal 0 0 1
    outer loop
      vertex 7.93179 -4.71654 2
      vertex 2.60081 -1.82111 2
      vertex 7.89888 -4.79599 2
    endloop
  endfacet
  facet normal 0 0 1
    outer loop
      vertex 6.38844 -6.67695 2
      vertex 4.79599 -7.89888 2
      vertex 6.35553 -6.7564 2
    endloop
  endfacet
  facet normal 0 0 1
    outer loop
      vertex 3.16292 0.276719 2
      vertex 4.60588 7.97762 2
      vertex 4.51086 8.05054 2
    endloop
  endfacet
  facet normal 0 0 1
    outer loop
      vertex 7.89888 -4.79599 2
      vertex 2.60081 -1.82111 2
      vertex 6.67695 -6.38844 2
    endloop
  endfacet
  facet normal 0 0 1
    outer loop
      vertex 3.16292 0.276719 2
      vertex 4.51086 8.05054 2
      vertex 4.44263 8.10289 2
    endloop
  endfacet
  facet normal 0 0 1
    outer loop
      vertex 7.97762 -4.60588 2
      vertex 2.60081 -1.82111 2
      vertex 7.93179 -4.71654 2
    endloop
  endfacet
  facet normal 0 0 1
    outer loop
      vertex 3.16292 0.276719 2
      vertex 4.44263 8.10289 2
      vertex 4.36972 8.19791 2
    endloop
  endfacet
  facet normal -0 0 1
    outer loop
      vertex 2.43219 -2.04085 2
      vertex 6.67695 -6.38844 2
      vertex 2.60081 -1.82111 2
    endloop
  endfacet
  facet normal 0 0 1
    outer loop
      vertex 3.16292 0.276719 2
      vertex 4.36972 8.19791 2
      vertex 4.31737 8.26614 2
    endloop
  endfacet
  facet normal 0 0 1
    outer loop
      vertex 6.67695 -6.38844 2
      vertex 2.43219 -2.04085 2
      vertex 6.58192 -6.46135 2
    endloop
  endfacet
  facet normal 0 0 1
    outer loop
      vertex 4.23862 8.45624 2
      vertex 3.36079 9.54051 2
      vertex 4.28446 8.34558 2
    endloop
  endfacet
  facet normal 0 0 1
    outer loop
      vertex 4.28446 8.34558 2
      vertex 3.36079 9.54051 2
      vertex 4.31737 8.26614 2
    endloop
  endfacet
  facet normal 0 0 1
    outer loop
      vertex 4.22299 8.575 2
      vertex 3.36079 9.54051 2
      vertex 4.23862 8.45624 2
    endloop
  endfacet
  facet normal 0 0 1
    outer loop
      vertex 3.16292 0.276719 2
      vertex 4.31737 8.26614 2
      vertex 3.36079 9.54051 2
    endloop
  endfacet
  facet normal 0 0 1
    outer loop
      vertex 4.21176 8.66025 2
      vertex 3.36079 9.54051 2
      vertex 4.22299 8.575 2
    endloop
  endfacet
  facet normal 0 0 1
    outer loop
      vertex 4.31737 -8.26614 2
      vertex 3.37642 -9.65926 2
      vertex 4.28446 -8.34558 2
    endloop
  endfacet
  facet normal 0 0 1
    outer loop
      vertex 4.22299 8.74551 2
      vertex 3.36079 9.54051 2
      vertex 4.21176 8.66025 2
    endloop
  endfacet
  facet normal 0 0 1
    outer loop
      vertex 4.28446 -8.34558 2
      vertex 3.37642 -9.65926 2
      vertex 4.23862 -8.45624 2
    endloop
  endfacet
  facet normal 0 0 1
    outer loop
      vertex 8.10289 5.55737 2
      vertex 7.46518 6.38844 2
      vertex 8.05054 5.48914 2
    endloop
  endfacet
  facet normal 0 0 1
    outer loop
      vertex 7.87202 -5 2
      vertex 7.84808 -6.98581 2
      vertex 7.8593 -7.07107 2
    endloop
  endfacet
  facet normal -0 0 1
    outer loop
      vertex 7.38574 6.35553 2
      vertex 8.05054 5.48914 2
      vertex 7.46518 6.38844 2
    endloop
  endfacet
  facet normal 0 0 1
    outer loop
      vertex 7.87202 -5 2
      vertex 7.83244 -6.86706 2
      vertex 7.84808 -6.98581 2
    endloop
  endfacet
  facet normal 0 0 1
    outer loop
      vertex 8.05054 5.48914 2
      vertex 7.38574 6.35553 2
      vertex 7.97762 5.39412 2
    endloop
  endfacet
  facet normal 0 0 1
    outer loop
      vertex 7.87202 -5 2
      vertex 7.78661 -6.7564 2
      vertex 7.83244 -6.86706 2
    endloop
  endfacet
  facet normal -0 0 1
    outer loop
      vertex 7.27508 6.30969 2
      vertex 7.97762 5.39412 2
      vertex 7.38574 6.35553 2
    endloop
  endfacet
  facet normal 0 0 1
    outer loop
      vertex 7.87202 -5 2
      vertex 7.7537 -6.67695 2
      vertex 7.78661 -6.7564 2
    endloop
  endfacet
  facet normal 0 0 1
    outer loop
      vertex 7.97762 5.39412 2
      vertex 7.27508 6.30969 2
      vertex 7.93179 5.28346 2
    endloop
  endfacet
  facet normal 0 0 1
    outer loop
      vertex 7.87202 -5 2
      vertex 7.68078 -6.58192 2
      vertex 7.7537 -6.67695 2
    endloop
  endfacet
  facet normal -0 0 1
    outer loop
      vertex 7.15633 6.29406 2
      vertex 7.93179 5.28346 2
      vertex 7.27508 6.30969 2
    endloop
  endfacet
  facet normal 0 0 1
    outer loop
      vertex 7.87202 -5 2
      vertex 7.62843 -6.5137 2
      vertex 7.68078 -6.58192 2
    endloop
  endfacet
  facet normal 0 0 1
    outer loop
      vertex 7.93179 5.28346 2
      vertex 7.15633 6.29406 2
      vertex 7.89888 5.20401 2
    endloop
  endfacet
  facet normal 0 0 1
    outer loop
      vertex 7.87202 -5 2
      vertex 7.56021 -6.46135 2
      vertex 7.62843 -6.5137 2
    endloop
  endfacet
  facet normal -0 0 1
    outer loop
      vertex 7.07107 6.28283 2
      vertex 7.89888 5.20401 2
      vertex 7.15633 6.29406 2
    endloop
  endfacet
  facet normal 0 0 1
    outer loop
      vertex 7.87202 -5 2
      vertex 7.46518 -6.38844 2
      vertex 7.56021 -6.46135 2
    endloop
  endfacet
  facet normal 0 0 1
    outer loop
      vertex 6.98581 6.29406 2
      vertex 7.89888 5.20401 2
      vertex 7.07107 6.28283 2
    endloop
  endfacet
  facet normal 0 0 1
    outer loop
      vertex 7.87202 -5 2
      vertex 7.38574 -6.35553 2
      vertex 7.46518 -6.38844 2
    endloop
  endfacet
  facet normal 0 0 1
    outer loop
      vertex 7.89888 5.20401 2
      vertex 6.98581 6.29406 2
      vertex 7.88324 5.08526 2
    endloop
  endfacet
  facet normal 0 0 1
    outer loop
      vertex 7.87202 -5 2
      vertex 7.27508 -6.30969 2
      vertex 7.38574 -6.35553 2
    endloop
  endfacet
  facet normal 0 0 1
    outer loop
      vertex 6.86706 6.30969 2
      vertex 7.88324 5.08526 2
      vertex 6.98581 6.29406 2
    endloop
  endfacet
  facet normal 0 0 1
    outer loop
      vertex 7.87202 -5 2
      vertex 7.15633 -6.29406 2
      vertex 7.27508 -6.30969 2
    endloop
  endfacet
  facet normal 0 0 1
    outer loop
      vertex 7.88324 5.08526 2
      vertex 6.86706 6.30969 2
      vertex 7.87202 5 2
    endloop
  endfacet
  facet normal 0 0 1
    outer loop
      vertex 7.87202 -5 2
      vertex 7.07107 -6.28283 2
      vertex 7.15633 -6.29406 2
    endloop
  endfacet
  facet normal 0 0 1
    outer loop
      vertex 6.7564 6.35553 2
      vertex 7.87202 5 2
      vertex 6.86706 6.30969 2
    endloop
  endfacet
  facet normal 0 0 1
    outer loop
      vertex 7.87202 -5 2
      vertex 6.98581 -6.29406 2
      vertex 7.07107 -6.28283 2
    endloop
  endfacet
  facet normal 0 0 1
    outer loop
      vertex 6.67695 6.38844 2
      vertex 7.87202 5 2
      vertex 6.7564 6.35553 2
    endloop
  endfacet
  facet normal 0 0 1
    outer loop
      vertex 7.87202 -5 2
      vertex 6.86706 -6.30969 2
      vertex 6.98581 -6.29406 2
    endloop
  endfacet
  facet normal 0 0 1
    outer loop
      vertex 3.16292 0.276719 2
      vertex 6.67695 6.38844 2
      vertex 6.58192 6.46135 2
    endloop
  endfacet
  facet normal 0 0 1
    outer loop
      vertex 7.87202 -5 2
      vertex 6.7564 -6.35553 2
      vertex 6.86706 -6.30969 2
    endloop
  endfacet
  facet normal 0 0 1
    outer loop
      vertex 3.16292 0.276719 2
      vertex 6.58192 6.46135 2
      vertex 6.5137 6.5137 2
    endloop
  endfacet
  facet normal 0 0 1
    outer loop
      vertex 7.88324 -4.91474 2
      vertex 6.7564 -6.35553 2
      vertex 7.87202 -5 2
    endloop
  endfacet
  facet normal 0 0 1
    outer loop
      vertex 6.67695 6.38844 2
      vertex 3.16292 0.276719 2
      vertex 7.87202 5 2
    endloop
  endfacet
  facet normal 0 -0 1
    outer loop
      vertex 6.7564 -6.35553 2
      vertex 7.88324 -4.91474 2
      vertex 6.67695 -6.38844 2
    endloop
  endfacet
  facet normal -0 0 1
    outer loop
      vertex 2.87753 -1.34181 2
      vertex 8.10289 -4.44263 2
      vertex 2.98352 -1.08591 2
    endloop
  endfacet
  facet normal 0 0 1
    outer loop
      vertex 7.89888 -4.79599 2
      vertex 6.67695 -6.38844 2
      vertex 7.88324 -4.91474 2
    endloop
  endfacet
  facet normal 0 0 1
    outer loop
      vertex 3.16292 0.276719 2
      vertex 6.5137 6.5137 2
      vertex 6.46135 6.58192 2
    endloop
  endfacet
  facet normal 0 0 1
    outer loop
      vertex 8.87102 -2.58819 2
      vertex 2.98352 -1.08591 2
      vertex 8.10289 -4.44263 2
    endloop
  endfacet
  facet normal 0 0 1
    outer loop
      vertex 3.16292 0.276719 2
      vertex 6.46135 6.58192 2
      vertex 6.38844 6.67695 2
    endloop
  endfacet
  facet normal 0 0 1
    outer loop
      vertex 8.05054 -4.51086 2
      vertex 2.87753 -1.34181 2
      vertex 7.97762 -4.60588 2
    endloop
  endfacet
  facet normal 0 0 1
    outer loop
      vertex 3.16292 0.276719 2
      vertex 6.38844 6.67695 2
      vertex 6.35553 6.7564 2
    endloop
  endfacet
  facet normal -0 0 1
    outer loop
      vertex 2.74963 -1.5875 2
      vertex 7.97762 -4.60588 2
      vertex 2.87753 -1.34181 2
    endloop
  endfacet
  facet normal 0 0 1
    outer loop
      vertex 3.16292 0.276719 2
      vertex 6.35553 6.7564 2
      vertex 6.30969 6.86706 2
    endloop
  endfacet
  facet normal -0 0 1
    outer loop
      vertex 2.60081 -1.82111 2
      vertex 7.97762 -4.60588 2
      vertex 2.74963 -1.5875 2
    endloop
  endfacet
  facet normal -0 0 1
    outer loop
      vertex 5.55737 8.10289 2
      vertex 6.38844 7.46518 2
      vertex 5.63028 8.19791 2
    endloop
  endfacet
  facet normal 0 0 1
    outer loop
      vertex 6.38844 7.46518 2
      vertex 5.55737 8.10289 2
      vertex 6.35553 7.38574 2
    endloop
  endfacet
  facet normal 0 0 1
    outer loop
      vertex 6.46135 7.56021 2
      vertex 5.63028 8.19791 2
      vertex 6.38844 7.46518 2
    endloop
  endfacet
  facet normal -0 0 1
    outer loop
      vertex 5.48914 8.05054 2
      vertex 6.35553 7.38574 2
      vertex 5.55737 8.10289 2
    endloop
  endfacet
  facet normal 0 0 1
    outer loop
      vertex 12.2352 -5.70535 2
      vertex 9.43726 -4.91474 2
      vertex 9.44849 -5 2
    endloop
  endfacet
  facet normal 0 0 1
    outer loop
      vertex 9.54051 -3.36079 2
      vertex 9.42163 -4.79599 2
      vertex 9.43726 -4.91474 2
    endloop
  endfacet
  facet normal 0 0 1
    outer loop
      vertex 9.54051 -3.36079 2
      vertex 9.38872 -4.71654 2
      vertex 9.42163 -4.79599 2
    endloop
  endfacet
  facet normal 0 0 1
    outer loop
      vertex 9.05437 -4.31737 2
      vertex 9.45525 -3.34957 2
      vertex 9.3758 -3.31666 2
    endloop
  endfacet
  facet normal 0 0 1
    outer loop
      vertex 9.54051 -3.36079 2
      vertex 9.34289 -4.60588 2
      vertex 9.38872 -4.71654 2
    endloop
  endfacet
  facet normal 0 0 1
    outer loop
      vertex 9.54051 -3.36079 2
      vertex 9.26997 -4.51086 2
      vertex 9.34289 -4.60588 2
    endloop
  endfacet
  facet normal 0 0 1
    outer loop
      vertex 8.97492 -4.28446 2
      vertex 9.3758 -3.31666 2
      vertex 9.26514 -3.27082 2
    endloop
  endfacet
  facet normal 0 0 1
    outer loop
      vertex 9.54051 -3.36079 2
      vertex 9.21762 -4.44263 2
      vertex 9.26997 -4.51086 2
    endloop
  endfacet
  facet normal 0 0 1
    outer loop
      vertex 8.86426 -4.23862 2
      vertex 9.26514 -3.27082 2
      vertex 9.19692 -3.21847 2
    endloop
  endfacet
  facet normal 0 0 1
    outer loop
      vertex 9.54051 -3.36079 2
      vertex 9.12259 -4.36972 2
      vertex 9.21762 -4.44263 2
    endloop
  endfacet
  facet normal 0 0 1
    outer loop
      vertex 8.74551 -4.22299 2
      vertex 9.19692 -3.21847 2
      vertex 9.10189 -3.14556 2
    endloop
  endfacet
  facet normal 0 0 1
    outer loop
      vertex 9.45525 -3.34957 2
      vertex 9.05437 -4.31737 2
      vertex 9.12259 -4.36972 2
    endloop
  endfacet
  facet normal 0 0 1
    outer loop
      vertex 8.575 -4.22299 2
      vertex 9.10189 -3.14556 2
      vertex 9.02898 -3.05053 2
    endloop
  endfacet
  facet normal 0 0 1
    outer loop
      vertex 8.45624 -4.23862 2
      vertex 9.02898 -3.05053 2
      vertex 8.97663 -2.98231 2
    endloop
  endfacet
  facet normal 0 0 1
    outer loop
      vertex 9.3758 -3.31666 2
      vertex 8.97492 -4.28446 2
      vertex 9.05437 -4.31737 2
    endloop
  endfacet
  facet normal 0 0 1
    outer loop
      vertex 8.45624 -4.23862 2
      vertex 8.97663 -2.98231 2
      vertex 8.93079 -2.87165 2
    endloop
  endfacet
  facet normal 0 0 1
    outer loop
      vertex 8.34558 -4.28446 2
      vertex 8.93079 -2.87165 2
      vertex 8.89788 -2.7922 2
    endloop
  endfacet
  facet normal 0 0 1
    outer loop
      vertex 8.26614 -4.31737 2
      vertex 8.89788 -2.7922 2
      vertex 8.88666 -2.70694 2
    endloop
  endfacet
  facet normal 0 0 1
    outer loop
      vertex 8.19791 -4.36972 2
      vertex 8.88666 -2.70694 2
      vertex 8.87102 -2.58819 2
    endloop
  endfacet
  facet normal 0 0 1
    outer loop
      vertex 9.26514 -3.27082 2
      vertex 8.86426 -4.23862 2
      vertex 8.97492 -4.28446 2
    endloop
  endfacet
  facet normal 0 0 1
    outer loop
      vertex 8.34558 4.28446 2
      vertex 8.93079 2.87165 2
      vertex 8.45624 4.23862 2
    endloop
  endfacet
  facet normal 0 0 1
    outer loop
      vertex 8.93079 2.87165 2
      vertex 8.34558 4.28446 2
      vertex 8.89788 2.7922 2
    endloop
  endfacet
  facet normal 0 0 1
    outer loop
      vertex 9.19692 -3.21847 2
      vertex 8.74551 -4.22299 2
      vertex 8.86426 -4.23862 2
    endloop
  endfacet
  facet normal 0 0 1
    outer loop
      vertex 8.26614 4.31737 2
      vertex 8.89788 2.7922 2
      vertex 8.34558 4.28446 2
    endloop
  endfacet
  facet normal 0 0 1
    outer loop
      vertex 9.10189 -3.14556 2
      vertex 8.66025 -4.21176 2
      vertex 8.74551 -4.22299 2
    endloop
  endfacet
  facet normal 0 0 1
    outer loop
      vertex 8.89788 2.7922 2
      vertex 8.26614 4.31737 2
      vertex 8.88666 2.70694 2
    endloop
  endfacet
  facet normal 0 0 1
    outer loop
      vertex 9.10189 -3.14556 2
      vertex 8.575 -4.22299 2
      vertex 8.66025 -4.21176 2
    endloop
  endfacet
  facet normal 0 0 1
    outer loop
      vertex 8.19791 4.36972 2
      vertex 8.88666 2.70694 2
      vertex 8.26614 4.31737 2
    endloop
  endfacet
  facet normal 0 0 1
    outer loop
      vertex 9.02898 -3.05053 2
      vertex 8.45624 -4.23862 2
      vertex 8.575 -4.22299 2
    endloop
  endfacet
  facet normal 0 0 1
    outer loop
      vertex 8.88666 2.70694 2
      vertex 8.19791 4.36972 2
      vertex 8.87102 2.58819 2
    endloop
  endfacet
  facet normal 0 0 1
    outer loop
      vertex 8.93079 -2.87165 2
      vertex 8.34558 -4.28446 2
      vertex 8.45624 -4.23862 2
    endloop
  endfacet
  facet normal 0 0 1
    outer loop
      vertex 8.10289 4.44263 2
      vertex 8.87102 2.58819 2
      vertex 8.19791 4.36972 2
    endloop
  endfacet
  facet normal 0 0 1
    outer loop
      vertex 8.89788 -2.7922 2
      vertex 8.26614 -4.31737 2
      vertex 8.34558 -4.28446 2
    endloop
  endfacet
  facet normal 0 0 1
    outer loop
      vertex 3.16292 0.276719 2
      vertex 8.10289 4.44263 2
      vertex 8.05054 4.51086 2
    endloop
  endfacet
  facet normal 0 0 1
    outer loop
      vertex 8.88666 -2.70694 2
      vertex 8.19791 -4.36972 2
      vertex 8.26614 -4.31737 2
    endloop
  endfacet
  facet normal 0 0 1
    outer loop
      vertex 3.16292 0.276719 2
      vertex 8.05054 4.51086 2
      vertex 7.97762 4.60588 2
    endloop
  endfacet
  facet normal 0 0 1
    outer loop
      vertex 8.87102 -2.58819 2
      vertex 8.10289 -4.44263 2
      vertex 8.19791 -4.36972 2
    endloop
  endfacet
  facet normal 0 0 1
    outer loop
      vertex 8.10289 4.44263 2
      vertex 3.16292 0.276719 2
      vertex 8.87102 2.58819 2
    endloop
  endfacet
  facet normal 0 0 1
    outer loop
      vertex 8.93079 -2.30473 2
      vertex 3.12676 -0.551332 2
      vertex 8.89788 -2.38418 2
    endloop
  endfacet
  facet normal 0 0 1
    outer loop
      vertex 8.97663 -2.19407 2
      vertex 3.12676 -0.551332 2
      vertex 8.93079 -2.30473 2
    endloop
  endfacet
  facet normal -0 0 1
    outer loop
      vertex 3.06681 -0.82175 2
      vertex 8.89788 -2.38418 2
      vertex 3.12676 -0.551332 2
    endloop
  endfacet
  facet normal 0 0 1
    outer loop
      vertex 3.16292 0.276719 2
      vertex 7.97762 4.60588 2
      vertex 7.93179 4.71654 2
    endloop
  endfacet
  facet normal -0 0 1
    outer loop
      vertex 2.98352 -1.08591 2
      vertex 8.89788 -2.38418 2
      vertex 3.06681 -0.82175 2
    endloop
  endfacet
  facet normal 0 0 1
    outer loop
      vertex 3.16292 0.276719 2
      vertex 7.93179 4.71654 2
      vertex 7.89888 4.79599 2
    endloop
  endfacet
  facet normal 0 0 1
    outer loop
      vertex 8.89788 -2.38418 2
      vertex 2.98352 -1.08591 2
      vertex 8.88666 -2.46944 2
    endloop
  endfacet
  facet normal 0 0 1
    outer loop
      vertex 3.16292 0.276719 2
      vertex 7.89888 4.79599 2
      vertex 7.88324 4.91474 2
    endloop
  endfacet
  facet normal 0 0 1
    outer loop
      vertex 8.88666 -2.46944 2
      vertex 2.98352 -1.08591 2
      vertex 8.87102 -2.58819 2
    endloop
  endfacet
  facet normal 0 0 1
    outer loop
      vertex 3.16292 0.276719 2
      vertex 7.88324 4.91474 2
      vertex 7.87202 5 2
    endloop
  endfacet
  facet normal 0 0 1
    outer loop
      vertex 8.10289 -4.44263 2
      vertex 2.87753 -1.34181 2
      vertex 8.05054 -4.51086 2
    endloop
  endfacet
  facet normal 0 0 1
    outer loop
      vertex 13.2949 -2.34425 2
      vertex 10.4319 -2.46944 2
      vertex 10.4475 -2.58819 2
    endloop
  endfacet
  facet normal 0 0 1
    outer loop
      vertex 10.5574 -0.557366 2
      vertex 10.4206 -2.38418 2
      vertex 10.4319 -2.46944 2
    endloop
  endfacet
  facet normal 0 0 1
    outer loop
      vertex 10.2895 -2.12585 2
      vertex 10.4891 -0.609716 2
      vertex 10.3941 -0.682631 2
    endloop
  endfacet
  facet normal 0 0 1
    outer loop
      vertex 10.5574 -0.557366 2
      vertex 10.3877 -2.30473 2
      vertex 10.4206 -2.38418 2
    endloop
  endfacet
  facet normal 0 0 1
    outer loop
      vertex 10.5574 -0.557366 2
      vertex 10.3419 -2.19407 2
      vertex 10.3877 -2.30473 2
    endloop
  endfacet
  facet normal 0 0 1
    outer loop
      vertex 10.2166 -2.03082 2
      vertex 10.3941 -0.682631 2
      vertex 10.3147 -0.71554 2
    endloop
  endfacet
  facet normal 0 0 1
    outer loop
      vertex 10.4891 -0.609716 2
      vertex 10.2895 -2.12585 2
      vertex 10.3419 -2.19407 2
    endloop
  endfacet
  facet normal 0 0 1
    outer loop
      vertex 10.3941 -0.682631 2
      vertex 10.2166 -2.03082 2
      vertex 10.2895 -2.12585 2
    endloop
  endfacet
  facet normal 0 0 1
    outer loop
      vertex 10.1216 -1.95791 2
      vertex 10.3147 -0.71554 2
      vertex 10.204 -0.761376 2
    endloop
  endfacet
  facet normal 0 0 1
    outer loop
      vertex 10.3147 -0.71554 2
      vertex 10.1216 -1.95791 2
      vertex 10.2166 -2.03082 2
    endloop
  endfacet
  facet normal 0 0 1
    outer loop
      vertex 10.0534 -1.90556 2
      vertex 10.204 -0.761376 2
      vertex 10.0853 -0.77701 2
    endloop
  endfacet
  facet normal 0 0 1
    outer loop
      vertex 10.204 -0.761376 2
      vertex 10.0534 -1.90556 2
      vertex 10.1216 -1.95791 2
    endloop
  endfacet
  facet normal 0 0 1
    outer loop
      vertex 9.94272 -1.85972 2
      vertex 10.0853 -0.77701 2
      vertex 10 -0.788235 2
    endloop
  endfacet
  facet normal 0 0 1
    outer loop
      vertex 10.0853 -0.77701 2
      vertex 9.94272 -1.85972 2
      vertex 10.0534 -1.90556 2
    endloop
  endfacet
  facet normal 0 0 1
    outer loop
      vertex 9.86327 -1.82681 2
      vertex 10 -0.788235 2
      vertex 9.91474 -0.77701 2
    endloop
  endfacet
  facet normal 0 0 1
    outer loop
      vertex 10 -0.788235 2
      vertex 9.86327 -1.82681 2
      vertex 9.94272 -1.85972 2
    endloop
  endfacet
  facet normal 0 0 1
    outer loop
      vertex 9.77801 -1.81559 2
      vertex 9.91474 -0.77701 2
      vertex 9.79599 -0.761376 2
    endloop
  endfacet
  facet normal 0 0 1
    outer loop
      vertex 9.91474 -0.77701 2
      vertex 9.77801 -1.81559 2
      vertex 9.86327 -1.82681 2
    endloop
  endfacet
  facet normal 0 0 1
    outer loop
      vertex 9.65926 -1.79995 2
      vertex 9.79599 -0.761376 2
      vertex 9.68533 -0.71554 2
    endloop
  endfacet
  facet normal 0 0 1
    outer loop
      vertex 9.79599 -0.761376 2
      vertex 9.65926 -1.79995 2
      vertex 9.77801 -1.81559 2
    endloop
  endfacet
  facet normal 0 0 1
    outer loop
      vertex 9.54051 -1.81559 2
      vertex 9.68533 -0.71554 2
      vertex 9.60588 -0.682631 2
    endloop
  endfacet
  facet normal 0 0 1
    outer loop
      vertex 9.68533 -0.71554 2
      vertex 9.54051 -1.81559 2
      vertex 9.65926 -1.79995 2
    endloop
  endfacet
  facet normal 0 0 1
    outer loop
      vertex 9.3758 -1.85972 2
      vertex 9.60588 -0.682631 2
      vertex 9.51086 -0.609716 2
    endloop
  endfacet
  facet normal 0 0 1
    outer loop
      vertex 9.60588 -0.682631 2
      vertex 9.45525 -1.82681 2
      vertex 9.54051 -1.81559 2
    endloop
  endfacet
  facet normal 0 0 1
    outer loop
      vertex 9.26514 -1.90556 2
      vertex 9.51086 -0.609716 2
      vertex 9.44263 -0.557366 2
    endloop
  endfacet
  facet normal 0 0 1
    outer loop
      vertex 9.26514 -1.90556 2
      vertex 9.44263 -0.557366 2
      vertex 9.39028 -0.489143 2
    endloop
  endfacet
  facet normal 0 0 1
    outer loop
      vertex 9.60588 -0.682631 2
      vertex 9.3758 -1.85972 2
      vertex 9.45525 -1.82681 2
    endloop
  endfacet
  facet normal 0 0 1
    outer loop
      vertex 9.19692 -1.95791 2
      vertex 9.39028 -0.489143 2
      vertex 9.31737 -0.394117 2
    endloop
  endfacet
  facet normal 0 0 1
    outer loop
      vertex 9.10189 -2.03082 2
      vertex 9.31737 -0.394117 2
      vertex 9.28446 -0.314669 2
    endloop
  endfacet
  facet normal 0 0 1
    outer loop
      vertex 9.51086 -0.609716 2
      vertex 9.26514 -1.90556 2
      vertex 9.3758 -1.85972 2
    endloop
  endfacet
  facet normal 0 0 1
    outer loop
      vertex 9.02898 -2.12585 2
      vertex 9.28446 -0.314669 2
      vertex 9.23862 -0.20401 2
    endloop
  endfacet
  facet normal 0 0 1
    outer loop
      vertex 3.16292 -0.276719 2
      vertex 9.21176 0 2
      vertex 3.175 0 2
    endloop
  endfacet
  facet normal 0 -0 1
    outer loop
      vertex 3.175 0 2
      vertex 9.21176 0 2
      vertex 3.16292 0.276719 2
    endloop
  endfacet
  facet normal 0 0 1
    outer loop
      vertex 9.39028 -0.489143 2
      vertex 9.19692 -1.95791 2
      vertex 9.26514 -1.90556 2
    endloop
  endfacet
  facet normal 0 0 1
    outer loop
      vertex 8.97663 2.19407 2
      vertex 9.23862 0.20401 2
      vertex 9.02898 2.12585 2
    endloop
  endfacet
  facet normal -0 0 1
    outer loop
      vertex 3.16292 0.276719 2
      vertex 9.23862 0.20401 2
      vertex 8.97663 2.19407 2
    endloop
  endfacet
  facet normal 0 0 1
    outer loop
      vertex 9.31737 -0.394117 2
      vertex 9.10189 -2.03082 2
      vertex 9.19692 -1.95791 2
    endloop
  endfacet
  facet normal 0 0 1
    outer loop
      vertex 3.16292 0.276719 2
      vertex 8.97663 2.19407 2
      vertex 8.93079 2.30473 2
    endloop
  endfacet
  facet normal 0 0 1
    outer loop
      vertex 9.28446 -0.314669 2
      vertex 9.02898 -2.12585 2
      vertex 9.10189 -2.03082 2
    endloop
  endfacet
  facet normal 0 0 1
    outer loop
      vertex 9.23862 0.20401 2
      vertex 3.16292 0.276719 2
      vertex 9.22299 0.0852579 2
    endloop
  endfacet
  facet normal 0 0 1
    outer loop
      vertex 9.23862 -0.20401 2
      vertex 8.97663 -2.19407 2
      vertex 9.02898 -2.12585 2
    endloop
  endfacet
  facet normal 0 0 1
    outer loop
      vertex 3.16292 0.276719 2
      vertex 8.93079 2.30473 2
      vertex 8.89788 2.38418 2
    endloop
  endfacet
  facet normal 0 0 1
    outer loop
      vertex 9.21176 0 2
      vertex 3.16292 -0.276719 2
      vertex 9.22299 -0.0852579 2
    endloop
  endfacet
  facet normal 0 0 1
    outer loop
      vertex 9.22299 0.0852579 2
      vertex 3.16292 0.276719 2
      vertex 9.21176 0 2
    endloop
  endfacet
  facet normal 0 0 1
    outer loop
      vertex 9.22299 -0.0852579 2
      vertex 3.16292 -0.276719 2
      vertex 9.23862 -0.20401 2
    endloop
  endfacet
  facet normal 0 0 1
    outer loop
      vertex 3.16292 0.276719 2
      vertex 8.89788 2.38418 2
      vertex 8.88666 2.46944 2
    endloop
  endfacet
  facet normal 0 0 1
    outer loop
      vertex 9.23862 -0.20401 2
      vertex 3.16292 -0.276719 2
      vertex 8.97663 -2.19407 2
    endloop
  endfacet
  facet normal 0 0 1
    outer loop
      vertex 3.16292 0.276719 2
      vertex 8.88666 2.46944 2
      vertex 8.87102 2.58819 2
    endloop
  endfacet
  facet normal -0 0 1
    outer loop
      vertex 3.12676 -0.551332 2
      vertex 8.97663 -2.19407 2
      vertex 3.16292 -0.276719 2
    endloop
  endfacet
  facet normal -0 0 1
    outer loop
      vertex 13.4192 1.4 2
      vertex 15.4 -1.4 2
      vertex 15.4 1.4 2
    endloop
  endfacet
  facet normal 0 0 1
    outer loop
      vertex 13.4192 1.4 2
      vertex 13.4192 -1.4 2
      vertex 15.4 -1.4 2
    endloop
  endfacet
  facet normal -0 0 1
    outer loop
      vertex 10.3877 2.30473 2
      vertex 13.4192 1.4 2
      vertex 13.2949 2.34425 2
    endloop
  endfacet
  facet normal 0 -0 1
    outer loop
      vertex 10.777 0.0852579 2
      vertex 13.4192 1.4 2
      vertex 10.7614 0.20401 2
    endloop
  endfacet
  facet normal -0 0 1
    outer loop
      vertex 10.4475 2.58819 2
      vertex 13.2949 2.34425 2
      vertex 13.04 3.49406 2
    endloop
  endfacet
  facet normal 0 -0 1
    outer loop
      vertex 10.7882 0 2
      vertex 13.4192 1.4 2
      vertex 10.777 0.0852579 2
    endloop
  endfacet
  facet normal 0 0 1
    outer loop
      vertex 10.3419 2.98231 2
      vertex 13.04 3.49406 2
      vertex 12.6859 4.61727 2
    endloop
  endfacet
  facet normal -0 0 1
    outer loop
      vertex 10.7614 -0.20401 2
      vertex 13.4192 -1.4 2
      vertex 10.777 -0.0852579 2
    endloop
  endfacet
  facet normal 0 0 1
    outer loop
      vertex 10.0534 3.27082 2
      vertex 12.6859 4.61727 2
      vertex 12.2352 5.70535 2
    endloop
  endfacet
  facet normal -0 0 1
    outer loop
      vertex 10.7155 -0.314669 2
      vertex 13.4192 -1.4 2
      vertex 10.7614 -0.20401 2
    endloop
  endfacet
  facet normal 0 0 1
    outer loop
      vertex 9.42163 5.20401 2
      vertex 12.2352 5.70535 2
      vertex 11.6913 6.75 2
    endloop
  endfacet
  facet normal -0 0 1
    outer loop
      vertex 10.6826 -0.394117 2
      vertex 13.4192 -1.4 2
      vertex 10.7155 -0.314669 2
    endloop
  endfacet
  facet normal 0 0 1
    outer loop
      vertex 9.21762 5.55737 2
      vertex 11.6913 6.75 2
      vertex 11.0586 7.74328 2
    endloop
  endfacet
  facet normal -0 0 1
    outer loop
      vertex 10.6097 -0.489143 2
      vertex 13.4192 -1.4 2
      vertex 10.6826 -0.394117 2
    endloop
  endfacet
  facet normal -0 0 1
    outer loop
      vertex 10.5574 -0.557366 2
      vertex 13.4192 -1.4 2
      vertex 10.6097 -0.489143 2
    endloop
  endfacet
  facet normal -0 0 1
    outer loop
      vertex 10.777 -0.0852579 2
      vertex 13.4192 -1.4 2
      vertex 10.7882 0 2
    endloop
  endfacet
  facet normal 0 0 1
    outer loop
      vertex 13.4192 1.4 2
      vertex 10.7882 0 2
      vertex 13.4192 -1.4 2
    endloop
  endfacet
  facet normal 0 0 1
    outer loop
      vertex 13.2949 2.34425 2
      vertex 10.4475 2.58819 2
      vertex 10.4319 2.46944 2
    endloop
  endfacet
  facet normal 0 0 1
    outer loop
      vertex 13.4192 1.4 2
      vertex 10.7155 0.314669 2
      vertex 10.7614 0.20401 2
    endloop
  endfacet
  facet normal 0 0 1
    outer loop
      vertex 13.2949 2.34425 2
      vertex 10.4319 2.46944 2
      vertex 10.4206 2.38418 2
    endloop
  endfacet
  facet normal 0 0 1
    outer loop
      vertex 13.4192 1.4 2
      vertex 10.6826 0.394117 2
      vertex 10.7155 0.314669 2
    endloop
  endfacet
  facet normal 0 0 1
    outer loop
      vertex 10.3877 2.30473 2
      vertex 13.2949 2.34425 2
      vertex 10.4206 2.38418 2
    endloop
  endfacet
  facet normal 0 0 1
    outer loop
      vertex 13.4192 1.4 2
      vertex 10.6097 0.489143 2
      vertex 10.6826 0.394117 2
    endloop
  endfacet
  facet normal 0 0 1
    outer loop
      vertex 13.04 3.49406 2
      vertex 10.4319 2.70694 2
      vertex 10.4475 2.58819 2
    endloop
  endfacet
  facet normal 0 0 1
    outer loop
      vertex 13.04 3.49406 2
      vertex 10.4206 2.7922 2
      vertex 10.4319 2.70694 2
    endloop
  endfacet
  facet normal 0 0 1
    outer loop
      vertex 13.04 3.49406 2
      vertex 10.3877 2.87165 2
      vertex 10.4206 2.7922 2
    endloop
  endfacet
  facet normal 0 0 1
    outer loop
      vertex 13.04 3.49406 2
      vertex 10.3419 2.98231 2
      vertex 10.3877 2.87165 2
    endloop
  endfacet
  facet normal 0 0 1
    outer loop
      vertex 8.86426 5.76138 2
      vertex 11.0586 7.74328 2
      vertex 10.3416 8.67763 2
    endloop
  endfacet
  facet normal 0 0 1
    outer loop
      vertex 12.2352 5.70535 2
      vertex 9.42163 5.20401 2
      vertex 9.43726 5.08526 2
    endloop
  endfacet
  facet normal 0 0 1
    outer loop
      vertex 12.6859 4.61727 2
      vertex 10.2895 3.05053 2
      vertex 10.3419 2.98231 2
    endloop
  endfacet
  facet normal 0 0 1
    outer loop
      vertex 12.2352 5.70535 2
      vertex 9.43726 5.08526 2
      vertex 9.44849 5 2
    endloop
  endfacet
  facet normal 0 0 1
    outer loop
      vertex 9.43726 4.91474 2
      vertex 12.2352 5.70535 2
      vertex 9.44849 5 2
    endloop
  endfacet
  facet normal 0 0 1
    outer loop
      vertex 12.6859 4.61727 2
      vertex 10.1216 3.21847 2
      vertex 10.2166 3.14556 2
    endloop
  endfacet
  facet normal 0 0 1
    outer loop
      vertex 12.6859 4.61727 2
      vertex 10.0534 3.27082 2
      vertex 10.1216 3.21847 2
    endloop
  endfacet
  facet normal 0 0 1
    outer loop
      vertex 12.2352 5.70535 2
      vertex 9.42163 4.79599 2
      vertex 10.0534 3.27082 2
    endloop
  endfacet
  facet normal -0 0 1
    outer loop
      vertex 9.38872 4.71654 2
      vertex 10.0534 3.27082 2
      vertex 9.42163 4.79599 2
    endloop
  endfacet
  facet normal 0 0 1
    outer loop
      vertex 7.7537 7.46518 2
      vertex 10.3416 8.67763 2
      vertex 9.54594 9.54594 2
    endloop
  endfacet
  facet normal 0 0 1
    outer loop
      vertex 10.0534 3.27082 2
      vertex 9.38872 4.71654 2
      vertex 9.94272 3.31666 2
    endloop
  endfacet
  facet normal -0 0 1
    outer loop
      vertex 9.34289 4.60588 2
      vertex 9.94272 3.31666 2
      vertex 9.38872 4.71654 2
    endloop
  endfacet
  facet normal 0 0 1
    outer loop
      vertex 9.94272 3.31666 2
      vertex 9.34289 4.60588 2
      vertex 9.86327 3.34957 2
    endloop
  endfacet
  facet normal 0 0 1
    outer loop
      vertex 9.42163 4.79599 2
      vertex 12.2352 5.70535 2
      vertex 9.43726 4.91474 2
    endloop
  endfacet
  facet normal 0 0 1
    outer loop
      vertex 12.6859 4.61727 2
      vertex 10.2166 3.14556 2
      vertex 10.2895 3.05053 2
    endloop
  endfacet
  facet normal 0 0 1
    outer loop
      vertex 11.6913 6.75 2
      vertex 9.38872 5.28346 2
      vertex 9.42163 5.20401 2
    endloop
  endfacet
  facet normal 0 0 1
    outer loop
      vertex 11.6913 6.75 2
      vertex 9.34289 5.39412 2
      vertex 9.38872 5.28346 2
    endloop
  endfacet
  facet normal 0 0 1
    outer loop
      vertex 11.6913 6.75 2
      vertex 9.26997 5.48914 2
      vertex 9.34289 5.39412 2
    endloop
  endfacet
  facet normal 0 0 1
    outer loop
      vertex 11.6913 6.75 2
      vertex 9.21762 5.55737 2
      vertex 9.26997 5.48914 2
    endloop
  endfacet
  facet normal 0 0 1
    outer loop
      vertex 11.0586 7.74328 2
      vertex 9.12259 5.63028 2
      vertex 9.21762 5.55737 2
    endloop
  endfacet
  facet normal 0 0 1
    outer loop
      vertex 11.0586 7.74328 2
      vertex 9.05437 5.68263 2
      vertex 9.12259 5.63028 2
    endloop
  endfacet
  facet normal 0 -0 1
    outer loop
      vertex 7.84808 7.15633 2
      vertex 10.3416 8.67763 2
      vertex 7.83244 7.27508 2
    endloop
  endfacet
  facet normal 0 0 1
    outer loop
      vertex 11.0586 7.74328 2
      vertex 8.97492 5.71554 2
      vertex 9.05437 5.68263 2
    endloop
  endfacet
  facet normal 0 -0 1
    outer loop
      vertex 7.8593 7.07107 2
      vertex 10.3416 8.67763 2
      vertex 7.84808 7.15633 2
    endloop
  endfacet
  facet normal 0 0 1
    outer loop
      vertex 7.46518 7.7537 2
      vertex 9.54594 9.54594 2
      vertex 8.67763 10.3416 2
    endloop
  endfacet
  facet normal 0 0 1
    outer loop
      vertex 11.0586 7.74328 2
      vertex 8.86426 5.76138 2
      vertex 8.97492 5.71554 2
    endloop
  endfacet
  facet normal 0 0 1
    outer loop
      vertex 10.3416 8.67763 2
      vertex 7.8593 7.07107 2
      vertex 8.86426 5.76138 2
    endloop
  endfacet
  facet normal -0 0 1
    outer loop
      vertex 7.84808 6.98581 2
      vertex 8.86426 5.76138 2
      vertex 7.8593 7.07107 2
    endloop
  endfacet
  facet normal 0 0 1
    outer loop
      vertex 8.86426 5.76138 2
      vertex 7.84808 6.98581 2
      vertex 8.74551 5.77701 2
    endloop
  endfacet
  facet normal 0 0 1
    outer loop
      vertex 8.74551 5.77701 2
      vertex 7.83244 6.86706 2
      vertex 8.66025 5.78823 2
    endloop
  endfacet
  facet normal -0 0 1
    outer loop
      vertex 7.78661 6.7564 2
      vertex 8.575 5.77701 2
      vertex 7.83244 6.86706 2
    endloop
  endfacet
  facet normal 0 0 1
    outer loop
      vertex 8.575 5.77701 2
      vertex 7.78661 6.7564 2
      vertex 8.45624 5.76138 2
    endloop
  endfacet
  facet normal -0 0 1
    outer loop
      vertex 7.7537 6.67695 2
      vertex 8.45624 5.76138 2
      vertex 7.78661 6.7564 2
    endloop
  endfacet
  facet normal 0 0 1
    outer loop
      vertex 8.45624 5.76138 2
      vertex 7.7537 6.67695 2
      vertex 8.34558 5.71554 2
    endloop
  endfacet
  facet normal -0 0 1
    outer loop
      vertex 7.68078 6.58192 2
      vertex 8.34558 5.71554 2
      vertex 7.7537 6.67695 2
    endloop
  endfacet
  facet normal 0 0 1
    outer loop
      vertex 8.34558 5.71554 2
      vertex 7.68078 6.58192 2
      vertex 8.26614 5.68263 2
    endloop
  endfacet
  facet normal 0 0 1
    outer loop
      vertex 8.19791 5.63028 2
      vertex 7.56021 6.46135 2
      vertex 8.10289 5.55737 2
    endloop
  endfacet
  facet normal -0 0 1
    outer loop
      vertex 7.56021 6.46135 2
      vertex 8.19791 5.63028 2
      vertex 7.62843 6.5137 2
    endloop
  endfacet
  facet normal 0 0 1
    outer loop
      vertex 8.26614 5.68263 2
      vertex 7.62843 6.5137 2
      vertex 8.19791 5.63028 2
    endloop
  endfacet
  facet normal -0 0 1
    outer loop
      vertex 7.62843 6.5137 2
      vertex 8.26614 5.68263 2
      vertex 7.68078 6.58192 2
    endloop
  endfacet
  facet normal 0 0 1
    outer loop
      vertex 8.66025 5.78823 2
      vertex 7.83244 6.86706 2
      vertex 8.575 5.77701 2
    endloop
  endfacet
  facet normal -0 0 1
    outer loop
      vertex 7.83244 6.86706 2
      vertex 8.74551 5.77701 2
      vertex 7.84808 6.98581 2
    endloop
  endfacet
  facet normal 0 0 1
    outer loop
      vertex 10.3416 8.67763 2
      vertex 7.78661 7.38574 2
      vertex 7.83244 7.27508 2
    endloop
  endfacet
  facet normal 0 0 1
    outer loop
      vertex 10.3416 8.67763 2
      vertex 7.7537 7.46518 2
      vertex 7.78661 7.38574 2
    endloop
  endfacet
  facet normal 0 0 1
    outer loop
      vertex 7.07107 7.8593 2
      vertex 8.67763 10.3416 2
      vertex 7.74328 11.0586 2
    endloop
  endfacet
  facet normal 0 0 1
    outer loop
      vertex 9.54594 9.54594 2
      vertex 7.68078 7.56021 2
      vertex 7.7537 7.46518 2
    endloop
  endfacet
  facet normal 0 0 1
    outer loop
      vertex 9.54594 9.54594 2
      vertex 7.62843 7.62843 2
      vertex 7.68078 7.56021 2
    endloop
  endfacet
  facet normal 0 0 1
    outer loop
      vertex 9.54594 9.54594 2
      vertex 7.56021 7.68078 2
      vertex 7.62843 7.62843 2
    endloop
  endfacet
  facet normal 0 0 1
    outer loop
      vertex 9.54594 9.54594 2
      vertex 7.46518 7.7537 2
      vertex 7.56021 7.68078 2
    endloop
  endfacet
  facet normal 0 0 1
    outer loop
      vertex 8.67763 10.3416 2
      vertex 7.38574 7.78661 2
      vertex 7.46518 7.7537 2
    endloop
  endfacet
  facet normal 0 0 1
    outer loop
      vertex 8.67763 10.3416 2
      vertex 7.27508 7.83244 2
      vertex 7.38574 7.78661 2
    endloop
  endfacet
  facet normal 0 0 1
    outer loop
      vertex 8.67763 10.3416 2
      vertex 7.15633 7.84808 2
      vertex 7.27508 7.83244 2
    endloop
  endfacet
  facet normal 0 0 1
    outer loop
      vertex 8.67763 10.3416 2
      vertex 7.07107 7.8593 2
      vertex 7.15633 7.84808 2
    endloop
  endfacet
  facet normal -0 0 1
    outer loop
      vertex 5.76138 8.86426 2
      vertex 7.07107 7.8593 2
      vertex 7.74328 11.0586 2
    endloop
  endfacet
  facet normal 0 0 1
    outer loop
      vertex 7.07107 7.8593 2
      vertex 5.76138 8.86426 2
      vertex 6.98581 7.84808 2
    endloop
  endfacet
  facet normal -0 -0 1
    outer loop
      vertex 5.77701 8.74551 2
      vertex 6.98581 7.84808 2
      vertex 5.76138 8.86426 2
    endloop
  endfacet
  facet normal 0 0 1
    outer loop
      vertex 5.55737 9.21762 2
      vertex 7.74328 11.0586 2
      vertex 6.75 11.6913 2
    endloop
  endfacet
  facet normal 0 0 1
    outer loop
      vertex 6.98581 7.84808 2
      vertex 5.77701 8.74551 2
      vertex 6.86706 7.83244 2
    endloop
  endfacet
  facet normal -0 -0 1
    outer loop
      vertex 5.78823 8.66025 2
      vertex 6.86706 7.83244 2
      vertex 5.77701 8.74551 2
    endloop
  endfacet
  facet normal -0 0 1
    outer loop
      vertex 5.77701 8.575 2
      vertex 6.86706 7.83244 2
      vertex 5.78823 8.66025 2
    endloop
  endfacet
  facet normal 0 0 1
    outer loop
      vertex 6.86706 7.83244 2
      vertex 5.77701 8.575 2
      vertex 6.7564 7.78661 2
    endloop
  endfacet
  facet normal -0 0 1
    outer loop
      vertex 5.76138 8.45624 2
      vertex 6.7564 7.78661 2
      vertex 5.77701 8.575 2
    endloop
  endfacet
  facet normal 0 0 1
    outer loop
      vertex 6.7564 7.78661 2
      vertex 5.76138 8.45624 2
      vertex 6.67695 7.7537 2
    endloop
  endfacet
  facet normal 0 0 1
    outer loop
      vertex 6.67695 7.7537 2
      vertex 5.76138 8.45624 2
      vertex 6.58192 7.68078 2
    endloop
  endfacet
  facet normal -0 0 1
    outer loop
      vertex 5.68263 8.26614 2
      vertex 6.5137 7.62843 2
      vertex 5.71554 8.34558 2
    endloop
  endfacet
  facet normal 0 0 1
    outer loop
      vertex 6.5137 7.62843 2
      vertex 5.68263 8.26614 2
      vertex 6.46135 7.56021 2
    endloop
  endfacet
  facet normal 0 0 1
    outer loop
      vertex 6.30969 -6.86706 2
      vertex 5.78823 -8.66025 2
      vertex 6.29406 -6.98581 2
    endloop
  endfacet
  facet normal -0 0 1
    outer loop
      vertex 5.63028 8.19791 2
      vertex 6.46135 7.56021 2
      vertex 5.68263 8.26614 2
    endloop
  endfacet
  facet normal 0 0 1
    outer loop
      vertex 6.58192 7.68078 2
      vertex 5.71554 8.34558 2
      vertex 6.5137 7.62843 2
    endloop
  endfacet
  facet normal -0 0 1
    outer loop
      vertex 5.71554 8.34558 2
      vertex 6.58192 7.68078 2
      vertex 5.76138 8.45624 2
    endloop
  endfacet
  facet normal 0 0 1
    outer loop
      vertex 7.74328 11.0586 2
      vertex 5.71554 8.97492 2
      vertex 5.76138 8.86426 2
    endloop
  endfacet
  facet normal 0 0 1
    outer loop
      vertex 5.20401 9.42163 2
      vertex 6.75 11.6913 2
      vertex 5.70535 12.2352 2
    endloop
  endfacet
  facet normal 0 0 1
    outer loop
      vertex 7.74328 11.0586 2
      vertex 5.68263 9.05437 2
      vertex 5.71554 8.97492 2
    endloop
  endfacet
  facet normal 0 0 1
    outer loop
      vertex 7.74328 11.0586 2
      vertex 5.63028 9.12259 2
      vertex 5.68263 9.05437 2
    endloop
  endfacet
  facet normal 0 0 1
    outer loop
      vertex 7.74328 11.0586 2
      vertex 5.55737 9.21762 2
      vertex 5.63028 9.12259 2
    endloop
  endfacet
  facet normal 0 0 1
    outer loop
      vertex 6.75 11.6913 2
      vertex 5.48914 9.26997 2
      vertex 5.55737 9.21762 2
    endloop
  endfacet
  facet normal 0 0 1
    outer loop
      vertex 6.75 11.6913 2
      vertex 5.39412 9.34289 2
      vertex 5.48914 9.26997 2
    endloop
  endfacet
  facet normal 0 0 1
    outer loop
      vertex 6.75 11.6913 2
      vertex 5.28346 9.38872 2
      vertex 5.39412 9.34289 2
    endloop
  endfacet
  facet normal 0 0 1
    outer loop
      vertex 6.75 11.6913 2
      vertex 5.20401 9.42163 2
      vertex 5.28346 9.38872 2
    endloop
  endfacet
  facet normal 0 0 1
    outer loop
      vertex 5.70535 12.2352 2
      vertex 5.08526 9.43726 2
      vertex 5.20401 9.42163 2
    endloop
  endfacet
  facet normal 0 0 1
    outer loop
      vertex 5.70535 12.2352 2
      vertex 5 9.44849 2
      vertex 5.08526 9.43726 2
    endloop
  endfacet
  facet normal 0 0 1
    outer loop
      vertex 5.70535 12.2352 2
      vertex 4.91474 9.43726 2
      vertex 5 9.44849 2
    endloop
  endfacet
  facet normal 0 0 1
    outer loop
      vertex 5.70535 12.2352 2
      vertex 4.79599 9.42163 2
      vertex 4.91474 9.43726 2
    endloop
  endfacet
  facet normal 0 0 1
    outer loop
      vertex 4.61727 12.6859 2
      vertex 4.79599 9.42163 2
      vertex 5.70535 12.2352 2
    endloop
  endfacet
  facet normal -0 0 1
    outer loop
      vertex 3.34957 9.86327 2
      vertex 4.79599 9.42163 2
      vertex 4.61727 12.6859 2
    endloop
  endfacet
  facet normal 0 0 1
    outer loop
      vertex 4.79599 9.42163 2
      vertex 3.34957 9.86327 2
      vertex 4.71654 9.38872 2
    endloop
  endfacet
  facet normal 0 0 1
    outer loop
      vertex 4.71654 9.38872 2
      vertex 3.34957 9.86327 2
      vertex 4.60588 9.34289 2
    endloop
  endfacet
  facet normal -0 -0 1
    outer loop
      vertex 3.36079 9.77801 2
      vertex 4.60588 9.34289 2
      vertex 3.34957 9.86327 2
    endloop
  endfacet
  facet normal 0 0 1
    outer loop
      vertex 4.60588 9.34289 2
      vertex 3.36079 9.77801 2
      vertex 4.51086 9.26997 2
    endloop
  endfacet
  facet normal -0 -0 1
    outer loop
      vertex 3.37642 9.65926 2
      vertex 4.51086 9.26997 2
      vertex 3.36079 9.77801 2
    endloop
  endfacet
  facet normal 0 0 1
    outer loop
      vertex 4.51086 9.26997 2
      vertex 3.37642 9.65926 2
      vertex 4.44263 9.21762 2
    endloop
  endfacet
  facet normal 0 0 1
    outer loop
      vertex 4.44263 9.21762 2
      vertex 3.37642 9.65926 2
      vertex 4.36972 9.12259 2
    endloop
  endfacet
  facet normal -0 0 1
    outer loop
      vertex 3.36079 9.54051 2
      vertex 4.36972 9.12259 2
      vertex 3.37642 9.65926 2
    endloop
  endfacet
  facet normal 0 0 1
    outer loop
      vertex 4.36972 9.12259 2
      vertex 3.36079 9.54051 2
      vertex 4.31737 9.05437 2
    endloop
  endfacet
  facet normal 0 0 1
    outer loop
      vertex 4.31737 9.05437 2
      vertex 3.36079 9.54051 2
      vertex 4.28446 8.97492 2
    endloop
  endfacet
  facet normal 0 0 1
    outer loop
      vertex 3.34957 9.86327 2
      vertex 4.61727 12.6859 2
      vertex 3.49406 13.04 2
    endloop
  endfacet
  facet normal -0 0 1
    outer loop
      vertex 10.4206 -2.7922 2
      vertex 13.04 -3.49406 2
      vertex 10.4319 -2.70694 2
    endloop
  endfacet
  facet normal -0 0 1
    outer loop
      vertex 10.3877 -2.87165 2
      vertex 13.04 -3.49406 2
      vertex 10.4206 -2.7922 2
    endloop
  endfacet
  facet normal 0 0 1
    outer loop
      vertex 13.2949 -2.34425 2
      vertex 10.4475 -2.58819 2
      vertex 13.04 -3.49406 2
    endloop
  endfacet
  facet normal -0 0 1
    outer loop
      vertex 10.4319 -2.70694 2
      vertex 13.04 -3.49406 2
      vertex 10.4475 -2.58819 2
    endloop
  endfacet
  facet normal 0 0 1
    outer loop
      vertex 10.4319 -2.46944 2
      vertex 13.4192 -1.4 2
      vertex 10.5574 -0.557366 2
    endloop
  endfacet
  facet normal 0 0 1
    outer loop
      vertex 10.4319 -2.46944 2
      vertex 13.2949 -2.34425 2
      vertex 13.4192 -1.4 2
    endloop
  endfacet
  facet normal 0 0 1
    outer loop
      vertex 10.3419 -2.19407 2
      vertex 10.5574 -0.557366 2
      vertex 10.4891 -0.609716 2
    endloop
  endfacet
  facet normal -0 0 1
    outer loop
      vertex 10.3419 -2.98231 2
      vertex 13.04 -3.49406 2
      vertex 10.3877 -2.87165 2
    endloop
  endfacet
  facet normal 0 0 1
    outer loop
      vertex 13.04 -3.49406 2
      vertex 10.3419 -2.98231 2
      vertex 12.6859 -4.61727 2
    endloop
  endfacet
  facet normal -0 0 1
    outer loop
      vertex 10.2895 -3.05053 2
      vertex 12.6859 -4.61727 2
      vertex 10.3419 -2.98231 2
    endloop
  endfacet
  facet normal -0 0 1
    outer loop
      vertex 10.2166 -3.14556 2
      vertex 12.6859 -4.61727 2
      vertex 10.2895 -3.05053 2
    endloop
  endfacet
  facet normal -0 0 1
    outer loop
      vertex 10.1216 -3.21847 2
      vertex 12.6859 -4.61727 2
      vertex 10.2166 -3.14556 2
    endloop
  endfacet
  facet normal -0 0 1
    outer loop
      vertex 10.0534 -3.27082 2
      vertex 12.6859 -4.61727 2
      vertex 10.1216 -3.21847 2
    endloop
  endfacet
  facet normal -0 0 1
    outer loop
      vertex 9.43726 -5.08526 2
      vertex 12.2352 -5.70535 2
      vertex 9.44849 -5 2
    endloop
  endfacet
  facet normal -0 0 1
    outer loop
      vertex 9.42163 -5.20401 2
      vertex 12.2352 -5.70535 2
      vertex 9.43726 -5.08526 2
    endloop
  endfacet
  facet normal 0 0 1
    outer loop
      vertex 12.6859 -4.61727 2
      vertex 10.0534 -3.27082 2
      vertex 12.2352 -5.70535 2
    endloop
  endfacet
  facet normal -0 0 1
    outer loop
      vertex 9.43726 -4.91474 2
      vertex 12.2352 -5.70535 2
      vertex 10.0534 -3.27082 2
    endloop
  endfacet
  facet normal 0 0 1
    outer loop
      vertex 9.43726 -4.91474 2
      vertex 10.0534 -3.27082 2
      vertex 9.94272 -3.31666 2
    endloop
  endfacet
  facet normal 0 0 1
    outer loop
      vertex 9.43726 -4.91474 2
      vertex 9.94272 -3.31666 2
      vertex 9.86327 -3.34957 2
    endloop
  endfacet
  facet normal 0 0 1
    outer loop
      vertex 9.43726 -4.91474 2
      vertex 9.86327 -3.34957 2
      vertex 9.77801 -3.36079 2
    endloop
  endfacet
  facet normal 0 0 1
    outer loop
      vertex 9.43726 -4.91474 2
      vertex 9.77801 -3.36079 2
      vertex 9.65926 -3.37642 2
    endloop
  endfacet
  facet normal 0 0 1
    outer loop
      vertex 12.2352 -5.70535 2
      vertex 9.42163 -5.20401 2
      vertex 11.6913 -6.75 2
    endloop
  endfacet
  facet normal 0 0 1
    outer loop
      vertex 9.43726 -4.91474 2
      vertex 9.65926 -3.37642 2
      vertex 9.54051 -3.36079 2
    endloop
  endfacet
  facet normal 0 0 1
    outer loop
      vertex 9.12259 -4.36972 2
      vertex 9.54051 -3.36079 2
      vertex 9.45525 -3.34957 2
    endloop
  endfacet
  facet normal -0 0 1
    outer loop
      vertex 9.38872 -5.28346 2
      vertex 11.6913 -6.75 2
      vertex 9.42163 -5.20401 2
    endloop
  endfacet
  facet normal -0 0 1
    outer loop
      vertex 9.34289 -5.39412 2
      vertex 11.6913 -6.75 2
      vertex 9.38872 -5.28346 2
    endloop
  endfacet
  facet normal -0 0 1
    outer loop
      vertex 9.26997 -5.48914 2
      vertex 11.6913 -6.75 2
      vertex 9.34289 -5.39412 2
    endloop
  endfacet
  facet normal -0 0 1
    outer loop
      vertex 9.21762 -5.55737 2
      vertex 11.6913 -6.75 2
      vertex 9.26997 -5.48914 2
    endloop
  endfacet
  facet normal 0 0 1
    outer loop
      vertex 11.6913 -6.75 2
      vertex 9.21762 -5.55737 2
      vertex 11.0586 -7.74328 2
    endloop
  endfacet
  facet normal -0 0 1
    outer loop
      vertex 9.12259 -5.63028 2
      vertex 11.0586 -7.74328 2
      vertex 9.21762 -5.55737 2
    endloop
  endfacet
  facet normal -0 0 1
    outer loop
      vertex 9.05437 -5.68263 2
      vertex 11.0586 -7.74328 2
      vertex 9.12259 -5.63028 2
    endloop
  endfacet
  facet normal -0 0 1
    outer loop
      vertex 8.97492 -5.71554 2
      vertex 11.0586 -7.74328 2
      vertex 9.05437 -5.68263 2
    endloop
  endfacet
  facet normal -0 0 1
    outer loop
      vertex 8.86426 -5.76138 2
      vertex 11.0586 -7.74328 2
      vertex 8.97492 -5.71554 2
    endloop
  endfacet
  facet normal 0 0 1
    outer loop
      vertex 11.0586 -7.74328 2
      vertex 8.86426 -5.76138 2
      vertex 10.3416 -8.67763 2
    endloop
  endfacet
  facet normal -0 0 1
    outer loop
      vertex 7.8593 -7.07107 2
      vertex 10.3416 -8.67763 2
      vertex 8.86426 -5.76138 2
    endloop
  endfacet
  facet normal 0 0 1
    outer loop
      vertex 7.8593 -7.07107 2
      vertex 8.86426 -5.76138 2
      vertex 8.74551 -5.77701 2
    endloop
  endfacet
  facet normal -0 0 1
    outer loop
      vertex 7.78661 -7.38574 2
      vertex 10.3416 -8.67763 2
      vertex 7.83244 -7.27508 2
    endloop
  endfacet
  facet normal 0 0 1
    outer loop
      vertex 7.8593 -7.07107 2
      vertex 8.74551 -5.77701 2
      vertex 8.66025 -5.78823 2
    endloop
  endfacet
  facet normal 0 0 1
    outer loop
      vertex 7.8593 -7.07107 2
      vertex 8.66025 -5.78823 2
      vertex 8.575 -5.77701 2
    endloop
  endfacet
  facet normal 0 0 1
    outer loop
      vertex 7.8593 -7.07107 2
      vertex 8.575 -5.77701 2
      vertex 8.45624 -5.76138 2
    endloop
  endfacet
  facet normal 0 0 1
    outer loop
      vertex 7.8593 -7.07107 2
      vertex 8.45624 -5.76138 2
      vertex 8.34558 -5.71554 2
    endloop
  endfacet
  facet normal 0 0 1
    outer loop
      vertex 7.8593 -7.07107 2
      vertex 8.34558 -5.71554 2
      vertex 8.26614 -5.68263 2
    endloop
  endfacet
  facet normal 0 0 1
    outer loop
      vertex 7.8593 -7.07107 2
      vertex 8.26614 -5.68263 2
      vertex 8.19791 -5.63028 2
    endloop
  endfacet
  facet normal 0 0 1
    outer loop
      vertex 7.8593 -7.07107 2
      vertex 8.19791 -5.63028 2
      vertex 8.10289 -5.55737 2
    endloop
  endfacet
  facet normal 0 0 1
    outer loop
      vertex 7.8593 -7.07107 2
      vertex 8.10289 -5.55737 2
      vertex 8.05054 -5.48914 2
    endloop
  endfacet
  facet normal 0 0 1
    outer loop
      vertex 7.8593 -7.07107 2
      vertex 8.05054 -5.48914 2
      vertex 7.97762 -5.39412 2
    endloop
  endfacet
  facet normal 0 0 1
    outer loop
      vertex 7.8593 -7.07107 2
      vertex 7.97762 -5.39412 2
      vertex 7.93179 -5.28346 2
    endloop
  endfacet
  facet normal 0 0 1
    outer loop
      vertex 7.8593 -7.07107 2
      vertex 7.93179 -5.28346 2
      vertex 7.89888 -5.20401 2
    endloop
  endfacet
  facet normal -0 0 1
    outer loop
      vertex 7.46518 6.38844 2
      vertex 8.10289 5.55737 2
      vertex 7.56021 6.46135 2
    endloop
  endfacet
  facet normal 0 0 1
    outer loop
      vertex 7.8593 -7.07107 2
      vertex 7.88324 -5.08526 2
      vertex 7.87202 -5 2
    endloop
  endfacet
  facet normal 0 0 1
    outer loop
      vertex 7.8593 -7.07107 2
      vertex 7.89888 -5.20401 2
      vertex 7.88324 -5.08526 2
    endloop
  endfacet
  facet normal 0 0 1
    outer loop
      vertex 10.3416 -8.67763 2
      vertex 7.8593 -7.07107 2
      vertex 7.84808 -7.15633 2
    endloop
  endfacet
  facet normal 0 0 1
    outer loop
      vertex 10.3416 -8.67763 2
      vertex 7.84808 -7.15633 2
      vertex 7.83244 -7.27508 2
    endloop
  endfacet
  facet normal -0 0 1
    outer loop
      vertex 7.7537 -7.46518 2
      vertex 10.3416 -8.67763 2
      vertex 7.78661 -7.38574 2
    endloop
  endfacet
  facet normal 0 0 1
    outer loop
      vertex 10.3416 -8.67763 2
      vertex 7.7537 -7.46518 2
      vertex 9.54594 -9.54594 2
    endloop
  endfacet
  facet normal -0 0 1
    outer loop
      vertex 7.68078 -7.56021 2
      vertex 9.54594 -9.54594 2
      vertex 7.7537 -7.46518 2
    endloop
  endfacet
  facet normal -0 0 1
    outer loop
      vertex 7.62843 -7.62843 2
      vertex 9.54594 -9.54594 2
      vertex 7.68078 -7.56021 2
    endloop
  endfacet
  facet normal -0 0 1
    outer loop
      vertex 7.56021 -7.68078 2
      vertex 9.54594 -9.54594 2
      vertex 7.62843 -7.62843 2
    endloop
  endfacet
  facet normal -0 0 1
    outer loop
      vertex 7.46518 -7.7537 2
      vertex 9.54594 -9.54594 2
      vertex 7.56021 -7.68078 2
    endloop
  endfacet
  facet normal 0 0 1
    outer loop
      vertex 9.54594 -9.54594 2
      vertex 7.46518 -7.7537 2
      vertex 8.67763 -10.3416 2
    endloop
  endfacet
  facet normal -0 0 1
    outer loop
      vertex 7.38574 -7.78661 2
      vertex 8.67763 -10.3416 2
      vertex 7.46518 -7.7537 2
    endloop
  endfacet
  facet normal -0 0 1
    outer loop
      vertex 7.27508 -7.83244 2
      vertex 8.67763 -10.3416 2
      vertex 7.38574 -7.78661 2
    endloop
  endfacet
  facet normal -0 0 1
    outer loop
      vertex 7.15633 -7.84808 2
      vertex 8.67763 -10.3416 2
      vertex 7.27508 -7.83244 2
    endloop
  endfacet
  facet normal -0 0 1
    outer loop
      vertex 7.07107 -7.8593 2
      vertex 8.67763 -10.3416 2
      vertex 7.15633 -7.84808 2
    endloop
  endfacet
  facet normal 0 0 1
    outer loop
      vertex 8.67763 -10.3416 2
      vertex 7.07107 -7.8593 2
      vertex 7.74328 -11.0586 2
    endloop
  endfacet
  facet normal 0 0 1
    outer loop
      vertex 5.76138 -8.86426 2
      vertex 7.07107 -7.8593 2
      vertex 6.98581 -7.84808 2
    endloop
  endfacet
  facet normal 0 0 1
    outer loop
      vertex 5.77701 -8.74551 2
      vertex 6.98581 -7.84808 2
      vertex 6.86706 -7.83244 2
    endloop
  endfacet
  facet normal 0 0 1
    outer loop
      vertex 5.78823 -8.66025 2
      vertex 6.86706 -7.83244 2
      vertex 6.7564 -7.78661 2
    endloop
  endfacet
  facet normal 0 0 1
    outer loop
      vertex 7.07107 -7.8593 2
      vertex 5.76138 -8.86426 2
      vertex 7.74328 -11.0586 2
    endloop
  endfacet
  facet normal 0 0 1
    outer loop
      vertex 5.78823 -8.66025 2
      vertex 6.7564 -7.78661 2
      vertex 6.67695 -7.7537 2
    endloop
  endfacet
  facet normal 0 0 1
    outer loop
      vertex 5.78823 -8.66025 2
      vertex 6.67695 -7.7537 2
      vertex 6.58192 -7.68078 2
    endloop
  endfacet
  facet normal 0 0 1
    outer loop
      vertex 5.78823 -8.66025 2
      vertex 6.58192 -7.68078 2
      vertex 6.5137 -7.62843 2
    endloop
  endfacet
  facet normal 0 0 1
    outer loop
      vertex 5.78823 -8.66025 2
      vertex 6.5137 -7.62843 2
      vertex 6.46135 -7.56021 2
    endloop
  endfacet
  facet normal 0 0 1
    outer loop
      vertex 5.78823 -8.66025 2
      vertex 6.46135 -7.56021 2
      vertex 6.38844 -7.46518 2
    endloop
  endfacet
  facet normal 0 0 1
    outer loop
      vertex 5.78823 -8.66025 2
      vertex 6.38844 -7.46518 2
      vertex 6.35553 -7.38574 2
    endloop
  endfacet
  facet normal 0 0 1
    outer loop
      vertex 5.78823 -8.66025 2
      vertex 6.35553 -7.38574 2
      vertex 6.30969 -7.27508 2
    endloop
  endfacet
  facet normal 0 0 1
    outer loop
      vertex 5.78823 -8.66025 2
      vertex 6.30969 -7.27508 2
      vertex 6.29406 -7.15633 2
    endloop
  endfacet
  facet normal 0 0 1
    outer loop
      vertex 5.78823 -8.66025 2
      vertex 6.29406 -7.15633 2
      vertex 6.28283 -7.07107 2
    endloop
  endfacet
  facet normal 0 0 1
    outer loop
      vertex 6.29406 -6.98581 2
      vertex 5.78823 -8.66025 2
      vertex 6.28283 -7.07107 2
    endloop
  endfacet
  facet normal 0 0 1
    outer loop
      vertex 6.86706 -7.83244 2
      vertex 5.78823 -8.66025 2
      vertex 5.77701 -8.74551 2
    endloop
  endfacet
  facet normal 0 0 1
    outer loop
      vertex 6.98581 -7.84808 2
      vertex 5.77701 -8.74551 2
      vertex 5.76138 -8.86426 2
    endloop
  endfacet
  facet normal -0 0 1
    outer loop
      vertex 5.71554 -8.97492 2
      vertex 7.74328 -11.0586 2
      vertex 5.76138 -8.86426 2
    endloop
  endfacet
  facet normal -0 0 1
    outer loop
      vertex 5.68263 -9.05437 2
      vertex 7.74328 -11.0586 2
      vertex 5.71554 -8.97492 2
    endloop
  endfacet
  facet normal -0 0 1
    outer loop
      vertex 5.63028 -9.12259 2
      vertex 7.74328 -11.0586 2
      vertex 5.68263 -9.05437 2
    endloop
  endfacet
  facet normal -0 0 1
    outer loop
      vertex 5.55737 -9.21762 2
      vertex 7.74328 -11.0586 2
      vertex 5.63028 -9.12259 2
    endloop
  endfacet
  facet normal 0 0 1
    outer loop
      vertex 7.74328 -11.0586 2
      vertex 5.55737 -9.21762 2
      vertex 6.75 -11.6913 2
    endloop
  endfacet
  facet normal -0 0 1
    outer loop
      vertex 5.48914 -9.26997 2
      vertex 6.75 -11.6913 2
      vertex 5.55737 -9.21762 2
    endloop
  endfacet
  facet normal -0 0 1
    outer loop
      vertex 5.39412 -9.34289 2
      vertex 6.75 -11.6913 2
      vertex 5.48914 -9.26997 2
    endloop
  endfacet
  facet normal -0 0 1
    outer loop
      vertex 5.28346 -9.38872 2
      vertex 6.75 -11.6913 2
      vertex 5.39412 -9.34289 2
    endloop
  endfacet
  facet normal -0 0 1
    outer loop
      vertex 5.20401 -9.42163 2
      vertex 6.75 -11.6913 2
      vertex 5.28346 -9.38872 2
    endloop
  endfacet
  facet normal 0 0 1
    outer loop
      vertex 6.75 -11.6913 2
      vertex 5.20401 -9.42163 2
      vertex 5.70535 -12.2352 2
    endloop
  endfacet
  facet normal -0 0 1
    outer loop
      vertex 5.08526 -9.43726 2
      vertex 5.70535 -12.2352 2
      vertex 5.20401 -9.42163 2
    endloop
  endfacet
  facet normal -0 0 1
    outer loop
      vertex 5 -9.44849 2
      vertex 5.70535 -12.2352 2
      vertex 5.08526 -9.43726 2
    endloop
  endfacet
  facet normal 0 0 1
    outer loop
      vertex 4.91474 -9.43726 2
      vertex 5.70535 -12.2352 2
      vertex 5 -9.44849 2
    endloop
  endfacet
  facet normal 0 0 1
    outer loop
      vertex 4.79599 -9.42163 2
      vertex 5.70535 -12.2352 2
      vertex 4.91474 -9.43726 2
    endloop
  endfacet
  facet normal 0 0 1
    outer loop
      vertex 3.34957 -9.86327 2
      vertex 4.60588 -9.34289 2
      vertex 3.36079 -9.77801 2
    endloop
  endfacet
  facet normal 0 0 1
    outer loop
      vertex 4.79599 -9.42163 2
      vertex 4.61727 -12.6859 2
      vertex 5.70535 -12.2352 2
    endloop
  endfacet
  facet normal 0 0 1
    outer loop
      vertex 4.51086 -9.26997 2
      vertex 3.36079 -9.77801 2
      vertex 4.60588 -9.34289 2
    endloop
  endfacet
  facet normal 0 0 1
    outer loop
      vertex 3.36079 -9.77801 2
      vertex 4.51086 -9.26997 2
      vertex 3.37642 -9.65926 2
    endloop
  endfacet
  facet normal 0 0 1
    outer loop
      vertex 3.37642 -9.65926 2
      vertex 4.51086 -9.26997 2
      vertex 4.44263 -9.21762 2
    endloop
  endfacet
  facet normal 0 0 1
    outer loop
      vertex 3.37642 -9.65926 2
      vertex 4.44263 -9.21762 2
      vertex 4.36972 -9.12259 2
    endloop
  endfacet
  facet normal 0 0 1
    outer loop
      vertex 3.37642 -9.65926 2
      vertex 4.36972 -9.12259 2
      vertex 4.31737 -9.05437 2
    endloop
  endfacet
  facet normal 0 0 1
    outer loop
      vertex 3.37642 -9.65926 2
      vertex 4.31737 -9.05437 2
      vertex 4.28446 -8.97492 2
    endloop
  endfacet
  facet normal 0 0 1
    outer loop
      vertex 3.37642 -9.65926 2
      vertex 4.28446 -8.97492 2
      vertex 4.23862 -8.86426 2
    endloop
  endfacet
  facet normal 0 0 1
    outer loop
      vertex 3.37642 -9.65926 2
      vertex 4.23862 -8.86426 2
      vertex 4.22299 -8.74551 2
    endloop
  endfacet
  facet normal 0 0 1
    outer loop
      vertex 3.37642 -9.65926 2
      vertex 4.22299 -8.74551 2
      vertex 4.21176 -8.66025 2
    endloop
  endfacet
  facet normal 0 0 1
    outer loop
      vertex 3.31666 -9.94272 2
      vertex 4.60588 -9.34289 2
      vertex 3.34957 -9.86327 2
    endloop
  endfacet
  facet normal 0 0 1
    outer loop
      vertex 4.23862 -8.45624 2
      vertex 3.37642 -9.65926 2
      vertex 4.22299 -8.575 2
    endloop
  endfacet
  facet normal 0 0 1
    outer loop
      vertex 4.22299 -8.575 2
      vertex 3.37642 -9.65926 2
      vertex 4.21176 -8.66025 2
    endloop
  endfacet
  facet normal 0 0 1
    outer loop
      vertex 4.23862 8.86426 2
      vertex 3.36079 9.54051 2
      vertex 4.22299 8.74551 2
    endloop
  endfacet
  facet normal 0 0 1
    outer loop
      vertex 4.28446 8.97492 2
      vertex 3.36079 9.54051 2
      vertex 4.23862 8.86426 2
    endloop
  endfacet
  facet normal 0 0 1
    outer loop
      vertex 3.49406 13.04 2
      vertex 3.31666 9.94272 2
      vertex 3.34957 9.86327 2
    endloop
  endfacet
  facet normal 0 0 1
    outer loop
      vertex 3.49406 13.04 2
      vertex 3.27082 10.0534 2
      vertex 3.31666 9.94272 2
    endloop
  endfacet
  facet normal 0 0 1
    outer loop
      vertex 3.49406 13.04 2
      vertex 3.21847 10.1216 2
      vertex 3.27082 10.0534 2
    endloop
  endfacet
  facet normal 0 0 1
    outer loop
      vertex 3.49406 13.04 2
      vertex 3.14556 10.2166 2
      vertex 3.21847 10.1216 2
    endloop
  endfacet
  facet normal 0 0 1
    outer loop
      vertex 3.49406 13.04 2
      vertex 3.05053 10.2895 2
      vertex 3.14556 10.2166 2
    endloop
  endfacet
  facet normal 0 0 1
    outer loop
      vertex 3.49406 13.04 2
      vertex 2.98231 10.3419 2
      vertex 3.05053 10.2895 2
    endloop
  endfacet
  facet normal 0 0 1
    outer loop
      vertex 3.49406 13.04 2
      vertex 2.87165 10.3877 2
      vertex 2.98231 10.3419 2
    endloop
  endfacet
  facet normal 0 0 1
    outer loop
      vertex 3.49406 13.04 2
      vertex 2.7922 10.4206 2
      vertex 2.87165 10.3877 2
    endloop
  endfacet
  facet normal 0 0 1
    outer loop
      vertex 3.49406 13.04 2
      vertex 2.70694 10.4319 2
      vertex 2.7922 10.4206 2
    endloop
  endfacet
  facet normal 0 0 1
    outer loop
      vertex 3.49406 13.04 2
      vertex 2.58819 10.4475 2
      vertex 2.70694 10.4319 2
    endloop
  endfacet
  facet normal 0 0 1
    outer loop
      vertex 2.34425 13.2949 2
      vertex 2.58819 10.4475 2
      vertex 3.49406 13.04 2
    endloop
  endfacet
  facet normal 0 0 1
    outer loop
      vertex 2.58819 10.4475 2
      vertex 2.34425 13.2949 2
      vertex 2.46944 10.4319 2
    endloop
  endfacet
  facet normal 0 0 1
    outer loop
      vertex 2.46944 10.4319 2
      vertex 2.34425 13.2949 2
      vertex 2.38418 10.4206 2
    endloop
  endfacet
  facet normal 0 0 1
    outer loop
      vertex 2.34425 13.2949 2
      vertex 2.30473 10.3877 2
      vertex 2.38418 10.4206 2
    endloop
  endfacet
  facet normal 0 0 1
    outer loop
      vertex 2.34425 13.2949 2
      vertex 2.19407 10.3419 2
      vertex 2.30473 10.3877 2
    endloop
  endfacet
  facet normal -0 0 1
    outer loop
      vertex 0.557366 10.5574 2
      vertex 2.19407 10.3419 2
      vertex 2.34425 13.2949 2
    endloop
  endfacet
  facet normal 0 0 1
    outer loop
      vertex 2.19407 10.3419 2
      vertex 0.557366 10.5574 2
      vertex 2.12585 10.2895 2
    endloop
  endfacet
  facet normal -0 -0 1
    outer loop
      vertex 0.609716 10.4891 2
      vertex 2.12585 10.2895 2
      vertex 0.557366 10.5574 2
    endloop
  endfacet
  facet normal 0 0 1
    outer loop
      vertex 2.12585 10.2895 2
      vertex 0.609716 10.4891 2
      vertex 2.03082 10.2166 2
    endloop
  endfacet
  facet normal -0 -0 1
    outer loop
      vertex 0.682631 10.3941 2
      vertex 2.03082 10.2166 2
      vertex 0.609716 10.4891 2
    endloop
  endfacet
  facet normal -0 -0 1
    outer loop
      vertex 0.71554 10.3147 2
      vertex 2.03082 10.2166 2
      vertex 0.682631 10.3941 2
    endloop
  endfacet
  facet normal 0 0 1
    outer loop
      vertex 2.58819 8.87102 2
      vertex 1.34181 2.87753 2
      vertex 1.5875 2.74963 2
    endloop
  endfacet
  facet normal 0 0 1
    outer loop
      vertex 0.557366 10.5574 2
      vertex 2.34425 13.2949 2
      vertex 1.1766 13.4486 2
    endloop
  endfacet
  facet normal 0 0 1
    outer loop
      vertex 2.03082 10.2166 2
      vertex 0.71554 10.3147 2
      vertex 1.95791 10.1216 2
    endloop
  endfacet
  facet normal 0 0 1
    outer loop
      vertex 1.95791 10.1216 2
      vertex 0.761376 10.204 2
      vertex 1.90556 10.0534 2
    endloop
  endfacet
  facet normal -0 -0 1
    outer loop
      vertex 0.77701 10.0853 2
      vertex 1.85972 9.94272 2
      vertex 0.761376 10.204 2
    endloop
  endfacet
  facet normal 0 0 1
    outer loop
      vertex 1.82681 9.45525 2
      vertex 0.682631 9.60588 2
      vertex 1.85972 9.3758 2
    endloop
  endfacet
  facet normal 0 0 1
    outer loop
      vertex 2.58819 8.87102 2
      vertex 1.08591 2.98352 2
      vertex 1.34181 2.87753 2
    endloop
  endfacet
  facet normal 0 0 1
    outer loop
      vertex 2.38418 8.89788 2
      vertex 0.82175 3.06681 2
      vertex 1.08591 2.98352 2
    endloop
  endfacet
  facet normal -0 0 1
    outer loop
      vertex 0.77701 9.91474 2
      vertex 1.81559 9.77801 2
      vertex 0.788235 10 2
    endloop
  endfacet
  facet normal 0 0 1
    outer loop
      vertex 1.82681 9.86327 2
      vertex 0.788235 10 2
      vertex 1.81559 9.77801 2
    endloop
  endfacet
  facet normal -0 -0 1
    outer loop
      vertex 0.788235 10 2
      vertex 1.82681 9.86327 2
      vertex 0.77701 10.0853 2
    endloop
  endfacet
  facet normal 0 0 1
    outer loop
      vertex 1.85972 9.94272 2
      vertex 0.77701 10.0853 2
      vertex 1.82681 9.86327 2
    endloop
  endfacet
  facet normal 0 0 1
    outer loop
      vertex 1.90556 10.0534 2
      vertex 0.761376 10.204 2
      vertex 1.85972 9.94272 2
    endloop
  endfacet
  facet normal -0 -0 1
    outer loop
      vertex 0.761376 10.204 2
      vertex 1.95791 10.1216 2
      vertex 0.71554 10.3147 2
    endloop
  endfacet
  facet normal 0 0 1
    outer loop
      vertex 1.1766 13.4486 2
      vertex 0.489143 10.6097 2
      vertex 0.557366 10.5574 2
    endloop
  endfacet
  facet normal 0 0 1
    outer loop
      vertex 1.1766 13.4486 2
      vertex 0.394117 10.6826 2
      vertex 0.489143 10.6097 2
    endloop
  endfacet
  facet normal 0 0 1
    outer loop
      vertex 1.1766 13.4486 2
      vertex 0.314669 10.7155 2
      vertex 0.394117 10.6826 2
    endloop
  endfacet
  facet normal 0 0 1
    outer loop
      vertex 1.1766 13.4486 2
      vertex 0.20401 10.7614 2
      vertex 0.314669 10.7155 2
    endloop
  endfacet
  facet normal 0 0 1
    outer loop
      vertex 0 13.5 2
      vertex 0.20401 10.7614 2
      vertex 1.1766 13.4486 2
    endloop
  endfacet
  facet normal 0 0 1
    outer loop
      vertex 0.20401 10.7614 2
      vertex 0 13.5 2
      vertex 0.0852579 10.777 2
    endloop
  endfacet
  facet normal 0 0 1
    outer loop
      vertex 0 13.5 2
      vertex 0 10.7882 2
      vertex 0.0852579 10.777 2
    endloop
  endfacet
  facet normal 0 0 1
    outer loop
      vertex 0 13.5 2
      vertex -0.0852579 10.777 2
      vertex 0 10.7882 2
    endloop
  endfacet
  facet normal 0 0 1
    outer loop
      vertex 0 13.5 2
      vertex -0.20401 10.7614 2
      vertex -0.0852579 10.777 2
    endloop
  endfacet
  facet normal -0 0 1
    outer loop
      vertex -1.1766 13.4486 2
      vertex -0.20401 10.7614 2
      vertex 0 13.5 2
    endloop
  endfacet
  facet normal 0 0 1
    outer loop
      vertex -0.20401 10.7614 2
      vertex -1.1766 13.4486 2
      vertex -0.314669 10.7155 2
    endloop
  endfacet
  facet normal 0 0 1
    outer loop
      vertex -0.314669 10.7155 2
      vertex -1.1766 13.4486 2
      vertex -0.394117 10.6826 2
    endloop
  endfacet
  facet normal 0 0 1
    outer loop
      vertex -0.394117 10.6826 2
      vertex -1.1766 13.4486 2
      vertex -0.489143 10.6097 2
    endloop
  endfacet
  facet normal 0 0 1
    outer loop
      vertex -0.489143 10.6097 2
      vertex -1.1766 13.4486 2
      vertex -0.557366 10.5574 2
    endloop
  endfacet
  facet normal 0 0 1
    outer loop
      vertex -2.19407 10.3419 2
      vertex -0.557366 10.5574 2
      vertex -1.1766 13.4486 2
    endloop
  endfacet
  facet normal 0 0 1
    outer loop
      vertex -0.557366 10.5574 2
      vertex -2.19407 10.3419 2
      vertex -0.609716 10.4891 2
    endloop
  endfacet
  facet normal 0 -0 1
    outer loop
      vertex -2.12585 10.2895 2
      vertex -0.609716 10.4891 2
      vertex -2.19407 10.3419 2
    endloop
  endfacet
  facet normal 0 0 1
    outer loop
      vertex -2.03082 9.10189 2
      vertex -0.394117 9.31737 2
      vertex -1.95791 9.19692 2
    endloop
  endfacet
  facet normal 0 0 1
    outer loop
      vertex -0.609716 10.4891 2
      vertex -2.12585 10.2895 2
      vertex -0.682631 10.3941 2
    endloop
  endfacet
  facet normal 0 -0 1
    outer loop
      vertex -2.03082 10.2166 2
      vertex -0.682631 10.3941 2
      vertex -2.12585 10.2895 2
    endloop
  endfacet
  facet normal 0 0 1
    outer loop
      vertex -0.682631 10.3941 2
      vertex -2.03082 10.2166 2
      vertex -0.71554 10.3147 2
    endloop
  endfacet
  facet normal 0 -0 1
    outer loop
      vertex -1.95791 10.1216 2
      vertex -0.71554 10.3147 2
      vertex -2.03082 10.2166 2
    endloop
  endfacet
  facet normal 0 0 1
    outer loop
      vertex -0.609716 9.51086 2
      vertex -1.90556 9.26514 2
      vertex -0.557366 9.44263 2
    endloop
  endfacet
  facet normal 0 0 1
    outer loop
      vertex -0.489143 9.39028 2
      vertex -1.95791 9.19692 2
      vertex -0.394117 9.31737 2
    endloop
  endfacet
  facet normal 0 0 1
    outer loop
      vertex -0.394117 9.31737 2
      vertex -2.03082 9.10189 2
      vertex -0.314669 9.28446 2
    endloop
  endfacet
  facet normal 0 0 1
    outer loop
      vertex -0.77701 9.91474 2
      vertex -1.81559 9.77801 2
      vertex -1.79995 9.65926 2
    endloop
  endfacet
  facet normal 0 0 1
    outer loop
      vertex -0.788235 10 2
      vertex -1.82681 9.86327 2
      vertex -1.81559 9.77801 2
    endloop
  endfacet
  facet normal 0 0 1
    outer loop
      vertex -0.788235 10 2
      vertex -1.85972 9.94272 2
      vertex -1.82681 9.86327 2
    endloop
  endfacet
  facet normal 0 0 1
    outer loop
      vertex -0.77701 10.0853 2
      vertex -1.85972 9.94272 2
      vertex -0.788235 10 2
    endloop
  endfacet
  facet normal 0 -0 1
    outer loop
      vertex -1.85972 9.94272 2
      vertex -0.77701 10.0853 2
      vertex -1.90556 10.0534 2
    endloop
  endfacet
  facet normal 0 0 1
    outer loop
      vertex -0.761376 10.204 2
      vertex -1.90556 10.0534 2
      vertex -0.77701 10.0853 2
    endloop
  endfacet
  facet normal 0 -0 1
    outer loop
      vertex -1.90556 10.0534 2
      vertex -0.761376 10.204 2
      vertex -1.95791 10.1216 2
    endloop
  endfacet
  facet normal 0 0 1
    outer loop
      vertex -0.71554 10.3147 2
      vertex -1.95791 10.1216 2
      vertex -0.761376 10.204 2
    endloop
  endfacet
  facet normal -0 0 1
    outer loop
      vertex -2.34425 13.2949 2
      vertex -2.19407 10.3419 2
      vertex -1.1766 13.4486 2
    endloop
  endfacet
  facet normal 0 0 1
    outer loop
      vertex -2.19407 10.3419 2
      vertex -2.34425 13.2949 2
      vertex -2.30473 10.3877 2
    endloop
  endfacet
  facet normal 0 0 1
    outer loop
      vertex -2.34425 13.2949 2
      vertex -2.38418 10.4206 2
      vertex -2.30473 10.3877 2
    endloop
  endfacet
  facet normal 0 0 1
    outer loop
      vertex -2.34425 13.2949 2
      vertex -2.46944 10.4319 2
      vertex -2.38418 10.4206 2
    endloop
  endfacet
  facet normal 0 0 1
    outer loop
      vertex -2.34425 13.2949 2
      vertex -2.58819 10.4475 2
      vertex -2.46944 10.4319 2
    endloop
  endfacet
  facet normal -0 0 1
    outer loop
      vertex -3.49406 13.04 2
      vertex -2.58819 10.4475 2
      vertex -2.34425 13.2949 2
    endloop
  endfacet
  facet normal 0 0 1
    outer loop
      vertex -2.58819 10.4475 2
      vertex -3.49406 13.04 2
      vertex -2.70694 10.4319 2
    endloop
  endfacet
  facet normal 0 0 1
    outer loop
      vertex -2.70694 10.4319 2
      vertex -3.49406 13.04 2
      vertex -2.7922 10.4206 2
    endloop
  endfacet
  facet normal 0 0 1
    outer loop
      vertex -2.7922 10.4206 2
      vertex -3.49406 13.04 2
      vertex -2.87165 10.3877 2
    endloop
  endfacet
  facet normal 0 0 1
    outer loop
      vertex -2.87165 10.3877 2
      vertex -3.49406 13.04 2
      vertex -2.98231 10.3419 2
    endloop
  endfacet
  facet normal 0 0 1
    outer loop
      vertex -2.98231 10.3419 2
      vertex -3.49406 13.04 2
      vertex -3.05053 10.2895 2
    endloop
  endfacet
  facet normal 0 0 1
    outer loop
      vertex -3.05053 10.2895 2
      vertex -3.49406 13.04 2
      vertex -3.14556 10.2166 2
    endloop
  endfacet
  facet normal 0 0 1
    outer loop
      vertex -3.14556 10.2166 2
      vertex -3.49406 13.04 2
      vertex -3.21847 10.1216 2
    endloop
  endfacet
  facet normal 0 0 1
    outer loop
      vertex -3.21847 10.1216 2
      vertex -3.49406 13.04 2
      vertex -3.27082 10.0534 2
    endloop
  endfacet
  facet normal 0 0 1
    outer loop
      vertex -3.27082 10.0534 2
      vertex -3.49406 13.04 2
      vertex -3.31666 9.94272 2
    endloop
  endfacet
  facet normal 0 0 1
    outer loop
      vertex -3.36079 9.77801 2
      vertex -4.21176 8.66025 2
      vertex -3.37642 9.65926 2
    endloop
  endfacet
  facet normal 0 0 1
    outer loop
      vertex -3.34957 9.86327 2
      vertex -4.21176 8.66025 2
      vertex -3.36079 9.77801 2
    endloop
  endfacet
  facet normal 0 0 1
    outer loop
      vertex -4.21176 8.66025 2
      vertex -3.34957 9.86327 2
      vertex -3.49406 13.04 2
    endloop
  endfacet
  facet normal 0 0 1
    outer loop
      vertex -3.31666 9.94272 2
      vertex -3.49406 13.04 2
      vertex -3.34957 9.86327 2
    endloop
  endfacet
  facet normal 0 0 1
    outer loop
      vertex 13.4192 1.4 2
      vertex 10.3877 2.30473 2
      vertex 10.3419 2.19407 2
    endloop
  endfacet
  facet normal 0 0 1
    outer loop
      vertex 13.4192 1.4 2
      vertex 10.5574 0.557366 2
      vertex 10.6097 0.489143 2
    endloop
  endfacet
  facet normal 0 0 1
    outer loop
      vertex 13.4192 1.4 2
      vertex 10.3419 2.19407 2
      vertex 10.5574 0.557366 2
    endloop
  endfacet
  facet normal 0 0 1
    outer loop
      vertex 10.5574 0.557366 2
      vertex 10.3419 2.19407 2
      vertex 10.4891 0.609716 2
    endloop
  endfacet
  facet normal -0 0 1
    outer loop
      vertex 10.2895 2.12585 2
      vertex 10.4891 0.609716 2
      vertex 10.3419 2.19407 2
    endloop
  endfacet
  facet normal 0 0 1
    outer loop
      vertex 10.4891 0.609716 2
      vertex 10.2895 2.12585 2
      vertex 10.3941 0.682631 2
    endloop
  endfacet
  facet normal -0 0 1
    outer loop
      vertex 10.2166 2.03082 2
      vertex 10.3941 0.682631 2
      vertex 10.2895 2.12585 2
    endloop
  endfacet
  facet normal 0 0 1
    outer loop
      vertex 10.3941 0.682631 2
      vertex 10.2166 2.03082 2
      vertex 10.3147 0.71554 2
    endloop
  endfacet
  facet normal -0 0 1
    outer loop
      vertex 10.1216 1.95791 2
      vertex 10.3147 0.71554 2
      vertex 10.2166 2.03082 2
    endloop
  endfacet
  facet normal 0 0 1
    outer loop
      vertex 10.3147 0.71554 2
      vertex 10.1216 1.95791 2
      vertex 10.204 0.761376 2
    endloop
  endfacet
  facet normal -0 0 1
    outer loop
      vertex 10.0534 1.90556 2
      vertex 10.204 0.761376 2
      vertex 10.1216 1.95791 2
    endloop
  endfacet
  facet normal 0 0 1
    outer loop
      vertex 10.204 0.761376 2
      vertex 10.0534 1.90556 2
      vertex 10.0853 0.77701 2
    endloop
  endfacet
  facet normal -0 0 1
    outer loop
      vertex 9.94272 1.85972 2
      vertex 10.0853 0.77701 2
      vertex 10.0534 1.90556 2
    endloop
  endfacet
  facet normal 0 0 1
    outer loop
      vertex 10.0853 0.77701 2
      vertex 9.94272 1.85972 2
      vertex 10 0.788235 2
    endloop
  endfacet
  facet normal -0 0 1
    outer loop
      vertex 9.86327 1.82681 2
      vertex 10 0.788235 2
      vertex 9.94272 1.85972 2
    endloop
  endfacet
  facet normal 0 0 1
    outer loop
      vertex 10 0.788235 2
      vertex 9.86327 1.82681 2
      vertex 9.91474 0.77701 2
    endloop
  endfacet
  facet normal -0 0 1
    outer loop
      vertex 9.77801 1.81559 2
      vertex 9.91474 0.77701 2
      vertex 9.86327 1.82681 2
    endloop
  endfacet
  facet normal 0 0 1
    outer loop
      vertex 9.91474 0.77701 2
      vertex 9.77801 1.81559 2
      vertex 9.79599 0.761376 2
    endloop
  endfacet
  facet normal -0 0 1
    outer loop
      vertex 9.65926 1.79995 2
      vertex 9.79599 0.761376 2
      vertex 9.77801 1.81559 2
    endloop
  endfacet
  facet normal 0 0 1
    outer loop
      vertex 9.79599 0.761376 2
      vertex 9.65926 1.79995 2
      vertex 9.68533 0.71554 2
    endloop
  endfacet
  facet normal 0 0 1
    outer loop
      vertex 9.54051 1.81559 2
      vertex 9.68533 0.71554 2
      vertex 9.65926 1.79995 2
    endloop
  endfacet
  facet normal 0 0 1
    outer loop
      vertex 9.68533 0.71554 2
      vertex 9.54051 1.81559 2
      vertex 9.60588 0.682631 2
    endloop
  endfacet
  facet normal 0 0 1
    outer loop
      vertex 9.45525 1.82681 2
      vertex 9.60588 0.682631 2
      vertex 9.54051 1.81559 2
    endloop
  endfacet
  facet normal 0 0 1
    outer loop
      vertex 9.3758 1.85972 2
      vertex 9.60588 0.682631 2
      vertex 9.45525 1.82681 2
    endloop
  endfacet
  facet normal 0 0 1
    outer loop
      vertex 9.60588 0.682631 2
      vertex 9.3758 1.85972 2
      vertex 9.51086 0.609716 2
    endloop
  endfacet
  facet normal 0 0 1
    outer loop
      vertex 9.26514 1.90556 2
      vertex 9.51086 0.609716 2
      vertex 9.3758 1.85972 2
    endloop
  endfacet
  facet normal 0 0 1
    outer loop
      vertex 9.51086 0.609716 2
      vertex 9.26514 1.90556 2
      vertex 9.44263 0.557366 2
    endloop
  endfacet
  facet normal 0 0 1
    outer loop
      vertex 9.44263 0.557366 2
      vertex 9.26514 1.90556 2
      vertex 9.39028 0.489143 2
    endloop
  endfacet
  facet normal 0 0 1
    outer loop
      vertex 9.19692 1.95791 2
      vertex 9.39028 0.489143 2
      vertex 9.26514 1.90556 2
    endloop
  endfacet
  facet normal 0 0 1
    outer loop
      vertex 9.39028 0.489143 2
      vertex 9.19692 1.95791 2
      vertex 9.31737 0.394117 2
    endloop
  endfacet
  facet normal 0 0 1
    outer loop
      vertex 9.10189 2.03082 2
      vertex 9.31737 0.394117 2
      vertex 9.19692 1.95791 2
    endloop
  endfacet
  facet normal 0 0 1
    outer loop
      vertex 9.31737 0.394117 2
      vertex 9.10189 2.03082 2
      vertex 9.28446 0.314669 2
    endloop
  endfacet
  facet normal 0 0 1
    outer loop
      vertex 9.02898 2.12585 2
      vertex 9.28446 0.314669 2
      vertex 9.10189 2.03082 2
    endloop
  endfacet
  facet normal 0 0 1
    outer loop
      vertex 9.28446 0.314669 2
      vertex 9.02898 2.12585 2
      vertex 9.23862 0.20401 2
    endloop
  endfacet
  facet normal 0 0 1
    outer loop
      vertex 9.86327 3.34957 2
      vertex 9.34289 4.60588 2
      vertex 9.77801 3.36079 2
    endloop
  endfacet
  facet normal -0 0 1
    outer loop
      vertex 9.26997 4.51086 2
      vertex 9.77801 3.36079 2
      vertex 9.34289 4.60588 2
    endloop
  endfacet
  facet normal 0 0 1
    outer loop
      vertex 9.77801 3.36079 2
      vertex 9.26997 4.51086 2
      vertex 9.65926 3.37642 2
    endloop
  endfacet
  facet normal -0 0 1
    outer loop
      vertex 9.21762 4.44263 2
      vertex 9.65926 3.37642 2
      vertex 9.26997 4.51086 2
    endloop
  endfacet
  facet normal 0 0 1
    outer loop
      vertex 9.65926 3.37642 2
      vertex 9.21762 4.44263 2
      vertex 9.54051 3.36079 2
    endloop
  endfacet
  facet normal -0 0 1
    outer loop
      vertex 9.12259 4.36972 2
      vertex 9.54051 3.36079 2
      vertex 9.21762 4.44263 2
    endloop
  endfacet
  facet normal 0 0 1
    outer loop
      vertex 9.54051 3.36079 2
      vertex 9.12259 4.36972 2
      vertex 9.45525 3.34957 2
    endloop
  endfacet
  facet normal -0 0 1
    outer loop
      vertex 9.05437 4.31737 2
      vertex 9.45525 3.34957 2
      vertex 9.12259 4.36972 2
    endloop
  endfacet
  facet normal 0 0 1
    outer loop
      vertex 9.45525 3.34957 2
      vertex 9.05437 4.31737 2
      vertex 9.3758 3.31666 2
    endloop
  endfacet
  facet normal -0 0 1
    outer loop
      vertex 8.97492 4.28446 2
      vertex 9.3758 3.31666 2
      vertex 9.05437 4.31737 2
    endloop
  endfacet
  facet normal 0 0 1
    outer loop
      vertex 9.3758 3.31666 2
      vertex 8.97492 4.28446 2
      vertex 9.26514 3.27082 2
    endloop
  endfacet
  facet normal -0 0 1
    outer loop
      vertex 8.86426 4.23862 2
      vertex 9.26514 3.27082 2
      vertex 8.97492 4.28446 2
    endloop
  endfacet
  facet normal 0 0 1
    outer loop
      vertex 9.26514 3.27082 2
      vertex 8.86426 4.23862 2
      vertex 9.19692 3.21847 2
    endloop
  endfacet
  facet normal -0 0 1
    outer loop
      vertex 8.74551 4.22299 2
      vertex 9.19692 3.21847 2
      vertex 8.86426 4.23862 2
    endloop
  endfacet
  facet normal 0 0 1
    outer loop
      vertex 9.19692 3.21847 2
      vertex 8.74551 4.22299 2
      vertex 9.10189 3.14556 2
    endloop
  endfacet
  facet normal -0 0 1
    outer loop
      vertex 8.66025 4.21176 2
      vertex 9.10189 3.14556 2
      vertex 8.74551 4.22299 2
    endloop
  endfacet
  facet normal 0 0 1
    outer loop
      vertex 8.575 4.22299 2
      vertex 9.10189 3.14556 2
      vertex 8.66025 4.21176 2
    endloop
  endfacet
  facet normal 0 0 1
    outer loop
      vertex 9.10189 3.14556 2
      vertex 8.575 4.22299 2
      vertex 9.02898 3.05053 2
    endloop
  endfacet
  facet normal 0 0 1
    outer loop
      vertex 8.45624 4.23862 2
      vertex 9.02898 3.05053 2
      vertex 8.575 4.22299 2
    endloop
  endfacet
  facet normal 0 0 1
    outer loop
      vertex 8.97663 2.98231 2
      vertex 8.45624 4.23862 2
      vertex 8.93079 2.87165 2
    endloop
  endfacet
  facet normal 0 0 1
    outer loop
      vertex 9.02898 3.05053 2
      vertex 8.45624 4.23862 2
      vertex 8.97663 2.98231 2
    endloop
  endfacet
  facet normal 1 -0 0
    outer loop
      vertex 15.4 -1.4 2
      vertex 15.4 1.4 0
      vertex 15.4 1.4 2
    endloop
  endfacet
  facet normal 1 0 0
    outer loop
      vertex 15.4 1.4 0
      vertex 15.4 -1.4 2
      vertex 15.4 -1.4 0
    endloop
  endfacet
  facet normal 0 1 -0
    outer loop
      vertex 15.4 1.4 0
      vertex 13.4192 1.4 2
      vertex 15.4 1.4 2
    endloop
  endfacet
  facet normal 0 1 0
    outer loop
      vertex 13.4192 1.4 2
      vertex 15.4 1.4 0
      vertex 13.4192 1.4 0
    endloop
  endfacet
  facet normal 0 -1 0
    outer loop
      vertex 13.4192 -1.4 0
      vertex 15.4 -1.4 2
      vertex 13.4192 -1.4 2
    endloop
  endfacet
  facet normal 0 -1 -0
    outer loop
      vertex 15.4 -1.4 2
      vertex 13.4192 -1.4 0
      vertex 15.4 -1.4 0
    endloop
  endfacet
  facet normal -0.724871 -0.0954232 -0.682244
    outer loop
      vertex 11.4 0 1.35
      vertex 10.777 0.0852579 2
      vertex 11.3523 0.362347 1.35
    endloop
  endfacet
  facet normal -0.724871 -0.0952235 -0.682271
    outer loop
      vertex 10.777 0.0852579 2
      vertex 11.4 0 1.35
      vertex 10.7882 0 2
    endloop
  endfacet
  facet normal 0.279789 -0.675475 -0.682241
    outer loop
      vertex 9.60588 0.682631 2
      vertex 9.64384 1.26964 1.43438
      vertex 9.68533 0.71554 2
    endloop
  endfacet
  facet normal 0.279799 -0.675473 -0.682238
    outer loop
      vertex 9.60588 0.682631 2
      vertex 9.34223 1.22993 1.35
      vertex 9.64384 1.26964 1.43438
    endloop
  endfacet
  facet normal 0.279896 -0.67543 -0.682241
    outer loop
      vertex 9.34223 1.22993 1.35
      vertex 9.60588 0.682631 2
      vertex 9.3 1.21243 1.35
    endloop
  endfacet
  facet normal 0.445061 -0.580067 -0.682234
    outer loop
      vertex 9.01005 0.989949 1.35
      vertex 9.51086 0.609716 2
      vertex 9.44263 0.557366 2
    endloop
  endfacet
  facet normal 0.445078 -0.580051 -0.682237
    outer loop
      vertex 9.51086 0.609716 2
      vertex 9.01005 0.989949 1.35
      vertex 9.3 1.21243 1.35
    endloop
  endfacet
  facet normal 0.0954178 -0.724881 -0.682234
    outer loop
      vertex 10 1.31652 1.43869
      vertex 9.91474 0.77701 2
      vertex 9.67546 1.2738 1.43869
    endloop
  endfacet
  facet normal 0.095435 -0.724881 -0.682232
    outer loop
      vertex 9.91474 0.77701 2
      vertex 10 1.31652 1.43869
      vertex 10 0.788235 2
    endloop
  endfacet
  facet normal 0.724881 -0.0954079 -0.682236
    outer loop
      vertex 9.23862 0.20401 2
      vertex 9.22299 0.0852579 2
      vertex 8.6477 0.362347 1.35
    endloop
  endfacet
  facet normal -0.279779 0.675495 -0.682224
    outer loop
      vertex 10.3147 -0.71554 2
      vertex 10.7 -1.21243 1.35
      vertex 10.3623 -1.3523 1.35
    endloop
  endfacet
  facet normal -0.279936 0.675406 -0.682249
    outer loop
      vertex 10.7 -1.21243 1.35
      vertex 10.3147 -0.71554 2
      vertex 10.3941 -0.682631 2
    endloop
  endfacet
  facet normal -0.279936 -0.675406 -0.682249
    outer loop
      vertex 10.3147 0.71554 2
      vertex 10.7 1.21243 1.35
      vertex 10.3941 0.682631 2
    endloop
  endfacet
  facet normal -0.279779 -0.675495 -0.682224
    outer loop
      vertex 10.7 1.21243 1.35
      vertex 10.3147 0.71554 2
      vertex 10.3623 1.3523 1.35
    endloop
  endfacet
  facet normal -0.279701 0.675514 -0.682237
    outer loop
      vertex 10.3147 -0.71554 2
      vertex 10.3623 -1.3523 1.35
      vertex 10.204 -0.761376 2
    endloop
  endfacet
  facet normal 0.445101 -0.580038 -0.682232
    outer loop
      vertex 9.60588 0.682631 2
      vertex 9.51086 0.609716 2
      vertex 9.3 1.21243 1.35
    endloop
  endfacet
  facet normal 0.580044 0.445089 -0.682236
    outer loop
      vertex 9.01005 -0.989949 1.35
      vertex 9.39028 -0.489143 2
      vertex 9.44263 -0.557366 2
    endloop
  endfacet
  facet normal 0.580042 0.44509 -0.682236
    outer loop
      vertex 9.39028 -0.489143 2
      vertex 9.01005 -0.989949 1.35
      vertex 8.78756 -0.7 1.35
    endloop
  endfacet
  facet normal 0.095435 0.724881 -0.682232
    outer loop
      vertex 10 -1.31652 1.43869
      vertex 9.91474 -0.77701 2
      vertex 10 -0.788235 2
    endloop
  endfacet
  facet normal 0.0954178 0.724881 -0.682234
    outer loop
      vertex 9.91474 -0.77701 2
      vertex 10 -1.31652 1.43869
      vertex 9.67546 -1.2738 1.43869
    endloop
  endfacet
  facet normal -0.675438 0.279855 -0.682249
    outer loop
      vertex 11.2124 -0.7 1.35
      vertex 10.7155 -0.314669 2
      vertex 11.3523 -0.362347 1.35
    endloop
  endfacet
  facet normal -0.675508 0.279733 -0.68223
    outer loop
      vertex 10.7155 -0.314669 2
      vertex 11.2124 -0.7 1.35
      vertex 10.6826 -0.394117 2
    endloop
  endfacet
  facet normal -0.724871 0.0952235 -0.682271
    outer loop
      vertex 11.4 0 1.35
      vertex 10.777 -0.0852579 2
      vertex 10.7882 0 2
    endloop
  endfacet
  facet normal -0.724871 0.0954232 -0.682244
    outer loop
      vertex 10.777 -0.0852579 2
      vertex 11.4 0 1.35
      vertex 11.3523 -0.362347 1.35
    endloop
  endfacet
  facet normal 0.724876 -0.0954792 -0.682231
    outer loop
      vertex 8.6 0 1.35
      vertex 9.22299 0.0852579 2
      vertex 9.21176 0 2
    endloop
  endfacet
  facet normal 0.724876 -0.095424 -0.682238
    outer loop
      vertex 9.22299 0.0852579 2
      vertex 8.6 0 1.35
      vertex 8.6477 0.362347 1.35
    endloop
  endfacet
  facet normal 0.279786 -0.675475 -0.682241
    outer loop
      vertex 9.64384 1.26964 1.43438
      vertex 9.79599 0.761376 2
      vertex 9.68533 0.71554 2
    endloop
  endfacet
  facet normal 0.279213 -0.675681 -0.682272
    outer loop
      vertex 9.79599 0.761376 2
      vertex 9.64384 1.26964 1.43438
      vertex 9.65926 1.27166 1.43869
    endloop
  endfacet
  facet normal -0.444804 -0.580327 -0.68218
    outer loop
      vertex 10.4891 0.609716 2
      vertex 10.9899 0.989949 1.35
      vertex 10.5574 0.557366 2
    endloop
  endfacet
  facet normal -0.445123 -0.58001 -0.682241
    outer loop
      vertex 10.9899 0.989949 1.35
      vertex 10.4891 0.609716 2
      vertex 10.7 1.21243 1.35
    endloop
  endfacet
  facet normal -0.445158 -0.579991 -0.682235
    outer loop
      vertex 10.7 1.21243 1.35
      vertex 10.4891 0.609716 2
      vertex 10.3941 0.682631 2
    endloop
  endfacet
  facet normal 0.445078 0.580051 -0.682237
    outer loop
      vertex 9.01005 -0.989949 1.35
      vertex 9.51086 -0.609716 2
      vertex 9.3 -1.21243 1.35
    endloop
  endfacet
  facet normal 0.445061 0.580067 -0.682234
    outer loop
      vertex 9.51086 -0.609716 2
      vertex 9.01005 -0.989949 1.35
      vertex 9.44263 -0.557366 2
    endloop
  endfacet
  facet normal -0.445123 0.58001 -0.682241
    outer loop
      vertex 10.4891 -0.609716 2
      vertex 10.9899 -0.989949 1.35
      vertex 10.7 -1.21243 1.35
    endloop
  endfacet
  facet normal -0.444804 0.580327 -0.68218
    outer loop
      vertex 10.9899 -0.989949 1.35
      vertex 10.4891 -0.609716 2
      vertex 10.5574 -0.557366 2
    endloop
  endfacet
  facet normal -0.0953906 0.724884 -0.682235
    outer loop
      vertex 10.0853 -0.77701 2
      vertex 10 -1.31652 1.43869
      vertex 10 -0.788235 2
    endloop
  endfacet
  facet normal -0.0953728 0.724898 -0.682222
    outer loop
      vertex 10.317 -1.35826 1.35
      vertex 10.0853 -0.77701 2
      vertex 10.3623 -1.3523 1.35
    endloop
  endfacet
  facet normal -0.0954267 0.724884 -0.682229
    outer loop
      vertex 10.0853 -0.77701 2
      vertex 10.317 -1.35826 1.35
      vertex 10 -1.31652 1.43869
    endloop
  endfacet
  facet normal 0.580059 -0.445059 -0.682242
    outer loop
      vertex 9.39028 0.489143 2
      vertex 9.31737 0.394117 2
      vertex 8.78756 0.7 1.35
    endloop
  endfacet
  facet normal 0.279789 0.675475 -0.682241
    outer loop
      vertex 9.64384 -1.26964 1.43438
      vertex 9.60588 -0.682631 2
      vertex 9.68533 -0.71554 2
    endloop
  endfacet
  facet normal 0.279799 0.675473 -0.682238
    outer loop
      vertex 9.34223 -1.22993 1.35
      vertex 9.60588 -0.682631 2
      vertex 9.64384 -1.26964 1.43438
    endloop
  endfacet
  facet normal 0.279896 0.67543 -0.682241
    outer loop
      vertex 9.60588 -0.682631 2
      vertex 9.34223 -1.22993 1.35
      vertex 9.3 -1.21243 1.35
    endloop
  endfacet
  facet normal -0.279701 -0.675514 -0.682237
    outer loop
      vertex 10.3623 1.3523 1.35
      vertex 10.3147 0.71554 2
      vertex 10.204 0.761376 2
    endloop
  endfacet
  facet normal -0.0953906 -0.724884 -0.682235
    outer loop
      vertex 10 1.31652 1.43869
      vertex 10.0853 0.77701 2
      vertex 10 0.788235 2
    endloop
  endfacet
  facet normal -0.0954267 -0.724884 -0.682229
    outer loop
      vertex 10.317 1.35826 1.35
      vertex 10.0853 0.77701 2
      vertex 10 1.31652 1.43869
    endloop
  endfacet
  facet normal -0.0953728 -0.724898 -0.682222
    outer loop
      vertex 10.0853 0.77701 2
      vertex 10.317 1.35826 1.35
      vertex 10.3623 1.3523 1.35
    endloop
  endfacet
  facet normal 0.675469 -0.279802 -0.682241
    outer loop
      vertex 9.28446 0.314669 2
      vertex 8.78756 0.7 1.35
      vertex 9.31737 0.394117 2
    endloop
  endfacet
  facet normal 0.675475 -0.27979 -0.682239
    outer loop
      vertex 8.78756 0.7 1.35
      vertex 9.28446 0.314669 2
      vertex 8.6477 0.362347 1.35
    endloop
  endfacet
  facet normal -0.675438 -0.279855 -0.682249
    outer loop
      vertex 10.7155 0.314669 2
      vertex 11.2124 0.7 1.35
      vertex 11.3523 0.362347 1.35
    endloop
  endfacet
  facet normal -0.675508 -0.279733 -0.68223
    outer loop
      vertex 11.2124 0.7 1.35
      vertex 10.7155 0.314669 2
      vertex 10.6826 0.394117 2
    endloop
  endfacet
  facet normal 0.724881 0.0954079 -0.682236
    outer loop
      vertex 9.22299 -0.0852579 2
      vertex 9.23862 -0.20401 2
      vertex 8.6477 -0.362347 1.35
    endloop
  endfacet
  facet normal 0.0957478 -0.72482 -0.682253
    outer loop
      vertex 9.67546 1.2738 1.43869
      vertex 9.79599 0.761376 2
      vertex 9.65926 1.27166 1.43869
    endloop
  endfacet
  facet normal 0.0954334 -0.724876 -0.682237
    outer loop
      vertex 9.79599 0.761376 2
      vertex 9.67546 1.2738 1.43869
      vertex 9.91474 0.77701 2
    endloop
  endfacet
  facet normal 0.580044 -0.445089 -0.682236
    outer loop
      vertex 9.39028 0.489143 2
      vertex 9.01005 0.989949 1.35
      vertex 9.44263 0.557366 2
    endloop
  endfacet
  facet normal 0.580042 -0.44509 -0.682236
    outer loop
      vertex 9.01005 0.989949 1.35
      vertex 9.39028 0.489143 2
      vertex 8.78756 0.7 1.35
    endloop
  endfacet
  facet normal -0.445158 0.579991 -0.682235
    outer loop
      vertex 10.4891 -0.609716 2
      vertex 10.7 -1.21243 1.35
      vertex 10.3941 -0.682631 2
    endloop
  endfacet
  facet normal 0.580059 0.445059 -0.682242
    outer loop
      vertex 9.31737 -0.394117 2
      vertex 9.39028 -0.489143 2
      vertex 8.78756 -0.7 1.35
    endloop
  endfacet
  facet normal 0.0954334 0.724876 -0.682237
    outer loop
      vertex 9.67546 -1.2738 1.43869
      vertex 9.79599 -0.761376 2
      vertex 9.91474 -0.77701 2
    endloop
  endfacet
  facet normal 0.0957478 0.72482 -0.682253
    outer loop
      vertex 9.79599 -0.761376 2
      vertex 9.67546 -1.2738 1.43869
      vertex 9.65926 -1.27166 1.43869
    endloop
  endfacet
  facet normal 0.445101 0.580038 -0.682232
    outer loop
      vertex 9.51086 -0.609716 2
      vertex 9.60588 -0.682631 2
      vertex 9.3 -1.21243 1.35
    endloop
  endfacet
  facet normal -0.58009 0.445021 -0.68224
    outer loop
      vertex 10.6826 -0.394117 2
      vertex 11.2124 -0.7 1.35
      vertex 10.6097 -0.489143 2
    endloop
  endfacet
  facet normal -0.580041 0.44511 -0.682224
    outer loop
      vertex 10.9899 -0.989949 1.35
      vertex 10.6097 -0.489143 2
      vertex 11.2124 -0.7 1.35
    endloop
  endfacet
  facet normal -0.580294 0.444855 -0.682175
    outer loop
      vertex 10.6097 -0.489143 2
      vertex 10.9899 -0.989949 1.35
      vertex 10.5574 -0.557366 2
    endloop
  endfacet
  facet normal -0.0954726 0.724869 -0.682239
    outer loop
      vertex 10.204 -0.761376 2
      vertex 10.3623 -1.3523 1.35
      vertex 10.0853 -0.77701 2
    endloop
  endfacet
  facet normal -0.580041 -0.44511 -0.682224
    outer loop
      vertex 10.6097 0.489143 2
      vertex 10.9899 0.989949 1.35
      vertex 11.2124 0.7 1.35
    endloop
  endfacet
  facet normal -0.580294 -0.444855 -0.682175
    outer loop
      vertex 10.9899 0.989949 1.35
      vertex 10.6097 0.489143 2
      vertex 10.5574 0.557366 2
    endloop
  endfacet
  facet normal -0.58009 -0.445021 -0.68224
    outer loop
      vertex 11.2124 0.7 1.35
      vertex 10.6826 0.394117 2
      vertex 10.6097 0.489143 2
    endloop
  endfacet
  facet normal 0.67547 -0.279811 -0.682236
    outer loop
      vertex 9.28446 0.314669 2
      vertex 9.23862 0.20401 2
      vertex 8.6477 0.362347 1.35
    endloop
  endfacet
  facet normal -0.724926 -0.0952308 -0.682212
    outer loop
      vertex 11.3523 0.362347 1.35
      vertex 10.777 0.0852579 2
      vertex 10.7614 0.20401 2
    endloop
  endfacet
  facet normal 0.724876 0.0954792 -0.682231
    outer loop
      vertex 9.22299 -0.0852579 2
      vertex 8.6 0 1.35
      vertex 9.21176 0 2
    endloop
  endfacet
  facet normal 0.724876 0.095424 -0.682238
    outer loop
      vertex 8.6 0 1.35
      vertex 9.22299 -0.0852579 2
      vertex 8.6477 -0.362347 1.35
    endloop
  endfacet
  facet normal 0 0 1
    outer loop
      vertex 3.98819 9.65926 1.35
      vertex 3.94049 10.0216 1.35
      vertex 3.98222 9.61394 1.35
    endloop
  endfacet
  facet normal 0 0 1
    outer loop
      vertex 6.3348 8.25568 1.35
      vertex 6.4 8.66025 1.35
      vertex 6.3523 9.0226 1.35
    endloop
  endfacet
  facet normal 0 0 1
    outer loop
      vertex 6.4 8.66025 1.35
      vertex 6.3348 8.25568 1.35
      vertex 6.3523 8.29791 1.35
    endloop
  endfacet
  facet normal 0 -0 1
    outer loop
      vertex 6.3348 8.25568 1.35
      vertex 6.3523 9.0226 1.35
      vertex 6.21243 9.36025 1.35
    endloop
  endfacet
  facet normal 0 0 1
    outer loop
      vertex 8.42336 7.43341 1.35
      vertex 8.42336 6.70872 1.35
      vertex 8.47107 7.07107 1.35
    endloop
  endfacet
  facet normal 0 0 1
    outer loop
      vertex 8.2835 7.77107 1.35
      vertex 8.42336 6.70872 1.35
      vertex 8.42336 7.43341 1.35
    endloop
  endfacet
  facet normal 0 0 1
    outer loop
      vertex 8.25568 6.3348 1.35
      vertex 8.42336 6.70872 1.35
      vertex 8.2835 7.77107 1.35
    endloop
  endfacet
  facet normal 0 0 1
    outer loop
      vertex 8.42336 6.70872 1.35
      vertex 8.25568 6.3348 1.35
      vertex 8.2835 6.37107 1.35
    endloop
  endfacet
  facet normal 0 -0 1
    outer loop
      vertex 8.25568 6.3348 1.35
      vertex 8.2835 7.77107 1.35
      vertex 8.06102 8.06102 1.35
    endloop
  endfacet
  facet normal 0 0 1
    outer loop
      vertex 10.0125 5.36235 1.35
      vertex 10.0125 4.63765 1.35
      vertex 10.0603 5 1.35
    endloop
  endfacet
  facet normal 0 0 1
    outer loop
      vertex 9.87269 5.7 1.35
      vertex 10.0125 4.63765 1.35
      vertex 10.0125 5.36235 1.35
    endloop
  endfacet
  facet normal 0 0 1
    outer loop
      vertex 9.61394 3.98222 1.35
      vertex 10.0125 4.63765 1.35
      vertex 9.87269 5.7 1.35
    endloop
  endfacet
  facet normal 0 0 1
    outer loop
      vertex 9.61394 3.98222 1.35
      vertex 9.87269 5.7 1.35
      vertex 9.6502 5.98995 1.35
    endloop
  endfacet
  facet normal 0 0 1
    outer loop
      vertex 10.0125 4.63765 1.35
      vertex 9.61394 3.98222 1.35
      vertex 9.87269 4.3 1.35
    endloop
  endfacet
  facet normal 0 0 1
    outer loop
      vertex 9.87269 4.3 1.35
      vertex 9.61394 3.98222 1.35
      vertex 9.6502 4.01005 1.35
    endloop
  endfacet
  facet normal 0 0 1
    outer loop
      vertex 8.70557 3.60597 1.35
      vertex 9.61394 3.98222 1.35
      vertex 9.36025 6.21243 1.35
    endloop
  endfacet
  facet normal 0 0 1
    outer loop
      vertex 9.36025 6.21243 1.35
      vertex 9.61394 3.98222 1.35
      vertex 9.6502 5.98995 1.35
    endloop
  endfacet
  facet normal 0 0 1
    outer loop
      vertex 11.0116 2.95054 1.35
      vertex 11.0116 2.22584 1.35
      vertex 11.0593 2.58819 1.35
    endloop
  endfacet
  facet normal 0 0 1
    outer loop
      vertex 10.8717 3.28819 1.35
      vertex 11.0116 2.22584 1.35
      vertex 11.0116 2.95054 1.35
    endloop
  endfacet
  facet normal 0 0 1
    outer loop
      vertex 10.8717 3.28819 1.35
      vertex 10.8717 1.88819 1.35
      vertex 11.0116 2.22584 1.35
    endloop
  endfacet
  facet normal 0 0 1
    outer loop
      vertex 10.6492 3.57814 1.35
      vertex 10.8717 1.88819 1.35
      vertex 10.8717 3.28819 1.35
    endloop
  endfacet
  facet normal 0 0 1
    outer loop
      vertex 10.317 1.35826 1.35
      vertex 10.8717 1.88819 1.35
      vertex 10.6492 3.57814 1.35
    endloop
  endfacet
  facet normal 0 0 1
    outer loop
      vertex 10.317 1.35826 1.35
      vertex 10.6492 3.57814 1.35
      vertex 10.3593 3.80063 1.35
    endloop
  endfacet
  facet normal 0 0 1
    outer loop
      vertex 10.8717 1.88819 1.35
      vertex 10.317 1.35826 1.35
      vertex 10.6492 1.59824 1.35
    endloop
  endfacet
  facet normal 0 0 1
    outer loop
      vertex 10.6492 1.59824 1.35
      vertex 10.317 1.35826 1.35
      vertex 10.3593 1.37575 1.35
    endloop
  endfacet
  facet normal 0 0 1
    outer loop
      vertex 10.3593 3.80063 1.35
      vertex 9.61394 3.98222 1.35
      vertex 10.317 1.35826 1.35
    endloop
  endfacet
  facet normal 0 0 1
    outer loop
      vertex 9.61394 3.98222 1.35
      vertex 10.3593 3.80063 1.35
      vertex 10.0216 3.94049 1.35
    endloop
  endfacet
  facet normal 0 0 1
    outer loop
      vertex 11.3523 0.362347 1.35
      vertex 11.3523 -0.362347 1.35
      vertex 11.4 0 1.35
    endloop
  endfacet
  facet normal 0 0 1
    outer loop
      vertex 11.2124 0.7 1.35
      vertex 11.3523 -0.362347 1.35
      vertex 11.3523 0.362347 1.35
    endloop
  endfacet
  facet normal 0 0 1
    outer loop
      vertex 11.2124 0.7 1.35
      vertex 11.2124 -0.7 1.35
      vertex 11.3523 -0.362347 1.35
    endloop
  endfacet
  facet normal 0 0 1
    outer loop
      vertex 10.9899 0.989949 1.35
      vertex 11.2124 -0.7 1.35
      vertex 11.2124 0.7 1.35
    endloop
  endfacet
  facet normal 0 0 1
    outer loop
      vertex 10.9899 0.989949 1.35
      vertex 10.9899 -0.989949 1.35
      vertex 11.2124 -0.7 1.35
    endloop
  endfacet
  facet normal 0 0 1
    outer loop
      vertex 10.317 1.35826 1.35
      vertex 10.9899 0.989949 1.35
      vertex 10.7 1.21243 1.35
    endloop
  endfacet
  facet normal 0 0 1
    outer loop
      vertex 10.9899 0.989949 1.35
      vertex 10.317 1.35826 1.35
      vertex 10.9899 -0.989949 1.35
    endloop
  endfacet
  facet normal 0 0 1
    outer loop
      vertex 10.317 1.35826 1.35
      vertex 10.7 1.21243 1.35
      vertex 10.3623 1.3523 1.35
    endloop
  endfacet
  facet normal 0 0 1
    outer loop
      vertex 10.317 -1.35826 1.35
      vertex 10.9899 -0.989949 1.35
      vertex 10.317 1.35826 1.35
    endloop
  endfacet
  facet normal 0 0 1
    outer loop
      vertex 10.9899 -0.989949 1.35
      vertex 10.317 -1.35826 1.35
      vertex 10.7 -1.21243 1.35
    endloop
  endfacet
  facet normal 0 0 1
    outer loop
      vertex 10.7 -1.21243 1.35
      vertex 10.317 -1.35826 1.35
      vertex 10.3623 -1.3523 1.35
    endloop
  endfacet
  facet normal 0 0 1
    outer loop
      vertex 11.0116 -2.22584 1.35
      vertex 11.0116 -2.95054 1.35
      vertex 11.0593 -2.58819 1.35
    endloop
  endfacet
  facet normal 0 0 1
    outer loop
      vertex 10.8717 -1.88819 1.35
      vertex 11.0116 -2.95054 1.35
      vertex 11.0116 -2.22584 1.35
    endloop
  endfacet
  facet normal 0 0 1
    outer loop
      vertex 10.8717 -1.88819 1.35
      vertex 10.8717 -3.28819 1.35
      vertex 11.0116 -2.95054 1.35
    endloop
  endfacet
  facet normal 0 0 1
    outer loop
      vertex 10.317 -1.35826 1.35
      vertex 10.8717 -1.88819 1.35
      vertex 10.6492 -1.59824 1.35
    endloop
  endfacet
  facet normal 0 0 1
    outer loop
      vertex 10.8717 -1.88819 1.35
      vertex 10.317 -1.35826 1.35
      vertex 10.8717 -3.28819 1.35
    endloop
  endfacet
  facet normal 0 0 1
    outer loop
      vertex 10.317 -1.35826 1.35
      vertex 10.6492 -1.59824 1.35
      vertex 10.3593 -1.37575 1.35
    endloop
  endfacet
  facet normal 0 0 1
    outer loop
      vertex 10.8717 -3.28819 1.35
      vertex 10.317 -1.35826 1.35
      vertex 10.6492 -3.57814 1.35
    endloop
  endfacet
  facet normal 0 0 1
    outer loop
      vertex 10.6492 -3.57814 1.35
      vertex 10.317 -1.35826 1.35
      vertex 10.3593 -3.80063 1.35
    endloop
  endfacet
  facet normal 0 0 1
    outer loop
      vertex 10.317 1.35826 1.35
      vertex 9.61394 3.98222 1.35
      vertex 10.317 -1.35826 1.35
    endloop
  endfacet
  facet normal 0 0 1
    outer loop
      vertex 9.61394 -3.98222 1.35
      vertex 10.317 -1.35826 1.35
      vertex 9.61394 3.98222 1.35
    endloop
  endfacet
  facet normal -0 0 1
    outer loop
      vertex 9.61394 3.98222 1.35
      vertex 10.0216 3.94049 1.35
      vertex 9.65926 3.98819 1.35
    endloop
  endfacet
  facet normal 0 0 1
    outer loop
      vertex 10.317 -1.35826 1.35
      vertex 9.61394 -3.98222 1.35
      vertex 10.3593 -3.80063 1.35
    endloop
  endfacet
  facet normal 0 0 1
    outer loop
      vertex 10.3593 -3.80063 1.35
      vertex 9.61394 -3.98222 1.35
      vertex 10.0216 -3.94049 1.35
    endloop
  endfacet
  facet normal 0 0 1
    outer loop
      vertex 10.0216 -3.94049 1.35
      vertex 9.61394 -3.98222 1.35
      vertex 9.65926 -3.98819 1.35
    endloop
  endfacet
  facet normal 0 0 1
    outer loop
      vertex 10.0125 -4.63765 1.35
      vertex 10.0125 -5.36235 1.35
      vertex 10.0603 -5 1.35
    endloop
  endfacet
  facet normal 0 0 1
    outer loop
      vertex 9.87269 -4.3 1.35
      vertex 10.0125 -5.36235 1.35
      vertex 10.0125 -4.63765 1.35
    endloop
  endfacet
  facet normal 0 0 1
    outer loop
      vertex 9.61394 -3.98222 1.35
      vertex 10.0125 -5.36235 1.35
      vertex 9.87269 -4.3 1.35
    endloop
  endfacet
  facet normal 0 0 1
    outer loop
      vertex 9.61394 -3.98222 1.35
      vertex 9.87269 -4.3 1.35
      vertex 9.6502 -4.01005 1.35
    endloop
  endfacet
  facet normal 0 0 1
    outer loop
      vertex 10.0125 -5.36235 1.35
      vertex 9.61394 -3.98222 1.35
      vertex 9.87269 -5.7 1.35
    endloop
  endfacet
  facet normal 0 0 1
    outer loop
      vertex 9.87269 -5.7 1.35
      vertex 9.61394 -3.98222 1.35
      vertex 9.6502 -5.98995 1.35
    endloop
  endfacet
  facet normal 0 0 1
    outer loop
      vertex 9.61394 3.98222 1.35
      vertex 9.34223 1.22993 1.35
      vertex 9.61394 -3.98222 1.35
    endloop
  endfacet
  facet normal -0 0 1
    outer loop
      vertex 9.34223 -1.22993 1.35
      vertex 9.61394 -3.98222 1.35
      vertex 9.34223 1.22993 1.35
    endloop
  endfacet
  facet normal -0 0 1
    outer loop
      vertex 8.70557 -3.60597 1.35
      vertex 9.61394 -3.98222 1.35
      vertex 9.34223 -1.22993 1.35
    endloop
  endfacet
  facet normal 0 0 1
    outer loop
      vertex 9.61394 3.98222 1.35
      vertex 8.70557 3.60597 1.35
      vertex 9.34223 1.22993 1.35
    endloop
  endfacet
  facet normal 0 0 1
    outer loop
      vertex 8.70557 3.60597 1.35
      vertex 9.36025 6.21243 1.35
      vertex 9.0226 6.3523 1.35
    endloop
  endfacet
  facet normal -0 0 1
    outer loop
      vertex 8.66931 1.59824 1.35
      vertex 9.34223 1.22993 1.35
      vertex 8.70557 3.60597 1.35
    endloop
  endfacet
  facet normal 0 0 1
    outer loop
      vertex 9.34223 1.22993 1.35
      vertex 8.95926 1.37575 1.35
      vertex 9.29691 1.23589 1.35
    endloop
  endfacet
  facet normal 0 0 1
    outer loop
      vertex 8.25568 6.3348 1.35
      vertex 9.0226 6.3523 1.35
      vertex 8.66025 6.4 1.35
    endloop
  endfacet
  facet normal 0 0 1
    outer loop
      vertex 9.0226 6.3523 1.35
      vertex 8.25568 6.3348 1.35
      vertex 8.70557 3.60597 1.35
    endloop
  endfacet
  facet normal 0 0 1
    outer loop
      vertex 8.25568 6.3348 1.35
      vertex 8.66025 6.4 1.35
      vertex 8.29791 6.3523 1.35
    endloop
  endfacet
  facet normal -0 0 1
    outer loop
      vertex 7.47564 5.73626 1.35
      vertex 8.70557 3.60597 1.35
      vertex 8.25568 6.3348 1.35
    endloop
  endfacet
  facet normal 0 0 1
    outer loop
      vertex 8.70557 3.60597 1.35
      vertex 8.29791 3.6477 1.35
      vertex 8.66025 3.6 1.35
    endloop
  endfacet
  facet normal 0 0 1
    outer loop
      vertex 7.47564 5.73626 1.35
      vertex 8.25568 6.3348 1.35
      vertex 8.06102 8.06102 1.35
    endloop
  endfacet
  facet normal -0 -0 1
    outer loop
      vertex 7.96025 3.78756 1.35
      vertex 8.70557 3.60597 1.35
      vertex 7.47564 5.73626 1.35
    endloop
  endfacet
  facet normal 0 0 1
    outer loop
      vertex 7.47564 5.73626 1.35
      vertex 8.06102 8.06102 1.35
      vertex 7.77107 8.2835 1.35
    endloop
  endfacet
  facet normal 0 0 1
    outer loop
      vertex 8.70557 3.60597 1.35
      vertex 7.96025 3.78756 1.35
      vertex 8.29791 3.6477 1.35
    endloop
  endfacet
  facet normal 0 0 1
    outer loop
      vertex 7.96025 3.78756 1.35
      vertex 7.47564 5.73626 1.35
      vertex 7.6703 4.01005 1.35
    endloop
  endfacet
  facet normal 0 0 1
    outer loop
      vertex 7.43341 8.42336 1.35
      vertex 7.47564 5.73626 1.35
      vertex 7.77107 8.2835 1.35
    endloop
  endfacet
  facet normal 0 0 1
    outer loop
      vertex 7.07107 8.47107 1.35
      vertex 7.47564 5.73626 1.35
      vertex 7.43341 8.42336 1.35
    endloop
  endfacet
  facet normal -0 0 1
    outer loop
      vertex 6.3348 8.25568 1.35
      vertex 7.47564 5.73626 1.35
      vertex 7.07107 8.47107 1.35
    endloop
  endfacet
  facet normal 0 0 1
    outer loop
      vertex 7.47564 5.73626 1.35
      vertex 7.07107 5.67107 1.35
      vertex 7.43341 5.71877 1.35
    endloop
  endfacet
  facet normal 0 0 1
    outer loop
      vertex 6.3348 8.25568 1.35
      vertex 7.07107 8.47107 1.35
      vertex 6.70872 8.42336 1.35
    endloop
  endfacet
  facet normal 0 -0 1
    outer loop
      vertex 6.70872 5.71877 1.35
      vertex 7.47564 5.73626 1.35
      vertex 6.3348 8.25568 1.35
    endloop
  endfacet
  facet normal 0 0 1
    outer loop
      vertex 6.3348 8.25568 1.35
      vertex 6.70872 8.42336 1.35
      vertex 6.37107 8.2835 1.35
    endloop
  endfacet
  facet normal 0 0 1
    outer loop
      vertex 7.47564 5.73626 1.35
      vertex 6.70872 5.71877 1.35
      vertex 7.07107 5.67107 1.35
    endloop
  endfacet
  facet normal 0 0 1
    outer loop
      vertex 6.70872 5.71877 1.35
      vertex 6.3348 8.25568 1.35
      vertex 6.37107 5.85863 1.35
    endloop
  endfacet
  facet normal 0 0 1
    outer loop
      vertex 5.73626 7.47564 1.35
      vertex 6.3348 8.25568 1.35
      vertex 6.21243 9.36025 1.35
    endloop
  endfacet
  facet normal 0 0 1
    outer loop
      vertex 6.3348 8.25568 1.35
      vertex 5.73626 7.47564 1.35
      vertex 6.37107 5.85863 1.35
    endloop
  endfacet
  facet normal 0 0 1
    outer loop
      vertex 5.73626 7.47564 1.35
      vertex 6.21243 9.36025 1.35
      vertex 5.98995 9.6502 1.35
    endloop
  endfacet
  facet normal 0 0 1
    outer loop
      vertex 6.37107 5.85863 1.35
      vertex 5.73626 7.47564 1.35
      vertex 6.08112 6.08112 1.35
    endloop
  endfacet
  facet normal 0 0 1
    outer loop
      vertex 6.08112 6.08112 1.35
      vertex 5.73626 7.47564 1.35
      vertex 5.85863 6.37107 1.35
    endloop
  endfacet
  facet normal 0 0 1
    outer loop
      vertex 5.7 9.87269 1.35
      vertex 5.73626 7.47564 1.35
      vertex 5.98995 9.6502 1.35
    endloop
  endfacet
  facet normal 0 0 1
    outer loop
      vertex 5.36235 10.0125 1.35
      vertex 5.73626 7.47564 1.35
      vertex 5.7 9.87269 1.35
    endloop
  endfacet
  facet normal 0 0 1
    outer loop
      vertex 5 10.0603 1.35
      vertex 5.73626 7.47564 1.35
      vertex 5.36235 10.0125 1.35
    endloop
  endfacet
  facet normal 0 0 1
    outer loop
      vertex 5.73626 7.47564 1.35
      vertex 5.36235 7.30796 1.35
      vertex 5.7 7.44782 1.35
    endloop
  endfacet
  facet normal 0 0 1
    outer loop
      vertex 5 7.26025 1.35
      vertex 5.73626 7.47564 1.35
      vertex 5 10.0603 1.35
    endloop
  endfacet
  facet normal 0 0 1
    outer loop
      vertex 5.73626 7.47564 1.35
      vertex 5 7.26025 1.35
      vertex 5.36235 7.30796 1.35
    endloop
  endfacet
  facet normal -0 0 1
    outer loop
      vertex 4.63765 10.0125 1.35
      vertex 5 7.26025 1.35
      vertex 5 10.0603 1.35
    endloop
  endfacet
  facet normal 0 0 1
    outer loop
      vertex 4.63765 10.0125 1.35
      vertex 4.63765 7.30796 1.35
      vertex 5 7.26025 1.35
    endloop
  endfacet
  facet normal 0 0 1
    outer loop
      vertex 3.98222 9.61394 1.35
      vertex 4.63765 10.0125 1.35
      vertex 4.3 9.87269 1.35
    endloop
  endfacet
  facet normal 0 0 1
    outer loop
      vertex 4.63765 10.0125 1.35
      vertex 3.98222 9.61394 1.35
      vertex 4.63765 7.30796 1.35
    endloop
  endfacet
  facet normal 0 0 1
    outer loop
      vertex 3.98222 9.61394 1.35
      vertex 4.3 9.87269 1.35
      vertex 4.01005 9.6502 1.35
    endloop
  endfacet
  facet normal 0 0 1
    outer loop
      vertex 4.63765 7.30796 1.35
      vertex 3.98222 9.61394 1.35
      vertex 4.3 7.44782 1.35
    endloop
  endfacet
  facet normal 0 0 1
    outer loop
      vertex 4.3 7.44782 1.35
      vertex 3.98222 9.61394 1.35
      vertex 4.01005 7.6703 1.35
    endloop
  endfacet
  facet normal 0 0 1
    outer loop
      vertex 3.80063 10.3593 1.35
      vertex 3.98222 9.61394 1.35
      vertex 3.94049 10.0216 1.35
    endloop
  endfacet
  facet normal 0 0 1
    outer loop
      vertex 3.98222 9.61394 1.35
      vertex 3.80063 10.3593 1.35
      vertex 3.60597 8.70557 1.35
    endloop
  endfacet
  facet normal 0 0 1
    outer loop
      vertex 3.98222 9.61394 1.35
      vertex 3.60597 8.70557 1.35
      vertex 4.01005 7.6703 1.35
    endloop
  endfacet
  facet normal 0 0 1
    outer loop
      vertex 4.01005 7.6703 1.35
      vertex 3.60597 8.70557 1.35
      vertex 3.78756 7.96025 1.35
    endloop
  endfacet
  facet normal 0 0 1
    outer loop
      vertex 3.78756 7.96025 1.35
      vertex 3.60597 8.70557 1.35
      vertex 3.6477 8.29791 1.35
    endloop
  endfacet
  facet normal 0 0 1
    outer loop
      vertex 3.57814 10.6492 1.35
      vertex 3.60597 8.70557 1.35
      vertex 3.80063 10.3593 1.35
    endloop
  endfacet
  facet normal 0 0 1
    outer loop
      vertex 3.28819 10.8717 1.35
      vertex 3.60597 8.70557 1.35
      vertex 3.57814 10.6492 1.35
    endloop
  endfacet
  facet normal 0 0 1
    outer loop
      vertex 2.95054 11.0116 1.35
      vertex 3.60597 8.70557 1.35
      vertex 3.28819 10.8717 1.35
    endloop
  endfacet
  facet normal 0 0 1
    outer loop
      vertex 3.60597 8.70557 1.35
      vertex 3.28819 8.44682 1.35
      vertex 3.57814 8.66931 1.35
    endloop
  endfacet
  facet normal 0 0 1
    outer loop
      vertex 2.95054 8.30696 1.35
      vertex 3.60597 8.70557 1.35
      vertex 2.95054 11.0116 1.35
    endloop
  endfacet
  facet normal 0 0 1
    outer loop
      vertex 3.60597 8.70557 1.35
      vertex 2.95054 8.30696 1.35
      vertex 3.28819 8.44682 1.35
    endloop
  endfacet
  facet normal 0 0 1
    outer loop
      vertex 2.58819 11.0593 1.35
      vertex 2.95054 8.30696 1.35
      vertex 2.95054 11.0116 1.35
    endloop
  endfacet
  facet normal 0 0 1
    outer loop
      vertex 2.58819 11.0593 1.35
      vertex 2.58819 8.25926 1.35
      vertex 2.95054 8.30696 1.35
    endloop
  endfacet
  facet normal -0 0 1
    outer loop
      vertex 2.22584 11.0116 1.35
      vertex 2.58819 8.25926 1.35
      vertex 2.58819 11.0593 1.35
    endloop
  endfacet
  facet normal 0 0 1
    outer loop
      vertex 2.22584 11.0116 1.35
      vertex 2.22584 8.30696 1.35
      vertex 2.58819 8.25926 1.35
    endloop
  endfacet
  facet normal -0 0 1
    outer loop
      vertex 1.88819 10.8717 1.35
      vertex 2.22584 8.30696 1.35
      vertex 2.22584 11.0116 1.35
    endloop
  endfacet
  facet normal 0 0 1
    outer loop
      vertex 1.88819 10.8717 1.35
      vertex 1.88819 8.44682 1.35
      vertex 2.22584 8.30696 1.35
    endloop
  endfacet
  facet normal 0 0 1
    outer loop
      vertex 1.35826 10.317 1.35
      vertex 1.88819 10.8717 1.35
      vertex 1.59824 10.6492 1.35
    endloop
  endfacet
  facet normal 0 0 1
    outer loop
      vertex 1.88819 10.8717 1.35
      vertex 1.35826 10.317 1.35
      vertex 1.88819 8.44682 1.35
    endloop
  endfacet
  facet normal 0 0 1
    outer loop
      vertex 1.35826 10.317 1.35
      vertex 1.59824 10.6492 1.35
      vertex 1.37575 10.3593 1.35
    endloop
  endfacet
  facet normal 0 0 1
    outer loop
      vertex 1.88819 8.44682 1.35
      vertex 1.35826 10.317 1.35
      vertex 1.59824 8.66931 1.35
    endloop
  endfacet
  facet normal -0 0 1
    outer loop
      vertex 1.22993 9.34223 1.35
      vertex 1.59824 8.66931 1.35
      vertex 1.35826 10.317 1.35
    endloop
  endfacet
  facet normal 0 0 1
    outer loop
      vertex 1.21243 10.7 1.35
      vertex 1.35826 10.317 1.35
      vertex 1.3523 10.3623 1.35
    endloop
  endfacet
  facet normal 0 0 1
    outer loop
      vertex 1.59824 8.66931 1.35
      vertex 1.22993 9.34223 1.35
      vertex 1.37575 8.95926 1.35
    endloop
  endfacet
  facet normal 0 0 1
    outer loop
      vertex 1.37575 8.95926 1.35
      vertex 1.22993 9.34223 1.35
      vertex 1.23589 9.29691 1.35
    endloop
  endfacet
  facet normal 0 0 1
    outer loop
      vertex 0.989949 10.9899 1.35
      vertex 1.35826 10.317 1.35
      vertex 1.21243 10.7 1.35
    endloop
  endfacet
  facet normal 0 0 1
    outer loop
      vertex 1.35826 10.317 1.35
      vertex 0.989949 10.9899 1.35
      vertex 1.22993 9.34223 1.35
    endloop
  endfacet
  facet normal 0 0 1
    outer loop
      vertex 0.7 11.2124 1.35
      vertex 1.22993 9.34223 1.35
      vertex 0.989949 10.9899 1.35
    endloop
  endfacet
  facet normal 0 0 1
    outer loop
      vertex 1.22993 9.34223 1.35
      vertex 0.989949 9.01005 1.35
      vertex 1.21243 9.3 1.35
    endloop
  endfacet
  facet normal 0 0 1
    outer loop
      vertex 0.7 8.78756 1.35
      vertex 1.22993 9.34223 1.35
      vertex 0.7 11.2124 1.35
    endloop
  endfacet
  facet normal 0 0 1
    outer loop
      vertex 1.22993 9.34223 1.35
      vertex 0.7 8.78756 1.35
      vertex 0.989949 9.01005 1.35
    endloop
  endfacet
  facet normal 0 0 1
    outer loop
      vertex 0.362347 11.3523 1.35
      vertex 0.7 8.78756 1.35
      vertex 0.7 11.2124 1.35
    endloop
  endfacet
  facet normal 0 0 1
    outer loop
      vertex 0.362347 11.3523 1.35
      vertex 0.362347 8.6477 1.35
      vertex 0.7 8.78756 1.35
    endloop
  endfacet
  facet normal 0 0 1
    outer loop
      vertex 0 11.4 1.35
      vertex 0.362347 8.6477 1.35
      vertex 0.362347 11.3523 1.35
    endloop
  endfacet
  facet normal 0 0 1
    outer loop
      vertex 0 11.4 1.35
      vertex 0 8.6 1.35
      vertex 0.362347 8.6477 1.35
    endloop
  endfacet
  facet normal -0 0 1
    outer loop
      vertex -0.362347 11.3523 1.35
      vertex 0 8.6 1.35
      vertex 0 11.4 1.35
    endloop
  endfacet
  facet normal 0 0 1
    outer loop
      vertex -0.362347 11.3523 1.35
      vertex -0.362347 8.6477 1.35
      vertex 0 8.6 1.35
    endloop
  endfacet
  facet normal -0 0 1
    outer loop
      vertex -0.7 11.2124 1.35
      vertex -0.362347 8.6477 1.35
      vertex -0.362347 11.3523 1.35
    endloop
  endfacet
  facet normal 0 0 1
    outer loop
      vertex -0.7 11.2124 1.35
      vertex -0.7 8.78756 1.35
      vertex -0.362347 8.6477 1.35
    endloop
  endfacet
  facet normal -0 0 1
    outer loop
      vertex -0.989949 10.9899 1.35
      vertex -0.7 8.78756 1.35
      vertex -0.7 11.2124 1.35
    endloop
  endfacet
  facet normal -0 0 1
    outer loop
      vertex -1.22993 9.34223 1.35
      vertex -0.7 8.78756 1.35
      vertex -0.989949 10.9899 1.35
    endloop
  endfacet
  facet normal 0 0 1
    outer loop
      vertex -1.35826 10.317 1.35
      vertex -0.989949 10.9899 1.35
      vertex -1.21243 10.7 1.35
    endloop
  endfacet
  facet normal 0 0 1
    outer loop
      vertex -0.7 8.78756 1.35
      vertex -1.22993 9.34223 1.35
      vertex -0.989949 9.01005 1.35
    endloop
  endfacet
  facet normal 0 0 1
    outer loop
      vertex -0.989949 9.01005 1.35
      vertex -1.22993 9.34223 1.35
      vertex -1.21243 9.3 1.35
    endloop
  endfacet
  facet normal 0 0 1
    outer loop
      vertex -0.989949 10.9899 1.35
      vertex -1.35826 10.317 1.35
      vertex -1.22993 9.34223 1.35
    endloop
  endfacet
  facet normal 0 0 1
    outer loop
      vertex -1.35826 10.317 1.35
      vertex -1.21243 10.7 1.35
      vertex -1.3523 10.3623 1.35
    endloop
  endfacet
  facet normal 0 0 1
    outer loop
      vertex -1.59824 8.66931 1.35
      vertex -1.22993 9.34223 1.35
      vertex -1.35826 10.317 1.35
    endloop
  endfacet
  facet normal 0 0 1
    outer loop
      vertex -1.59824 10.6492 1.35
      vertex -1.35826 10.317 1.35
      vertex -1.37575 10.3593 1.35
    endloop
  endfacet
  facet normal 0 0 1
    outer loop
      vertex -1.22993 9.34223 1.35
      vertex -1.37575 8.95926 1.35
      vertex -1.23589 9.29691 1.35
    endloop
  endfacet
  facet normal 0 0 1
    outer loop
      vertex -1.88819 10.8717 1.35
      vertex -1.35826 10.317 1.35
      vertex -1.59824 10.6492 1.35
    endloop
  endfacet
  facet normal 0 0 1
    outer loop
      vertex -1.22993 9.34223 1.35
      vertex -1.59824 8.66931 1.35
      vertex -1.37575 8.95926 1.35
    endloop
  endfacet
  facet normal 0 0 1
    outer loop
      vertex -1.35826 10.317 1.35
      vertex -1.88819 10.8717 1.35
      vertex -1.59824 8.66931 1.35
    endloop
  endfacet
  facet normal 0 0 1
    outer loop
      vertex -1.88819 10.8717 1.35
      vertex -1.88819 8.44682 1.35
      vertex -1.59824 8.66931 1.35
    endloop
  endfacet
  facet normal 0 0 1
    outer loop
      vertex -2.22584 11.0116 1.35
      vertex -1.88819 8.44682 1.35
      vertex -1.88819 10.8717 1.35
    endloop
  endfacet
  facet normal 0 0 1
    outer loop
      vertex -2.22584 11.0116 1.35
      vertex -2.22584 8.30696 1.35
      vertex -1.88819 8.44682 1.35
    endloop
  endfacet
  facet normal 0 0 1
    outer loop
      vertex -2.58819 11.0593 1.35
      vertex -2.22584 8.30696 1.35
      vertex -2.22584 11.0116 1.35
    endloop
  endfacet
  facet normal 0 0 1
    outer loop
      vertex -2.58819 11.0593 1.35
      vertex -2.58819 8.25926 1.35
      vertex -2.22584 8.30696 1.35
    endloop
  endfacet
  facet normal -0 0 1
    outer loop
      vertex -2.95054 11.0116 1.35
      vertex -2.58819 8.25926 1.35
      vertex -2.58819 11.0593 1.35
    endloop
  endfacet
  facet normal 0 0 1
    outer loop
      vertex -2.95054 11.0116 1.35
      vertex -2.95054 8.30696 1.35
      vertex -2.58819 8.25926 1.35
    endloop
  endfacet
  facet normal -0 0 1
    outer loop
      vertex -3.28819 10.8717 1.35
      vertex -2.95054 8.30696 1.35
      vertex -2.95054 11.0116 1.35
    endloop
  endfacet
  facet normal -0 0 1
    outer loop
      vertex -3.60597 8.70557 1.35
      vertex -2.95054 8.30696 1.35
      vertex -3.28819 10.8717 1.35
    endloop
  endfacet
  facet normal 0 0 1
    outer loop
      vertex -3.60597 8.70557 1.35
      vertex -3.28819 10.8717 1.35
      vertex -3.57814 10.6492 1.35
    endloop
  endfacet
  facet normal 0 0 1
    outer loop
      vertex -2.95054 8.30696 1.35
      vertex -3.60597 8.70557 1.35
      vertex -3.28819 8.44682 1.35
    endloop
  endfacet
  facet normal 0 0 1
    outer loop
      vertex -3.28819 8.44682 1.35
      vertex -3.60597 8.70557 1.35
      vertex -3.57814 8.66931 1.35
    endloop
  endfacet
  facet normal -0 0 1
    outer loop
      vertex -3.98222 9.61394 1.35
      vertex -3.60597 8.70557 1.35
      vertex -3.57814 10.6492 1.35
    endloop
  endfacet
  facet normal 0 -0 1
    outer loop
      vertex -3.78756 7.96025 1.35
      vertex -3.60597 8.70557 1.35
      vertex -3.98222 9.61394 1.35
    endloop
  endfacet
  facet normal 0 0 1
    outer loop
      vertex -3.98222 9.61394 1.35
      vertex -3.57814 10.6492 1.35
      vertex -3.80063 10.3593 1.35
    endloop
  endfacet
  facet normal 0 0 1
    outer loop
      vertex -3.98222 9.61394 1.35
      vertex -3.80063 10.3593 1.35
      vertex -3.94049 10.0216 1.35
    endloop
  endfacet
  facet normal 0 0 1
    outer loop
      vertex -3.60597 8.70557 1.35
      vertex -3.78756 7.96025 1.35
      vertex -3.6477 8.29791 1.35
    endloop
  endfacet
  facet normal 0 0 1
    outer loop
      vertex -4.3 9.87269 1.35
      vertex -3.98222 9.61394 1.35
      vertex -4.01005 9.6502 1.35
    endloop
  endfacet
  facet normal 0 0 1
    outer loop
      vertex -3.98222 9.61394 1.35
      vertex -4.01005 7.6703 1.35
      vertex -3.78756 7.96025 1.35
    endloop
  endfacet
  facet normal 0 0 1
    outer loop
      vertex -4.63765 10.0125 1.35
      vertex -3.98222 9.61394 1.35
      vertex -4.3 9.87269 1.35
    endloop
  endfacet
  facet normal 0 0 1
    outer loop
      vertex -3.98222 9.61394 1.35
      vertex -4.3 7.44782 1.35
      vertex -4.01005 7.6703 1.35
    endloop
  endfacet
  facet normal 0 0 1
    outer loop
      vertex -3.98222 9.61394 1.35
      vertex -4.63765 10.0125 1.35
      vertex -4.3 7.44782 1.35
    endloop
  endfacet
  facet normal 0 0 1
    outer loop
      vertex -4.63765 10.0125 1.35
      vertex -4.63765 7.30796 1.35
      vertex -4.3 7.44782 1.35
    endloop
  endfacet
  facet normal 0 0 1
    outer loop
      vertex -5 10.0603 1.35
      vertex -4.63765 7.30796 1.35
      vertex -4.63765 10.0125 1.35
    endloop
  endfacet
  facet normal 0 0 1
    outer loop
      vertex -5 10.0603 1.35
      vertex -5 7.26025 1.35
      vertex -4.63765 7.30796 1.35
    endloop
  endfacet
  facet normal -0 0 1
    outer loop
      vertex -5.36235 10.0125 1.35
      vertex -5 7.26025 1.35
      vertex -5 10.0603 1.35
    endloop
  endfacet
  facet normal -0 0 1
    outer loop
      vertex -5.73626 7.47564 1.35
      vertex -5 7.26025 1.35
      vertex -5.36235 10.0125 1.35
    endloop
  endfacet
  facet normal 0 0 1
    outer loop
      vertex -5.73626 7.47564 1.35
      vertex -5.36235 10.0125 1.35
      vertex -5.7 9.87269 1.35
    endloop
  endfacet
  facet normal 0 0 1
    outer loop
      vertex -5 7.26025 1.35
      vertex -5.73626 7.47564 1.35
      vertex -5.36235 7.30796 1.35
    endloop
  endfacet
  facet normal 0 0 1
    outer loop
      vertex -5.36235 7.30796 1.35
      vertex -5.73626 7.47564 1.35
      vertex -5.7 7.44782 1.35
    endloop
  endfacet
  facet normal -0 0 1
    outer loop
      vertex -6.3348 8.25568 1.35
      vertex -5.73626 7.47564 1.35
      vertex -5.7 9.87269 1.35
    endloop
  endfacet
  facet normal 0 0 1
    outer loop
      vertex -6.3348 8.25568 1.35
      vertex -5.7 9.87269 1.35
      vertex -5.98995 9.6502 1.35
    endloop
  endfacet
  facet normal 0 0 1
    outer loop
      vertex -5.73626 7.47564 1.35
      vertex -6.3348 8.25568 1.35
      vertex -5.85863 6.37107 1.35
    endloop
  endfacet
  facet normal 0 0 1
    outer loop
      vertex -6.3348 8.25568 1.35
      vertex -5.98995 9.6502 1.35
      vertex -6.21243 9.36025 1.35
    endloop
  endfacet
  facet normal 0 0 1
    outer loop
      vertex -5.85863 6.37107 1.35
      vertex -6.3348 8.25568 1.35
      vertex -6.08112 6.08112 1.35
    endloop
  endfacet
  facet normal 0 0 1
    outer loop
      vertex -6.70872 8.42336 1.35
      vertex -6.3348 8.25568 1.35
      vertex -6.37107 8.2835 1.35
    endloop
  endfacet
  facet normal 0 0 1
    outer loop
      vertex -6.3348 8.25568 1.35
      vertex -6.37107 5.85863 1.35
      vertex -6.08112 6.08112 1.35
    endloop
  endfacet
  facet normal 0 0 1
    outer loop
      vertex -7.07107 8.47107 1.35
      vertex -6.3348 8.25568 1.35
      vertex -6.70872 8.42336 1.35
    endloop
  endfacet
  facet normal 0 0 1
    outer loop
      vertex -6.3348 8.25568 1.35
      vertex -6.70872 5.71877 1.35
      vertex -6.37107 5.85863 1.35
    endloop
  endfacet
  facet normal 0 0 1
    outer loop
      vertex -7.47564 5.73626 1.35
      vertex -6.3348 8.25568 1.35
      vertex -7.07107 8.47107 1.35
    endloop
  endfacet
  facet normal 0 0 1
    outer loop
      vertex -6.3348 8.25568 1.35
      vertex -7.47564 5.73626 1.35
      vertex -6.70872 5.71877 1.35
    endloop
  endfacet
  facet normal 0 0 1
    outer loop
      vertex -7.47564 5.73626 1.35
      vertex -7.07107 8.47107 1.35
      vertex -7.43341 8.42336 1.35
    endloop
  endfacet
  facet normal 0 0 1
    outer loop
      vertex -6.70872 5.71877 1.35
      vertex -7.47564 5.73626 1.35
      vertex -7.07107 5.67107 1.35
    endloop
  endfacet
  facet normal 0 0 1
    outer loop
      vertex -7.07107 5.67107 1.35
      vertex -7.47564 5.73626 1.35
      vertex -7.43341 5.71877 1.35
    endloop
  endfacet
  facet normal -0 0 1
    outer loop
      vertex -8.25568 6.3348 1.35
      vertex -7.47564 5.73626 1.35
      vertex -7.43341 8.42336 1.35
    endloop
  endfacet
  facet normal 0 0 1
    outer loop
      vertex -8.25568 6.3348 1.35
      vertex -7.43341 8.42336 1.35
      vertex -7.77107 8.2835 1.35
    endloop
  endfacet
  facet normal 0 0 1
    outer loop
      vertex -7.47564 5.73626 1.35
      vertex -8.25568 6.3348 1.35
      vertex -7.6703 4.01005 1.35
    endloop
  endfacet
  facet normal 0 0 1
    outer loop
      vertex -8.25568 6.3348 1.35
      vertex -7.77107 8.2835 1.35
      vertex -8.06102 8.06102 1.35
    endloop
  endfacet
  facet normal 0 0 1
    outer loop
      vertex -7.6703 4.01005 1.35
      vertex -8.25568 6.3348 1.35
      vertex -7.96025 3.78756 1.35
    endloop
  endfacet
  facet normal 0 0 1
    outer loop
      vertex -8.66025 6.4 1.35
      vertex -8.25568 6.3348 1.35
      vertex -8.29791 6.3523 1.35
    endloop
  endfacet
  facet normal 0 0 1
    outer loop
      vertex -8.25568 6.3348 1.35
      vertex -8.70557 3.60597 1.35
      vertex -7.96025 3.78756 1.35
    endloop
  endfacet
  facet normal -0 0 1
    outer loop
      vertex -9.0226 6.3523 1.35
      vertex -8.25568 6.3348 1.35
      vertex -8.66025 6.4 1.35
    endloop
  endfacet
  facet normal 0 0 1
    outer loop
      vertex -7.96025 3.78756 1.35
      vertex -8.70557 3.60597 1.35
      vertex -8.29791 3.6477 1.35
    endloop
  endfacet
  facet normal 0 0 1
    outer loop
      vertex -8.29791 3.6477 1.35
      vertex -8.70557 3.60597 1.35
      vertex -8.66025 3.6 1.35
    endloop
  endfacet
  facet normal 0 0 1
    outer loop
      vertex -8.25568 6.3348 1.35
      vertex -9.61394 3.98222 1.35
      vertex -8.70557 3.60597 1.35
    endloop
  endfacet
  facet normal 0 0 1
    outer loop
      vertex -8.25568 6.3348 1.35
      vertex -9.0226 6.3523 1.35
      vertex -9.61394 3.98222 1.35
    endloop
  endfacet
  facet normal 0 -0 1
    outer loop
      vertex -9.34223 1.22993 1.35
      vertex -8.70557 3.60597 1.35
      vertex -9.61394 3.98222 1.35
    endloop
  endfacet
  facet normal 0 0 1
    outer loop
      vertex -8.70557 3.60597 1.35
      vertex -9.34223 1.22993 1.35
      vertex -8.95926 1.37575 1.35
    endloop
  endfacet
  facet normal 0 0 1
    outer loop
      vertex -8.95926 1.37575 1.35
      vertex -9.34223 1.22993 1.35
      vertex -9.29691 1.23589 1.35
    endloop
  endfacet
  facet normal 0 0 1
    outer loop
      vertex -9.61394 3.98222 1.35
      vertex -9.0226 6.3523 1.35
      vertex -9.36025 6.21243 1.35
    endloop
  endfacet
  facet normal 0 0 1
    outer loop
      vertex 9.34223 -1.22993 1.35
      vertex 8.66931 -1.59824 1.35
      vertex 8.70557 -3.60597 1.35
    endloop
  endfacet
  facet normal -0 0 1
    outer loop
      vertex 8.44682 -1.88819 1.35
      vertex 8.70557 -3.60597 1.35
      vertex 8.66931 -1.59824 1.35
    endloop
  endfacet
  facet normal -0 0 1
    outer loop
      vertex 8.30696 -2.22584 1.35
      vertex 8.70557 -3.60597 1.35
      vertex 8.44682 -1.88819 1.35
    endloop
  endfacet
  facet normal 0 0 1
    outer loop
      vertex 8.70557 -3.60597 1.35
      vertex 8.44682 -3.28819 1.35
      vertex 8.66931 -3.57814 1.35
    endloop
  endfacet
  facet normal 0 0 1
    outer loop
      vertex 8.70557 -3.60597 1.35
      vertex 8.30696 -2.22584 1.35
      vertex 8.44682 -3.28819 1.35
    endloop
  endfacet
  facet normal 0 0 1
    outer loop
      vertex 8.30696 -2.22584 1.35
      vertex 8.30696 -2.95054 1.35
      vertex 8.44682 -3.28819 1.35
    endloop
  endfacet
  facet normal 0 -0 1
    outer loop
      vertex 8.30696 -2.95054 1.35
      vertex 8.30696 -2.22584 1.35
      vertex 8.25926 -2.58819 1.35
    endloop
  endfacet
  facet normal 0 0 1
    outer loop
      vertex 9.01005 0.989949 1.35
      vertex 9.34223 1.22993 1.35
      vertex 9.3 1.21243 1.35
    endloop
  endfacet
  facet normal 0 0 1
    outer loop
      vertex 8.78756 0.7 1.35
      vertex 9.34223 1.22993 1.35
      vertex 9.01005 0.989949 1.35
    endloop
  endfacet
  facet normal 0 0 1
    outer loop
      vertex 9.34223 1.22993 1.35
      vertex 8.78756 0.7 1.35
      vertex 9.34223 -1.22993 1.35
    endloop
  endfacet
  facet normal 0 0 1
    outer loop
      vertex 9.34223 -1.22993 1.35
      vertex 9.01005 -0.989949 1.35
      vertex 9.3 -1.21243 1.35
    endloop
  endfacet
  facet normal -0 0 1
    outer loop
      vertex 8.78756 -0.7 1.35
      vertex 9.34223 -1.22993 1.35
      vertex 8.78756 0.7 1.35
    endloop
  endfacet
  facet normal 0 0 1
    outer loop
      vertex 9.34223 -1.22993 1.35
      vertex 8.78756 -0.7 1.35
      vertex 9.01005 -0.989949 1.35
    endloop
  endfacet
  facet normal -0 0 1
    outer loop
      vertex 8.6477 0.362347 1.35
      vertex 8.78756 -0.7 1.35
      vertex 8.78756 0.7 1.35
    endloop
  endfacet
  facet normal 0 0 1
    outer loop
      vertex 8.6477 0.362347 1.35
      vertex 8.6477 -0.362347 1.35
      vertex 8.78756 -0.7 1.35
    endloop
  endfacet
  facet normal 0 -0 1
    outer loop
      vertex 8.6477 -0.362347 1.35
      vertex 8.6477 0.362347 1.35
      vertex 8.6 0 1.35
    endloop
  endfacet
  facet normal 0 0 1
    outer loop
      vertex 9.61394 -3.98222 1.35
      vertex 8.70557 -3.60597 1.35
      vertex 9.6502 -5.98995 1.35
    endloop
  endfacet
  facet normal 0 0 1
    outer loop
      vertex 8.95926 -1.37575 1.35
      vertex 9.34223 -1.22993 1.35
      vertex 9.29691 -1.23589 1.35
    endloop
  endfacet
  facet normal 0 0 1
    outer loop
      vertex 9.6502 -5.98995 1.35
      vertex 8.70557 -3.60597 1.35
      vertex 9.36025 -6.21243 1.35
    endloop
  endfacet
  facet normal 0 0 1
    outer loop
      vertex 8.66931 -1.59824 1.35
      vertex 9.34223 -1.22993 1.35
      vertex 8.95926 -1.37575 1.35
    endloop
  endfacet
  facet normal 0 0 1
    outer loop
      vertex 9.36025 -6.21243 1.35
      vertex 8.70557 -3.60597 1.35
      vertex 9.0226 -6.3523 1.35
    endloop
  endfacet
  facet normal 0 0 1
    outer loop
      vertex 8.29791 -3.6477 1.35
      vertex 8.70557 -3.60597 1.35
      vertex 8.66025 -3.6 1.35
    endloop
  endfacet
  facet normal 0 0 1
    outer loop
      vertex 8.70557 -3.60597 1.35
      vertex 8.25568 -6.3348 1.35
      vertex 9.0226 -6.3523 1.35
    endloop
  endfacet
  facet normal 0 0 1
    outer loop
      vertex 7.96025 -3.78756 1.35
      vertex 8.70557 -3.60597 1.35
      vertex 8.29791 -3.6477 1.35
    endloop
  endfacet
  facet normal 0 0 1
    outer loop
      vertex 9.0226 -6.3523 1.35
      vertex 8.25568 -6.3348 1.35
      vertex 8.66025 -6.4 1.35
    endloop
  endfacet
  facet normal 0 0 1
    outer loop
      vertex 8.66025 -6.4 1.35
      vertex 8.25568 -6.3348 1.35
      vertex 8.29791 -6.3523 1.35
    endloop
  endfacet
  facet normal 0 0 1
    outer loop
      vertex 8.70557 -3.60597 1.35
      vertex 7.47564 -5.73626 1.35
      vertex 8.25568 -6.3348 1.35
    endloop
  endfacet
  facet normal 0 0 1
    outer loop
      vertex 8.70557 -3.60597 1.35
      vertex 7.96025 -3.78756 1.35
      vertex 7.47564 -5.73626 1.35
    endloop
  endfacet
  facet normal 0 0 1
    outer loop
      vertex 8.25568 -6.3348 1.35
      vertex 7.47564 -5.73626 1.35
      vertex 8.06102 -8.06102 1.35
    endloop
  endfacet
  facet normal 0 0 1
    outer loop
      vertex 7.47564 -5.73626 1.35
      vertex 7.96025 -3.78756 1.35
      vertex 7.6703 -4.01005 1.35
    endloop
  endfacet
  facet normal 0 0 1
    outer loop
      vertex 8.06102 -8.06102 1.35
      vertex 7.47564 -5.73626 1.35
      vertex 7.77107 -8.2835 1.35
    endloop
  endfacet
  facet normal 0 0 1
    outer loop
      vertex 7.07107 -5.67107 1.35
      vertex 7.47564 -5.73626 1.35
      vertex 7.43341 -5.71877 1.35
    endloop
  endfacet
  facet normal 0 0 1
    outer loop
      vertex 7.47564 -5.73626 1.35
      vertex 7.43341 -8.42336 1.35
      vertex 7.77107 -8.2835 1.35
    endloop
  endfacet
  facet normal -0 0 1
    outer loop
      vertex 6.70872 -5.71877 1.35
      vertex 7.47564 -5.73626 1.35
      vertex 7.07107 -5.67107 1.35
    endloop
  endfacet
  facet normal 0 0 1
    outer loop
      vertex 7.47564 -5.73626 1.35
      vertex 7.07107 -8.47107 1.35
      vertex 7.43341 -8.42336 1.35
    endloop
  endfacet
  facet normal 0 0 1
    outer loop
      vertex 6.3348 -8.25568 1.35
      vertex 7.47564 -5.73626 1.35
      vertex 6.70872 -5.71877 1.35
    endloop
  endfacet
  facet normal 0 0 1
    outer loop
      vertex 7.47564 -5.73626 1.35
      vertex 6.3348 -8.25568 1.35
      vertex 7.07107 -8.47107 1.35
    endloop
  endfacet
  facet normal 0 0 1
    outer loop
      vertex 6.3348 -8.25568 1.35
      vertex 6.70872 -5.71877 1.35
      vertex 6.37107 -5.85863 1.35
    endloop
  endfacet
  facet normal 0 0 1
    outer loop
      vertex 7.07107 -8.47107 1.35
      vertex 6.3348 -8.25568 1.35
      vertex 6.70872 -8.42336 1.35
    endloop
  endfacet
  facet normal 0 0 1
    outer loop
      vertex 6.70872 -8.42336 1.35
      vertex 6.3348 -8.25568 1.35
      vertex 6.37107 -8.2835 1.35
    endloop
  endfacet
  facet normal -0 0 1
    outer loop
      vertex 5.73626 -7.47564 1.35
      vertex 6.3348 -8.25568 1.35
      vertex 6.37107 -5.85863 1.35
    endloop
  endfacet
  facet normal 0 0 1
    outer loop
      vertex 5.73626 -7.47564 1.35
      vertex 6.37107 -5.85863 1.35
      vertex 6.08112 -6.08112 1.35
    endloop
  endfacet
  facet normal 0 0 1
    outer loop
      vertex 6.3348 -8.25568 1.35
      vertex 5.73626 -7.47564 1.35
      vertex 6.21243 -9.36025 1.35
    endloop
  endfacet
  facet normal 0 0 1
    outer loop
      vertex 5.73626 -7.47564 1.35
      vertex 6.08112 -6.08112 1.35
      vertex 5.85863 -6.37107 1.35
    endloop
  endfacet
  facet normal 0 0 1
    outer loop
      vertex 6.21243 -9.36025 1.35
      vertex 5.73626 -7.47564 1.35
      vertex 5.98995 -9.6502 1.35
    endloop
  endfacet
  facet normal 0 0 1
    outer loop
      vertex 5.36235 -7.30796 1.35
      vertex 5.73626 -7.47564 1.35
      vertex 5.7 -7.44782 1.35
    endloop
  endfacet
  facet normal 0 0 1
    outer loop
      vertex 5.73626 -7.47564 1.35
      vertex 5.7 -9.87269 1.35
      vertex 5.98995 -9.6502 1.35
    endloop
  endfacet
  facet normal 0 0 1
    outer loop
      vertex 5 -7.26025 1.35
      vertex 5.73626 -7.47564 1.35
      vertex 5.36235 -7.30796 1.35
    endloop
  endfacet
  facet normal 0 0 1
    outer loop
      vertex 5.73626 -7.47564 1.35
      vertex 5.36235 -10.0125 1.35
      vertex 5.7 -9.87269 1.35
    endloop
  endfacet
  facet normal 0 0 1
    outer loop
      vertex 5.73626 -7.47564 1.35
      vertex 5 -7.26025 1.35
      vertex 5.36235 -10.0125 1.35
    endloop
  endfacet
  facet normal 0 0 1
    outer loop
      vertex 5 -7.26025 1.35
      vertex 5 -10.0603 1.35
      vertex 5.36235 -10.0125 1.35
    endloop
  endfacet
  facet normal -0 0 1
    outer loop
      vertex 4.63765 -7.30796 1.35
      vertex 5 -10.0603 1.35
      vertex 5 -7.26025 1.35
    endloop
  endfacet
  facet normal 0 0 1
    outer loop
      vertex 4.63765 -7.30796 1.35
      vertex 4.63765 -10.0125 1.35
      vertex 5 -10.0603 1.35
    endloop
  endfacet
  facet normal -0 0 1
    outer loop
      vertex 4.3 -7.44782 1.35
      vertex 4.63765 -10.0125 1.35
      vertex 4.63765 -7.30796 1.35
    endloop
  endfacet
  facet normal -0 0 1
    outer loop
      vertex 3.98222 -9.61394 1.35
      vertex 4.63765 -10.0125 1.35
      vertex 4.3 -7.44782 1.35
    endloop
  endfacet
  facet normal 0 0 1
    outer loop
      vertex 3.98222 -9.61394 1.35
      vertex 4.3 -7.44782 1.35
      vertex 4.01005 -7.6703 1.35
    endloop
  endfacet
  facet normal 0 0 1
    outer loop
      vertex 4.63765 -10.0125 1.35
      vertex 3.98222 -9.61394 1.35
      vertex 4.3 -9.87269 1.35
    endloop
  endfacet
  facet normal 0 0 1
    outer loop
      vertex 4.3 -9.87269 1.35
      vertex 3.98222 -9.61394 1.35
      vertex 4.01005 -9.6502 1.35
    endloop
  endfacet
  facet normal -0 0 1
    outer loop
      vertex 3.60597 -8.70557 1.35
      vertex 3.98222 -9.61394 1.35
      vertex 4.01005 -7.6703 1.35
    endloop
  endfacet
  facet normal 0 -0 1
    outer loop
      vertex 3.80063 -10.3593 1.35
      vertex 3.98222 -9.61394 1.35
      vertex 3.60597 -8.70557 1.35
    endloop
  endfacet
  facet normal 0 0 1
    outer loop
      vertex 3.60597 -8.70557 1.35
      vertex 4.01005 -7.6703 1.35
      vertex 3.78756 -7.96025 1.35
    endloop
  endfacet
  facet normal 0 0 1
    outer loop
      vertex 3.60597 -8.70557 1.35
      vertex 3.78756 -7.96025 1.35
      vertex 3.6477 -8.29791 1.35
    endloop
  endfacet
  facet normal 0 0 1
    outer loop
      vertex 3.98222 -9.61394 1.35
      vertex 3.80063 -10.3593 1.35
      vertex 3.94049 -10.0216 1.35
    endloop
  endfacet
  facet normal 0 0 1
    outer loop
      vertex 3.28819 -8.44682 1.35
      vertex 3.60597 -8.70557 1.35
      vertex 3.57814 -8.66931 1.35
    endloop
  endfacet
  facet normal 0 0 1
    outer loop
      vertex 3.60597 -8.70557 1.35
      vertex 3.57814 -10.6492 1.35
      vertex 3.80063 -10.3593 1.35
    endloop
  endfacet
  facet normal 0 0 1
    outer loop
      vertex 2.95054 -8.30696 1.35
      vertex 3.60597 -8.70557 1.35
      vertex 3.28819 -8.44682 1.35
    endloop
  endfacet
  facet normal 0 0 1
    outer loop
      vertex 3.60597 -8.70557 1.35
      vertex 3.28819 -10.8717 1.35
      vertex 3.57814 -10.6492 1.35
    endloop
  endfacet
  facet normal 0 0 1
    outer loop
      vertex 3.60597 -8.70557 1.35
      vertex 2.95054 -8.30696 1.35
      vertex 3.28819 -10.8717 1.35
    endloop
  endfacet
  facet normal 0 0 1
    outer loop
      vertex 2.95054 -8.30696 1.35
      vertex 2.95054 -11.0116 1.35
      vertex 3.28819 -10.8717 1.35
    endloop
  endfacet
  facet normal 0 0 1
    outer loop
      vertex 2.58819 -8.25926 1.35
      vertex 2.95054 -11.0116 1.35
      vertex 2.95054 -8.30696 1.35
    endloop
  endfacet
  facet normal 0 0 1
    outer loop
      vertex 2.58819 -8.25926 1.35
      vertex 2.58819 -11.0593 1.35
      vertex 2.95054 -11.0116 1.35
    endloop
  endfacet
  facet normal -0 0 1
    outer loop
      vertex 2.22584 -8.30696 1.35
      vertex 2.58819 -11.0593 1.35
      vertex 2.58819 -8.25926 1.35
    endloop
  endfacet
  facet normal 0 0 1
    outer loop
      vertex 2.22584 -8.30696 1.35
      vertex 2.22584 -11.0116 1.35
      vertex 2.58819 -11.0593 1.35
    endloop
  endfacet
  facet normal -0 0 1
    outer loop
      vertex 1.88819 -8.44682 1.35
      vertex 2.22584 -11.0116 1.35
      vertex 2.22584 -8.30696 1.35
    endloop
  endfacet
  facet normal 0 0 1
    outer loop
      vertex 1.88819 -8.44682 1.35
      vertex 1.88819 -10.8717 1.35
      vertex 2.22584 -11.0116 1.35
    endloop
  endfacet
  facet normal -0 0 1
    outer loop
      vertex 1.59824 -8.66931 1.35
      vertex 1.88819 -10.8717 1.35
      vertex 1.88819 -8.44682 1.35
    endloop
  endfacet
  facet normal -0 0 1
    outer loop
      vertex 1.35826 -10.317 1.35
      vertex 1.88819 -10.8717 1.35
      vertex 1.59824 -8.66931 1.35
    endloop
  endfacet
  facet normal 0 0 1
    outer loop
      vertex 1.22993 -9.34223 1.35
      vertex 1.59824 -8.66931 1.35
      vertex 1.37575 -8.95926 1.35
    endloop
  endfacet
  facet normal 0 0 1
    outer loop
      vertex 1.88819 -10.8717 1.35
      vertex 1.35826 -10.317 1.35
      vertex 1.59824 -10.6492 1.35
    endloop
  endfacet
  facet normal 0 0 1
    outer loop
      vertex 1.59824 -10.6492 1.35
      vertex 1.35826 -10.317 1.35
      vertex 1.37575 -10.3593 1.35
    endloop
  endfacet
  facet normal 0 0 1
    outer loop
      vertex 1.59824 -8.66931 1.35
      vertex 1.22993 -9.34223 1.35
      vertex 1.35826 -10.317 1.35
    endloop
  endfacet
  facet normal 0 0 1
    outer loop
      vertex 1.22993 -9.34223 1.35
      vertex 1.37575 -8.95926 1.35
      vertex 1.23589 -9.29691 1.35
    endloop
  endfacet
  facet normal 0 0 1
    outer loop
      vertex 0.989949 -10.9899 1.35
      vertex 1.35826 -10.317 1.35
      vertex 1.22993 -9.34223 1.35
    endloop
  endfacet
  facet normal 0 0 1
    outer loop
      vertex 0.989949 -9.01005 1.35
      vertex 1.22993 -9.34223 1.35
      vertex 1.21243 -9.3 1.35
    endloop
  endfacet
  facet normal 0 0 1
    outer loop
      vertex 1.35826 -10.317 1.35
      vertex 1.21243 -10.7 1.35
      vertex 1.3523 -10.3623 1.35
    endloop
  endfacet
  facet normal 0 0 1
    outer loop
      vertex 0.7 -8.78756 1.35
      vertex 1.22993 -9.34223 1.35
      vertex 0.989949 -9.01005 1.35
    endloop
  endfacet
  facet normal 0 0 1
    outer loop
      vertex 1.35826 -10.317 1.35
      vertex 0.989949 -10.9899 1.35
      vertex 1.21243 -10.7 1.35
    endloop
  endfacet
  facet normal 0 0 1
    outer loop
      vertex 1.22993 -9.34223 1.35
      vertex 0.7 -8.78756 1.35
      vertex 0.989949 -10.9899 1.35
    endloop
  endfacet
  facet normal 0 0 1
    outer loop
      vertex 0.7 -8.78756 1.35
      vertex 0.7 -11.2124 1.35
      vertex 0.989949 -10.9899 1.35
    endloop
  endfacet
  facet normal 0 0 1
    outer loop
      vertex 0.362347 -8.6477 1.35
      vertex 0.7 -11.2124 1.35
      vertex 0.7 -8.78756 1.35
    endloop
  endfacet
  facet normal 0 0 1
    outer loop
      vertex 0.362347 -8.6477 1.35
      vertex 0.362347 -11.3523 1.35
      vertex 0.7 -11.2124 1.35
    endloop
  endfacet
  facet normal 0 0 1
    outer loop
      vertex 0 -8.6 1.35
      vertex 0.362347 -11.3523 1.35
      vertex 0.362347 -8.6477 1.35
    endloop
  endfacet
  facet normal 0 0 1
    outer loop
      vertex 0 -8.6 1.35
      vertex 0 -11.4 1.35
      vertex 0.362347 -11.3523 1.35
    endloop
  endfacet
  facet normal -0 0 1
    outer loop
      vertex -0.362347 -8.6477 1.35
      vertex 0 -11.4 1.35
      vertex 0 -8.6 1.35
    endloop
  endfacet
  facet normal 0 0 1
    outer loop
      vertex -0.362347 -8.6477 1.35
      vertex -0.362347 -11.3523 1.35
      vertex 0 -11.4 1.35
    endloop
  endfacet
  facet normal -0 0 1
    outer loop
      vertex -0.7 -8.78756 1.35
      vertex -0.362347 -11.3523 1.35
      vertex -0.362347 -8.6477 1.35
    endloop
  endfacet
  facet normal 0 0 1
    outer loop
      vertex -0.7 -8.78756 1.35
      vertex -0.7 -11.2124 1.35
      vertex -0.362347 -11.3523 1.35
    endloop
  endfacet
  facet normal 0 0 1
    outer loop
      vertex -1.22993 -9.34223 1.35
      vertex -0.7 -8.78756 1.35
      vertex -0.989949 -9.01005 1.35
    endloop
  endfacet
  facet normal 0 0 1
    outer loop
      vertex -0.7 -8.78756 1.35
      vertex -1.22993 -9.34223 1.35
      vertex -0.7 -11.2124 1.35
    endloop
  endfacet
  facet normal 0 0 1
    outer loop
      vertex -1.22993 -9.34223 1.35
      vertex -0.989949 -9.01005 1.35
      vertex -1.21243 -9.3 1.35
    endloop
  endfacet
  facet normal 0 0 1
    outer loop
      vertex -0.7 -11.2124 1.35
      vertex -1.22993 -9.34223 1.35
      vertex -0.989949 -10.9899 1.35
    endloop
  endfacet
  facet normal -0 0 1
    outer loop
      vertex -1.35826 -10.317 1.35
      vertex -0.989949 -10.9899 1.35
      vertex -1.22993 -9.34223 1.35
    endloop
  endfacet
  facet normal 0 0 1
    outer loop
      vertex -1.37575 -8.95926 1.35
      vertex -1.22993 -9.34223 1.35
      vertex -1.23589 -9.29691 1.35
    endloop
  endfacet
  facet normal 0 0 1
    outer loop
      vertex -0.989949 -10.9899 1.35
      vertex -1.35826 -10.317 1.35
      vertex -1.21243 -10.7 1.35
    endloop
  endfacet
  facet normal 0 0 1
    outer loop
      vertex -1.21243 -10.7 1.35
      vertex -1.35826 -10.317 1.35
      vertex -1.3523 -10.3623 1.35
    endloop
  endfacet
  facet normal 0 0 1
    outer loop
      vertex -1.59824 -8.66931 1.35
      vertex -1.22993 -9.34223 1.35
      vertex -1.37575 -8.95926 1.35
    endloop
  endfacet
  facet normal 0 0 1
    outer loop
      vertex -1.22993 -9.34223 1.35
      vertex -1.59824 -8.66931 1.35
      vertex -1.35826 -10.317 1.35
    endloop
  endfacet
  facet normal 0 0 1
    outer loop
      vertex -1.88819 -8.44682 1.35
      vertex -1.35826 -10.317 1.35
      vertex -1.59824 -8.66931 1.35
    endloop
  endfacet
  facet normal 0 0 1
    outer loop
      vertex -1.35826 -10.317 1.35
      vertex -1.59824 -10.6492 1.35
      vertex -1.37575 -10.3593 1.35
    endloop
  endfacet
  facet normal 0 0 1
    outer loop
      vertex -1.88819 -10.8717 1.35
      vertex -1.35826 -10.317 1.35
      vertex -1.88819 -8.44682 1.35
    endloop
  endfacet
  facet normal 0 0 1
    outer loop
      vertex -1.35826 -10.317 1.35
      vertex -1.88819 -10.8717 1.35
      vertex -1.59824 -10.6492 1.35
    endloop
  endfacet
  facet normal 0 0 1
    outer loop
      vertex -2.22584 -8.30696 1.35
      vertex -1.88819 -10.8717 1.35
      vertex -1.88819 -8.44682 1.35
    endloop
  endfacet
  facet normal 0 0 1
    outer loop
      vertex -2.22584 -8.30696 1.35
      vertex -2.22584 -11.0116 1.35
      vertex -1.88819 -10.8717 1.35
    endloop
  endfacet
  facet normal 0 0 1
    outer loop
      vertex -2.58819 -8.25926 1.35
      vertex -2.22584 -11.0116 1.35
      vertex -2.22584 -8.30696 1.35
    endloop
  endfacet
  facet normal 0 0 1
    outer loop
      vertex -2.58819 -8.25926 1.35
      vertex -2.58819 -11.0593 1.35
      vertex -2.22584 -11.0116 1.35
    endloop
  endfacet
  facet normal -0 0 1
    outer loop
      vertex -2.95054 -8.30696 1.35
      vertex -2.58819 -11.0593 1.35
      vertex -2.58819 -8.25926 1.35
    endloop
  endfacet
  facet normal 0 0 1
    outer loop
      vertex -2.95054 -8.30696 1.35
      vertex -2.95054 -11.0116 1.35
      vertex -2.58819 -11.0593 1.35
    endloop
  endfacet
  facet normal 0 0 1
    outer loop
      vertex -3.60597 -8.70557 1.35
      vertex -2.95054 -8.30696 1.35
      vertex -3.28819 -8.44682 1.35
    endloop
  endfacet
  facet normal 0 0 1
    outer loop
      vertex -2.95054 -8.30696 1.35
      vertex -3.60597 -8.70557 1.35
      vertex -2.95054 -11.0116 1.35
    endloop
  endfacet
  facet normal 0 0 1
    outer loop
      vertex -3.60597 -8.70557 1.35
      vertex -3.28819 -8.44682 1.35
      vertex -3.57814 -8.66931 1.35
    endloop
  endfacet
  facet normal 0 0 1
    outer loop
      vertex -2.95054 -11.0116 1.35
      vertex -3.60597 -8.70557 1.35
      vertex -3.28819 -10.8717 1.35
    endloop
  endfacet
  facet normal 0 0 1
    outer loop
      vertex -3.28819 -10.8717 1.35
      vertex -3.60597 -8.70557 1.35
      vertex -3.57814 -10.6492 1.35
    endloop
  endfacet
  facet normal 0 0 1
    outer loop
      vertex -3.78756 -7.96025 1.35
      vertex -3.60597 -8.70557 1.35
      vertex -3.6477 -8.29791 1.35
    endloop
  endfacet
  facet normal 0 0 1
    outer loop
      vertex -3.60597 -8.70557 1.35
      vertex -3.78756 -7.96025 1.35
      vertex -3.98222 -9.61394 1.35
    endloop
  endfacet
  facet normal 0 0 1
    outer loop
      vertex -3.60597 -8.70557 1.35
      vertex -3.98222 -9.61394 1.35
      vertex -3.57814 -10.6492 1.35
    endloop
  endfacet
  facet normal 0 0 1
    outer loop
      vertex -3.57814 -10.6492 1.35
      vertex -3.98222 -9.61394 1.35
      vertex -3.80063 -10.3593 1.35
    endloop
  endfacet
  facet normal 0 0 1
    outer loop
      vertex -3.80063 -10.3593 1.35
      vertex -3.98222 -9.61394 1.35
      vertex -3.94049 -10.0216 1.35
    endloop
  endfacet
  facet normal 0 0 1
    outer loop
      vertex -4.01005 -7.6703 1.35
      vertex -3.98222 -9.61394 1.35
      vertex -3.78756 -7.96025 1.35
    endloop
  endfacet
  facet normal 0 0 1
    outer loop
      vertex -4.3 -7.44782 1.35
      vertex -3.98222 -9.61394 1.35
      vertex -4.01005 -7.6703 1.35
    endloop
  endfacet
  facet normal 0 0 1
    outer loop
      vertex -4.63765 -7.30796 1.35
      vertex -3.98222 -9.61394 1.35
      vertex -4.3 -7.44782 1.35
    endloop
  endfacet
  facet normal 0 0 1
    outer loop
      vertex -3.98222 -9.61394 1.35
      vertex -4.3 -9.87269 1.35
      vertex -4.01005 -9.6502 1.35
    endloop
  endfacet
  facet normal 0 0 1
    outer loop
      vertex -4.63765 -10.0125 1.35
      vertex -3.98222 -9.61394 1.35
      vertex -4.63765 -7.30796 1.35
    endloop
  endfacet
  facet normal 0 0 1
    outer loop
      vertex -3.98222 -9.61394 1.35
      vertex -4.63765 -10.0125 1.35
      vertex -4.3 -9.87269 1.35
    endloop
  endfacet
  facet normal 0 0 1
    outer loop
      vertex -5 -7.26025 1.35
      vertex -4.63765 -10.0125 1.35
      vertex -4.63765 -7.30796 1.35
    endloop
  endfacet
  facet normal 0 0 1
    outer loop
      vertex -5 -7.26025 1.35
      vertex -5 -10.0603 1.35
      vertex -4.63765 -10.0125 1.35
    endloop
  endfacet
  facet normal 0 0 1
    outer loop
      vertex -5.73626 -7.47564 1.35
      vertex -5 -7.26025 1.35
      vertex -5.36235 -7.30796 1.35
    endloop
  endfacet
  facet normal 0 0 1
    outer loop
      vertex -5 -7.26025 1.35
      vertex -5.73626 -7.47564 1.35
      vertex -5 -10.0603 1.35
    endloop
  endfacet
  facet normal 0 0 1
    outer loop
      vertex -5.73626 -7.47564 1.35
      vertex -5.36235 -7.30796 1.35
      vertex -5.7 -7.44782 1.35
    endloop
  endfacet
  facet normal 0 0 1
    outer loop
      vertex -5 -10.0603 1.35
      vertex -5.73626 -7.47564 1.35
      vertex -5.36235 -10.0125 1.35
    endloop
  endfacet
  facet normal 0 0 1
    outer loop
      vertex -5.36235 -10.0125 1.35
      vertex -5.73626 -7.47564 1.35
      vertex -5.7 -9.87269 1.35
    endloop
  endfacet
  facet normal 0 0 1
    outer loop
      vertex -6.3348 -8.25568 1.35
      vertex -5.73626 -7.47564 1.35
      vertex -5.85863 -6.37107 1.35
    endloop
  endfacet
  facet normal 0 0 1
    outer loop
      vertex -5.73626 -7.47564 1.35
      vertex -6.3348 -8.25568 1.35
      vertex -5.7 -9.87269 1.35
    endloop
  endfacet
  facet normal 0 0 1
    outer loop
      vertex -6.3348 -8.25568 1.35
      vertex -5.85863 -6.37107 1.35
      vertex -6.08112 -6.08112 1.35
    endloop
  endfacet
  facet normal 0 0 1
    outer loop
      vertex -5.7 -9.87269 1.35
      vertex -6.3348 -8.25568 1.35
      vertex -5.98995 -9.6502 1.35
    endloop
  endfacet
  facet normal 0 0 1
    outer loop
      vertex -5.98995 -9.6502 1.35
      vertex -6.3348 -8.25568 1.35
      vertex -6.21243 -9.36025 1.35
    endloop
  endfacet
  facet normal 0 0 1
    outer loop
      vertex -6.37107 -5.85863 1.35
      vertex -6.3348 -8.25568 1.35
      vertex -6.08112 -6.08112 1.35
    endloop
  endfacet
  facet normal 0 0 1
    outer loop
      vertex -6.70872 -5.71877 1.35
      vertex -6.3348 -8.25568 1.35
      vertex -6.37107 -5.85863 1.35
    endloop
  endfacet
  facet normal -0 0 1
    outer loop
      vertex -7.47564 -5.73626 1.35
      vertex -6.3348 -8.25568 1.35
      vertex -6.70872 -5.71877 1.35
    endloop
  endfacet
  facet normal 0 0 1
    outer loop
      vertex -6.3348 -8.25568 1.35
      vertex -6.70872 -8.42336 1.35
      vertex -6.37107 -8.2835 1.35
    endloop
  endfacet
  facet normal 0 0 1
    outer loop
      vertex -7.47564 -5.73626 1.35
      vertex -6.70872 -5.71877 1.35
      vertex -7.07107 -5.67107 1.35
    endloop
  endfacet
  facet normal 0 -0 1
    outer loop
      vertex -7.07107 -8.47107 1.35
      vertex -6.3348 -8.25568 1.35
      vertex -7.47564 -5.73626 1.35
    endloop
  endfacet
  facet normal 0 0 1
    outer loop
      vertex -7.47564 -5.73626 1.35
      vertex -7.07107 -5.67107 1.35
      vertex -7.43341 -5.71877 1.35
    endloop
  endfacet
  facet normal 0 0 1
    outer loop
      vertex -6.3348 -8.25568 1.35
      vertex -7.07107 -8.47107 1.35
      vertex -6.70872 -8.42336 1.35
    endloop
  endfacet
  facet normal 0 0 1
    outer loop
      vertex -7.07107 -8.47107 1.35
      vertex -7.47564 -5.73626 1.35
      vertex -7.43341 -8.42336 1.35
    endloop
  endfacet
  facet normal 0 0 1
    outer loop
      vertex -8.25568 -6.3348 1.35
      vertex -7.47564 -5.73626 1.35
      vertex -7.6703 -4.01005 1.35
    endloop
  endfacet
  facet normal 0 0 1
    outer loop
      vertex -7.47564 -5.73626 1.35
      vertex -8.25568 -6.3348 1.35
      vertex -7.43341 -8.42336 1.35
    endloop
  endfacet
  facet normal 0 0 1
    outer loop
      vertex -8.25568 -6.3348 1.35
      vertex -7.6703 -4.01005 1.35
      vertex -7.96025 -3.78756 1.35
    endloop
  endfacet
  facet normal 0 0 1
    outer loop
      vertex -7.43341 -8.42336 1.35
      vertex -8.25568 -6.3348 1.35
      vertex -7.77107 -8.2835 1.35
    endloop
  endfacet
  facet normal 0 0 1
    outer loop
      vertex -7.77107 -8.2835 1.35
      vertex -8.25568 -6.3348 1.35
      vertex -8.06102 -8.06102 1.35
    endloop
  endfacet
  facet normal 0 0 1
    outer loop
      vertex -8.70557 -3.60597 1.35
      vertex -7.96025 -3.78756 1.35
      vertex -8.29791 -3.6477 1.35
    endloop
  endfacet
  facet normal 0 0 1
    outer loop
      vertex -7.96025 -3.78756 1.35
      vertex -8.70557 -3.60597 1.35
      vertex -8.25568 -6.3348 1.35
    endloop
  endfacet
  facet normal -0 0 1
    outer loop
      vertex -8.70557 -3.60597 1.35
      vertex -8.29791 -3.6477 1.35
      vertex -8.66025 -3.6 1.35
    endloop
  endfacet
  facet normal -0 0 1
    outer loop
      vertex -9.61394 -3.98222 1.35
      vertex -8.25568 -6.3348 1.35
      vertex -8.70557 -3.60597 1.35
    endloop
  endfacet
  facet normal 0 0 1
    outer loop
      vertex -8.25568 -6.3348 1.35
      vertex -8.66025 -6.4 1.35
      vertex -8.29791 -6.3523 1.35
    endloop
  endfacet
  facet normal 0 0 1
    outer loop
      vertex -8.66931 -1.59824 1.35
      vertex -9.34223 -1.22993 1.35
      vertex -8.70557 -3.60597 1.35
    endloop
  endfacet
  facet normal 0 -0 1
    outer loop
      vertex -9.0226 -6.3523 1.35
      vertex -8.25568 -6.3348 1.35
      vertex -9.61394 -3.98222 1.35
    endloop
  endfacet
  facet normal 0 0 1
    outer loop
      vertex -9.34223 -1.22993 1.35
      vertex -8.95926 -1.37575 1.35
      vertex -9.29691 -1.23589 1.35
    endloop
  endfacet
  facet normal 0 0 1
    outer loop
      vertex -8.70557 -3.60597 1.35
      vertex -9.34223 -1.22993 1.35
      vertex -9.61394 -3.98222 1.35
    endloop
  endfacet
  facet normal 0 0 1
    outer loop
      vertex -8.25568 -6.3348 1.35
      vertex -9.0226 -6.3523 1.35
      vertex -8.66025 -6.4 1.35
    endloop
  endfacet
  facet normal -0 0 1
    outer loop
      vertex -10.317 1.35826 1.35
      vertex -9.34223 1.22993 1.35
      vertex -9.61394 3.98222 1.35
    endloop
  endfacet
  facet normal 0 0 1
    outer loop
      vertex -9.34223 1.22993 1.35
      vertex -10.317 1.35826 1.35
      vertex -9.34223 -1.22993 1.35
    endloop
  endfacet
  facet normal -0 0 1
    outer loop
      vertex -9.6502 5.98995 1.35
      vertex -9.61394 3.98222 1.35
      vertex -9.36025 6.21243 1.35
    endloop
  endfacet
  facet normal -0 0 1
    outer loop
      vertex -9.87269 5.7 1.35
      vertex -9.61394 3.98222 1.35
      vertex -9.6502 5.98995 1.35
    endloop
  endfacet
  facet normal -0 0 1
    outer loop
      vertex -10.0125 5.36235 1.35
      vertex -9.61394 3.98222 1.35
      vertex -9.87269 5.7 1.35
    endloop
  endfacet
  facet normal 0 0 1
    outer loop
      vertex -9.61394 3.98222 1.35
      vertex -9.87269 4.3 1.35
      vertex -9.6502 4.01005 1.35
    endloop
  endfacet
  facet normal 0 0 1
    outer loop
      vertex -9.61394 3.98222 1.35
      vertex -10.0125 5.36235 1.35
      vertex -9.87269 4.3 1.35
    endloop
  endfacet
  facet normal 0 0 1
    outer loop
      vertex -10.0125 5.36235 1.35
      vertex -10.0125 4.63765 1.35
      vertex -9.87269 4.3 1.35
    endloop
  endfacet
  facet normal 0 -0 1
    outer loop
      vertex -10.0125 4.63765 1.35
      vertex -10.0125 5.36235 1.35
      vertex -10.0603 5 1.35
    endloop
  endfacet
  facet normal 0 0 1
    outer loop
      vertex 8.44682 3.28819 1.35
      vertex 8.70557 3.60597 1.35
      vertex 8.66931 3.57814 1.35
    endloop
  endfacet
  facet normal 0 0 1
    outer loop
      vertex 9.34223 1.22993 1.35
      vertex 8.66931 1.59824 1.35
      vertex 8.95926 1.37575 1.35
    endloop
  endfacet
  facet normal 0 0 1
    outer loop
      vertex 8.30696 2.95054 1.35
      vertex 8.70557 3.60597 1.35
      vertex 8.44682 3.28819 1.35
    endloop
  endfacet
  facet normal 0 0 1
    outer loop
      vertex 8.70557 3.60597 1.35
      vertex 8.44682 1.88819 1.35
      vertex 8.66931 1.59824 1.35
    endloop
  endfacet
  facet normal 0 0 1
    outer loop
      vertex 8.70557 3.60597 1.35
      vertex 8.30696 2.95054 1.35
      vertex 8.44682 1.88819 1.35
    endloop
  endfacet
  facet normal 0 0 1
    outer loop
      vertex 8.30696 2.95054 1.35
      vertex 8.30696 2.22584 1.35
      vertex 8.44682 1.88819 1.35
    endloop
  endfacet
  facet normal 0 -0 1
    outer loop
      vertex 8.30696 2.22584 1.35
      vertex 8.30696 2.95054 1.35
      vertex 8.25926 2.58819 1.35
    endloop
  endfacet
  facet normal -0 0 1
    outer loop
      vertex 7.44782 -4.3 1.35
      vertex 7.47564 -5.73626 1.35
      vertex 7.6703 -4.01005 1.35
    endloop
  endfacet
  facet normal -0 0 1
    outer loop
      vertex 7.30796 -4.63765 1.35
      vertex 7.47564 -5.73626 1.35
      vertex 7.44782 -4.3 1.35
    endloop
  endfacet
  facet normal -0 0 1
    outer loop
      vertex 7.30796 -5.36235 1.35
      vertex 7.47564 -5.73626 1.35
      vertex 7.30796 -4.63765 1.35
    endloop
  endfacet
  facet normal 0 0 1
    outer loop
      vertex 7.47564 -5.73626 1.35
      vertex 7.30796 -5.36235 1.35
      vertex 7.44782 -5.7 1.35
    endloop
  endfacet
  facet normal 0 -0 1
    outer loop
      vertex 7.30796 -5.36235 1.35
      vertex 7.30796 -4.63765 1.35
      vertex 7.26025 -5 1.35
    endloop
  endfacet
  facet normal 0 0 1
    outer loop
      vertex 8.42336 -6.70872 1.35
      vertex 8.42336 -7.43341 1.35
      vertex 8.47107 -7.07107 1.35
    endloop
  endfacet
  facet normal 0 0 1
    outer loop
      vertex 8.25568 -6.3348 1.35
      vertex 8.42336 -6.70872 1.35
      vertex 8.2835 -6.37107 1.35
    endloop
  endfacet
  facet normal 0 0 1
    outer loop
      vertex 8.42336 -6.70872 1.35
      vertex 8.25568 -6.3348 1.35
      vertex 8.42336 -7.43341 1.35
    endloop
  endfacet
  facet normal 0 0 1
    outer loop
      vertex 8.42336 -7.43341 1.35
      vertex 8.25568 -6.3348 1.35
      vertex 8.2835 -7.77107 1.35
    endloop
  endfacet
  facet normal 0 0 1
    outer loop
      vertex 8.2835 -7.77107 1.35
      vertex 8.25568 -6.3348 1.35
      vertex 8.06102 -8.06102 1.35
    endloop
  endfacet
  facet normal 0 0 1
    outer loop
      vertex 7.30796 5.36235 1.35
      vertex 7.47564 5.73626 1.35
      vertex 7.44782 5.7 1.35
    endloop
  endfacet
  facet normal 0 0 1
    outer loop
      vertex 7.47564 5.73626 1.35
      vertex 7.44782 4.3 1.35
      vertex 7.6703 4.01005 1.35
    endloop
  endfacet
  facet normal 0 0 1
    outer loop
      vertex 7.47564 5.73626 1.35
      vertex 7.30796 5.36235 1.35
      vertex 7.44782 4.3 1.35
    endloop
  endfacet
  facet normal 0 0 1
    outer loop
      vertex 7.30796 5.36235 1.35
      vertex 7.30796 4.63765 1.35
      vertex 7.44782 4.3 1.35
    endloop
  endfacet
  facet normal 0 -0 1
    outer loop
      vertex 7.30796 4.63765 1.35
      vertex 7.30796 5.36235 1.35
      vertex 7.26025 5 1.35
    endloop
  endfacet
  facet normal -0 0 1
    outer loop
      vertex 5.71877 -6.70872 1.35
      vertex 5.73626 -7.47564 1.35
      vertex 5.85863 -6.37107 1.35
    endloop
  endfacet
  facet normal -0 0 1
    outer loop
      vertex 5.67107 -7.07107 1.35
      vertex 5.73626 -7.47564 1.35
      vertex 5.71877 -6.70872 1.35
    endloop
  endfacet
  facet normal 0 0 1
    outer loop
      vertex 5.73626 -7.47564 1.35
      vertex 5.67107 -7.07107 1.35
      vertex 5.71877 -7.43341 1.35
    endloop
  endfacet
  facet normal 0 0 1
    outer loop
      vertex 6.3348 -8.25568 1.35
      vertex 6.4 -8.66025 1.35
      vertex 6.3523 -8.29791 1.35
    endloop
  endfacet
  facet normal 0 0 1
    outer loop
      vertex 6.4 -8.66025 1.35
      vertex 6.3348 -8.25568 1.35
      vertex 6.3523 -9.0226 1.35
    endloop
  endfacet
  facet normal 0 0 1
    outer loop
      vertex 6.3523 -9.0226 1.35
      vertex 6.3348 -8.25568 1.35
      vertex 6.21243 -9.36025 1.35
    endloop
  endfacet
  facet normal 0 0 1
    outer loop
      vertex 5.67107 7.07107 1.35
      vertex 5.73626 7.47564 1.35
      vertex 5.71877 7.43341 1.35
    endloop
  endfacet
  facet normal 0 0 1
    outer loop
      vertex 5.73626 7.47564 1.35
      vertex 5.71877 6.70872 1.35
      vertex 5.85863 6.37107 1.35
    endloop
  endfacet
  facet normal 0 0 1
    outer loop
      vertex 5.73626 7.47564 1.35
      vertex 5.67107 7.07107 1.35
      vertex 5.71877 6.70872 1.35
    endloop
  endfacet
  facet normal 0 0 1
    outer loop
      vertex -10.7 1.21243 1.35
      vertex -10.317 1.35826 1.35
      vertex -10.3623 1.3523 1.35
    endloop
  endfacet
  facet normal 0 0 1
    outer loop
      vertex -10.9899 0.989949 1.35
      vertex -10.317 1.35826 1.35
      vertex -10.7 1.21243 1.35
    endloop
  endfacet
  facet normal 0 0 1
    outer loop
      vertex -10.317 1.35826 1.35
      vertex -10.9899 0.989949 1.35
      vertex -10.317 -1.35826 1.35
    endloop
  endfacet
  facet normal 0 0 1
    outer loop
      vertex -10.317 -1.35826 1.35
      vertex -10.7 -1.21243 1.35
      vertex -10.3623 -1.3523 1.35
    endloop
  endfacet
  facet normal -0 0 1
    outer loop
      vertex -10.9899 -0.989949 1.35
      vertex -10.317 -1.35826 1.35
      vertex -10.9899 0.989949 1.35
    endloop
  endfacet
  facet normal 0 0 1
    outer loop
      vertex -10.317 -1.35826 1.35
      vertex -10.9899 -0.989949 1.35
      vertex -10.7 -1.21243 1.35
    endloop
  endfacet
  facet normal -0 0 1
    outer loop
      vertex -11.2124 0.7 1.35
      vertex -10.9899 -0.989949 1.35
      vertex -10.9899 0.989949 1.35
    endloop
  endfacet
  facet normal 0 0 1
    outer loop
      vertex -11.2124 0.7 1.35
      vertex -11.2124 -0.7 1.35
      vertex -10.9899 -0.989949 1.35
    endloop
  endfacet
  facet normal -0 0 1
    outer loop
      vertex -11.3523 0.362347 1.35
      vertex -11.2124 -0.7 1.35
      vertex -11.2124 0.7 1.35
    endloop
  endfacet
  facet normal 0 0 1
    outer loop
      vertex -11.3523 0.362347 1.35
      vertex -11.3523 -0.362347 1.35
      vertex -11.2124 -0.7 1.35
    endloop
  endfacet
  facet normal 0 -0 1
    outer loop
      vertex -11.3523 -0.362347 1.35
      vertex -11.3523 0.362347 1.35
      vertex -11.4 0 1.35
    endloop
  endfacet
  facet normal 0 0 1
    outer loop
      vertex -10.0216 3.94049 1.35
      vertex -9.61394 3.98222 1.35
      vertex -9.65926 3.98819 1.35
    endloop
  endfacet
  facet normal 0 0 1
    outer loop
      vertex -10.317 -1.35826 1.35
      vertex -9.34223 -1.22993 1.35
      vertex -10.317 1.35826 1.35
    endloop
  endfacet
  facet normal 0 0 1
    outer loop
      vertex -10.3593 3.80063 1.35
      vertex -9.61394 3.98222 1.35
      vertex -10.0216 3.94049 1.35
    endloop
  endfacet
  facet normal 0 0 1
    outer loop
      vertex -9.34223 -1.22993 1.35
      vertex -10.317 -1.35826 1.35
      vertex -9.61394 -3.98222 1.35
    endloop
  endfacet
  facet normal -0 0 1
    outer loop
      vertex -10.3593 -3.80063 1.35
      vertex -9.61394 -3.98222 1.35
      vertex -10.317 -1.35826 1.35
    endloop
  endfacet
  facet normal 0 0 1
    outer loop
      vertex -9.61394 3.98222 1.35
      vertex -10.3593 3.80063 1.35
      vertex -10.317 1.35826 1.35
    endloop
  endfacet
  facet normal -0 0 1
    outer loop
      vertex -10.6492 3.57814 1.35
      vertex -10.317 1.35826 1.35
      vertex -10.3593 3.80063 1.35
    endloop
  endfacet
  facet normal -0 0 1
    outer loop
      vertex -10.8717 3.28819 1.35
      vertex -10.317 1.35826 1.35
      vertex -10.6492 3.57814 1.35
    endloop
  endfacet
  facet normal 0 0 1
    outer loop
      vertex -10.317 1.35826 1.35
      vertex -10.6492 1.59824 1.35
      vertex -10.3593 1.37575 1.35
    endloop
  endfacet
  facet normal -0 0 1
    outer loop
      vertex -10.8717 1.88819 1.35
      vertex -10.317 1.35826 1.35
      vertex -10.8717 3.28819 1.35
    endloop
  endfacet
  facet normal 0 0 1
    outer loop
      vertex -10.317 1.35826 1.35
      vertex -10.8717 1.88819 1.35
      vertex -10.6492 1.59824 1.35
    endloop
  endfacet
  facet normal -0 0 1
    outer loop
      vertex -11.0116 2.95054 1.35
      vertex -10.8717 1.88819 1.35
      vertex -10.8717 3.28819 1.35
    endloop
  endfacet
  facet normal 0 0 1
    outer loop
      vertex -11.0116 2.95054 1.35
      vertex -11.0116 2.22584 1.35
      vertex -10.8717 1.88819 1.35
    endloop
  endfacet
  facet normal 0 -0 1
    outer loop
      vertex -11.0116 2.22584 1.35
      vertex -11.0116 2.95054 1.35
      vertex -11.0593 2.58819 1.35
    endloop
  endfacet
  facet normal 0 0 1
    outer loop
      vertex -9.0226 -6.3523 1.35
      vertex -9.61394 -3.98222 1.35
      vertex -9.36025 -6.21243 1.35
    endloop
  endfacet
  facet normal 0 0 1
    outer loop
      vertex -9.87269 -4.3 1.35
      vertex -9.61394 -3.98222 1.35
      vertex -9.6502 -4.01005 1.35
    endloop
  endfacet
  facet normal 0 0 1
    outer loop
      vertex -9.61394 -3.98222 1.35
      vertex -9.6502 -5.98995 1.35
      vertex -9.36025 -6.21243 1.35
    endloop
  endfacet
  facet normal 0 0 1
    outer loop
      vertex -10.0125 -4.63765 1.35
      vertex -9.61394 -3.98222 1.35
      vertex -9.87269 -4.3 1.35
    endloop
  endfacet
  facet normal 0 0 1
    outer loop
      vertex -9.61394 -3.98222 1.35
      vertex -9.87269 -5.7 1.35
      vertex -9.6502 -5.98995 1.35
    endloop
  endfacet
  facet normal 0 0 1
    outer loop
      vertex -9.61394 -3.98222 1.35
      vertex -10.0125 -4.63765 1.35
      vertex -9.87269 -5.7 1.35
    endloop
  endfacet
  facet normal 0 0 1
    outer loop
      vertex -10.0125 -4.63765 1.35
      vertex -10.0125 -5.36235 1.35
      vertex -9.87269 -5.7 1.35
    endloop
  endfacet
  facet normal 0 -0 1
    outer loop
      vertex -10.0125 -5.36235 1.35
      vertex -10.0125 -4.63765 1.35
      vertex -10.0603 -5 1.35
    endloop
  endfacet
  facet normal 0 0 1
    outer loop
      vertex -9.61394 -3.98222 1.35
      vertex -10.0216 -3.94049 1.35
      vertex -9.65926 -3.98819 1.35
    endloop
  endfacet
  facet normal 0 0 1
    outer loop
      vertex -10.6492 -1.59824 1.35
      vertex -10.317 -1.35826 1.35
      vertex -10.3593 -1.37575 1.35
    endloop
  endfacet
  facet normal 0 0 1
    outer loop
      vertex -9.61394 -3.98222 1.35
      vertex -10.3593 -3.80063 1.35
      vertex -10.0216 -3.94049 1.35
    endloop
  endfacet
  facet normal 0 0 1
    outer loop
      vertex -10.8717 -1.88819 1.35
      vertex -10.317 -1.35826 1.35
      vertex -10.6492 -1.59824 1.35
    endloop
  endfacet
  facet normal 0 0 1
    outer loop
      vertex -10.317 -1.35826 1.35
      vertex -10.6492 -3.57814 1.35
      vertex -10.3593 -3.80063 1.35
    endloop
  endfacet
  facet normal 0 0 1
    outer loop
      vertex -10.317 -1.35826 1.35
      vertex -10.8717 -1.88819 1.35
      vertex -10.6492 -3.57814 1.35
    endloop
  endfacet
  facet normal 0 0 1
    outer loop
      vertex -10.8717 -1.88819 1.35
      vertex -10.8717 -3.28819 1.35
      vertex -10.6492 -3.57814 1.35
    endloop
  endfacet
  facet normal -0 0 1
    outer loop
      vertex -11.0116 -2.22584 1.35
      vertex -10.8717 -3.28819 1.35
      vertex -10.8717 -1.88819 1.35
    endloop
  endfacet
  facet normal 0 0 1
    outer loop
      vertex -11.0116 -2.22584 1.35
      vertex -11.0116 -2.95054 1.35
      vertex -10.8717 -3.28819 1.35
    endloop
  endfacet
  facet normal 0 -0 1
    outer loop
      vertex -11.0116 -2.95054 1.35
      vertex -11.0116 -2.22584 1.35
      vertex -11.0593 -2.58819 1.35
    endloop
  endfacet
  facet normal 0 0 1
    outer loop
      vertex -8.6477 0.362347 1.35
      vertex -8.6477 -0.362347 1.35
      vertex -8.6 0 1.35
    endloop
  endfacet
  facet normal 0 0 1
    outer loop
      vertex -8.78756 0.7 1.35
      vertex -8.6477 -0.362347 1.35
      vertex -8.6477 0.362347 1.35
    endloop
  endfacet
  facet normal 0 0 1
    outer loop
      vertex -8.78756 0.7 1.35
      vertex -8.78756 -0.7 1.35
      vertex -8.6477 -0.362347 1.35
    endloop
  endfacet
  facet normal 0 0 1
    outer loop
      vertex -9.34223 1.22993 1.35
      vertex -8.78756 0.7 1.35
      vertex -9.01005 0.989949 1.35
    endloop
  endfacet
  facet normal 0 0 1
    outer loop
      vertex -8.78756 0.7 1.35
      vertex -9.34223 1.22993 1.35
      vertex -8.78756 -0.7 1.35
    endloop
  endfacet
  facet normal 0 0 1
    outer loop
      vertex -9.34223 1.22993 1.35
      vertex -9.01005 0.989949 1.35
      vertex -9.3 1.21243 1.35
    endloop
  endfacet
  facet normal 0 0 1
    outer loop
      vertex -9.34223 -1.22993 1.35
      vertex -8.78756 -0.7 1.35
      vertex -9.34223 1.22993 1.35
    endloop
  endfacet
  facet normal 0 0 1
    outer loop
      vertex -8.78756 -0.7 1.35
      vertex -9.34223 -1.22993 1.35
      vertex -9.01005 -0.989949 1.35
    endloop
  endfacet
  facet normal 0 0 1
    outer loop
      vertex -9.01005 -0.989949 1.35
      vertex -9.34223 -1.22993 1.35
      vertex -9.3 -1.21243 1.35
    endloop
  endfacet
  facet normal 0 0 1
    outer loop
      vertex -8.30696 -2.22584 1.35
      vertex -8.30696 -2.95054 1.35
      vertex -8.25926 -2.58819 1.35
    endloop
  endfacet
  facet normal 0 0 1
    outer loop
      vertex -8.44682 -1.88819 1.35
      vertex -8.30696 -2.95054 1.35
      vertex -8.30696 -2.22584 1.35
    endloop
  endfacet
  facet normal 0 0 1
    outer loop
      vertex -8.70557 -3.60597 1.35
      vertex -8.30696 -2.95054 1.35
      vertex -8.44682 -1.88819 1.35
    endloop
  endfacet
  facet normal 0 0 1
    outer loop
      vertex -8.70557 -3.60597 1.35
      vertex -8.44682 -1.88819 1.35
      vertex -8.66931 -1.59824 1.35
    endloop
  endfacet
  facet normal 0 0 1
    outer loop
      vertex -8.30696 -2.95054 1.35
      vertex -8.70557 -3.60597 1.35
      vertex -8.44682 -3.28819 1.35
    endloop
  endfacet
  facet normal 0 0 1
    outer loop
      vertex -8.44682 -3.28819 1.35
      vertex -8.70557 -3.60597 1.35
      vertex -8.66931 -3.57814 1.35
    endloop
  endfacet
  facet normal 0 0 1
    outer loop
      vertex -9.34223 -1.22993 1.35
      vertex -8.66931 -1.59824 1.35
      vertex -8.95926 -1.37575 1.35
    endloop
  endfacet
  facet normal 0 0 1
    outer loop
      vertex -7.30796 -4.63765 1.35
      vertex -7.30796 -5.36235 1.35
      vertex -7.26025 -5 1.35
    endloop
  endfacet
  facet normal 0 0 1
    outer loop
      vertex -7.44782 -4.3 1.35
      vertex -7.30796 -5.36235 1.35
      vertex -7.30796 -4.63765 1.35
    endloop
  endfacet
  facet normal 0 0 1
    outer loop
      vertex -7.47564 -5.73626 1.35
      vertex -7.30796 -5.36235 1.35
      vertex -7.44782 -4.3 1.35
    endloop
  endfacet
  facet normal 0 0 1
    outer loop
      vertex -7.30796 -5.36235 1.35
      vertex -7.47564 -5.73626 1.35
      vertex -7.44782 -5.7 1.35
    endloop
  endfacet
  facet normal 0 -0 1
    outer loop
      vertex -7.47564 -5.73626 1.35
      vertex -7.44782 -4.3 1.35
      vertex -7.6703 -4.01005 1.35
    endloop
  endfacet
  facet normal 0 0 1
    outer loop
      vertex -5.73626 -7.47564 1.35
      vertex -5.67107 -7.07107 1.35
      vertex -5.71877 -6.70872 1.35
    endloop
  endfacet
  facet normal 0 0 1
    outer loop
      vertex -5.67107 -7.07107 1.35
      vertex -5.73626 -7.47564 1.35
      vertex -5.71877 -7.43341 1.35
    endloop
  endfacet
  facet normal 0 -0 1
    outer loop
      vertex -5.73626 -7.47564 1.35
      vertex -5.71877 -6.70872 1.35
      vertex -5.85863 -6.37107 1.35
    endloop
  endfacet
  facet normal 0 0 1
    outer loop
      vertex -3.6 -8.66025 1.35
      vertex -3.6477 -8.29791 1.35
      vertex -3.60597 -8.70557 1.35
    endloop
  endfacet
  facet normal 0 0 1
    outer loop
      vertex 3.6477 -8.29791 1.35
      vertex 3.6 -8.66025 1.35
      vertex 3.60597 -8.70557 1.35
    endloop
  endfacet
  facet normal 0 0 1
    outer loop
      vertex 3.98819 -9.65926 1.35
      vertex 3.98222 -9.61394 1.35
      vertex 3.94049 -10.0216 1.35
    endloop
  endfacet
  facet normal 0 0 1
    outer loop
      vertex 3.6477 8.29791 1.35
      vertex 3.60597 8.70557 1.35
      vertex 3.6 8.66025 1.35
    endloop
  endfacet
  facet normal 0 0 1
    outer loop
      vertex -3.6 8.66025 1.35
      vertex -3.60597 8.70557 1.35
      vertex -3.6477 8.29791 1.35
    endloop
  endfacet
  facet normal 0 0 1
    outer loop
      vertex -3.94049 10.0216 1.35
      vertex -3.98819 9.65926 1.35
      vertex -3.98222 9.61394 1.35
    endloop
  endfacet
  facet normal 0 0 1
    outer loop
      vertex -3.94049 -10.0216 1.35
      vertex -3.98222 -9.61394 1.35
      vertex -3.98819 -9.65926 1.35
    endloop
  endfacet
  facet normal 0 0 1
    outer loop
      vertex -5.73626 7.47564 1.35
      vertex -5.67107 7.07107 1.35
      vertex -5.71877 7.43341 1.35
    endloop
  endfacet
  facet normal 0 0 1
    outer loop
      vertex -5.67107 7.07107 1.35
      vertex -5.73626 7.47564 1.35
      vertex -5.71877 6.70872 1.35
    endloop
  endfacet
  facet normal 0 0 1
    outer loop
      vertex -5.71877 6.70872 1.35
      vertex -5.73626 7.47564 1.35
      vertex -5.85863 6.37107 1.35
    endloop
  endfacet
  facet normal -0 0 1
    outer loop
      vertex -6.3523 9.0226 1.35
      vertex -6.3348 8.25568 1.35
      vertex -6.21243 9.36025 1.35
    endloop
  endfacet
  facet normal -0 0 1
    outer loop
      vertex -6.4 8.66025 1.35
      vertex -6.3348 8.25568 1.35
      vertex -6.3523 9.0226 1.35
    endloop
  endfacet
  facet normal 0 0 1
    outer loop
      vertex -6.3348 8.25568 1.35
      vertex -6.4 8.66025 1.35
      vertex -6.3523 8.29791 1.35
    endloop
  endfacet
  facet normal 0 0 1
    outer loop
      vertex -6.4 -8.66025 1.35
      vertex -6.3348 -8.25568 1.35
      vertex -6.3523 -8.29791 1.35
    endloop
  endfacet
  facet normal 0 0 1
    outer loop
      vertex -6.3348 -8.25568 1.35
      vertex -6.3523 -9.0226 1.35
      vertex -6.21243 -9.36025 1.35
    endloop
  endfacet
  facet normal 0 0 1
    outer loop
      vertex -6.3348 -8.25568 1.35
      vertex -6.4 -8.66025 1.35
      vertex -6.3523 -9.0226 1.35
    endloop
  endfacet
  facet normal 0 0 1
    outer loop
      vertex -7.30796 5.36235 1.35
      vertex -7.30796 4.63765 1.35
      vertex -7.26025 5 1.35
    endloop
  endfacet
  facet normal 0 0 1
    outer loop
      vertex -7.47564 5.73626 1.35
      vertex -7.30796 5.36235 1.35
      vertex -7.44782 5.7 1.35
    endloop
  endfacet
  facet normal 0 0 1
    outer loop
      vertex -7.30796 5.36235 1.35
      vertex -7.47564 5.73626 1.35
      vertex -7.30796 4.63765 1.35
    endloop
  endfacet
  facet normal 0 0 1
    outer loop
      vertex -7.30796 4.63765 1.35
      vertex -7.47564 5.73626 1.35
      vertex -7.44782 4.3 1.35
    endloop
  endfacet
  facet normal 0 0 1
    outer loop
      vertex -7.44782 4.3 1.35
      vertex -7.47564 5.73626 1.35
      vertex -7.6703 4.01005 1.35
    endloop
  endfacet
  facet normal -0 0 1
    outer loop
      vertex -8.2835 7.77107 1.35
      vertex -8.25568 6.3348 1.35
      vertex -8.06102 8.06102 1.35
    endloop
  endfacet
  facet normal -0 0 1
    outer loop
      vertex -8.42336 7.43341 1.35
      vertex -8.25568 6.3348 1.35
      vertex -8.2835 7.77107 1.35
    endloop
  endfacet
  facet normal -0 0 1
    outer loop
      vertex -8.42336 6.70872 1.35
      vertex -8.25568 6.3348 1.35
      vertex -8.42336 7.43341 1.35
    endloop
  endfacet
  facet normal 0 0 1
    outer loop
      vertex -8.25568 6.3348 1.35
      vertex -8.42336 6.70872 1.35
      vertex -8.2835 6.37107 1.35
    endloop
  endfacet
  facet normal 0 -0 1
    outer loop
      vertex -8.42336 6.70872 1.35
      vertex -8.42336 7.43341 1.35
      vertex -8.47107 7.07107 1.35
    endloop
  endfacet
  facet normal 0 0 1
    outer loop
      vertex -8.42336 -6.70872 1.35
      vertex -8.25568 -6.3348 1.35
      vertex -8.2835 -6.37107 1.35
    endloop
  endfacet
  facet normal 0 0 1
    outer loop
      vertex -8.25568 -6.3348 1.35
      vertex -8.2835 -7.77107 1.35
      vertex -8.06102 -8.06102 1.35
    endloop
  endfacet
  facet normal 0 0 1
    outer loop
      vertex -8.25568 -6.3348 1.35
      vertex -8.42336 -6.70872 1.35
      vertex -8.2835 -7.77107 1.35
    endloop
  endfacet
  facet normal 0 0 1
    outer loop
      vertex -8.42336 -6.70872 1.35
      vertex -8.42336 -7.43341 1.35
      vertex -8.2835 -7.77107 1.35
    endloop
  endfacet
  facet normal 0 -0 1
    outer loop
      vertex -8.42336 -7.43341 1.35
      vertex -8.42336 -6.70872 1.35
      vertex -8.47107 -7.07107 1.35
    endloop
  endfacet
  facet normal 0 0 1
    outer loop
      vertex -8.30696 2.95054 1.35
      vertex -8.30696 2.22584 1.35
      vertex -8.25926 2.58819 1.35
    endloop
  endfacet
  facet normal 0 0 1
    outer loop
      vertex -8.44682 3.28819 1.35
      vertex -8.30696 2.22584 1.35
      vertex -8.30696 2.95054 1.35
    endloop
  endfacet
  facet normal 0 0 1
    outer loop
      vertex -8.70557 3.60597 1.35
      vertex -8.30696 2.22584 1.35
      vertex -8.44682 3.28819 1.35
    endloop
  endfacet
  facet normal 0 0 1
    outer loop
      vertex -8.70557 3.60597 1.35
      vertex -8.44682 3.28819 1.35
      vertex -8.66931 3.57814 1.35
    endloop
  endfacet
  facet normal 0 0 1
    outer loop
      vertex -8.30696 2.22584 1.35
      vertex -8.70557 3.60597 1.35
      vertex -8.44682 1.88819 1.35
    endloop
  endfacet
  facet normal 0 0 1
    outer loop
      vertex -8.44682 1.88819 1.35
      vertex -8.70557 3.60597 1.35
      vertex -8.66931 1.59824 1.35
    endloop
  endfacet
  facet normal 0 0 1
    outer loop
      vertex -8.66931 1.59824 1.35
      vertex -8.70557 3.60597 1.35
      vertex -8.95926 1.37575 1.35
    endloop
  endfacet
  facet normal -0.67537 0.280135 -0.682203
    outer loop
      vertex 10.7614 -0.20401 2
      vertex 11.3523 -0.362347 1.35
      vertex 10.7155 -0.314669 2
    endloop
  endfacet
  facet normal -0.724926 0.0952308 -0.682212
    outer loop
      vertex 10.777 -0.0852579 2
      vertex 11.3523 -0.362347 1.35
      vertex 10.7614 -0.20401 2
    endloop
  endfacet
  facet normal -0.0954726 -0.724869 -0.682239
    outer loop
      vertex 10.3623 1.3523 1.35
      vertex 10.204 0.761376 2
      vertex 10.0853 0.77701 2
    endloop
  endfacet
  facet normal 0.675469 0.279802 -0.682241
    outer loop
      vertex 8.78756 -0.7 1.35
      vertex 9.28446 -0.314669 2
      vertex 9.31737 -0.394117 2
    endloop
  endfacet
  facet normal 0.675475 0.27979 -0.682239
    outer loop
      vertex 9.28446 -0.314669 2
      vertex 8.78756 -0.7 1.35
      vertex 8.6477 -0.362347 1.35
    endloop
  endfacet
  facet normal 0.279213 0.675681 -0.682272
    outer loop
      vertex 9.64384 -1.26964 1.43438
      vertex 9.79599 -0.761376 2
      vertex 9.65926 -1.27166 1.43869
    endloop
  endfacet
  facet normal 0.279786 0.675475 -0.682241
    outer loop
      vertex 9.79599 -0.761376 2
      vertex 9.64384 -1.26964 1.43438
      vertex 9.68533 -0.71554 2
    endloop
  endfacet
  facet normal 0.67547 0.279811 -0.682236
    outer loop
      vertex 9.23862 -0.20401 2
      vertex 9.28446 -0.314669 2
      vertex 8.6477 -0.362347 1.35
    endloop
  endfacet
  facet normal -0.67537 -0.280135 -0.682203
    outer loop
      vertex 11.3523 0.362347 1.35
      vertex 10.7614 0.20401 2
      vertex 10.7155 0.314669 2
    endloop
  endfacet
  facet normal -0.675422 0.279851 -0.682267
    outer loop
      vertex 10.3877 2.30473 2
      vertex 11.0116 2.22584 1.35
      vertex 10.8717 1.88819 1.35
    endloop
  endfacet
  facet normal -0.675462 0.279707 -0.682287
    outer loop
      vertex 11.0116 2.22584 1.35
      vertex 10.3877 2.30473 2
      vertex 10.4206 2.38418 2
    endloop
  endfacet
  facet normal -0.724871 -0.0952252 -0.682271
    outer loop
      vertex 11.0593 2.58819 1.35
      vertex 10.4475 2.58819 2
      vertex 10.4319 2.70694 2
    endloop
  endfacet
  facet normal -0.724833 -0.0954176 -0.682284
    outer loop
      vertex 11.0593 2.58819 1.35
      vertex 10.4206 2.7922 2
      vertex 11.0116 2.95054 1.35
    endloop
  endfacet
  facet normal -0.724889 -0.0960737 -0.682133
    outer loop
      vertex 10.4206 2.7922 2
      vertex 11.0593 2.58819 1.35
      vertex 10.4319 2.70694 2
    endloop
  endfacet
  facet normal 0.095393 -0.724885 -0.682233
    outer loop
      vertex 9.31852 3.85986 1.43869
      vertex 9.54051 3.36079 2
      vertex 9.45525 3.34957 2
    endloop
  endfacet
  facet normal 0.0954181 -0.724878 -0.682237
    outer loop
      vertex 9.61394 3.98222 1.35
      vertex 9.54051 3.36079 2
      vertex 9.31852 3.85986 1.43869
    endloop
  endfacet
  facet normal 0.095488 -0.724877 -0.682228
    outer loop
      vertex 9.54051 3.36079 2
      vertex 9.61394 3.98222 1.35
      vertex 9.65926 3.98819 1.35
    endloop
  endfacet
  facet normal -0.279763 0.675484 -0.682242
    outer loop
      vertex 10.0534 1.90556 2
      vertex 10.3593 1.37575 1.35
      vertex 9.94272 1.85972 2
    endloop
  endfacet
  facet normal 0.279799 -0.675476 -0.682235
    outer loop
      vertex 9.3758 3.31666 2
      vertex 9.0161 3.73459 1.43869
      vertex 9.31852 3.85986 1.43869
    endloop
  endfacet
  facet normal 0.279798 -0.675476 -0.682235
    outer loop
      vertex 9.31852 3.85986 1.43869
      vertex 9.45525 3.34957 2
      vertex 9.3758 3.31666 2
    endloop
  endfacet
  facet normal 0.724875 -0.0953917 -0.682244
    outer loop
      vertex 8.25926 2.58819 1.35
      vertex 8.89788 2.7922 2
      vertex 8.88666 2.70694 2
    endloop
  endfacet
  facet normal 0.724877 -0.0954234 -0.682237
    outer loop
      vertex 8.89788 2.7922 2
      vertex 8.25926 2.58819 1.35
      vertex 8.30696 2.95054 1.35
    endloop
  endfacet
  facet normal -0.445133 0.579998 -0.682246
    outer loop
      vertex 10.2166 2.03082 2
      vertex 10.6492 1.59824 1.35
      vertex 10.1216 1.95791 2
    endloop
  endfacet
  facet normal -0.279763 -0.675484 -0.682242
    outer loop
      vertex 10.3593 3.80063 1.35
      vertex 10.0534 3.27082 2
      vertex 9.94272 3.31666 2
    endloop
  endfacet
  facet normal 0.279993 -0.675383 -0.682247
    outer loop
      vertex 9.26514 3.27082 2
      vertex 9.001 3.72833 1.43869
      vertex 9.0161 3.73459 1.43869
    endloop
  endfacet
  facet normal 0.279808 -0.67547 -0.682237
    outer loop
      vertex 9.0161 3.73459 1.43869
      vertex 9.3758 3.31666 2
      vertex 9.26514 3.27082 2
    endloop
  endfacet
  facet normal -0.095392 0.724877 -0.682241
    outer loop
      vertex 9.86327 1.82681 2
      vertex 9.67546 1.2738 1.43869
      vertex 9.77801 1.81559 2
    endloop
  endfacet
  facet normal -0.0954177 0.72488 -0.682235
    outer loop
      vertex 9.67546 1.2738 1.43869
      vertex 9.86327 1.82681 2
      vertex 10 1.31652 1.43869
    endloop
  endfacet
  facet normal -0.445132 0.579998 -0.682246
    outer loop
      vertex 10.3593 1.37575 1.35
      vertex 10.1216 1.95791 2
      vertex 10.6492 1.59824 1.35
    endloop
  endfacet
  facet normal -0.445182 0.579969 -0.682238
    outer loop
      vertex 10.1216 1.95791 2
      vertex 10.3593 1.37575 1.35
      vertex 10.0534 1.90556 2
    endloop
  endfacet
  facet normal 0.444863 -0.5802 -0.68225
    outer loop
      vertex 9.26514 3.27082 2
      vertex 8.98663 3.72238 1.43438
      vertex 9.001 3.72833 1.43869
    endloop
  endfacet
  facet normal 0.44507 -0.580053 -0.68224
    outer loop
      vertex 9.19692 3.21847 2
      vertex 8.70557 3.60597 1.35
      vertex 8.98663 3.72238 1.43438
    endloop
  endfacet
  facet normal 0.445143 -0.579982 -0.682253
    outer loop
      vertex 8.70557 3.60597 1.35
      vertex 9.19692 3.21847 2
      vertex 8.66931 3.57814 1.35
    endloop
  endfacet
  facet normal 0.445101 -0.580035 -0.682235
    outer loop
      vertex 8.98663 3.72238 1.43438
      vertex 9.26514 3.27082 2
      vertex 9.19692 3.21847 2
    endloop
  endfacet
  facet normal -0.279756 -0.675488 -0.682241
    outer loop
      vertex 9.94272 3.31666 2
      vertex 10.0216 3.94049 1.35
      vertex 10.3593 3.80063 1.35
    endloop
  endfacet
  facet normal -0.279798 -0.675476 -0.682235
    outer loop
      vertex 10.0216 3.94049 1.35
      vertex 9.94272 3.31666 2
      vertex 9.86327 3.34957 2
    endloop
  endfacet
  facet normal -0.675571 -0.279606 -0.68222
    outer loop
      vertex 10.8717 3.28819 1.35
      vertex 10.3877 2.87165 2
      vertex 10.3419 2.98231 2
    endloop
  endfacet
  facet normal -0.675462 -0.279707 -0.682287
    outer loop
      vertex 10.3877 2.87165 2
      vertex 11.0116 2.95054 1.35
      vertex 10.4206 2.7922 2
    endloop
  endfacet
  facet normal -0.675422 -0.279851 -0.682267
    outer loop
      vertex 11.0116 2.95054 1.35
      vertex 10.3877 2.87165 2
      vertex 10.8717 3.28819 1.35
    endloop
  endfacet
  facet normal 0.724875 0.0953917 -0.682244
    outer loop
      vertex 8.89788 2.38418 2
      vertex 8.25926 2.58819 1.35
      vertex 8.88666 2.46944 2
    endloop
  endfacet
  facet normal 0.724877 0.0954234 -0.682237
    outer loop
      vertex 8.25926 2.58819 1.35
      vertex 8.89788 2.38418 2
      vertex 8.30696 2.22584 1.35
    endloop
  endfacet
  facet normal 0.580076 0.445053 -0.682231
    outer loop
      vertex 9.02898 2.12585 2
      vertex 9.10189 2.03082 2
      vertex 8.66931 1.59824 1.35
    endloop
  endfacet
  facet normal 0.675476 0.279793 -0.682238
    outer loop
      vertex 8.30696 2.22584 1.35
      vertex 8.93079 2.30473 2
      vertex 8.44682 1.88819 1.35
    endloop
  endfacet
  facet normal 0.675474 0.279797 -0.682238
    outer loop
      vertex 8.93079 2.30473 2
      vertex 8.30696 2.22584 1.35
      vertex 8.89788 2.38418 2
    endloop
  endfacet
  facet normal 0.580033 -0.4451 -0.682237
    outer loop
      vertex 8.44682 3.28819 1.35
      vertex 9.02898 3.05053 2
      vertex 8.97663 2.98231 2
    endloop
  endfacet
  facet normal 0.58004 -0.445087 -0.682239
    outer loop
      vertex 9.02898 3.05053 2
      vertex 8.44682 3.28819 1.35
      vertex 8.66931 3.57814 1.35
    endloop
  endfacet
  facet normal 0.4451 0.580033 -0.682237
    outer loop
      vertex 8.95926 1.37575 1.35
      vertex 9.19692 1.95791 2
      vertex 9.26514 1.90556 2
    endloop
  endfacet
  facet normal 0.445087 0.58004 -0.682239
    outer loop
      vertex 9.19692 1.95791 2
      vertex 8.95926 1.37575 1.35
      vertex 8.66931 1.59824 1.35
    endloop
  endfacet
  facet normal 0.0954088 -0.724875 -0.682241
    outer loop
      vertex 9.65926 3.98819 1.35
      vertex 9.65926 3.37642 2
      vertex 9.54051 3.36079 2
    endloop
  endfacet
  facet normal 0.445053 0.580076 -0.682231
    outer loop
      vertex 9.10189 2.03082 2
      vertex 9.19692 1.95791 2
      vertex 8.66931 1.59824 1.35
    endloop
  endfacet
  facet normal -0.0953917 -0.724875 -0.682244
    outer loop
      vertex 9.65926 3.98819 1.35
      vertex 9.86327 3.34957 2
      vertex 9.77801 3.36079 2
    endloop
  endfacet
  facet normal -0.095426 -0.724878 -0.682236
    outer loop
      vertex 9.86327 3.34957 2
      vertex 9.65926 3.98819 1.35
      vertex 10.0216 3.94049 1.35
    endloop
  endfacet
  facet normal 0.580076 -0.445053 -0.682231
    outer loop
      vertex 9.10189 3.14556 2
      vertex 9.02898 3.05053 2
      vertex 8.66931 3.57814 1.35
    endloop
  endfacet
  facet normal -0.580101 0.445011 -0.682238
    outer loop
      vertex 10.2895 2.12585 2
      vertex 10.6492 1.59824 1.35
      vertex 10.2166 2.03082 2
    endloop
  endfacet
  facet normal 0.445053 -0.580076 -0.682231
    outer loop
      vertex 9.19692 3.21847 2
      vertex 9.10189 3.14556 2
      vertex 8.66931 3.57814 1.35
    endloop
  endfacet
  facet normal 0.58004 0.445087 -0.682239
    outer loop
      vertex 8.44682 1.88819 1.35
      vertex 9.02898 2.12585 2
      vertex 8.66931 1.59824 1.35
    endloop
  endfacet
  facet normal 0.580033 0.4451 -0.682237
    outer loop
      vertex 9.02898 2.12585 2
      vertex 8.44682 1.88819 1.35
      vertex 8.97663 2.19407 2
    endloop
  endfacet
  facet normal -0.445132 -0.579998 -0.682246
    outer loop
      vertex 10.1216 3.21847 2
      vertex 10.3593 3.80063 1.35
      vertex 10.6492 3.57814 1.35
    endloop
  endfacet
  facet normal -0.445182 -0.579969 -0.682238
    outer loop
      vertex 10.3593 3.80063 1.35
      vertex 10.1216 3.21847 2
      vertex 10.0534 3.27082 2
    endloop
  endfacet
  facet normal -0.724889 0.0960737 -0.682133
    outer loop
      vertex 11.0593 2.58819 1.35
      vertex 10.4206 2.38418 2
      vertex 10.4319 2.46944 2
    endloop
  endfacet
  facet normal -0.724833 0.0954176 -0.682284
    outer loop
      vertex 10.4206 2.38418 2
      vertex 11.0593 2.58819 1.35
      vertex 11.0116 2.22584 1.35
    endloop
  endfacet
  facet normal -0.724871 0.0952252 -0.682271
    outer loop
      vertex 10.4475 2.58819 2
      vertex 11.0593 2.58819 1.35
      vertex 10.4319 2.46944 2
    endloop
  endfacet
  facet normal -0.0954088 -0.724875 -0.682241
    outer loop
      vertex 9.65926 3.98819 1.35
      vertex 9.77801 3.36079 2
      vertex 9.65926 3.37642 2
    endloop
  endfacet
  facet normal 0.675474 -0.279797 -0.682238
    outer loop
      vertex 8.30696 2.95054 1.35
      vertex 8.93079 2.87165 2
      vertex 8.89788 2.7922 2
    endloop
  endfacet
  facet normal 0.675476 -0.279793 -0.682238
    outer loop
      vertex 8.93079 2.87165 2
      vertex 8.30696 2.95054 1.35
      vertex 8.44682 3.28819 1.35
    endloop
  endfacet
  facet normal 0.675467 -0.279807 -0.682241
    outer loop
      vertex 8.97663 2.98231 2
      vertex 8.93079 2.87165 2
      vertex 8.44682 3.28819 1.35
    endloop
  endfacet
  facet normal -0.579847 -0.445383 -0.682211
    outer loop
      vertex 10.2895 3.05053 2
      vertex 10.8717 3.28819 1.35
      vertex 10.3419 2.98231 2
    endloop
  endfacet
  facet normal -0.580018 -0.44509 -0.682256
    outer loop
      vertex 10.8717 3.28819 1.35
      vertex 10.2895 3.05053 2
      vertex 10.6492 3.57814 1.35
    endloop
  endfacet
  facet normal 0.724876 -0.09547 -0.682231
    outer loop
      vertex 8.88666 2.70694 2
      vertex 8.87102 2.58819 2
      vertex 8.25926 2.58819 1.35
    endloop
  endfacet
  facet normal 0.675467 0.279807 -0.682241
    outer loop
      vertex 8.93079 2.30473 2
      vertex 8.97663 2.19407 2
      vertex 8.44682 1.88819 1.35
    endloop
  endfacet
  facet normal 0.724876 0.09547 -0.682231
    outer loop
      vertex 8.87102 2.58819 2
      vertex 8.88666 2.46944 2
      vertex 8.25926 2.58819 1.35
    endloop
  endfacet
  facet normal -0.580018 0.44509 -0.682256
    outer loop
      vertex 10.2895 2.12585 2
      vertex 10.8717 1.88819 1.35
      vertex 10.6492 1.59824 1.35
    endloop
  endfacet
  facet normal -0.579847 0.445383 -0.682211
    outer loop
      vertex 10.8717 1.88819 1.35
      vertex 10.2895 2.12585 2
      vertex 10.3419 2.19407 2
    endloop
  endfacet
  facet normal -0.580101 -0.445011 -0.682238
    outer loop
      vertex 10.6492 3.57814 1.35
      vertex 10.2895 3.05053 2
      vertex 10.2166 3.14556 2
    endloop
  endfacet
  facet normal -0.445133 -0.579998 -0.682246
    outer loop
      vertex 10.6492 3.57814 1.35
      vertex 10.2166 3.14556 2
      vertex 10.1216 3.21847 2
    endloop
  endfacet
  facet normal -0.675571 0.279606 -0.68222
    outer loop
      vertex 10.3877 2.30473 2
      vertex 10.8717 1.88819 1.35
      vertex 10.3419 2.19407 2
    endloop
  endfacet
  facet normal 0.279807 0.675467 -0.682241
    outer loop
      vertex 9.26514 1.90556 2
      vertex 9.3758 1.85972 2
      vertex 8.95926 1.37575 1.35
    endloop
  endfacet
  facet normal 0.0954698 0.724875 -0.682233
    outer loop
      vertex 9.65926 1.27166 1.43869
      vertex 9.54051 1.81559 2
      vertex 9.65926 1.79995 2
    endloop
  endfacet
  facet normal 0.0957179 0.724884 -0.682189
    outer loop
      vertex 9.54051 1.81559 2
      vertex 9.65926 1.27166 1.43869
      vertex 9.64384 1.26964 1.43438
    endloop
  endfacet
  facet normal 0.279797 0.675474 -0.682238
    outer loop
      vertex 9.29691 1.23589 1.35
      vertex 9.3758 1.85972 2
      vertex 9.45525 1.82681 2
    endloop
  endfacet
  facet normal 0.279793 0.675476 -0.682238
    outer loop
      vertex 9.3758 1.85972 2
      vertex 9.29691 1.23589 1.35
      vertex 8.95926 1.37575 1.35
    endloop
  endfacet
  facet normal 0.095392 0.724877 -0.682242
    outer loop
      vertex 9.64384 1.26964 1.43438
      vertex 9.45525 1.82681 2
      vertex 9.54051 1.81559 2
    endloop
  endfacet
  facet normal 0.0954274 0.72488 -0.682233
    outer loop
      vertex 9.64384 1.26964 1.43438
      vertex 9.34223 1.22993 1.35
      vertex 9.45525 1.82681 2
    endloop
  endfacet
  facet normal 0.0953305 0.724896 -0.682231
    outer loop
      vertex 9.45525 1.82681 2
      vertex 9.34223 1.22993 1.35
      vertex 9.29691 1.23589 1.35
    endloop
  endfacet
  facet normal -0.0954704 0.724879 -0.682229
    outer loop
      vertex 9.67546 1.2738 1.43869
      vertex 9.65926 1.79995 2
      vertex 9.77801 1.81559 2
    endloop
  endfacet
  facet normal -0.0957525 0.724855 -0.682214
    outer loop
      vertex 9.65926 1.79995 2
      vertex 9.67546 1.2738 1.43869
      vertex 9.65926 1.27166 1.43869
    endloop
  endfacet
  facet normal -0.279815 0.675472 -0.682233
    outer loop
      vertex 9.94272 1.85972 2
      vertex 10.317 1.35826 1.35
      vertex 10 1.31652 1.43869
    endloop
  endfacet
  facet normal -0.279389 0.67571 -0.682171
    outer loop
      vertex 10.317 1.35826 1.35
      vertex 9.94272 1.85972 2
      vertex 10.3593 1.37575 1.35
    endloop
  endfacet
  facet normal -0.279798 0.675476 -0.682235
    outer loop
      vertex 9.94272 1.85972 2
      vertex 10 1.31652 1.43869
      vertex 9.86327 1.82681 2
    endloop
  endfacet
  facet normal -0.724848 -0.0956195 -0.682241
    outer loop
      vertex 10.0603 5 1.35
      vertex 9.43726 5.08526 2
      vertex 10.0125 5.36235 1.35
    endloop
  endfacet
  facet normal -0.724848 -0.0954732 -0.682261
    outer loop
      vertex 9.43726 5.08526 2
      vertex 10.0603 5 1.35
      vertex 9.44849 5 2
    endloop
  endfacet
  facet normal -0.0954095 -0.72488 -0.682236
    outer loop
      vertex 9.0226 6.3523 1.35
      vertex 8.86426 5.76138 2
      vertex 8.74551 5.77701 2
    endloop
  endfacet
  facet normal -0.580024 -0.445121 -0.682231
    outer loop
      vertex 9.87269 5.7 1.35
      vertex 9.34289 5.39412 2
      vertex 9.26997 5.48914 2
    endloop
  endfacet
  facet normal -0.675498 -0.279807 -0.68221
    outer loop
      vertex 9.38872 5.28346 2
      vertex 10.0125 5.36235 1.35
      vertex 9.42163 5.20401 2
    endloop
  endfacet
  facet normal -0.675524 -0.279713 -0.682223
    outer loop
      vertex 10.0125 5.36235 1.35
      vertex 9.38872 5.28346 2
      vertex 9.87269 5.7 1.35
    endloop
  endfacet
  facet normal 0.675497 0.279758 -0.682231
    outer loop
      vertex 7.93179 4.71654 2
      vertex 7.97762 4.60588 2
      vertex 7.44782 4.3 1.35
    endloop
  endfacet
  facet normal -0.580042 0.445089 -0.682237
    outer loop
      vertex 9.6502 4.01005 1.35
      vertex 9.26997 4.51086 2
      vertex 9.87269 4.3 1.35
    endloop
  endfacet
  facet normal -0.580068 0.445062 -0.682232
    outer loop
      vertex 9.26997 4.51086 2
      vertex 9.6502 4.01005 1.35
      vertex 9.21762 4.44263 2
    endloop
  endfacet
  facet normal 0.724876 -0.0953919 -0.682242
    outer loop
      vertex 7.26025 5 1.35
      vertex 7.88324 5.08526 2
      vertex 7.87202 5 2
    endloop
  endfacet
  facet normal 0.724876 -0.0954432 -0.682235
    outer loop
      vertex 7.88324 5.08526 2
      vertex 7.26025 5 1.35
      vertex 7.30796 5.36235 1.35
    endloop
  endfacet
  facet normal -0.445053 -0.580076 -0.682231
    outer loop
      vertex 9.6502 5.98995 1.35
      vertex 9.21762 5.55737 2
      vertex 9.12259 5.63028 2
    endloop
  endfacet
  facet normal -0.580024 0.445121 -0.682231
    outer loop
      vertex 9.34289 4.60588 2
      vertex 9.87269 4.3 1.35
      vertex 9.26997 4.51086 2
    endloop
  endfacet
  facet normal -0.724848 0.0954732 -0.682261
    outer loop
      vertex 10.0603 5 1.35
      vertex 9.43726 4.91474 2
      vertex 9.44849 5 2
    endloop
  endfacet
  facet normal -0.724848 0.0956195 -0.682241
    outer loop
      vertex 9.43726 4.91474 2
      vertex 10.0603 5 1.35
      vertex 10.0125 4.63765 1.35
    endloop
  endfacet
  facet normal -0.0953919 -0.724876 -0.682242
    outer loop
      vertex 8.66025 6.4 1.35
      vertex 8.74551 5.77701 2
      vertex 8.66025 5.78823 2
    endloop
  endfacet
  facet normal -0.0954232 -0.724876 -0.682238
    outer loop
      vertex 8.74551 5.77701 2
      vertex 8.66025 6.4 1.35
      vertex 9.0226 6.3523 1.35
    endloop
  endfacet
  facet normal -0.279798 -0.675477 -0.682234
    outer loop
      vertex 8.97492 5.71554 2
      vertex 9.36025 6.21243 1.35
      vertex 9.05437 5.68263 2
    endloop
  endfacet
  facet normal -0.27981 -0.67547 -0.682236
    outer loop
      vertex 9.36025 6.21243 1.35
      vertex 8.97492 5.71554 2
      vertex 9.0226 6.3523 1.35
    endloop
  endfacet
  facet normal -0.279808 0.67547 -0.682237
    outer loop
      vertex 9.001 3.72833 1.43869
      vertex 8.86426 4.23862 2
      vertex 8.97492 4.28446 2
    endloop
  endfacet
  facet normal -0.28001 0.675424 -0.6822
    outer loop
      vertex 9.0161 3.73459 1.43869
      vertex 9.001 3.72833 1.43869
      vertex 8.97492 4.28446 2
    endloop
  endfacet
  facet normal -0.445076 -0.580052 -0.682237
    outer loop
      vertex 9.12259 5.63028 2
      vertex 9.36025 6.21243 1.35
      vertex 9.6502 5.98995 1.35
    endloop
  endfacet
  facet normal -0.445103 -0.580036 -0.682233
    outer loop
      vertex 9.36025 6.21243 1.35
      vertex 9.12259 5.63028 2
      vertex 9.05437 5.68263 2
    endloop
  endfacet
  facet normal 0.445082 -0.580054 -0.682231
    outer loop
      vertex 8.10289 5.55737 2
      vertex 7.7423 5.94087 1.43869
      vertex 8.19791 5.63028 2
    endloop
  endfacet
  facet normal 0.445027 -0.580101 -0.682227
    outer loop
      vertex 7.7423 5.94087 1.43869
      vertex 8.10289 5.55737 2
      vertex 7.72933 5.93092 1.43869
    endloop
  endfacet
  facet normal 0.580065 0.445059 -0.682237
    outer loop
      vertex 7.6703 4.01005 1.35
      vertex 8.05054 4.51086 2
      vertex 8.10289 4.44263 2
    endloop
  endfacet
  facet normal 0.580049 0.445075 -0.68224
    outer loop
      vertex 8.05054 4.51086 2
      vertex 7.6703 4.01005 1.35
      vertex 7.44782 4.3 1.35
    endloop
  endfacet
  facet normal -0.445101 0.580035 -0.682235
    outer loop
      vertex 9.31852 3.85986 1.43869
      vertex 9.05437 4.31737 2
      vertex 9.12259 4.36972 2
    endloop
  endfacet
  facet normal -0.445071 0.580052 -0.68224
    outer loop
      vertex 9.12259 4.36972 2
      vertex 9.61394 3.98222 1.35
      vertex 9.31852 3.85986 1.43869
    endloop
  endfacet
  facet normal -0.445143 0.579982 -0.682253
    outer loop
      vertex 9.61394 3.98222 1.35
      vertex 9.12259 4.36972 2
      vertex 9.6502 4.01005 1.35
    endloop
  endfacet
  facet normal 0.0954257 -0.724875 -0.682239
    outer loop
      vertex 8.66025 6.4 1.35
      vertex 8.575 5.77701 2
      vertex 8.29791 6.3523 1.35
    endloop
  endfacet
  facet normal 0.095403 -0.724876 -0.682242
    outer loop
      vertex 8.575 5.77701 2
      vertex 8.66025 6.4 1.35
      vertex 8.66025 5.78823 2
    endloop
  endfacet
  facet normal 0.445079 0.580049 -0.682237
    outer loop
      vertex 8.10289 4.44263 2
      vertex 8.19791 4.36972 2
      vertex 7.6703 4.01005 1.35
    endloop
  endfacet
  facet normal 0.580069 -0.445062 -0.682232
    outer loop
      vertex 8.05054 5.48914 2
      vertex 7.72933 5.93092 1.43869
      vertex 8.10289 5.55737 2
    endloop
  endfacet
  facet normal 0.580037 -0.445093 -0.682238
    outer loop
      vertex 8.05054 5.48914 2
      vertex 7.47564 5.73626 1.35
      vertex 7.72933 5.93092 1.43869
    endloop
  endfacet
  facet normal 0.580065 -0.445047 -0.682245
    outer loop
      vertex 7.47564 5.73626 1.35
      vertex 8.05054 5.48914 2
      vertex 7.44782 5.7 1.35
    endloop
  endfacet
  facet normal 0.580024 -0.445121 -0.682231
    outer loop
      vertex 8.05054 5.48914 2
      vertex 7.97762 5.39412 2
      vertex 7.44782 5.7 1.35
    endloop
  endfacet
  facet normal 0.724876 0.0953919 -0.682242
    outer loop
      vertex 7.88324 4.91474 2
      vertex 7.26025 5 1.35
      vertex 7.87202 5 2
    endloop
  endfacet
  facet normal 0.724876 0.0954432 -0.682235
    outer loop
      vertex 7.26025 5 1.35
      vertex 7.88324 4.91474 2
      vertex 7.30796 4.63765 1.35
    endloop
  endfacet
  facet normal -0.0954102 0.724879 -0.682237
    outer loop
      vertex 8.70557 3.60597 1.35
      vertex 8.74551 4.22299 2
      vertex 8.98663 3.72238 1.43438
    endloop
  endfacet
  facet normal -0.0954769 0.724876 -0.682231
    outer loop
      vertex 8.74551 4.22299 2
      vertex 8.70557 3.60597 1.35
      vertex 8.66025 4.21176 2
    endloop
  endfacet
  facet normal -0.0954877 0.724875 -0.68223
    outer loop
      vertex 8.66025 4.21176 2
      vertex 8.70557 3.60597 1.35
      vertex 8.66025 3.6 1.35
    endloop
  endfacet
  facet normal 0.724869 0.095469 -0.68224
    outer loop
      vertex 7.88324 4.91474 2
      vertex 7.89888 4.79599 2
      vertex 7.30796 4.63765 1.35
    endloop
  endfacet
  facet normal -0.279799 0.675475 -0.682236
    outer loop
      vertex 8.97492 4.28446 2
      vertex 9.31852 3.85986 1.43869
      vertex 9.0161 3.73459 1.43869
    endloop
  endfacet
  facet normal -0.279798 0.675476 -0.682236
    outer loop
      vertex 9.31852 3.85986 1.43869
      vertex 8.97492 4.28446 2
      vertex 9.05437 4.31737 2
    endloop
  endfacet
  facet normal -0.675524 0.279713 -0.682223
    outer loop
      vertex 9.38872 4.71654 2
      vertex 10.0125 4.63765 1.35
      vertex 9.87269 4.3 1.35
    endloop
  endfacet
  facet normal -0.675498 0.279807 -0.68221
    outer loop
      vertex 10.0125 4.63765 1.35
      vertex 9.38872 4.71654 2
      vertex 9.42163 4.79599 2
    endloop
  endfacet
  facet normal -0.724908 0.0954131 -0.682206
    outer loop
      vertex 9.43726 4.91474 2
      vertex 10.0125 4.63765 1.35
      vertex 9.42163 4.79599 2
    endloop
  endfacet
  facet normal 0.445058 -0.580064 -0.682238
    outer loop
      vertex 8.19791 5.63028 2
      vertex 8.00199 6.14014 1.43869
      vertex 8.26614 5.68263 2
    endloop
  endfacet
  facet normal 0.445091 -0.580045 -0.682233
    outer loop
      vertex 8.00199 6.14014 1.43869
      vertex 8.19791 5.63028 2
      vertex 7.7423 5.94087 1.43869
    endloop
  endfacet
  facet normal 0.675474 -0.279797 -0.682238
    outer loop
      vertex 7.30796 5.36235 1.35
      vertex 7.93179 5.28346 2
      vertex 7.89888 5.20401 2
    endloop
  endfacet
  facet normal 0.675476 -0.279793 -0.682238
    outer loop
      vertex 7.93179 5.28346 2
      vertex 7.30796 5.36235 1.35
      vertex 7.44782 5.7 1.35
    endloop
  endfacet
  facet normal 0.279809 -0.675473 -0.682234
    outer loop
      vertex 8.45624 5.76138 2
      vertex 8.34558 5.71554 2
      vertex 8.29791 6.3523 1.35
    endloop
  endfacet
  facet normal 0.279786 0.675478 -0.682238
    outer loop
      vertex 7.96025 3.78756 1.35
      vertex 8.34558 4.28446 2
      vertex 8.29791 3.6477 1.35
    endloop
  endfacet
  facet normal 0.279824 0.675456 -0.682244
    outer loop
      vertex 8.34558 4.28446 2
      vertex 7.96025 3.78756 1.35
      vertex 8.26614 4.31737 2
    endloop
  endfacet
  facet normal 0.675476 0.279793 -0.682238
    outer loop
      vertex 7.30796 4.63765 1.35
      vertex 7.93179 4.71654 2
      vertex 7.44782 4.3 1.35
    endloop
  endfacet
  facet normal 0.675474 0.279797 -0.682238
    outer loop
      vertex 7.93179 4.71654 2
      vertex 7.30796 4.63765 1.35
      vertex 7.89888 4.79599 2
    endloop
  endfacet
  facet normal 0.095488 0.724875 -0.68223
    outer loop
      vertex 8.66025 3.6 1.35
      vertex 8.575 4.22299 2
      vertex 8.66025 4.21176 2
    endloop
  endfacet
  facet normal 0.0954257 0.724875 -0.682239
    outer loop
      vertex 8.575 4.22299 2
      vertex 8.66025 3.6 1.35
      vertex 8.29791 3.6477 1.35
    endloop
  endfacet
  facet normal -0.445053 0.580076 -0.682231
    outer loop
      vertex 9.21762 4.44263 2
      vertex 9.6502 4.01005 1.35
      vertex 9.12259 4.36972 2
    endloop
  endfacet
  facet normal 0.279809 0.675473 -0.682234
    outer loop
      vertex 8.34558 4.28446 2
      vertex 8.45624 4.23862 2
      vertex 8.29791 3.6477 1.35
    endloop
  endfacet
  facet normal -0.675497 -0.279758 -0.682231
    outer loop
      vertex 9.87269 5.7 1.35
      vertex 9.38872 5.28346 2
      vertex 9.34289 5.39412 2
    endloop
  endfacet
  facet normal -0.580042 -0.445089 -0.682237
    outer loop
      vertex 9.26997 5.48914 2
      vertex 9.6502 5.98995 1.35
      vertex 9.87269 5.7 1.35
    endloop
  endfacet
  facet normal -0.580068 -0.445062 -0.682232
    outer loop
      vertex 9.6502 5.98995 1.35
      vertex 9.26997 5.48914 2
      vertex 9.21762 5.55737 2
    endloop
  endfacet
  facet normal -0.0955088 0.724861 -0.682242
    outer loop
      vertex 8.98663 3.72238 1.43438
      vertex 8.86426 4.23862 2
      vertex 9.001 3.72833 1.43869
    endloop
  endfacet
  facet normal -0.0954094 0.724879 -0.682237
    outer loop
      vertex 8.86426 4.23862 2
      vertex 8.98663 3.72238 1.43438
      vertex 8.74551 4.22299 2
    endloop
  endfacet
  facet normal 0.675497 -0.279758 -0.682231
    outer loop
      vertex 7.97762 5.39412 2
      vertex 7.93179 5.28346 2
      vertex 7.44782 5.7 1.35
    endloop
  endfacet
  facet normal 0.279827 -0.675462 -0.682238
    outer loop
      vertex 8.00199 6.14014 1.43869
      vertex 8.34558 5.71554 2
      vertex 8.26614 5.68263 2
    endloop
  endfacet
  facet normal 0.279904 -0.675449 -0.682218
    outer loop
      vertex 8.34558 5.71554 2
      vertex 8.25568 6.3348 1.35
      vertex 8.29791 6.3523 1.35
    endloop
  endfacet
  facet normal 0.279797 -0.675479 -0.682233
    outer loop
      vertex 8.34558 5.71554 2
      vertex 8.00199 6.14014 1.43869
      vertex 8.25568 6.3348 1.35
    endloop
  endfacet
  facet normal 0.724869 -0.095469 -0.68224
    outer loop
      vertex 7.89888 5.20401 2
      vertex 7.88324 5.08526 2
      vertex 7.30796 5.36235 1.35
    endloop
  endfacet
  facet normal 0.0954018 -0.724882 -0.682235
    outer loop
      vertex 8.575 5.77701 2
      vertex 8.45624 5.76138 2
      vertex 8.29791 6.3523 1.35
    endloop
  endfacet
  facet normal -0.279808 -0.675471 -0.682237
    outer loop
      vertex 9.0226 6.3523 1.35
      vertex 8.97492 5.71554 2
      vertex 8.86426 5.76138 2
    endloop
  endfacet
  facet normal 0.445055 0.580059 -0.682245
    outer loop
      vertex 7.96025 3.78756 1.35
      vertex 8.19791 4.36972 2
      vertex 8.26614 4.31737 2
    endloop
  endfacet
  facet normal 0.445087 0.58004 -0.682239
    outer loop
      vertex 8.19791 4.36972 2
      vertex 7.96025 3.78756 1.35
      vertex 7.6703 4.01005 1.35
    endloop
  endfacet
  facet normal 0.0954018 0.724882 -0.682235
    outer loop
      vertex 8.45624 4.23862 2
      vertex 8.575 4.22299 2
      vertex 8.29791 3.6477 1.35
    endloop
  endfacet
  facet normal -0.724908 -0.0954131 -0.682206
    outer loop
      vertex 10.0125 5.36235 1.35
      vertex 9.43726 5.08526 2
      vertex 9.42163 5.20401 2
    endloop
  endfacet
  facet normal -0.675497 0.279758 -0.682231
    outer loop
      vertex 9.38872 4.71654 2
      vertex 9.87269 4.3 1.35
      vertex 9.34289 4.60588 2
    endloop
  endfacet
  facet normal 0.580024 0.445121 -0.682231
    outer loop
      vertex 7.97762 4.60588 2
      vertex 8.05054 4.51086 2
      vertex 7.44782 4.3 1.35
    endloop
  endfacet
  facet normal -0.724876 -0.0954458 -0.682235
    outer loop
      vertex 8.47107 7.07107 1.35
      vertex 7.84808 7.15633 2
      vertex 8.42336 7.43341 1.35
    endloop
  endfacet
  facet normal -0.724876 -0.0953919 -0.682242
    outer loop
      vertex 7.84808 7.15633 2
      vertex 8.47107 7.07107 1.35
      vertex 7.8593 7.07107 2
    endloop
  endfacet
  facet normal 0.675473 -0.279809 -0.682234
    outer loop
      vertex 6.35553 7.38574 2
      vertex 6.30969 7.27508 2
      vertex 5.71877 7.43341 1.35
    endloop
  endfacet
  facet normal 0.0954095 0.72488 -0.682236
    outer loop
      vertex 6.86706 6.30969 2
      vertex 6.98581 6.29406 2
      vertex 6.70872 5.71877 1.35
    endloop
  endfacet
  facet normal 0.445047 0.580069 -0.682242
    outer loop
      vertex 6.58192 6.46135 2
      vertex 6.67695 6.38844 2
      vertex 6.37107 5.85863 1.35
    endloop
  endfacet
  facet normal 0.580031 -0.445099 -0.682239
    outer loop
      vertex 6.46135 7.56021 2
      vertex 6.14014 8.00199 1.43869
      vertex 6.5137 7.62843 2
    endloop
  endfacet
  facet normal 0.580042 -0.445088 -0.682237
    outer loop
      vertex 6.14014 8.00199 1.43869
      vertex 6.46135 7.56021 2
      vertex 5.94087 7.7423 1.43869
    endloop
  endfacet
  facet normal 0.72488 0.0954095 -0.682236
    outer loop
      vertex 6.29406 6.98581 2
      vertex 6.30969 6.86706 2
      vertex 5.71877 6.70872 1.35
    endloop
  endfacet
  facet normal 0.0954432 -0.724876 -0.682235
    outer loop
      vertex 7.07107 8.47107 1.35
      vertex 6.98581 7.84808 2
      vertex 6.70872 8.42336 1.35
    endloop
  endfacet
  facet normal 0.0953919 -0.724876 -0.682242
    outer loop
      vertex 6.98581 7.84808 2
      vertex 7.07107 8.47107 1.35
      vertex 7.07107 7.8593 2
    endloop
  endfacet
  facet normal -0.279756 -0.675491 -0.682238
    outer loop
      vertex 7.43341 8.42336 1.35
      vertex 7.38574 7.78661 2
      vertex 7.27508 7.83244 2
    endloop
  endfacet
  facet normal 0.279798 -0.675477 -0.682234
    outer loop
      vertex 6.37107 8.2835 1.35
      vertex 6.7564 7.78661 2
      vertex 6.67695 7.7537 2
    endloop
  endfacet
  facet normal 0.279794 -0.675479 -0.682234
    outer loop
      vertex 6.7564 7.78661 2
      vertex 6.37107 8.2835 1.35
      vertex 6.70872 8.42336 1.35
    endloop
  endfacet
  facet normal -0.279792 0.675476 -0.682239
    outer loop
      vertex 7.38574 6.35553 2
      vertex 7.72933 5.93092 1.43869
      vertex 7.47564 5.73626 1.35
    endloop
  endfacet
  facet normal -0.279759 0.675485 -0.682243
    outer loop
      vertex 7.38574 6.35553 2
      vertex 7.47564 5.73626 1.35
      vertex 7.43341 5.71877 1.35
    endloop
  endfacet
  facet normal -0.279825 0.675456 -0.682244
    outer loop
      vertex 7.72933 5.93092 1.43869
      vertex 7.38574 6.35553 2
      vertex 7.46518 6.38844 2
    endloop
  endfacet
  facet normal -0.724876 0.0953919 -0.682242
    outer loop
      vertex 8.47107 7.07107 1.35
      vertex 7.84808 6.98581 2
      vertex 7.8593 7.07107 2
    endloop
  endfacet
  facet normal -0.724876 0.0954432 -0.682235
    outer loop
      vertex 7.84808 6.98581 2
      vertex 8.47107 7.07107 1.35
      vertex 8.42336 6.70872 1.35
    endloop
  endfacet
  facet normal -0.445096 -0.580028 -0.682244
    outer loop
      vertex 7.56021 7.68078 2
      vertex 8.06102 8.06102 1.35
      vertex 7.62843 7.62843 2
    endloop
  endfacet
  facet normal -0.445075 -0.580049 -0.68224
    outer loop
      vertex 8.06102 8.06102 1.35
      vertex 7.56021 7.68078 2
      vertex 7.77107 8.2835 1.35
    endloop
  endfacet
  facet normal -0.445088 -0.580042 -0.682237
    outer loop
      vertex 7.77107 8.2835 1.35
      vertex 7.56021 7.68078 2
      vertex 7.46518 7.7537 2
    endloop
  endfacet
  facet normal 0.675456 -0.279825 -0.682244
    outer loop
      vertex 6.35553 7.38574 2
      vertex 5.93092 7.72933 1.43869
      vertex 6.38844 7.46518 2
    endloop
  endfacet
  facet normal 0.675476 -0.279792 -0.682239
    outer loop
      vertex 6.35553 7.38574 2
      vertex 5.73626 7.47564 1.35
      vertex 5.93092 7.72933 1.43869
    endloop
  endfacet
  facet normal 0.675485 -0.279759 -0.682243
    outer loop
      vertex 5.73626 7.47564 1.35
      vertex 6.35553 7.38574 2
      vertex 5.71877 7.43341 1.35
    endloop
  endfacet
  facet normal -0.580045 0.44509 -0.682234
    outer loop
      vertex 7.7537 6.67695 2
      vertex 8.2835 6.37107 1.35
      vertex 7.68078 6.58192 2
    endloop
  endfacet
  facet normal 0.675471 0.279808 -0.682237
    outer loop
      vertex 6.30969 6.86706 2
      vertex 6.35553 6.7564 2
      vertex 5.71877 6.70872 1.35
    endloop
  endfacet
  facet normal 0.580034 0.445101 -0.682235
    outer loop
      vertex 6.08112 6.08112 1.35
      vertex 6.46135 6.58192 2
      vertex 6.5137 6.5137 2
    endloop
  endfacet
  facet normal 0.580044 0.445091 -0.682234
    outer loop
      vertex 6.46135 6.58192 2
      vertex 6.08112 6.08112 1.35
      vertex 5.85863 6.37107 1.35
    endloop
  endfacet
  facet normal 0.095469 -0.724869 -0.68224
    outer loop
      vertex 6.98581 7.84808 2
      vertex 6.86706 7.83244 2
      vertex 6.70872 8.42336 1.35
    endloop
  endfacet
  facet normal 0.279808 0.675471 -0.682237
    outer loop
      vertex 6.7564 6.35553 2
      vertex 6.86706 6.30969 2
      vertex 6.70872 5.71877 1.35
    endloop
  endfacet
  facet normal 0.279792 0.675474 -0.682239
    outer loop
      vertex 6.37107 5.85863 1.35
      vertex 6.7564 6.35553 2
      vertex 6.70872 5.71877 1.35
    endloop
  endfacet
  facet normal 0.279796 0.675472 -0.68224
    outer loop
      vertex 6.7564 6.35553 2
      vertex 6.37107 5.85863 1.35
      vertex 6.67695 6.38844 2
    endloop
  endfacet
  facet normal 0.44509 -0.580045 -0.682234
    outer loop
      vertex 6.67695 7.7537 2
      vertex 6.58192 7.68078 2
      vertex 6.37107 8.2835 1.35
    endloop
  endfacet
  facet normal 0.279755 -0.675489 -0.68224
    outer loop
      vertex 6.86706 7.83244 2
      vertex 6.7564 7.78661 2
      vertex 6.70872 8.42336 1.35
    endloop
  endfacet
  facet normal 0.724876 -0.0954769 -0.682231
    outer loop
      vertex 5.67107 7.07107 1.35
      vertex 6.29406 7.15633 2
      vertex 6.28283 7.07107 2
    endloop
  endfacet
  facet normal 0.724876 -0.0954258 -0.682238
    outer loop
      vertex 6.29406 7.15633 2
      vertex 5.67107 7.07107 1.35
      vertex 5.71877 7.43341 1.35
    endloop
  endfacet
  facet normal -0.580037 0.445093 -0.682238
    outer loop
      vertex 7.68078 6.58192 2
      vertex 8.25568 6.3348 1.35
      vertex 8.00199 6.14014 1.43869
    endloop
  endfacet
  facet normal -0.580115 0.444963 -0.682257
    outer loop
      vertex 8.25568 6.3348 1.35
      vertex 7.68078 6.58192 2
      vertex 8.2835 6.37107 1.35
    endloop
  endfacet
  facet normal -0.580031 0.445099 -0.682239
    outer loop
      vertex 7.68078 6.58192 2
      vertex 8.00199 6.14014 1.43869
      vertex 7.62843 6.5137 2
    endloop
  endfacet
  facet normal 0.445099 -0.580031 -0.682239
    outer loop
      vertex 6.14014 8.00199 1.43869
      vertex 6.58192 7.68078 2
      vertex 6.5137 7.62843 2
    endloop
  endfacet
  facet normal 0.444963 -0.580115 -0.682257
    outer loop
      vertex 6.58192 7.68078 2
      vertex 6.3348 8.25568 1.35
      vertex 6.37107 8.2835 1.35
    endloop
  endfacet
  facet normal 0.445093 -0.580037 -0.682238
    outer loop
      vertex 6.58192 7.68078 2
      vertex 6.14014 8.00199 1.43869
      vertex 6.3348 8.25568 1.35
    endloop
  endfacet
  facet normal -0.675483 -0.279788 -0.682233
    outer loop
      vertex 7.78661 7.38574 2
      vertex 8.2835 7.77107 1.35
      vertex 8.42336 7.43341 1.35
    endloop
  endfacet
  facet normal -0.675461 -0.279826 -0.682239
    outer loop
      vertex 8.2835 7.77107 1.35
      vertex 7.78661 7.38574 2
      vertex 7.7537 7.46518 2
    endloop
  endfacet
  facet normal 0.580066 -0.445045 -0.682245
    outer loop
      vertex 6.38844 7.46518 2
      vertex 5.94087 7.7423 1.43869
      vertex 6.46135 7.56021 2
    endloop
  endfacet
  facet normal 0.580086 -0.445016 -0.682247
    outer loop
      vertex 5.94087 7.7423 1.43869
      vertex 6.38844 7.46518 2
      vertex 5.93092 7.72933 1.43869
    endloop
  endfacet
  facet normal -0.279826 -0.675461 -0.682239
    outer loop
      vertex 7.38574 7.78661 2
      vertex 7.77107 8.2835 1.35
      vertex 7.46518 7.7537 2
    endloop
  endfacet
  facet normal -0.279788 -0.675483 -0.682233
    outer loop
      vertex 7.77107 8.2835 1.35
      vertex 7.38574 7.78661 2
      vertex 7.43341 8.42336 1.35
    endloop
  endfacet
  facet normal -0.0953919 -0.724876 -0.682242
    outer loop
      vertex 7.07107 8.47107 1.35
      vertex 7.15633 7.84808 2
      vertex 7.07107 7.8593 2
    endloop
  endfacet
  facet normal -0.0954458 -0.724876 -0.682235
    outer loop
      vertex 7.15633 7.84808 2
      vertex 7.07107 8.47107 1.35
      vertex 7.43341 8.42336 1.35
    endloop
  endfacet
  facet normal -0.675479 0.279794 -0.682234
    outer loop
      vertex 8.2835 6.37107 1.35
      vertex 7.78661 6.7564 2
      vertex 8.42336 6.70872 1.35
    endloop
  endfacet
  facet normal -0.675477 0.279798 -0.682234
    outer loop
      vertex 7.78661 6.7564 2
      vertex 8.2835 6.37107 1.35
      vertex 7.7537 6.67695 2
    endloop
  endfacet
  facet normal 0.445091 0.580044 -0.682234
    outer loop
      vertex 6.08112 6.08112 1.35
      vertex 6.58192 6.46135 2
      vertex 6.37107 5.85863 1.35
    endloop
  endfacet
  facet normal 0.445101 0.580034 -0.682235
    outer loop
      vertex 6.58192 6.46135 2
      vertex 6.08112 6.08112 1.35
      vertex 6.5137 6.5137 2
    endloop
  endfacet
  facet normal 0.724876 0.0954769 -0.682231
    outer loop
      vertex 6.29406 6.98581 2
      vertex 5.67107 7.07107 1.35
      vertex 6.28283 7.07107 2
    endloop
  endfacet
  facet normal 0.724876 0.0954232 -0.682238
    outer loop
      vertex 5.67107 7.07107 1.35
      vertex 6.29406 6.98581 2
      vertex 5.71877 6.70872 1.35
    endloop
  endfacet
  facet normal 0.0954769 0.724876 -0.682231
    outer loop
      vertex 7.07107 5.67107 1.35
      vertex 6.98581 6.29406 2
      vertex 7.07107 6.28283 2
    endloop
  endfacet
  facet normal 0.0954232 0.724876 -0.682238
    outer loop
      vertex 6.98581 6.29406 2
      vertex 7.07107 5.67107 1.35
      vertex 6.70872 5.71877 1.35
    endloop
  endfacet
  facet normal -0.445016 0.580086 -0.682247
    outer loop
      vertex 7.46518 6.38844 2
      vertex 7.7423 5.94087 1.43869
      vertex 7.72933 5.93092 1.43869
    endloop
  endfacet
  facet normal -0.445045 0.580066 -0.682245
    outer loop
      vertex 7.7423 5.94087 1.43869
      vertex 7.46518 6.38844 2
      vertex 7.56021 6.46135 2
    endloop
  endfacet
  facet normal -0.445088 0.580042 -0.682237
    outer loop
      vertex 7.56021 6.46135 2
      vertex 8.00199 6.14014 1.43869
      vertex 7.7423 5.94087 1.43869
    endloop
  endfacet
  facet normal -0.445099 0.580031 -0.682239
    outer loop
      vertex 8.00199 6.14014 1.43869
      vertex 7.56021 6.46135 2
      vertex 7.62843 6.5137 2
    endloop
  endfacet
  facet normal -0.580049 -0.445075 -0.68224
    outer loop
      vertex 7.68078 7.56021 2
      vertex 8.06102 8.06102 1.35
      vertex 8.2835 7.77107 1.35
    endloop
  endfacet
  facet normal -0.580028 -0.445096 -0.682244
    outer loop
      vertex 8.06102 8.06102 1.35
      vertex 7.68078 7.56021 2
      vertex 7.62843 7.62843 2
    endloop
  endfacet
  facet normal -0.580042 -0.445088 -0.682237
    outer loop
      vertex 8.2835 7.77107 1.35
      vertex 7.7537 7.46518 2
      vertex 7.68078 7.56021 2
    endloop
  endfacet
  facet normal 0.724881 -0.0954096 -0.682235
    outer loop
      vertex 6.30969 7.27508 2
      vertex 6.29406 7.15633 2
      vertex 5.71877 7.43341 1.35
    endloop
  endfacet
  facet normal -0.0954096 0.724881 -0.682235
    outer loop
      vertex 7.27508 6.30969 2
      vertex 7.43341 5.71877 1.35
      vertex 7.15633 6.29406 2
    endloop
  endfacet
  facet normal -0.724869 -0.0954691 -0.682239
    outer loop
      vertex 8.42336 7.43341 1.35
      vertex 7.84808 7.15633 2
      vertex 7.83244 7.27508 2
    endloop
  endfacet
  facet normal -0.279809 0.675473 -0.682234
    outer loop
      vertex 7.38574 6.35553 2
      vertex 7.43341 5.71877 1.35
      vertex 7.27508 6.30969 2
    endloop
  endfacet
  facet normal -0.0954258 0.724876 -0.682238
    outer loop
      vertex 7.07107 5.67107 1.35
      vertex 7.15633 6.29406 2
      vertex 7.43341 5.71877 1.35
    endloop
  endfacet
  facet normal -0.0954769 0.724876 -0.682231
    outer loop
      vertex 7.15633 6.29406 2
      vertex 7.07107 5.67107 1.35
      vertex 7.07107 6.28283 2
    endloop
  endfacet
  facet normal -0.0954691 -0.724869 -0.682239
    outer loop
      vertex 7.43341 8.42336 1.35
      vertex 7.27508 7.83244 2
      vertex 7.15633 7.84808 2
    endloop
  endfacet
  facet normal 0.580069 0.445047 -0.682242
    outer loop
      vertex 6.38844 6.67695 2
      vertex 6.46135 6.58192 2
      vertex 5.85863 6.37107 1.35
    endloop
  endfacet
  facet normal -0.675489 0.279755 -0.68224
    outer loop
      vertex 7.83244 6.86706 2
      vertex 8.42336 6.70872 1.35
      vertex 7.78661 6.7564 2
    endloop
  endfacet
  facet normal -0.724869 0.095469 -0.68224
    outer loop
      vertex 7.84808 6.98581 2
      vertex 8.42336 6.70872 1.35
      vertex 7.83244 6.86706 2
    endloop
  endfacet
  facet normal 0.675472 0.279796 -0.68224
    outer loop
      vertex 5.85863 6.37107 1.35
      vertex 6.35553 6.7564 2
      vertex 6.38844 6.67695 2
    endloop
  endfacet
  facet normal 0.675474 0.279792 -0.682239
    outer loop
      vertex 6.35553 6.7564 2
      vertex 5.85863 6.37107 1.35
      vertex 5.71877 6.70872 1.35
    endloop
  endfacet
  facet normal -0.675491 -0.279756 -0.682238
    outer loop
      vertex 8.42336 7.43341 1.35
      vertex 7.83244 7.27508 2
      vertex 7.78661 7.38574 2
    endloop
  endfacet
  facet normal -0.724876 -0.0954232 -0.682238
    outer loop
      vertex 6.4 8.66025 1.35
      vertex 5.77701 8.74551 2
      vertex 6.3523 9.0226 1.35
    endloop
  endfacet
  facet normal -0.724876 -0.0953919 -0.682242
    outer loop
      vertex 5.77701 8.74551 2
      vertex 6.4 8.66025 1.35
      vertex 5.78823 8.66025 2
    endloop
  endfacet
  facet normal 0.724875 0.095488 -0.68223
    outer loop
      vertex 4.22299 8.575 2
      vertex 3.6 8.66025 1.35
      vertex 4.21176 8.66025 2
    endloop
  endfacet
  facet normal 0.724875 0.0954257 -0.682239
    outer loop
      vertex 3.6 8.66025 1.35
      vertex 4.22299 8.575 2
      vertex 3.6477 8.29791 1.35
    endloop
  endfacet
  facet normal 0.445075 0.580049 -0.68224
    outer loop
      vertex 4.01005 7.6703 1.35
      vertex 4.51086 8.05054 2
      vertex 4.3 7.44782 1.35
    endloop
  endfacet
  facet normal 0.445059 0.580065 -0.682237
    outer loop
      vertex 4.51086 8.05054 2
      vertex 4.01005 7.6703 1.35
      vertex 4.44263 8.10289 2
    endloop
  endfacet
  facet normal 0.279797 0.675474 -0.682238
    outer loop
      vertex 4.63765 7.30796 1.35
      vertex 4.71654 7.93179 2
      vertex 4.79599 7.89888 2
    endloop
  endfacet
  facet normal 0.279793 0.675476 -0.682238
    outer loop
      vertex 4.71654 7.93179 2
      vertex 4.63765 7.30796 1.35
      vertex 4.3 7.44782 1.35
    endloop
  endfacet
  facet normal 0.445121 -0.580024 -0.682231
    outer loop
      vertex 4.60588 9.34289 2
      vertex 4.51086 9.26997 2
      vertex 4.3 9.87269 1.35
    endloop
  endfacet
  facet normal -0.724876 0.095403 -0.682242
    outer loop
      vertex 6.4 8.66025 1.35
      vertex 5.77701 8.575 2
      vertex 5.78823 8.66025 2
    endloop
  endfacet
  facet normal -0.724875 0.0954257 -0.682239
    outer loop
      vertex 5.77701 8.575 2
      vertex 6.4 8.66025 1.35
      vertex 6.3523 8.29791 1.35
    endloop
  endfacet
  facet normal -0.0954732 -0.724848 -0.682261
    outer loop
      vertex 5 10.0603 1.35
      vertex 5.08526 9.43726 2
      vertex 5 9.44849 2
    endloop
  endfacet
  facet normal -0.0956195 -0.724848 -0.682241
    outer loop
      vertex 5.08526 9.43726 2
      vertex 5 10.0603 1.35
      vertex 5.36235 10.0125 1.35
    endloop
  endfacet
  facet normal 0.724879 -0.0954102 -0.682237
    outer loop
      vertex 4.22299 8.74551 2
      vertex 3.60597 8.70557 1.35
      vertex 3.72238 8.98663 1.43438
    endloop
  endfacet
  facet normal 0.724876 -0.0954769 -0.682231
    outer loop
      vertex 4.21176 8.66025 2
      vertex 3.60597 8.70557 1.35
      vertex 4.22299 8.74551 2
    endloop
  endfacet
  facet normal 0.724875 -0.0954877 -0.68223
    outer loop
      vertex 3.60597 8.70557 1.35
      vertex 4.21176 8.66025 2
      vertex 3.6 8.66025 1.35
    endloop
  endfacet
  facet normal 0.580076 -0.445053 -0.682231
    outer loop
      vertex 4.44263 9.21762 2
      vertex 4.36972 9.12259 2
      vertex 4.01005 9.6502 1.35
    endloop
  endfacet
  facet normal -0.445062 -0.580068 -0.682232
    outer loop
      vertex 5.48914 9.26997 2
      vertex 5.98995 9.6502 1.35
      vertex 5.55737 9.21762 2
    endloop
  endfacet
  facet normal -0.445089 -0.580042 -0.682237
    outer loop
      vertex 5.98995 9.6502 1.35
      vertex 5.48914 9.26997 2
      vertex 5.7 9.87269 1.35
    endloop
  endfacet
  facet normal 0.675476 -0.279798 -0.682236
    outer loop
      vertex 4.28446 8.97492 2
      vertex 3.85986 9.31852 1.43869
      vertex 4.31737 9.05437 2
    endloop
  endfacet
  facet normal 0.675475 -0.279799 -0.682236
    outer loop
      vertex 4.28446 8.97492 2
      vertex 3.73459 9.0161 1.43869
      vertex 3.85986 9.31852 1.43869
    endloop
  endfacet
  facet normal -0.095469 0.724869 -0.68224
    outer loop
      vertex 5.20401 7.89888 2
      vertex 5.36235 7.30796 1.35
      vertex 5.08526 7.88324 2
    endloop
  endfacet
  facet normal 0.279758 0.675497 -0.682231
    outer loop
      vertex 4.60588 7.97762 2
      vertex 4.71654 7.93179 2
      vertex 4.3 7.44782 1.35
    endloop
  endfacet
  facet normal 0.0956195 -0.724848 -0.682241
    outer loop
      vertex 5 10.0603 1.35
      vertex 4.91474 9.43726 2
      vertex 4.63765 10.0125 1.35
    endloop
  endfacet
  facet normal 0.0954732 -0.724848 -0.682261
    outer loop
      vertex 4.91474 9.43726 2
      vertex 5 10.0603 1.35
      vertex 5 9.44849 2
    endloop
  endfacet
  facet normal -0.445121 -0.580024 -0.682231
    outer loop
      vertex 5.7 9.87269 1.35
      vertex 5.48914 9.26997 2
      vertex 5.39412 9.34289 2
    endloop
  endfacet
  facet normal 0.445062 -0.580068 -0.682232
    outer loop
      vertex 4.01005 9.6502 1.35
      vertex 4.51086 9.26997 2
      vertex 4.44263 9.21762 2
    endloop
  endfacet
  facet normal 0.445089 -0.580042 -0.682237
    outer loop
      vertex 4.51086 9.26997 2
      vertex 4.01005 9.6502 1.35
      vertex 4.3 9.87269 1.35
    endloop
  endfacet
  facet normal -0.580076 -0.445053 -0.682231
    outer loop
      vertex 5.98995 9.6502 1.35
      vertex 5.63028 9.12259 2
      vertex 5.55737 9.21762 2
    endloop
  endfacet
  facet normal -0.0954432 0.724876 -0.682235
    outer loop
      vertex 5 7.26025 1.35
      vertex 5.08526 7.88324 2
      vertex 5.36235 7.30796 1.35
    endloop
  endfacet
  facet normal -0.0953919 0.724876 -0.682242
    outer loop
      vertex 5.08526 7.88324 2
      vertex 5 7.26025 1.35
      vertex 5 7.87202 2
    endloop
  endfacet
  facet normal -0.279758 -0.675497 -0.682231
    outer loop
      vertex 5.7 9.87269 1.35
      vertex 5.39412 9.34289 2
      vertex 5.28346 9.38872 2
    endloop
  endfacet
  facet normal 0.095469 0.724869 -0.68224
    outer loop
      vertex 4.79599 7.89888 2
      vertex 4.91474 7.88324 2
      vertex 4.63765 7.30796 1.35
    endloop
  endfacet
  facet normal 0.675473 -0.279809 -0.682234
    outer loop
      vertex 4.23862 8.86426 2
      vertex 3.73459 9.0161 1.43869
      vertex 4.28446 8.97492 2
    endloop
  endfacet
  facet normal 0.675403 -0.280002 -0.682224
    outer loop
      vertex 4.23862 8.86426 2
      vertex 3.72833 9.001 1.43869
      vertex 3.73459 9.0161 1.43869
    endloop
  endfacet
  facet normal -0.580101 0.445027 -0.682227
    outer loop
      vertex 5.55737 8.10289 2
      vertex 5.94087 7.7423 1.43869
      vertex 5.93092 7.72933 1.43869
    endloop
  endfacet
  facet normal -0.580054 0.445082 -0.682231
    outer loop
      vertex 5.94087 7.7423 1.43869
      vertex 5.55737 8.10289 2
      vertex 5.63028 8.19791 2
    endloop
  endfacet
  facet normal 0.580035 -0.445101 -0.682235
    outer loop
      vertex 3.85986 9.31852 1.43869
      vertex 4.36972 9.12259 2
      vertex 4.31737 9.05437 2
    endloop
  endfacet
  facet normal 0.579982 -0.445143 -0.682253
    outer loop
      vertex 4.36972 9.12259 2
      vertex 3.98222 9.61394 1.35
      vertex 4.01005 9.6502 1.35
    endloop
  endfacet
  facet normal 0.580052 -0.445071 -0.68224
    outer loop
      vertex 4.36972 9.12259 2
      vertex 3.85986 9.31852 1.43869
      vertex 3.98222 9.61394 1.35
    endloop
  endfacet
  facet normal 0.724861 -0.0955088 -0.682242
    outer loop
      vertex 4.23862 8.86426 2
      vertex 3.72238 8.98663 1.43438
      vertex 3.72833 9.001 1.43869
    endloop
  endfacet
  facet normal 0.724879 -0.0954094 -0.682237
    outer loop
      vertex 3.72238 8.98663 1.43438
      vertex 4.23862 8.86426 2
      vertex 4.22299 8.74551 2
    endloop
  endfacet
  facet normal -0.279713 -0.675524 -0.682223
    outer loop
      vertex 5.28346 9.38872 2
      vertex 5.36235 10.0125 1.35
      vertex 5.7 9.87269 1.35
    endloop
  endfacet
  facet normal -0.279807 -0.675498 -0.68221
    outer loop
      vertex 5.36235 10.0125 1.35
      vertex 5.28346 9.38872 2
      vertex 5.20401 9.42163 2
    endloop
  endfacet
  facet normal -0.445047 0.580065 -0.682245
    outer loop
      vertex 5.48914 8.05054 2
      vertex 5.73626 7.47564 1.35
      vertex 5.7 7.44782 1.35
    endloop
  endfacet
  facet normal -0.445093 0.580037 -0.682238
    outer loop
      vertex 5.73626 7.47564 1.35
      vertex 5.48914 8.05054 2
      vertex 5.93092 7.72933 1.43869
    endloop
  endfacet
  facet normal -0.445062 0.580069 -0.682232
    outer loop
      vertex 5.93092 7.72933 1.43869
      vertex 5.48914 8.05054 2
      vertex 5.55737 8.10289 2
    endloop
  endfacet
  facet normal -0.279793 0.675476 -0.682238
    outer loop
      vertex 5.36235 7.30796 1.35
      vertex 5.28346 7.93179 2
      vertex 5.7 7.44782 1.35
    endloop
  endfacet
  facet normal -0.279797 0.675474 -0.682238
    outer loop
      vertex 5.28346 7.93179 2
      vertex 5.36235 7.30796 1.35
      vertex 5.20401 7.89888 2
    endloop
  endfacet
  facet normal -0.675479 0.279797 -0.682233
    outer loop
      vertex 5.71554 8.34558 2
      vertex 6.3348 8.25568 1.35
      vertex 6.14014 8.00199 1.43869
    endloop
  endfacet
  facet normal -0.675449 0.279904 -0.682218
    outer loop
      vertex 6.3348 8.25568 1.35
      vertex 5.71554 8.34558 2
      vertex 6.3523 8.29791 1.35
    endloop
  endfacet
  facet normal -0.675462 0.279827 -0.682238
    outer loop
      vertex 5.71554 8.34558 2
      vertex 6.14014 8.00199 1.43869
      vertex 5.68263 8.26614 2
    endloop
  endfacet
  facet normal -0.580045 0.445091 -0.682233
    outer loop
      vertex 5.63028 8.19791 2
      vertex 6.14014 8.00199 1.43869
      vertex 5.94087 7.7423 1.43869
    endloop
  endfacet
  facet normal -0.580064 0.445058 -0.682238
    outer loop
      vertex 6.14014 8.00199 1.43869
      vertex 5.63028 8.19791 2
      vertex 5.68263 8.26614 2
    endloop
  endfacet
  facet normal -0.67547 -0.27981 -0.682236
    outer loop
      vertex 5.71554 8.97492 2
      vertex 6.21243 9.36025 1.35
      vertex 6.3523 9.0226 1.35
    endloop
  endfacet
  facet normal -0.675477 -0.279798 -0.682234
    outer loop
      vertex 6.21243 9.36025 1.35
      vertex 5.71554 8.97492 2
      vertex 5.68263 9.05437 2
    endloop
  endfacet
  facet normal -0.580036 -0.445103 -0.682233
    outer loop
      vertex 5.63028 9.12259 2
      vertex 6.21243 9.36025 1.35
      vertex 5.68263 9.05437 2
    endloop
  endfacet
  facet normal -0.580052 -0.445076 -0.682237
    outer loop
      vertex 6.21243 9.36025 1.35
      vertex 5.63028 9.12259 2
      vertex 5.98995 9.6502 1.35
    endloop
  endfacet
  facet normal 0.279807 -0.675498 -0.68221
    outer loop
      vertex 4.71654 9.38872 2
      vertex 4.63765 10.0125 1.35
      vertex 4.79599 9.42163 2
    endloop
  endfacet
  facet normal 0.279713 -0.675524 -0.682223
    outer loop
      vertex 4.63765 10.0125 1.35
      vertex 4.71654 9.38872 2
      vertex 4.3 9.87269 1.35
    endloop
  endfacet
  facet normal -0.72488 -0.0954095 -0.682236
    outer loop
      vertex 6.3523 9.0226 1.35
      vertex 5.77701 8.74551 2
      vertex 5.76138 8.86426 2
    endloop
  endfacet
  facet normal -0.675473 0.279809 -0.682234
    outer loop
      vertex 5.76138 8.45624 2
      vertex 6.3523 8.29791 1.35
      vertex 5.71554 8.34558 2
    endloop
  endfacet
  facet normal -0.724882 0.0954018 -0.682235
    outer loop
      vertex 5.77701 8.575 2
      vertex 6.3523 8.29791 1.35
      vertex 5.76138 8.45624 2
    endloop
  endfacet
  facet normal 0.0953919 0.724876 -0.682242
    outer loop
      vertex 5 7.26025 1.35
      vertex 4.91474 7.88324 2
      vertex 5 7.87202 2
    endloop
  endfacet
  facet normal 0.0954432 0.724876 -0.682235
    outer loop
      vertex 4.91474 7.88324 2
      vertex 5 7.26025 1.35
      vertex 4.63765 7.30796 1.35
    endloop
  endfacet
  facet normal 0.0954131 -0.724908 -0.682206
    outer loop
      vertex 4.91474 9.43726 2
      vertex 4.79599 9.42163 2
      vertex 4.63765 10.0125 1.35
    endloop
  endfacet
  facet normal 0.724882 0.0954018 -0.682235
    outer loop
      vertex 4.22299 8.575 2
      vertex 4.23862 8.45624 2
      vertex 3.6477 8.29791 1.35
    endloop
  endfacet
  facet normal -0.445121 0.580024 -0.682231
    outer loop
      vertex 5.48914 8.05054 2
      vertex 5.7 7.44782 1.35
      vertex 5.39412 7.97762 2
    endloop
  endfacet
  facet normal 0.445121 0.580024 -0.682231
    outer loop
      vertex 4.51086 8.05054 2
      vertex 4.60588 7.97762 2
      vertex 4.3 7.44782 1.35
    endloop
  endfacet
  facet normal -0.0954131 -0.724908 -0.682206
    outer loop
      vertex 5.36235 10.0125 1.35
      vertex 5.20401 9.42163 2
      vertex 5.08526 9.43726 2
    endloop
  endfacet
  facet normal -0.675471 -0.279808 -0.682237
    outer loop
      vertex 6.3523 9.0226 1.35
      vertex 5.76138 8.86426 2
      vertex 5.71554 8.97492 2
    endloop
  endfacet
  facet normal -0.279758 0.675497 -0.682231
    outer loop
      vertex 5.39412 7.97762 2
      vertex 5.7 7.44782 1.35
      vertex 5.28346 7.93179 2
    endloop
  endfacet
  facet normal 0.675456 0.279824 -0.682244
    outer loop
      vertex 3.78756 7.96025 1.35
      vertex 4.28446 8.34558 2
      vertex 4.31737 8.26614 2
    endloop
  endfacet
  facet normal 0.675478 0.279786 -0.682238
    outer loop
      vertex 4.28446 8.34558 2
      vertex 3.78756 7.96025 1.35
      vertex 3.6477 8.29791 1.35
    endloop
  endfacet
  facet normal 0.279758 -0.675497 -0.682231
    outer loop
      vertex 4.71654 9.38872 2
      vertex 4.60588 9.34289 2
      vertex 4.3 9.87269 1.35
    endloop
  endfacet
  facet normal 0.675473 0.279809 -0.682234
    outer loop
      vertex 4.23862 8.45624 2
      vertex 4.28446 8.34558 2
      vertex 3.6477 8.29791 1.35
    endloop
  endfacet
  facet normal 0.58004 0.445087 -0.682239
    outer loop
      vertex 3.78756 7.96025 1.35
      vertex 4.36972 8.19791 2
      vertex 4.01005 7.6703 1.35
    endloop
  endfacet
  facet normal 0.580059 0.445055 -0.682245
    outer loop
      vertex 4.36972 8.19791 2
      vertex 3.78756 7.96025 1.35
      vertex 4.31737 8.26614 2
    endloop
  endfacet
  facet normal 0.580049 0.445079 -0.682237
    outer loop
      vertex 4.36972 8.19791 2
      vertex 4.44263 8.10289 2
      vertex 4.01005 7.6703 1.35
    endloop
  endfacet
  facet normal -0.675476 0.279799 -0.682235
    outer loop
      vertex 3.31666 9.3758 2
      vertex 3.85986 9.31852 1.43869
      vertex 3.73459 9.0161 1.43869
    endloop
  endfacet
  facet normal -0.675476 0.279798 -0.682235
    outer loop
      vertex 3.85986 9.31852 1.43869
      vertex 3.31666 9.3758 2
      vertex 3.34957 9.45525 2
    endloop
  endfacet
  facet normal -0.724875 -0.0954088 -0.682241
    outer loop
      vertex 3.98819 9.65926 1.35
      vertex 3.37642 9.65926 2
      vertex 3.36079 9.77801 2
    endloop
  endfacet
  facet normal -0.724878 -0.095426 -0.682236
    outer loop
      vertex 3.98819 9.65926 1.35
      vertex 3.34957 9.86327 2
      vertex 3.94049 10.0216 1.35
    endloop
  endfacet
  facet normal -0.724875 -0.0953917 -0.682244
    outer loop
      vertex 3.34957 9.86327 2
      vertex 3.98819 9.65926 1.35
      vertex 3.36079 9.77801 2
    endloop
  endfacet
  facet normal 0.0954176 -0.724833 -0.682284
    outer loop
      vertex 2.58819 11.0593 1.35
      vertex 2.38418 10.4206 2
      vertex 2.22584 11.0116 1.35
    endloop
  endfacet
  facet normal 0.0960737 -0.724889 -0.682133
    outer loop
      vertex 2.38418 10.4206 2
      vertex 2.58819 11.0593 1.35
      vertex 2.46944 10.4319 2
    endloop
  endfacet
  facet normal -0.279807 0.675467 -0.682241
    outer loop
      vertex 2.98231 8.97663 2
      vertex 3.28819 8.44682 1.35
      vertex 2.87165 8.93079 2
    endloop
  endfacet
  facet normal 0.279707 -0.675462 -0.682287
    outer loop
      vertex 2.30473 10.3877 2
      vertex 2.22584 11.0116 1.35
      vertex 2.38418 10.4206 2
    endloop
  endfacet
  facet normal 0.279851 -0.675422 -0.682267
    outer loop
      vertex 2.22584 11.0116 1.35
      vertex 2.30473 10.3877 2
      vertex 1.88819 10.8717 1.35
    endloop
  endfacet
  facet normal 0.724877 -0.095392 -0.682241
    outer loop
      vertex 1.2738 9.67546 1.43869
      vertex 1.82681 9.86327 2
      vertex 1.81559 9.77801 2
    endloop
  endfacet
  facet normal 0.72488 -0.0954177 -0.682235
    outer loop
      vertex 1.82681 9.86327 2
      vertex 1.2738 9.67546 1.43869
      vertex 1.31652 10 1.43869
    endloop
  endfacet
  facet normal -0.445053 0.580076 -0.682231
    outer loop
      vertex 3.14556 9.10189 2
      vertex 3.57814 8.66931 1.35
      vertex 3.05053 9.02898 2
    endloop
  endfacet
  facet normal -0.279606 -0.675571 -0.68222
    outer loop
      vertex 3.28819 10.8717 1.35
      vertex 2.98231 10.3419 2
      vertex 2.87165 10.3877 2
    endloop
  endfacet
  facet normal 0.279606 -0.675571 -0.68222
    outer loop
      vertex 2.30473 10.3877 2
      vertex 2.19407 10.3419 2
      vertex 1.88819 10.8717 1.35
    endloop
  endfacet
  facet normal -0.0954234 0.724877 -0.682237
    outer loop
      vertex 2.58819 8.25926 1.35
      vertex 2.7922 8.89788 2
      vertex 2.95054 8.30696 1.35
    endloop
  endfacet
  facet normal -0.0953917 0.724875 -0.682244
    outer loop
      vertex 2.7922 8.89788 2
      vertex 2.58819 8.25926 1.35
      vertex 2.70694 8.88666 2
    endloop
  endfacet
  facet normal -0.445087 0.58004 -0.682239
    outer loop
      vertex 3.28819 8.44682 1.35
      vertex 3.05053 9.02898 2
      vertex 3.57814 8.66931 1.35
    endloop
  endfacet
  facet normal -0.4451 0.580033 -0.682237
    outer loop
      vertex 3.05053 9.02898 2
      vertex 3.28819 8.44682 1.35
      vertex 2.98231 8.97663 2
    endloop
  endfacet
  facet normal 0.445383 -0.579847 -0.682211
    outer loop
      vertex 2.12585 10.2895 2
      vertex 1.88819 10.8717 1.35
      vertex 2.19407 10.3419 2
    endloop
  endfacet
  facet normal 0.44509 -0.580018 -0.682256
    outer loop
      vertex 1.88819 10.8717 1.35
      vertex 2.12585 10.2895 2
      vertex 1.59824 10.6492 1.35
    endloop
  endfacet
  facet normal -0.279851 -0.675422 -0.682267
    outer loop
      vertex 2.87165 10.3877 2
      vertex 2.95054 11.0116 1.35
      vertex 3.28819 10.8717 1.35
    endloop
  endfacet
  facet normal -0.279707 -0.675462 -0.682287
    outer loop
      vertex 2.95054 11.0116 1.35
      vertex 2.87165 10.3877 2
      vertex 2.7922 10.4206 2
    endloop
  endfacet
  facet normal -0.675484 -0.279763 -0.682242
    outer loop
      vertex 3.80063 10.3593 1.35
      vertex 3.31666 9.94272 2
      vertex 3.27082 10.0534 2
    endloop
  endfacet
  facet normal -0.675476 -0.279798 -0.682235
    outer loop
      vertex 3.31666 9.94272 2
      vertex 3.94049 10.0216 1.35
      vertex 3.34957 9.86327 2
    endloop
  endfacet
  facet normal -0.675488 -0.279756 -0.682241
    outer loop
      vertex 3.94049 10.0216 1.35
      vertex 3.31666 9.94272 2
      vertex 3.80063 10.3593 1.35
    endloop
  endfacet
  facet normal 0.724877 0.095392 -0.682242
    outer loop
      vertex 1.82681 9.45525 2
      vertex 1.26964 9.64384 1.43438
      vertex 1.81559 9.54051 2
    endloop
  endfacet
  facet normal 0.72488 0.0954274 -0.682233
    outer loop
      vertex 1.22993 9.34223 1.35
      vertex 1.26964 9.64384 1.43438
      vertex 1.82681 9.45525 2
    endloop
  endfacet
  facet normal 0.724896 0.0953305 -0.682231
    outer loop
      vertex 1.22993 9.34223 1.35
      vertex 1.82681 9.45525 2
      vertex 1.23589 9.29691 1.35
    endloop
  endfacet
  facet normal 0.580076 0.445053 -0.682231
    outer loop
      vertex 1.95791 9.19692 2
      vertex 2.03082 9.10189 2
      vertex 1.59824 8.66931 1.35
    endloop
  endfacet
  facet normal 0.675476 0.279793 -0.682238
    outer loop
      vertex 1.23589 9.29691 1.35
      vertex 1.85972 9.3758 2
      vertex 1.37575 8.95926 1.35
    endloop
  endfacet
  facet normal 0.675474 0.279797 -0.682238
    outer loop
      vertex 1.85972 9.3758 2
      vertex 1.23589 9.29691 1.35
      vertex 1.82681 9.45525 2
    endloop
  endfacet
  facet normal 0.579969 -0.445182 -0.682238
    outer loop
      vertex 1.37575 10.3593 1.35
      vertex 1.95791 10.1216 2
      vertex 1.90556 10.0534 2
    endloop
  endfacet
  facet normal 0.579998 -0.445132 -0.682246
    outer loop
      vertex 1.95791 10.1216 2
      vertex 1.37575 10.3593 1.35
      vertex 1.59824 10.6492 1.35
    endloop
  endfacet
  facet normal 0.4451 0.580033 -0.682237
    outer loop
      vertex 1.88819 8.44682 1.35
      vertex 2.12585 9.02898 2
      vertex 2.19407 8.97663 2
    endloop
  endfacet
  facet normal 0.445087 0.58004 -0.682239
    outer loop
      vertex 2.12585 9.02898 2
      vertex 1.88819 8.44682 1.35
      vertex 1.59824 8.66931 1.35
    endloop
  endfacet
  facet normal 0.0952252 -0.724871 -0.682271
    outer loop
      vertex 2.58819 11.0593 1.35
      vertex 2.58819 10.4475 2
      vertex 2.46944 10.4319 2
    endloop
  endfacet
  facet normal 0.445053 0.580076 -0.682231
    outer loop
      vertex 2.03082 9.10189 2
      vertex 2.12585 9.02898 2
      vertex 1.59824 8.66931 1.35
    endloop
  endfacet
  facet normal -0.0960737 -0.724889 -0.682133
    outer loop
      vertex 2.58819 11.0593 1.35
      vertex 2.7922 10.4206 2
      vertex 2.70694 10.4319 2
    endloop
  endfacet
  facet normal -0.0954176 -0.724833 -0.682284
    outer loop
      vertex 2.7922 10.4206 2
      vertex 2.58819 11.0593 1.35
      vertex 2.95054 11.0116 1.35
    endloop
  endfacet
  facet normal 0.579998 -0.445133 -0.682246
    outer loop
      vertex 2.03082 10.2166 2
      vertex 1.95791 10.1216 2
      vertex 1.59824 10.6492 1.35
    endloop
  endfacet
  facet normal -0.580076 0.445053 -0.682231
    outer loop
      vertex 3.21847 9.19692 2
      vertex 3.57814 8.66931 1.35
      vertex 3.14556 9.10189 2
    endloop
  endfacet
  facet normal 0.445011 -0.580101 -0.682238
    outer loop
      vertex 2.12585 10.2895 2
      vertex 2.03082 10.2166 2
      vertex 1.59824 10.6492 1.35
    endloop
  endfacet
  facet normal 0.58004 0.445087 -0.682239
    outer loop
      vertex 1.37575 8.95926 1.35
      vertex 1.95791 9.19692 2
      vertex 1.59824 8.66931 1.35
    endloop
  endfacet
  facet normal 0.580033 0.4451 -0.682237
    outer loop
      vertex 1.95791 9.19692 2
      vertex 1.37575 8.95926 1.35
      vertex 1.90556 9.26514 2
    endloop
  endfacet
  facet normal -0.44509 -0.580018 -0.682256
    outer loop
      vertex 3.05053 10.2895 2
      vertex 3.28819 10.8717 1.35
      vertex 3.57814 10.6492 1.35
    endloop
  endfacet
  facet normal -0.445383 -0.579847 -0.682211
    outer loop
      vertex 3.28819 10.8717 1.35
      vertex 3.05053 10.2895 2
      vertex 2.98231 10.3419 2
    endloop
  endfacet
  facet normal -0.724877 0.095488 -0.682228
    outer loop
      vertex 3.98222 9.61394 1.35
      vertex 3.36079 9.54051 2
      vertex 3.98819 9.65926 1.35
    endloop
  endfacet
  facet normal -0.724878 0.0954181 -0.682237
    outer loop
      vertex 3.85986 9.31852 1.43869
      vertex 3.36079 9.54051 2
      vertex 3.98222 9.61394 1.35
    endloop
  endfacet
  facet normal -0.724885 0.095393 -0.682233
    outer loop
      vertex 3.36079 9.54051 2
      vertex 3.85986 9.31852 1.43869
      vertex 3.34957 9.45525 2
    endloop
  endfacet
  facet normal -0.724875 0.0954088 -0.682241
    outer loop
      vertex 3.37642 9.65926 2
      vertex 3.98819 9.65926 1.35
      vertex 3.36079 9.54051 2
    endloop
  endfacet
  facet normal -0.0952252 -0.724871 -0.682271
    outer loop
      vertex 2.58819 11.0593 1.35
      vertex 2.70694 10.4319 2
      vertex 2.58819 10.4475 2
    endloop
  endfacet
  facet normal 0.675476 -0.279798 -0.682235
    outer loop
      vertex 1.31652 10 1.43869
      vertex 1.85972 9.94272 2
      vertex 1.82681 9.86327 2
    endloop
  endfacet
  facet normal 0.67571 -0.279389 -0.682171
    outer loop
      vertex 1.85972 9.94272 2
      vertex 1.35826 10.317 1.35
      vertex 1.37575 10.3593 1.35
    endloop
  endfacet
  facet normal 0.675472 -0.279815 -0.682233
    outer loop
      vertex 1.85972 9.94272 2
      vertex 1.31652 10 1.43869
      vertex 1.35826 10.317 1.35
    endloop
  endfacet
  facet normal 0.675484 -0.279763 -0.682242
    outer loop
      vertex 1.90556 10.0534 2
      vertex 1.85972 9.94272 2
      vertex 1.37575 10.3593 1.35
    endloop
  endfacet
  facet normal -0.579969 -0.445182 -0.682238
    outer loop
      vertex 3.21847 10.1216 2
      vertex 3.80063 10.3593 1.35
      vertex 3.27082 10.0534 2
    endloop
  endfacet
  facet normal -0.579998 -0.445132 -0.682246
    outer loop
      vertex 3.80063 10.3593 1.35
      vertex 3.21847 10.1216 2
      vertex 3.57814 10.6492 1.35
    endloop
  endfacet
  facet normal 0.724879 -0.0954704 -0.682229
    outer loop
      vertex 1.79995 9.65926 2
      vertex 1.2738 9.67546 1.43869
      vertex 1.81559 9.77801 2
    endloop
  endfacet
  facet normal 0.724855 -0.0957525 -0.682214
    outer loop
      vertex 1.2738 9.67546 1.43869
      vertex 1.79995 9.65926 2
      vertex 1.27166 9.65926 1.43869
    endloop
  endfacet
  facet normal 0.675467 0.279807 -0.682241
    outer loop
      vertex 1.85972 9.3758 2
      vertex 1.90556 9.26514 2
      vertex 1.37575 8.95926 1.35
    endloop
  endfacet
  facet normal 0.724875 0.0954698 -0.682233
    outer loop
      vertex 1.81559 9.54051 2
      vertex 1.27166 9.65926 1.43869
      vertex 1.79995 9.65926 2
    endloop
  endfacet
  facet normal 0.724884 0.0957179 -0.682189
    outer loop
      vertex 1.27166 9.65926 1.43869
      vertex 1.81559 9.54051 2
      vertex 1.26964 9.64384 1.43438
    endloop
  endfacet
  facet normal -0.580053 0.44507 -0.68224
    outer loop
      vertex 3.21847 9.19692 2
      vertex 3.72238 8.98663 1.43438
      vertex 3.60597 8.70557 1.35
    endloop
  endfacet
  facet normal -0.579982 0.445143 -0.682253
    outer loop
      vertex 3.21847 9.19692 2
      vertex 3.60597 8.70557 1.35
      vertex 3.57814 8.66931 1.35
    endloop
  endfacet
  facet normal -0.580035 0.445101 -0.682235
    outer loop
      vertex 3.27082 9.26514 2
      vertex 3.72238 8.98663 1.43438
      vertex 3.21847 9.19692 2
    endloop
  endfacet
  facet normal -0.5802 0.444863 -0.68225
    outer loop
      vertex 3.72238 8.98663 1.43438
      vertex 3.27082 9.26514 2
      vertex 3.72833 9.001 1.43869
    endloop
  endfacet
  facet normal -0.579998 -0.445133 -0.682246
    outer loop
      vertex 3.57814 10.6492 1.35
      vertex 3.21847 10.1216 2
      vertex 3.14556 10.2166 2
    endloop
  endfacet
  facet normal -0.445011 -0.580101 -0.682238
    outer loop
      vertex 3.57814 10.6492 1.35
      vertex 3.14556 10.2166 2
      vertex 3.05053 10.2895 2
    endloop
  endfacet
  facet normal -0.675383 0.279993 -0.682247
    outer loop
      vertex 3.27082 9.26514 2
      vertex 3.73459 9.0161 1.43869
      vertex 3.72833 9.001 1.43869
    endloop
  endfacet
  facet normal -0.67547 0.279808 -0.682237
    outer loop
      vertex 3.73459 9.0161 1.43869
      vertex 3.27082 9.26514 2
      vertex 3.31666 9.3758 2
    endloop
  endfacet
  facet normal 0.279807 0.675467 -0.682241
    outer loop
      vertex 2.19407 8.97663 2
      vertex 2.30473 8.93079 2
      vertex 1.88819 8.44682 1.35
    endloop
  endfacet
  facet normal 0.09547 0.724876 -0.682231
    outer loop
      vertex 2.58819 8.87102 2
      vertex 2.58819 8.25926 1.35
      vertex 2.46944 8.88666 2
    endloop
  endfacet
  facet normal 0.279797 0.675474 -0.682238
    outer loop
      vertex 2.22584 8.30696 1.35
      vertex 2.30473 8.93079 2
      vertex 2.38418 8.89788 2
    endloop
  endfacet
  facet normal 0.279793 0.675476 -0.682238
    outer loop
      vertex 2.30473 8.93079 2
      vertex 2.22584 8.30696 1.35
      vertex 1.88819 8.44682 1.35
    endloop
  endfacet
  facet normal 0.0953917 0.724875 -0.682244
    outer loop
      vertex 2.58819 8.25926 1.35
      vertex 2.38418 8.89788 2
      vertex 2.46944 8.88666 2
    endloop
  endfacet
  facet normal 0.0954234 0.724877 -0.682237
    outer loop
      vertex 2.38418 8.89788 2
      vertex 2.58819 8.25926 1.35
      vertex 2.22584 8.30696 1.35
    endloop
  endfacet
  facet normal -0.09547 0.724876 -0.682231
    outer loop
      vertex 2.58819 8.87102 2
      vertex 2.70694 8.88666 2
      vertex 2.58819 8.25926 1.35
    endloop
  endfacet
  facet normal -0.279793 0.675476 -0.682238
    outer loop
      vertex 2.95054 8.30696 1.35
      vertex 2.87165 8.93079 2
      vertex 3.28819 8.44682 1.35
    endloop
  endfacet
  facet normal -0.279797 0.675474 -0.682238
    outer loop
      vertex 2.87165 8.93079 2
      vertex 2.95054 8.30696 1.35
      vertex 2.7922 8.89788 2
    endloop
  endfacet
  facet normal -0.724898 -0.0953728 -0.682222
    outer loop
      vertex 1.35826 10.317 1.35
      vertex 0.77701 10.0853 2
      vertex 1.3523 10.3623 1.35
    endloop
  endfacet
  facet normal -0.724884 -0.0954267 -0.682229
    outer loop
      vertex 1.31652 10 1.43869
      vertex 0.77701 10.0853 2
      vertex 1.35826 10.317 1.35
    endloop
  endfacet
  facet normal -0.724884 -0.0953906 -0.682235
    outer loop
      vertex 0.77701 10.0853 2
      vertex 1.31652 10 1.43869
      vertex 0.788235 10 2
    endloop
  endfacet
  facet normal 0.0952308 -0.724926 -0.682212
    outer loop
      vertex -0.0852579 10.777 2
      vertex -0.20401 10.7614 2
      vertex -0.362347 11.3523 1.35
    endloop
  endfacet
  facet normal -0.580051 0.445078 -0.682237
    outer loop
      vertex 0.989949 9.01005 1.35
      vertex 0.609716 9.51086 2
      vertex 1.21243 9.3 1.35
    endloop
  endfacet
  facet normal -0.580067 0.445061 -0.682234
    outer loop
      vertex 0.609716 9.51086 2
      vertex 0.989949 9.01005 1.35
      vertex 0.557366 9.44263 2
    endloop
  endfacet
  facet normal -0.44509 0.580042 -0.682236
    outer loop
      vertex 0.489143 9.39028 2
      vertex 0.989949 9.01005 1.35
      vertex 0.7 8.78756 1.35
    endloop
  endfacet
  facet normal -0.445089 0.580044 -0.682236
    outer loop
      vertex 0.989949 9.01005 1.35
      vertex 0.489143 9.39028 2
      vertex 0.557366 9.44263 2
    endloop
  endfacet
  facet normal 0.0954232 -0.724871 -0.682244
    outer loop
      vertex 0 11.4 1.35
      vertex -0.0852579 10.777 2
      vertex -0.362347 11.3523 1.35
    endloop
  endfacet
  facet normal 0.0952235 -0.724871 -0.682271
    outer loop
      vertex -0.0852579 10.777 2
      vertex 0 11.4 1.35
      vertex 0 10.7882 2
    endloop
  endfacet
  facet normal -0.280135 -0.67537 -0.682203
    outer loop
      vertex 0.362347 11.3523 1.35
      vertex 0.314669 10.7155 2
      vertex 0.20401 10.7614 2
    endloop
  endfacet
  facet normal 0.724898 -0.0953728 -0.682222
    outer loop
      vertex -0.77701 10.0853 2
      vertex -1.35826 10.317 1.35
      vertex -1.3523 10.3623 1.35
    endloop
  endfacet
  facet normal 0.724884 -0.0953906 -0.682235
    outer loop
      vertex -1.31652 10 1.43869
      vertex -0.77701 10.0853 2
      vertex -0.788235 10 2
    endloop
  endfacet
  facet normal 0.724884 -0.0954267 -0.682229
    outer loop
      vertex -0.77701 10.0853 2
      vertex -1.31652 10 1.43869
      vertex -1.35826 10.317 1.35
    endloop
  endfacet
  facet normal -0.27979 0.675475 -0.682239
    outer loop
      vertex 0.314669 9.28446 2
      vertex 0.7 8.78756 1.35
      vertex 0.362347 8.6477 1.35
    endloop
  endfacet
  facet normal -0.279802 0.675469 -0.682241
    outer loop
      vertex 0.7 8.78756 1.35
      vertex 0.314669 9.28446 2
      vertex 0.394117 9.31737 2
    endloop
  endfacet
  facet normal 0.724876 0.0954334 -0.682237
    outer loop
      vertex -0.761376 9.79599 2
      vertex -1.2738 9.67546 1.43869
      vertex -0.77701 9.91474 2
    endloop
  endfacet
  facet normal 0.72482 0.0957478 -0.682253
    outer loop
      vertex -1.2738 9.67546 1.43869
      vertex -0.761376 9.79599 2
      vertex -1.27166 9.65926 1.43869
    endloop
  endfacet
  facet normal -0.724881 0.095435 -0.682232
    outer loop
      vertex 1.31652 10 1.43869
      vertex 0.77701 9.91474 2
      vertex 0.788235 10 2
    endloop
  endfacet
  facet normal -0.724881 0.0954178 -0.682234
    outer loop
      vertex 1.2738 9.67546 1.43869
      vertex 0.77701 9.91474 2
      vertex 1.31652 10 1.43869
    endloop
  endfacet
  facet normal 0.580327 -0.444804 -0.68218
    outer loop
      vertex -0.609716 10.4891 2
      vertex -0.989949 10.9899 1.35
      vertex -0.557366 10.5574 2
    endloop
  endfacet
  facet normal 0.58001 -0.445123 -0.682241
    outer loop
      vertex -0.989949 10.9899 1.35
      vertex -0.609716 10.4891 2
      vertex -1.21243 10.7 1.35
    endloop
  endfacet
  facet normal 0.724881 0.095435 -0.682232
    outer loop
      vertex -0.77701 9.91474 2
      vertex -1.31652 10 1.43869
      vertex -0.788235 10 2
    endloop
  endfacet
  facet normal 0.724881 0.0954178 -0.682234
    outer loop
      vertex -0.77701 9.91474 2
      vertex -1.2738 9.67546 1.43869
      vertex -1.31652 10 1.43869
    endloop
  endfacet
  facet normal -0.444855 -0.580294 -0.682175
    outer loop
      vertex 0.489143 10.6097 2
      vertex 0.989949 10.9899 1.35
      vertex 0.557366 10.5574 2
    endloop
  endfacet
  facet normal -0.44511 -0.580041 -0.682224
    outer loop
      vertex 0.989949 10.9899 1.35
      vertex 0.489143 10.6097 2
      vertex 0.7 11.2124 1.35
    endloop
  endfacet
  facet normal -0.445021 -0.58009 -0.68224
    outer loop
      vertex 0.7 11.2124 1.35
      vertex 0.489143 10.6097 2
      vertex 0.394117 10.6826 2
    endloop
  endfacet
  facet normal 0.675406 -0.279936 -0.682249
    outer loop
      vertex -0.71554 10.3147 2
      vertex -1.21243 10.7 1.35
      vertex -0.682631 10.3941 2
    endloop
  endfacet
  facet normal 0.675495 -0.279779 -0.682224
    outer loop
      vertex -1.21243 10.7 1.35
      vertex -0.71554 10.3147 2
      vertex -1.3523 10.3623 1.35
    endloop
  endfacet
  facet normal -0.580038 0.445101 -0.682232
    outer loop
      vertex 0.682631 9.60588 2
      vertex 1.21243 9.3 1.35
      vertex 0.609716 9.51086 2
    endloop
  endfacet
  facet normal 0.444855 -0.580294 -0.682175
    outer loop
      vertex -0.989949 10.9899 1.35
      vertex -0.489143 10.6097 2
      vertex -0.557366 10.5574 2
    endloop
  endfacet
  facet normal 0.44511 -0.580041 -0.682224
    outer loop
      vertex -0.489143 10.6097 2
      vertex -0.989949 10.9899 1.35
      vertex -0.7 11.2124 1.35
    endloop
  endfacet
  facet normal 0.580067 0.445061 -0.682234
    outer loop
      vertex -0.989949 9.01005 1.35
      vertex -0.609716 9.51086 2
      vertex -0.557366 9.44263 2
    endloop
  endfacet
  facet normal 0.580051 0.445078 -0.682237
    outer loop
      vertex -0.609716 9.51086 2
      vertex -0.989949 9.01005 1.35
      vertex -1.21243 9.3 1.35
    endloop
  endfacet
  facet normal 0.579991 -0.445158 -0.682235
    outer loop
      vertex -0.609716 10.4891 2
      vertex -0.682631 10.3941 2
      vertex -1.21243 10.7 1.35
    endloop
  endfacet
  facet normal 0.27979 0.675475 -0.682239
    outer loop
      vertex -0.7 8.78756 1.35
      vertex -0.314669 9.28446 2
      vertex -0.362347 8.6477 1.35
    endloop
  endfacet
  facet normal 0.279802 0.675469 -0.682241
    outer loop
      vertex -0.314669 9.28446 2
      vertex -0.7 8.78756 1.35
      vertex -0.394117 9.31737 2
    endloop
  endfacet
  facet normal -0.279733 -0.675508 -0.68223
    outer loop
      vertex 0.314669 10.7155 2
      vertex 0.7 11.2124 1.35
      vertex 0.394117 10.6826 2
    endloop
  endfacet
  facet normal -0.279855 -0.675438 -0.682249
    outer loop
      vertex 0.7 11.2124 1.35
      vertex 0.314669 10.7155 2
      vertex 0.362347 11.3523 1.35
    endloop
  endfacet
  facet normal 0.445059 0.580059 -0.682242
    outer loop
      vertex -0.489143 9.39028 2
      vertex -0.394117 9.31737 2
      vertex -0.7 8.78756 1.35
    endloop
  endfacet
  facet normal -0.675495 -0.279779 -0.682224
    outer loop
      vertex 0.71554 10.3147 2
      vertex 1.21243 10.7 1.35
      vertex 1.3523 10.3623 1.35
    endloop
  endfacet
  facet normal -0.675406 -0.279936 -0.682249
    outer loop
      vertex 1.21243 10.7 1.35
      vertex 0.71554 10.3147 2
      vertex 0.682631 10.3941 2
    endloop
  endfacet
  facet normal -0.445059 0.580059 -0.682242
    outer loop
      vertex 0.489143 9.39028 2
      vertex 0.7 8.78756 1.35
      vertex 0.394117 9.31737 2
    endloop
  endfacet
  facet normal -0.0952235 -0.724871 -0.682271
    outer loop
      vertex 0 11.4 1.35
      vertex 0.0852579 10.777 2
      vertex 0 10.7882 2
    endloop
  endfacet
  facet normal -0.0954232 -0.724871 -0.682244
    outer loop
      vertex 0.0852579 10.777 2
      vertex 0 11.4 1.35
      vertex 0.362347 11.3523 1.35
    endloop
  endfacet
  facet normal -0.67543 0.279896 -0.682241
    outer loop
      vertex 0.682631 9.60588 2
      vertex 1.22993 9.34223 1.35
      vertex 1.21243 9.3 1.35
    endloop
  endfacet
  facet normal -0.675473 0.279799 -0.682238
    outer loop
      vertex 1.22993 9.34223 1.35
      vertex 0.682631 9.60588 2
      vertex 1.26964 9.64384 1.43438
    endloop
  endfacet
  facet normal -0.675475 0.279789 -0.682241
    outer loop
      vertex 1.26964 9.64384 1.43438
      vertex 0.682631 9.60588 2
      vertex 0.71554 9.68533 2
    endloop
  endfacet
  facet normal 0.445021 -0.58009 -0.68224
    outer loop
      vertex -0.394117 10.6826 2
      vertex -0.489143 10.6097 2
      vertex -0.7 11.2124 1.35
    endloop
  endfacet
  facet normal -0.279811 0.67547 -0.682236
    outer loop
      vertex 0.314669 9.28446 2
      vertex 0.362347 8.6477 1.35
      vertex 0.20401 9.23862 2
    endloop
  endfacet
  facet normal 0.0954792 0.724876 -0.682231
    outer loop
      vertex 0 8.6 1.35
      vertex -0.0852579 9.22299 2
      vertex 0 9.21176 2
    endloop
  endfacet
  facet normal 0.095424 0.724876 -0.682238
    outer loop
      vertex -0.0852579 9.22299 2
      vertex 0 8.6 1.35
      vertex -0.362347 8.6477 1.35
    endloop
  endfacet
  facet normal -0.58001 -0.445123 -0.682241
    outer loop
      vertex 0.609716 10.4891 2
      vertex 0.989949 10.9899 1.35
      vertex 1.21243 10.7 1.35
    endloop
  endfacet
  facet normal -0.580327 -0.444804 -0.68218
    outer loop
      vertex 0.989949 10.9899 1.35
      vertex 0.609716 10.4891 2
      vertex 0.557366 10.5574 2
    endloop
  endfacet
  facet normal -0.579991 -0.445158 -0.682235
    outer loop
      vertex 1.21243 10.7 1.35
      vertex 0.682631 10.3941 2
      vertex 0.609716 10.4891 2
    endloop
  endfacet
  facet normal 0.580038 0.445101 -0.682232
    outer loop
      vertex -0.682631 9.60588 2
      vertex -0.609716 9.51086 2
      vertex -1.21243 9.3 1.35
    endloop
  endfacet
  facet normal -0.724869 -0.0954726 -0.682239
    outer loop
      vertex 1.3523 10.3623 1.35
      vertex 0.77701 10.0853 2
      vertex 0.761376 10.204 2
    endloop
  endfacet
  facet normal 0.675514 -0.279701 -0.682237
    outer loop
      vertex -0.71554 10.3147 2
      vertex -0.761376 10.204 2
      vertex -1.3523 10.3623 1.35
    endloop
  endfacet
  facet normal 0.724869 -0.0954726 -0.682239
    outer loop
      vertex -0.761376 10.204 2
      vertex -0.77701 10.0853 2
      vertex -1.3523 10.3623 1.35
    endloop
  endfacet
  facet normal -0.0954079 0.724881 -0.682236
    outer loop
      vertex 0.20401 9.23862 2
      vertex 0.362347 8.6477 1.35
      vertex 0.0852579 9.22299 2
    endloop
  endfacet
  facet normal 0.279811 0.67547 -0.682236
    outer loop
      vertex -0.314669 9.28446 2
      vertex -0.20401 9.23862 2
      vertex -0.362347 8.6477 1.35
    endloop
  endfacet
  facet normal -0.095424 0.724876 -0.682238
    outer loop
      vertex 0 8.6 1.35
      vertex 0.0852579 9.22299 2
      vertex 0.362347 8.6477 1.35
    endloop
  endfacet
  facet normal -0.0954792 0.724876 -0.682231
    outer loop
      vertex 0.0852579 9.22299 2
      vertex 0 8.6 1.35
      vertex 0 9.21176 2
    endloop
  endfacet
  facet normal 0.44509 0.580042 -0.682236
    outer loop
      vertex -0.989949 9.01005 1.35
      vertex -0.489143 9.39028 2
      vertex -0.7 8.78756 1.35
    endloop
  endfacet
  facet normal 0.445089 0.580044 -0.682236
    outer loop
      vertex -0.489143 9.39028 2
      vertex -0.989949 9.01005 1.35
      vertex -0.557366 9.44263 2
    endloop
  endfacet
  facet normal 0.279733 -0.675508 -0.68223
    outer loop
      vertex -0.7 11.2124 1.35
      vertex -0.314669 10.7155 2
      vertex -0.394117 10.6826 2
    endloop
  endfacet
  facet normal 0.279855 -0.675438 -0.682249
    outer loop
      vertex -0.314669 10.7155 2
      vertex -0.7 11.2124 1.35
      vertex -0.362347 11.3523 1.35
    endloop
  endfacet
  facet normal 0.280135 -0.67537 -0.682203
    outer loop
      vertex -0.20401 10.7614 2
      vertex -0.314669 10.7155 2
      vertex -0.362347 11.3523 1.35
    endloop
  endfacet
  facet normal -0.0952308 -0.724926 -0.682212
    outer loop
      vertex 0.362347 11.3523 1.35
      vertex 0.20401 10.7614 2
      vertex 0.0852579 10.777 2
    endloop
  endfacet
  facet normal 0.0954079 0.724881 -0.682236
    outer loop
      vertex -0.20401 9.23862 2
      vertex -0.0852579 9.22299 2
      vertex -0.362347 8.6477 1.35
    endloop
  endfacet
  facet normal -0.675681 0.279213 -0.682272
    outer loop
      vertex 1.26964 9.64384 1.43438
      vertex 0.761376 9.79599 2
      vertex 1.27166 9.65926 1.43869
    endloop
  endfacet
  facet normal -0.675475 0.279786 -0.682241
    outer loop
      vertex 0.761376 9.79599 2
      vertex 1.26964 9.64384 1.43438
      vertex 0.71554 9.68533 2
    endloop
  endfacet
  facet normal -0.724876 0.0954334 -0.682237
    outer loop
      vertex 1.2738 9.67546 1.43869
      vertex 0.761376 9.79599 2
      vertex 0.77701 9.91474 2
    endloop
  endfacet
  facet normal -0.72482 0.0957478 -0.682253
    outer loop
      vertex 0.761376 9.79599 2
      vertex 1.2738 9.67546 1.43869
      vertex 1.27166 9.65926 1.43869
    endloop
  endfacet
  facet normal -0.675514 -0.279701 -0.682237
    outer loop
      vertex 1.3523 10.3623 1.35
      vertex 0.761376 10.204 2
      vertex 0.71554 10.3147 2
    endloop
  endfacet
  facet normal 0.675475 0.279786 -0.682241
    outer loop
      vertex -1.26964 9.64384 1.43438
      vertex -0.761376 9.79599 2
      vertex -0.71554 9.68533 2
    endloop
  endfacet
  facet normal 0.675681 0.279213 -0.682272
    outer loop
      vertex -0.761376 9.79599 2
      vertex -1.26964 9.64384 1.43438
      vertex -1.27166 9.65926 1.43869
    endloop
  endfacet
  facet normal 0.67543 0.279896 -0.682241
    outer loop
      vertex -1.22993 9.34223 1.35
      vertex -0.682631 9.60588 2
      vertex -1.21243 9.3 1.35
    endloop
  endfacet
  facet normal 0.675477 0.27979 -0.682238
    outer loop
      vertex -0.682631 9.60588 2
      vertex -1.22993 9.34223 1.35
      vertex -0.71554 9.68533 2
    endloop
  endfacet
  facet normal 0.675472 0.279799 -0.682239
    outer loop
      vertex -0.71554 9.68533 2
      vertex -1.22993 9.34223 1.35
      vertex -1.26964 9.64384 1.43438
    endloop
  endfacet
  facet normal -0.279606 -0.675571 -0.68222
    outer loop
      vertex -1.88819 10.8717 1.35
      vertex -2.19407 10.3419 2
      vertex -2.30473 10.3877 2
    endloop
  endfacet
  facet normal 0.09547 0.724876 -0.682231
    outer loop
      vertex -2.58819 8.87102 2
      vertex -2.58819 8.25926 1.35
      vertex -2.70694 8.88666 2
    endloop
  endfacet
  facet normal -0.724855 -0.0957525 -0.682214
    outer loop
      vertex -1.79995 9.65926 2
      vertex -1.2738 9.67546 1.43869
      vertex -1.27166 9.65926 1.43869
    endloop
  endfacet
  facet normal -0.724879 -0.0954704 -0.682229
    outer loop
      vertex -1.2738 9.67546 1.43869
      vertex -1.79995 9.65926 2
      vertex -1.81559 9.77801 2
    endloop
  endfacet
  facet normal -0.72488 -0.0954177 -0.682235
    outer loop
      vertex -1.2738 9.67546 1.43869
      vertex -1.82681 9.86327 2
      vertex -1.31652 10 1.43869
    endloop
  endfacet
  facet normal -0.724877 -0.095392 -0.682241
    outer loop
      vertex -1.82681 9.86327 2
      vertex -1.2738 9.67546 1.43869
      vertex -1.81559 9.77801 2
    endloop
  endfacet
  facet normal -0.445011 -0.580101 -0.682238
    outer loop
      vertex -1.59824 10.6492 1.35
      vertex -2.03082 10.2166 2
      vertex -2.12585 10.2895 2
    endloop
  endfacet
  facet normal 0.0954176 -0.724833 -0.682284
    outer loop
      vertex -2.58819 11.0593 1.35
      vertex -2.7922 10.4206 2
      vertex -2.95054 11.0116 1.35
    endloop
  endfacet
  facet normal 0.0960737 -0.724889 -0.682133
    outer loop
      vertex -2.7922 10.4206 2
      vertex -2.58819 11.0593 1.35
      vertex -2.70694 10.4319 2
    endloop
  endfacet
  facet normal 0.445011 -0.580101 -0.682238
    outer loop
      vertex -3.05053 10.2895 2
      vertex -3.14556 10.2166 2
      vertex -3.57814 10.6492 1.35
    endloop
  endfacet
  facet normal 0.724875 -0.0953917 -0.682244
    outer loop
      vertex -3.98819 9.65926 1.35
      vertex -3.34957 9.86327 2
      vertex -3.36079 9.77801 2
    endloop
  endfacet
  facet normal 0.724878 -0.095426 -0.682236
    outer loop
      vertex -3.34957 9.86327 2
      vertex -3.98819 9.65926 1.35
      vertex -3.94049 10.0216 1.35
    endloop
  endfacet
  facet normal -0.675467 0.279807 -0.682241
    outer loop
      vertex -1.85972 9.3758 2
      vertex -1.37575 8.95926 1.35
      vertex -1.90556 9.26514 2
    endloop
  endfacet
  facet normal 0.675476 0.279799 -0.682235
    outer loop
      vertex -3.85986 9.31852 1.43869
      vertex -3.31666 9.3758 2
      vertex -3.73459 9.0161 1.43869
    endloop
  endfacet
  facet normal 0.675476 0.279798 -0.682235
    outer loop
      vertex -3.31666 9.3758 2
      vertex -3.85986 9.31852 1.43869
      vertex -3.34957 9.45525 2
    endloop
  endfacet
  facet normal -0.445087 0.58004 -0.682239
    outer loop
      vertex -1.88819 8.44682 1.35
      vertex -2.12585 9.02898 2
      vertex -1.59824 8.66931 1.35
    endloop
  endfacet
  facet normal -0.4451 0.580033 -0.682237
    outer loop
      vertex -2.12585 9.02898 2
      vertex -1.88819 8.44682 1.35
      vertex -2.19407 8.97663 2
    endloop
  endfacet
  facet normal -0.279793 0.675476 -0.682238
    outer loop
      vertex -2.22584 8.30696 1.35
      vertex -2.30473 8.93079 2
      vertex -1.88819 8.44682 1.35
    endloop
  endfacet
  facet normal -0.279797 0.675474 -0.682238
    outer loop
      vertex -2.30473 8.93079 2
      vertex -2.22584 8.30696 1.35
      vertex -2.38418 8.89788 2
    endloop
  endfacet
  facet normal -0.675476 0.279793 -0.682238
    outer loop
      vertex -1.85972 9.3758 2
      vertex -1.23589 9.29691 1.35
      vertex -1.37575 8.95926 1.35
    endloop
  endfacet
  facet normal -0.675474 0.279797 -0.682238
    outer loop
      vertex -1.23589 9.29691 1.35
      vertex -1.85972 9.3758 2
      vertex -1.82681 9.45525 2
    endloop
  endfacet
  facet normal -0.09547 0.724876 -0.682231
    outer loop
      vertex -2.58819 8.87102 2
      vertex -2.46944 8.88666 2
      vertex -2.58819 8.25926 1.35
    endloop
  endfacet
  facet normal 0.279807 0.675467 -0.682241
    outer loop
      vertex -2.98231 8.97663 2
      vertex -2.87165 8.93079 2
      vertex -3.28819 8.44682 1.35
    endloop
  endfacet
  facet normal -0.0952252 -0.724871 -0.682271
    outer loop
      vertex -2.58819 11.0593 1.35
      vertex -2.46944 10.4319 2
      vertex -2.58819 10.4475 2
    endloop
  endfacet
  facet normal -0.675484 -0.279763 -0.682242
    outer loop
      vertex -1.37575 10.3593 1.35
      vertex -1.85972 9.94272 2
      vertex -1.90556 10.0534 2
    endloop
  endfacet
  facet normal -0.675472 -0.279815 -0.682233
    outer loop
      vertex -1.85972 9.94272 2
      vertex -1.35826 10.317 1.35
      vertex -1.31652 10 1.43869
    endloop
  endfacet
  facet normal -0.675476 -0.279798 -0.682235
    outer loop
      vertex -1.85972 9.94272 2
      vertex -1.31652 10 1.43869
      vertex -1.82681 9.86327 2
    endloop
  endfacet
  facet normal -0.67571 -0.279389 -0.682171
    outer loop
      vertex -1.35826 10.317 1.35
      vertex -1.85972 9.94272 2
      vertex -1.37575 10.3593 1.35
    endloop
  endfacet
  facet normal 0.675484 -0.279763 -0.682242
    outer loop
      vertex -3.27082 10.0534 2
      vertex -3.31666 9.94272 2
      vertex -3.80063 10.3593 1.35
    endloop
  endfacet
  facet normal 0.675476 -0.279798 -0.682235
    outer loop
      vertex -3.94049 10.0216 1.35
      vertex -3.31666 9.94272 2
      vertex -3.34957 9.86327 2
    endloop
  endfacet
  facet normal 0.675488 -0.279756 -0.682241
    outer loop
      vertex -3.31666 9.94272 2
      vertex -3.94049 10.0216 1.35
      vertex -3.80063 10.3593 1.35
    endloop
  endfacet
  facet normal -0.579998 -0.445133 -0.682246
    outer loop
      vertex -1.59824 10.6492 1.35
      vertex -1.95791 10.1216 2
      vertex -2.03082 10.2166 2
    endloop
  endfacet
  facet normal -0.44509 -0.580018 -0.682256
    outer loop
      vertex -2.12585 10.2895 2
      vertex -1.88819 10.8717 1.35
      vertex -1.59824 10.6492 1.35
    endloop
  endfacet
  facet normal -0.445383 -0.579847 -0.682211
    outer loop
      vertex -1.88819 10.8717 1.35
      vertex -2.12585 10.2895 2
      vertex -2.19407 10.3419 2
    endloop
  endfacet
  facet normal 0.279707 -0.675462 -0.682287
    outer loop
      vertex -2.87165 10.3877 2
      vertex -2.95054 11.0116 1.35
      vertex -2.7922 10.4206 2
    endloop
  endfacet
  facet normal 0.279851 -0.675422 -0.682267
    outer loop
      vertex -2.95054 11.0116 1.35
      vertex -2.87165 10.3877 2
      vertex -3.28819 10.8717 1.35
    endloop
  endfacet
  facet normal 0.4451 0.580033 -0.682237
    outer loop
      vertex -3.28819 8.44682 1.35
      vertex -3.05053 9.02898 2
      vertex -2.98231 8.97663 2
    endloop
  endfacet
  facet normal 0.445087 0.58004 -0.682239
    outer loop
      vertex -3.05053 9.02898 2
      vertex -3.28819 8.44682 1.35
      vertex -3.57814 8.66931 1.35
    endloop
  endfacet
  facet normal -0.0960737 -0.724889 -0.682133
    outer loop
      vertex -2.58819 11.0593 1.35
      vertex -2.38418 10.4206 2
      vertex -2.46944 10.4319 2
    endloop
  endfacet
  facet normal -0.0954176 -0.724833 -0.682284
    outer loop
      vertex -2.38418 10.4206 2
      vertex -2.58819 11.0593 1.35
      vertex -2.22584 11.0116 1.35
    endloop
  endfacet
  facet normal -0.279851 -0.675422 -0.682267
    outer loop
      vertex -2.30473 10.3877 2
      vertex -2.22584 11.0116 1.35
      vertex -1.88819 10.8717 1.35
    endloop
  endfacet
  facet normal -0.279707 -0.675462 -0.682287
    outer loop
      vertex -2.22584 11.0116 1.35
      vertex -2.30473 10.3877 2
      vertex -2.38418 10.4206 2
    endloop
  endfacet
  facet normal 0.579998 -0.445133 -0.682246
    outer loop
      vertex -3.14556 10.2166 2
      vertex -3.21847 10.1216 2
      vertex -3.57814 10.6492 1.35
    endloop
  endfacet
  facet normal 0.675383 0.279993 -0.682247
    outer loop
      vertex -3.73459 9.0161 1.43869
      vertex -3.27082 9.26514 2
      vertex -3.72833 9.001 1.43869
    endloop
  endfacet
  facet normal 0.67547 0.279808 -0.682237
    outer loop
      vertex -3.27082 9.26514 2
      vertex -3.73459 9.0161 1.43869
      vertex -3.31666 9.3758 2
    endloop
  endfacet
  facet normal 0.445383 -0.579847 -0.682211
    outer loop
      vertex -3.05053 10.2895 2
      vertex -3.28819 10.8717 1.35
      vertex -2.98231 10.3419 2
    endloop
  endfacet
  facet normal 0.44509 -0.580018 -0.682256
    outer loop
      vertex -3.28819 10.8717 1.35
      vertex -3.05053 10.2895 2
      vertex -3.57814 10.6492 1.35
    endloop
  endfacet
  facet normal 0.0952252 -0.724871 -0.682271
    outer loop
      vertex -2.58819 11.0593 1.35
      vertex -2.58819 10.4475 2
      vertex -2.70694 10.4319 2
    endloop
  endfacet
  facet normal 0.724877 0.095488 -0.682228
    outer loop
      vertex -3.36079 9.54051 2
      vertex -3.98222 9.61394 1.35
      vertex -3.98819 9.65926 1.35
    endloop
  endfacet
  facet normal 0.724885 0.095393 -0.682233
    outer loop
      vertex -3.85986 9.31852 1.43869
      vertex -3.36079 9.54051 2
      vertex -3.34957 9.45525 2
    endloop
  endfacet
  facet normal 0.724878 0.0954181 -0.682237
    outer loop
      vertex -3.36079 9.54051 2
      vertex -3.85986 9.31852 1.43869
      vertex -3.98222 9.61394 1.35
    endloop
  endfacet
  facet normal 0.724875 0.0954088 -0.682241
    outer loop
      vertex -3.37642 9.65926 2
      vertex -3.36079 9.54051 2
      vertex -3.98819 9.65926 1.35
    endloop
  endfacet
  facet normal -0.0954234 0.724877 -0.682237
    outer loop
      vertex -2.58819 8.25926 1.35
      vertex -2.38418 8.89788 2
      vertex -2.22584 8.30696 1.35
    endloop
  endfacet
  facet normal -0.0953917 0.724875 -0.682244
    outer loop
      vertex -2.38418 8.89788 2
      vertex -2.58819 8.25926 1.35
      vertex -2.46944 8.88666 2
    endloop
  endfacet
  facet normal 0.279797 0.675474 -0.682238
    outer loop
      vertex -2.95054 8.30696 1.35
      vertex -2.87165 8.93079 2
      vertex -2.7922 8.89788 2
    endloop
  endfacet
  facet normal 0.279793 0.675476 -0.682238
    outer loop
      vertex -2.87165 8.93079 2
      vertex -2.95054 8.30696 1.35
      vertex -3.28819 8.44682 1.35
    endloop
  endfacet
  facet normal 0.0953917 0.724875 -0.682244
    outer loop
      vertex -2.58819 8.25926 1.35
      vertex -2.7922 8.89788 2
      vertex -2.70694 8.88666 2
    endloop
  endfacet
  facet normal 0.0954234 0.724877 -0.682237
    outer loop
      vertex -2.7922 8.89788 2
      vertex -2.58819 8.25926 1.35
      vertex -2.95054 8.30696 1.35
    endloop
  endfacet
  facet normal -0.580076 0.445053 -0.682231
    outer loop
      vertex -1.95791 9.19692 2
      vertex -1.59824 8.66931 1.35
      vertex -2.03082 9.10189 2
    endloop
  endfacet
  facet normal -0.58004 0.445087 -0.682239
    outer loop
      vertex -1.95791 9.19692 2
      vertex -1.37575 8.95926 1.35
      vertex -1.59824 8.66931 1.35
    endloop
  endfacet
  facet normal -0.580033 0.4451 -0.682237
    outer loop
      vertex -1.37575 8.95926 1.35
      vertex -1.95791 9.19692 2
      vertex -1.90556 9.26514 2
    endloop
  endfacet
  facet normal 0.279606 -0.675571 -0.68222
    outer loop
      vertex -2.87165 10.3877 2
      vertex -2.98231 10.3419 2
      vertex -3.28819 10.8717 1.35
    endloop
  endfacet
  facet normal 0.580076 0.445053 -0.682231
    outer loop
      vertex -3.21847 9.19692 2
      vertex -3.14556 9.10189 2
      vertex -3.57814 8.66931 1.35
    endloop
  endfacet
  facet normal 0.579969 -0.445182 -0.682238
    outer loop
      vertex -3.80063 10.3593 1.35
      vertex -3.21847 10.1216 2
      vertex -3.27082 10.0534 2
    endloop
  endfacet
  facet normal 0.579998 -0.445132 -0.682246
    outer loop
      vertex -3.21847 10.1216 2
      vertex -3.80063 10.3593 1.35
      vertex -3.57814 10.6492 1.35
    endloop
  endfacet
  facet normal -0.445053 0.580076 -0.682231
    outer loop
      vertex -2.03082 9.10189 2
      vertex -1.59824 8.66931 1.35
      vertex -2.12585 9.02898 2
    endloop
  endfacet
  facet normal -0.279807 0.675467 -0.682241
    outer loop
      vertex -2.19407 8.97663 2
      vertex -1.88819 8.44682 1.35
      vertex -2.30473 8.93079 2
    endloop
  endfacet
  facet normal -0.724877 0.095392 -0.682242
    outer loop
      vertex -1.26964 9.64384 1.43438
      vertex -1.82681 9.45525 2
      vertex -1.81559 9.54051 2
    endloop
  endfacet
  facet normal -0.72488 0.0954274 -0.682233
    outer loop
      vertex -1.26964 9.64384 1.43438
      vertex -1.22993 9.34223 1.35
      vertex -1.82681 9.45525 2
    endloop
  endfacet
  facet normal -0.724896 0.0953305 -0.682231
    outer loop
      vertex -1.82681 9.45525 2
      vertex -1.22993 9.34223 1.35
      vertex -1.23589 9.29691 1.35
    endloop
  endfacet
  facet normal -0.724884 0.0957179 -0.682189
    outer loop
      vertex -1.81559 9.54051 2
      vertex -1.27166 9.65926 1.43869
      vertex -1.26964 9.64384 1.43438
    endloop
  endfacet
  facet normal -0.724875 0.0954698 -0.682233
    outer loop
      vertex -1.27166 9.65926 1.43869
      vertex -1.81559 9.54051 2
      vertex -1.79995 9.65926 2
    endloop
  endfacet
  facet normal -0.579969 -0.445182 -0.682238
    outer loop
      vertex -1.95791 10.1216 2
      vertex -1.37575 10.3593 1.35
      vertex -1.90556 10.0534 2
    endloop
  endfacet
  facet normal -0.579998 -0.445132 -0.682246
    outer loop
      vertex -1.37575 10.3593 1.35
      vertex -1.95791 10.1216 2
      vertex -1.59824 10.6492 1.35
    endloop
  endfacet
  facet normal 0.579982 0.445143 -0.682253
    outer loop
      vertex -3.60597 8.70557 1.35
      vertex -3.21847 9.19692 2
      vertex -3.57814 8.66931 1.35
    endloop
  endfacet
  facet normal 0.580053 0.44507 -0.68224
    outer loop
      vertex -3.72238 8.98663 1.43438
      vertex -3.21847 9.19692 2
      vertex -3.60597 8.70557 1.35
    endloop
  endfacet
  facet normal 0.580035 0.445101 -0.682235
    outer loop
      vertex -3.21847 9.19692 2
      vertex -3.72238 8.98663 1.43438
      vertex -3.27082 9.26514 2
    endloop
  endfacet
  facet normal 0.5802 0.444863 -0.68225
    outer loop
      vertex -3.72833 9.001 1.43869
      vertex -3.27082 9.26514 2
      vertex -3.72238 8.98663 1.43438
    endloop
  endfacet
  facet normal 0.445053 0.580076 -0.682231
    outer loop
      vertex -3.14556 9.10189 2
      vertex -3.05053 9.02898 2
      vertex -3.57814 8.66931 1.35
    endloop
  endfacet
  facet normal 0.724875 -0.0954088 -0.682241
    outer loop
      vertex -3.36079 9.77801 2
      vertex -3.37642 9.65926 2
      vertex -3.98819 9.65926 1.35
    endloop
  endfacet
  facet normal -0.724879 -0.0954102 -0.682237
    outer loop
      vertex -3.60597 8.70557 1.35
      vertex -4.22299 8.74551 2
      vertex -3.72238 8.98663 1.43438
    endloop
  endfacet
  facet normal -0.724875 -0.0954877 -0.68223
    outer loop
      vertex -4.21176 8.66025 2
      vertex -3.60597 8.70557 1.35
      vertex -3.6 8.66025 1.35
    endloop
  endfacet
  facet normal -0.724876 -0.0954769 -0.682231
    outer loop
      vertex -3.60597 8.70557 1.35
      vertex -4.21176 8.66025 2
      vertex -4.22299 8.74551 2
    endloop
  endfacet
  facet normal 0.279807 -0.675498 -0.68221
    outer loop
      vertex -5.28346 9.38872 2
      vertex -5.36235 10.0125 1.35
      vertex -5.20401 9.42163 2
    endloop
  endfacet
  facet normal 0.279713 -0.675524 -0.682223
    outer loop
      vertex -5.36235 10.0125 1.35
      vertex -5.28346 9.38872 2
      vertex -5.7 9.87269 1.35
    endloop
  endfacet
  facet normal -0.279713 -0.675524 -0.682223
    outer loop
      vertex -4.71654 9.38872 2
      vertex -4.63765 10.0125 1.35
      vertex -4.3 9.87269 1.35
    endloop
  endfacet
  facet normal -0.279807 -0.675498 -0.68221
    outer loop
      vertex -4.63765 10.0125 1.35
      vertex -4.71654 9.38872 2
      vertex -4.79599 9.42163 2
    endloop
  endfacet
  facet normal 0.445062 -0.580068 -0.682232
    outer loop
      vertex -5.98995 9.6502 1.35
      vertex -5.48914 9.26997 2
      vertex -5.55737 9.21762 2
    endloop
  endfacet
  facet normal 0.445089 -0.580042 -0.682237
    outer loop
      vertex -5.48914 9.26997 2
      vertex -5.98995 9.6502 1.35
      vertex -5.7 9.87269 1.35
    endloop
  endfacet
  facet normal -0.279793 0.675476 -0.682238
    outer loop
      vertex -4.63765 7.30796 1.35
      vertex -4.71654 7.93179 2
      vertex -4.3 7.44782 1.35
    endloop
  endfacet
  facet normal -0.279797 0.675474 -0.682238
    outer loop
      vertex -4.71654 7.93179 2
      vertex -4.63765 7.30796 1.35
      vertex -4.79599 7.89888 2
    endloop
  endfacet
  facet normal 0.580101 0.445027 -0.682227
    outer loop
      vertex -5.94087 7.7423 1.43869
      vertex -5.55737 8.10289 2
      vertex -5.93092 7.72933 1.43869
    endloop
  endfacet
  facet normal 0.580054 0.445082 -0.682231
    outer loop
      vertex -5.55737 8.10289 2
      vertex -5.94087 7.7423 1.43869
      vertex -5.63028 8.19791 2
    endloop
  endfacet
  facet normal -0.0954432 0.724876 -0.682235
    outer loop
      vertex -5 7.26025 1.35
      vertex -4.91474 7.88324 2
      vertex -4.63765 7.30796 1.35
    endloop
  endfacet
  facet normal -0.0953919 0.724876 -0.682242
    outer loop
      vertex -4.91474 7.88324 2
      vertex -5 7.26025 1.35
      vertex -5 7.87202 2
    endloop
  endfacet
  facet normal -0.724875 0.095488 -0.68223
    outer loop
      vertex -3.6 8.66025 1.35
      vertex -4.22299 8.575 2
      vertex -4.21176 8.66025 2
    endloop
  endfacet
  facet normal -0.724875 0.0954257 -0.682239
    outer loop
      vertex -4.22299 8.575 2
      vertex -3.6 8.66025 1.35
      vertex -3.6477 8.29791 1.35
    endloop
  endfacet
  facet normal 0.0954131 -0.724908 -0.682206
    outer loop
      vertex -5.08526 9.43726 2
      vertex -5.20401 9.42163 2
      vertex -5.36235 10.0125 1.35
    endloop
  endfacet
  facet normal -0.445121 -0.580024 -0.682231
    outer loop
      vertex -4.3 9.87269 1.35
      vertex -4.51086 9.26997 2
      vertex -4.60588 9.34289 2
    endloop
  endfacet
  facet normal 0.724876 -0.0953919 -0.682242
    outer loop
      vertex -6.4 8.66025 1.35
      vertex -5.77701 8.74551 2
      vertex -5.78823 8.66025 2
    endloop
  endfacet
  facet normal 0.724876 -0.0954232 -0.682238
    outer loop
      vertex -5.77701 8.74551 2
      vertex -6.4 8.66025 1.35
      vertex -6.3523 9.0226 1.35
    endloop
  endfacet
  facet normal -0.445062 -0.580068 -0.682232
    outer loop
      vertex -4.51086 9.26997 2
      vertex -4.01005 9.6502 1.35
      vertex -4.44263 9.21762 2
    endloop
  endfacet
  facet normal -0.445089 -0.580042 -0.682237
    outer loop
      vertex -4.01005 9.6502 1.35
      vertex -4.51086 9.26997 2
      vertex -4.3 9.87269 1.35
    endloop
  endfacet
  facet normal -0.580049 0.445079 -0.682237
    outer loop
      vertex -4.36972 8.19791 2
      vertex -4.01005 7.6703 1.35
      vertex -4.44263 8.10289 2
    endloop
  endfacet
  facet normal 0.0956195 -0.724848 -0.682241
    outer loop
      vertex -5 10.0603 1.35
      vertex -5.08526 9.43726 2
      vertex -5.36235 10.0125 1.35
    endloop
  endfacet
  facet normal 0.0954732 -0.724848 -0.682261
    outer loop
      vertex -5.08526 9.43726 2
      vertex -5 10.0603 1.35
      vertex -5 9.44849 2
    endloop
  endfacet
  facet normal 0.580036 -0.445103 -0.682233
    outer loop
      vertex -6.21243 9.36025 1.35
      vertex -5.63028 9.12259 2
      vertex -5.68263 9.05437 2
    endloop
  endfacet
  facet normal 0.580052 -0.445076 -0.682237
    outer loop
      vertex -5.63028 9.12259 2
      vertex -6.21243 9.36025 1.35
      vertex -5.98995 9.6502 1.35
    endloop
  endfacet
  facet normal -0.580076 -0.445053 -0.682231
    outer loop
      vertex -4.01005 9.6502 1.35
      vertex -4.36972 9.12259 2
      vertex -4.44263 9.21762 2
    endloop
  endfacet
  facet normal 0.724876 0.095403 -0.682242
    outer loop
      vertex -5.77701 8.575 2
      vertex -6.4 8.66025 1.35
      vertex -5.78823 8.66025 2
    endloop
  endfacet
  facet normal 0.724875 0.0954257 -0.682239
    outer loop
      vertex -6.4 8.66025 1.35
      vertex -5.77701 8.575 2
      vertex -6.3523 8.29791 1.35
    endloop
  endfacet
  facet normal 0.445047 0.580065 -0.682245
    outer loop
      vertex -5.73626 7.47564 1.35
      vertex -5.48914 8.05054 2
      vertex -5.7 7.44782 1.35
    endloop
  endfacet
  facet normal 0.445093 0.580037 -0.682238
    outer loop
      vertex -5.93092 7.72933 1.43869
      vertex -5.48914 8.05054 2
      vertex -5.73626 7.47564 1.35
    endloop
  endfacet
  facet normal 0.445062 0.580069 -0.682232
    outer loop
      vertex -5.48914 8.05054 2
      vertex -5.93092 7.72933 1.43869
      vertex -5.55737 8.10289 2
    endloop
  endfacet
  facet normal 0.675477 -0.279798 -0.682234
    outer loop
      vertex -5.71554 8.97492 2
      vertex -6.21243 9.36025 1.35
      vertex -5.68263 9.05437 2
    endloop
  endfacet
  facet normal 0.67547 -0.27981 -0.682236
    outer loop
      vertex -6.21243 9.36025 1.35
      vertex -5.71554 8.97492 2
      vertex -6.3523 9.0226 1.35
    endloop
  endfacet
  facet normal 0.675473 0.279809 -0.682234
    outer loop
      vertex -5.76138 8.45624 2
      vertex -5.71554 8.34558 2
      vertex -6.3523 8.29791 1.35
    endloop
  endfacet
  facet normal 0.580076 -0.445053 -0.682231
    outer loop
      vertex -5.55737 9.21762 2
      vertex -5.63028 9.12259 2
      vertex -5.98995 9.6502 1.35
    endloop
  endfacet
  facet normal 0.675471 -0.279808 -0.682237
    outer loop
      vertex -5.71554 8.97492 2
      vertex -5.76138 8.86426 2
      vertex -6.3523 9.0226 1.35
    endloop
  endfacet
  facet normal 0.72488 -0.0954095 -0.682236
    outer loop
      vertex -5.76138 8.86426 2
      vertex -5.77701 8.74551 2
      vertex -6.3523 9.0226 1.35
    endloop
  endfacet
  facet normal -0.445121 0.580024 -0.682231
    outer loop
      vertex -4.51086 8.05054 2
      vertex -4.3 7.44782 1.35
      vertex -4.60588 7.97762 2
    endloop
  endfacet
  facet normal 0.445121 -0.580024 -0.682231
    outer loop
      vertex -5.39412 9.34289 2
      vertex -5.48914 9.26997 2
      vertex -5.7 9.87269 1.35
    endloop
  endfacet
  facet normal 0.0953919 0.724876 -0.682242
    outer loop
      vertex -5 7.26025 1.35
      vertex -5.08526 7.88324 2
      vertex -5 7.87202 2
    endloop
  endfacet
  facet normal 0.0954432 0.724876 -0.682235
    outer loop
      vertex -5.08526 7.88324 2
      vertex -5 7.26025 1.35
      vertex -5.36235 7.30796 1.35
    endloop
  endfacet
  facet normal 0.279758 -0.675497 -0.682231
    outer loop
      vertex -5.28346 9.38872 2
      vertex -5.39412 9.34289 2
      vertex -5.7 9.87269 1.35
    endloop
  endfacet
  facet normal -0.0954131 -0.724908 -0.682206
    outer loop
      vertex -4.63765 10.0125 1.35
      vertex -4.79599 9.42163 2
      vertex -4.91474 9.43726 2
    endloop
  endfacet
  facet normal -0.0954732 -0.724848 -0.682261
    outer loop
      vertex -5 10.0603 1.35
      vertex -4.91474 9.43726 2
      vertex -5 9.44849 2
    endloop
  endfacet
  facet normal -0.0956195 -0.724848 -0.682241
    outer loop
      vertex -4.91474 9.43726 2
      vertex -5 10.0603 1.35
      vertex -4.63765 10.0125 1.35
    endloop
  endfacet
  facet normal -0.445075 0.580049 -0.68224
    outer loop
      vertex -4.51086 8.05054 2
      vertex -4.01005 7.6703 1.35
      vertex -4.3 7.44782 1.35
    endloop
  endfacet
  facet normal -0.445059 0.580065 -0.682237
    outer loop
      vertex -4.01005 7.6703 1.35
      vertex -4.51086 8.05054 2
      vertex -4.44263 8.10289 2
    endloop
  endfacet
  facet normal -0.675478 0.279786 -0.682238
    outer loop
      vertex -3.78756 7.96025 1.35
      vertex -4.28446 8.34558 2
      vertex -3.6477 8.29791 1.35
    endloop
  endfacet
  facet normal -0.675456 0.279824 -0.682244
    outer loop
      vertex -4.28446 8.34558 2
      vertex -3.78756 7.96025 1.35
      vertex -4.31737 8.26614 2
    endloop
  endfacet
  facet normal -0.58004 0.445087 -0.682239
    outer loop
      vertex -4.36972 8.19791 2
      vertex -3.78756 7.96025 1.35
      vertex -4.01005 7.6703 1.35
    endloop
  endfacet
  facet normal -0.580059 0.445055 -0.682245
    outer loop
      vertex -3.78756 7.96025 1.35
      vertex -4.36972 8.19791 2
      vertex -4.31737 8.26614 2
    endloop
  endfacet
  facet normal 0.724882 0.0954018 -0.682235
    outer loop
      vertex -5.77701 8.575 2
      vertex -5.76138 8.45624 2
      vertex -6.3523 8.29791 1.35
    endloop
  endfacet
  facet normal -0.675475 -0.279799 -0.682236
    outer loop
      vertex -4.28446 8.97492 2
      vertex -3.85986 9.31852 1.43869
      vertex -3.73459 9.0161 1.43869
    endloop
  endfacet
  facet normal -0.675476 -0.279798 -0.682236
    outer loop
      vertex -3.85986 9.31852 1.43869
      vertex -4.28446 8.97492 2
      vertex -4.31737 9.05437 2
    endloop
  endfacet
  facet normal -0.580052 -0.445071 -0.68224
    outer loop
      vertex -4.36972 9.12259 2
      vertex -3.98222 9.61394 1.35
      vertex -3.85986 9.31852 1.43869
    endloop
  endfacet
  facet normal -0.580035 -0.445101 -0.682235
    outer loop
      vertex -4.36972 9.12259 2
      vertex -3.85986 9.31852 1.43869
      vertex -4.31737 9.05437 2
    endloop
  endfacet
  facet normal -0.579982 -0.445143 -0.682253
    outer loop
      vertex -3.98222 9.61394 1.35
      vertex -4.36972 9.12259 2
      vertex -4.01005 9.6502 1.35
    endloop
  endfacet
  facet normal 0.445121 0.580024 -0.682231
    outer loop
      vertex -5.48914 8.05054 2
      vertex -5.39412 7.97762 2
      vertex -5.7 7.44782 1.35
    endloop
  endfacet
  facet normal 0.279758 0.675497 -0.682231
    outer loop
      vertex -5.39412 7.97762 2
      vertex -5.28346 7.93179 2
      vertex -5.7 7.44782 1.35
    endloop
  endfacet
  facet normal -0.724861 -0.0955088 -0.682242
    outer loop
      vertex -3.72238 8.98663 1.43438
      vertex -4.23862 8.86426 2
      vertex -3.72833 9.001 1.43869
    endloop
  endfacet
  facet normal -0.724879 -0.0954094 -0.682237
    outer loop
      vertex -4.23862 8.86426 2
      vertex -3.72238 8.98663 1.43438
      vertex -4.22299 8.74551 2
    endloop
  endfacet
  facet normal 0.279797 0.675474 -0.682238
    outer loop
      vertex -5.36235 7.30796 1.35
      vertex -5.28346 7.93179 2
      vertex -5.20401 7.89888 2
    endloop
  endfacet
  facet normal 0.279793 0.675476 -0.682238
    outer loop
      vertex -5.28346 7.93179 2
      vertex -5.36235 7.30796 1.35
      vertex -5.7 7.44782 1.35
    endloop
  endfacet
  facet normal -0.675473 0.279809 -0.682234
    outer loop
      vertex -4.23862 8.45624 2
      vertex -3.6477 8.29791 1.35
      vertex -4.28446 8.34558 2
    endloop
  endfacet
  facet normal -0.724882 0.0954018 -0.682235
    outer loop
      vertex -4.22299 8.575 2
      vertex -3.6477 8.29791 1.35
      vertex -4.23862 8.45624 2
    endloop
  endfacet
  facet normal -0.095469 0.724869 -0.68224
    outer loop
      vertex -4.79599 7.89888 2
      vertex -4.63765 7.30796 1.35
      vertex -4.91474 7.88324 2
    endloop
  endfacet
  facet normal 0.095469 0.724869 -0.68224
    outer loop
      vertex -5.20401 7.89888 2
      vertex -5.08526 7.88324 2
      vertex -5.36235 7.30796 1.35
    endloop
  endfacet
  facet normal -0.279758 -0.675497 -0.682231
    outer loop
      vertex -4.3 9.87269 1.35
      vertex -4.60588 9.34289 2
      vertex -4.71654 9.38872 2
    endloop
  endfacet
  facet normal 0.580045 0.445091 -0.682233
    outer loop
      vertex -6.14014 8.00199 1.43869
      vertex -5.63028 8.19791 2
      vertex -5.94087 7.7423 1.43869
    endloop
  endfacet
  facet normal 0.580064 0.445058 -0.682238
    outer loop
      vertex -5.63028 8.19791 2
      vertex -6.14014 8.00199 1.43869
      vertex -5.68263 8.26614 2
    endloop
  endfacet
  facet normal -0.675403 -0.280002 -0.682224
    outer loop
      vertex -4.23862 8.86426 2
      vertex -3.73459 9.0161 1.43869
      vertex -3.72833 9.001 1.43869
    endloop
  endfacet
  facet normal -0.675473 -0.279809 -0.682234
    outer loop
      vertex -3.73459 9.0161 1.43869
      vertex -4.23862 8.86426 2
      vertex -4.28446 8.97492 2
    endloop
  endfacet
  facet normal 0.675462 0.279827 -0.682238
    outer loop
      vertex -6.14014 8.00199 1.43869
      vertex -5.71554 8.34558 2
      vertex -5.68263 8.26614 2
    endloop
  endfacet
  facet normal 0.675479 0.279797 -0.682233
    outer loop
      vertex -6.3348 8.25568 1.35
      vertex -5.71554 8.34558 2
      vertex -6.14014 8.00199 1.43869
    endloop
  endfacet
  facet normal 0.675449 0.279904 -0.682218
    outer loop
      vertex -5.71554 8.34558 2
      vertex -6.3348 8.25568 1.35
      vertex -6.3523 8.29791 1.35
    endloop
  endfacet
  facet normal -0.279758 0.675497 -0.682231
    outer loop
      vertex -4.60588 7.97762 2
      vertex -4.3 7.44782 1.35
      vertex -4.71654 7.93179 2
    endloop
  endfacet
  facet normal -0.724876 -0.0954258 -0.682238
    outer loop
      vertex -5.67107 7.07107 1.35
      vertex -6.29406 7.15633 2
      vertex -5.71877 7.43341 1.35
    endloop
  endfacet
  facet normal -0.724876 -0.0954769 -0.682231
    outer loop
      vertex -6.29406 7.15633 2
      vertex -5.67107 7.07107 1.35
      vertex -6.28283 7.07107 2
    endloop
  endfacet
  facet normal 0.0954691 -0.724869 -0.682239
    outer loop
      vertex -7.15633 7.84808 2
      vertex -7.27508 7.83244 2
      vertex -7.43341 8.42336 1.35
    endloop
  endfacet
  facet normal -0.580044 0.445091 -0.682234
    outer loop
      vertex -6.08112 6.08112 1.35
      vertex -6.46135 6.58192 2
      vertex -5.85863 6.37107 1.35
    endloop
  endfacet
  facet normal -0.580034 0.445101 -0.682235
    outer loop
      vertex -6.46135 6.58192 2
      vertex -6.08112 6.08112 1.35
      vertex -6.5137 6.5137 2
    endloop
  endfacet
  facet normal -0.445091 0.580044 -0.682234
    outer loop
      vertex -6.58192 6.46135 2
      vertex -6.08112 6.08112 1.35
      vertex -6.37107 5.85863 1.35
    endloop
  endfacet
  facet normal -0.445101 0.580034 -0.682235
    outer loop
      vertex -6.08112 6.08112 1.35
      vertex -6.58192 6.46135 2
      vertex -6.5137 6.5137 2
    endloop
  endfacet
  facet normal 0.0954458 -0.724876 -0.682235
    outer loop
      vertex -7.07107 8.47107 1.35
      vertex -7.15633 7.84808 2
      vertex -7.43341 8.42336 1.35
    endloop
  endfacet
  facet normal 0.0953919 -0.724876 -0.682242
    outer loop
      vertex -7.15633 7.84808 2
      vertex -7.07107 8.47107 1.35
      vertex -7.07107 7.8593 2
    endloop
  endfacet
  facet normal -0.279755 -0.675489 -0.68224
    outer loop
      vertex -6.70872 8.42336 1.35
      vertex -6.7564 7.78661 2
      vertex -6.86706 7.83244 2
    endloop
  endfacet
  facet normal 0.724876 -0.0953919 -0.682242
    outer loop
      vertex -8.47107 7.07107 1.35
      vertex -7.84808 7.15633 2
      vertex -7.8593 7.07107 2
    endloop
  endfacet
  facet normal 0.724876 -0.0954458 -0.682235
    outer loop
      vertex -7.84808 7.15633 2
      vertex -8.47107 7.07107 1.35
      vertex -8.42336 7.43341 1.35
    endloop
  endfacet
  facet normal -0.279792 0.675474 -0.682239
    outer loop
      vertex -6.7564 6.35553 2
      vertex -6.37107 5.85863 1.35
      vertex -6.70872 5.71877 1.35
    endloop
  endfacet
  facet normal -0.279796 0.675472 -0.68224
    outer loop
      vertex -6.37107 5.85863 1.35
      vertex -6.7564 6.35553 2
      vertex -6.67695 6.38844 2
    endloop
  endfacet
  facet normal 0.724869 0.095469 -0.68224
    outer loop
      vertex -7.84808 6.98581 2
      vertex -7.83244 6.86706 2
      vertex -8.42336 6.70872 1.35
    endloop
  endfacet
  facet normal -0.724876 0.0954769 -0.682231
    outer loop
      vertex -5.67107 7.07107 1.35
      vertex -6.29406 6.98581 2
      vertex -6.28283 7.07107 2
    endloop
  endfacet
  facet normal -0.724876 0.0954232 -0.682238
    outer loop
      vertex -6.29406 6.98581 2
      vertex -5.67107 7.07107 1.35
      vertex -5.71877 6.70872 1.35
    endloop
  endfacet
  facet normal 0.580028 -0.445096 -0.682244
    outer loop
      vertex -7.68078 7.56021 2
      vertex -8.06102 8.06102 1.35
      vertex -7.62843 7.62843 2
    endloop
  endfacet
  facet normal 0.580049 -0.445075 -0.68224
    outer loop
      vertex -8.06102 8.06102 1.35
      vertex -7.68078 7.56021 2
      vertex -8.2835 7.77107 1.35
    endloop
  endfacet
  facet normal 0.724876 0.0953919 -0.682242
    outer loop
      vertex -7.84808 6.98581 2
      vertex -8.47107 7.07107 1.35
      vertex -7.8593 7.07107 2
    endloop
  endfacet
  facet normal 0.724876 0.0954432 -0.682235
    outer loop
      vertex -8.47107 7.07107 1.35
      vertex -7.84808 6.98581 2
      vertex -8.42336 6.70872 1.35
    endloop
  endfacet
  facet normal -0.445093 -0.580037 -0.682238
    outer loop
      vertex -6.58192 7.68078 2
      vertex -6.3348 8.25568 1.35
      vertex -6.14014 8.00199 1.43869
    endloop
  endfacet
  facet normal -0.445099 -0.580031 -0.682239
    outer loop
      vertex -6.58192 7.68078 2
      vertex -6.14014 8.00199 1.43869
      vertex -6.5137 7.62843 2
    endloop
  endfacet
  facet normal -0.444963 -0.580115 -0.682257
    outer loop
      vertex -6.3348 8.25568 1.35
      vertex -6.58192 7.68078 2
      vertex -6.37107 8.2835 1.35
    endloop
  endfacet
  facet normal -0.44509 -0.580045 -0.682234
    outer loop
      vertex -6.37107 8.2835 1.35
      vertex -6.58192 7.68078 2
      vertex -6.67695 7.7537 2
    endloop
  endfacet
  facet normal 0.675461 -0.279826 -0.682239
    outer loop
      vertex -7.78661 7.38574 2
      vertex -8.2835 7.77107 1.35
      vertex -7.7537 7.46518 2
    endloop
  endfacet
  facet normal 0.675483 -0.279788 -0.682233
    outer loop
      vertex -8.2835 7.77107 1.35
      vertex -7.78661 7.38574 2
      vertex -8.42336 7.43341 1.35
    endloop
  endfacet
  facet normal -0.580069 0.445047 -0.682242
    outer loop
      vertex -6.38844 6.67695 2
      vertex -5.85863 6.37107 1.35
      vertex -6.46135 6.58192 2
    endloop
  endfacet
  facet normal 0.445096 -0.580028 -0.682244
    outer loop
      vertex -8.06102 8.06102 1.35
      vertex -7.56021 7.68078 2
      vertex -7.62843 7.62843 2
    endloop
  endfacet
  facet normal 0.445075 -0.580049 -0.68224
    outer loop
      vertex -7.56021 7.68078 2
      vertex -8.06102 8.06102 1.35
      vertex -7.77107 8.2835 1.35
    endloop
  endfacet
  facet normal 0.580031 0.445099 -0.682239
    outer loop
      vertex -8.00199 6.14014 1.43869
      vertex -7.68078 6.58192 2
      vertex -7.62843 6.5137 2
    endloop
  endfacet
  facet normal 0.580037 0.445093 -0.682238
    outer loop
      vertex -8.25568 6.3348 1.35
      vertex -7.68078 6.58192 2
      vertex -8.00199 6.14014 1.43869
    endloop
  endfacet
  facet normal 0.580115 0.444963 -0.682257
    outer loop
      vertex -7.68078 6.58192 2
      vertex -8.25568 6.3348 1.35
      vertex -8.2835 6.37107 1.35
    endloop
  endfacet
  facet normal 0.580042 -0.445088 -0.682237
    outer loop
      vertex -7.68078 7.56021 2
      vertex -7.7537 7.46518 2
      vertex -8.2835 7.77107 1.35
    endloop
  endfacet
  facet normal 0.279759 0.675485 -0.682243
    outer loop
      vertex -7.47564 5.73626 1.35
      vertex -7.38574 6.35553 2
      vertex -7.43341 5.71877 1.35
    endloop
  endfacet
  facet normal 0.279792 0.675476 -0.682239
    outer loop
      vertex -7.72933 5.93092 1.43869
      vertex -7.38574 6.35553 2
      vertex -7.47564 5.73626 1.35
    endloop
  endfacet
  facet normal 0.279825 0.675456 -0.682244
    outer loop
      vertex -7.38574 6.35553 2
      vertex -7.72933 5.93092 1.43869
      vertex -7.46518 6.38844 2
    endloop
  endfacet
  facet normal -0.279798 -0.675477 -0.682234
    outer loop
      vertex -6.7564 7.78661 2
      vertex -6.37107 8.2835 1.35
      vertex -6.67695 7.7537 2
    endloop
  endfacet
  facet normal -0.279794 -0.675479 -0.682234
    outer loop
      vertex -6.37107 8.2835 1.35
      vertex -6.7564 7.78661 2
      vertex -6.70872 8.42336 1.35
    endloop
  endfacet
  facet normal 0.445016 0.580086 -0.682247
    outer loop
      vertex -7.7423 5.94087 1.43869
      vertex -7.46518 6.38844 2
      vertex -7.72933 5.93092 1.43869
    endloop
  endfacet
  facet normal 0.445045 0.580066 -0.682245
    outer loop
      vertex -7.46518 6.38844 2
      vertex -7.7423 5.94087 1.43869
      vertex -7.56021 6.46135 2
    endloop
  endfacet
  facet normal -0.675485 -0.279759 -0.682243
    outer loop
      vertex -6.35553 7.38574 2
      vertex -5.73626 7.47564 1.35
      vertex -5.71877 7.43341 1.35
    endloop
  endfacet
  facet normal -0.675476 -0.279792 -0.682239
    outer loop
      vertex -5.73626 7.47564 1.35
      vertex -6.35553 7.38574 2
      vertex -5.93092 7.72933 1.43869
    endloop
  endfacet
  facet normal -0.675456 -0.279825 -0.682244
    outer loop
      vertex -5.93092 7.72933 1.43869
      vertex -6.35553 7.38574 2
      vertex -6.38844 7.46518 2
    endloop
  endfacet
  facet normal -0.445047 0.580069 -0.682242
    outer loop
      vertex -6.58192 6.46135 2
      vertex -6.37107 5.85863 1.35
      vertex -6.67695 6.38844 2
    endloop
  endfacet
  facet normal -0.0953919 -0.724876 -0.682242
    outer loop
      vertex -7.07107 8.47107 1.35
      vertex -6.98581 7.84808 2
      vertex -7.07107 7.8593 2
    endloop
  endfacet
  facet normal -0.0954432 -0.724876 -0.682235
    outer loop
      vertex -6.98581 7.84808 2
      vertex -7.07107 8.47107 1.35
      vertex -6.70872 8.42336 1.35
    endloop
  endfacet
  facet normal -0.675474 0.279792 -0.682239
    outer loop
      vertex -5.85863 6.37107 1.35
      vertex -6.35553 6.7564 2
      vertex -5.71877 6.70872 1.35
    endloop
  endfacet
  facet normal -0.675472 0.279796 -0.68224
    outer loop
      vertex -6.35553 6.7564 2
      vertex -5.85863 6.37107 1.35
      vertex -6.38844 6.67695 2
    endloop
  endfacet
  facet normal 0.445088 -0.580042 -0.682237
    outer loop
      vertex -7.46518 7.7537 2
      vertex -7.56021 7.68078 2
      vertex -7.77107 8.2835 1.35
    endloop
  endfacet
  facet normal -0.279808 0.675471 -0.682237
    outer loop
      vertex -6.7564 6.35553 2
      vertex -6.70872 5.71877 1.35
      vertex -6.86706 6.30969 2
    endloop
  endfacet
  facet normal 0.0954769 0.724876 -0.682231
    outer loop
      vertex -7.07107 5.67107 1.35
      vertex -7.15633 6.29406 2
      vertex -7.07107 6.28283 2
    endloop
  endfacet
  facet normal 0.0954258 0.724876 -0.682238
    outer loop
      vertex -7.15633 6.29406 2
      vertex -7.07107 5.67107 1.35
      vertex -7.43341 5.71877 1.35
    endloop
  endfacet
  facet normal -0.580042 -0.445088 -0.682237
    outer loop
      vertex -6.46135 7.56021 2
      vertex -6.14014 8.00199 1.43869
      vertex -5.94087 7.7423 1.43869
    endloop
  endfacet
  facet normal -0.580031 -0.445099 -0.682239
    outer loop
      vertex -6.14014 8.00199 1.43869
      vertex -6.46135 7.56021 2
      vertex -6.5137 7.62843 2
    endloop
  endfacet
  facet normal -0.580086 -0.445016 -0.682247
    outer loop
      vertex -6.38844 7.46518 2
      vertex -5.94087 7.7423 1.43869
      vertex -5.93092 7.72933 1.43869
    endloop
  endfacet
  facet normal -0.580066 -0.445045 -0.682245
    outer loop
      vertex -5.94087 7.7423 1.43869
      vertex -6.38844 7.46518 2
      vertex -6.46135 7.56021 2
    endloop
  endfacet
  facet normal 0.580045 0.44509 -0.682234
    outer loop
      vertex -7.7537 6.67695 2
      vertex -7.68078 6.58192 2
      vertex -8.2835 6.37107 1.35
    endloop
  endfacet
  facet normal -0.724881 -0.0954096 -0.682235
    outer loop
      vertex -5.71877 7.43341 1.35
      vertex -6.29406 7.15633 2
      vertex -6.30969 7.27508 2
    endloop
  endfacet
  facet normal 0.675491 -0.279756 -0.682238
    outer loop
      vertex -7.78661 7.38574 2
      vertex -7.83244 7.27508 2
      vertex -8.42336 7.43341 1.35
    endloop
  endfacet
  facet normal 0.724869 -0.0954691 -0.682239
    outer loop
      vertex -7.83244 7.27508 2
      vertex -7.84808 7.15633 2
      vertex -8.42336 7.43341 1.35
    endloop
  endfacet
  facet normal -0.0954095 0.72488 -0.682236
    outer loop
      vertex -6.86706 6.30969 2
      vertex -6.70872 5.71877 1.35
      vertex -6.98581 6.29406 2
    endloop
  endfacet
  facet normal 0.279809 0.675473 -0.682234
    outer loop
      vertex -7.38574 6.35553 2
      vertex -7.27508 6.30969 2
      vertex -7.43341 5.71877 1.35
    endloop
  endfacet
  facet normal -0.0954232 0.724876 -0.682238
    outer loop
      vertex -7.07107 5.67107 1.35
      vertex -6.98581 6.29406 2
      vertex -6.70872 5.71877 1.35
    endloop
  endfacet
  facet normal -0.0954769 0.724876 -0.682231
    outer loop
      vertex -6.98581 6.29406 2
      vertex -7.07107 5.67107 1.35
      vertex -7.07107 6.28283 2
    endloop
  endfacet
  facet normal 0.445088 0.580042 -0.682237
    outer loop
      vertex -8.00199 6.14014 1.43869
      vertex -7.56021 6.46135 2
      vertex -7.7423 5.94087 1.43869
    endloop
  endfacet
  facet normal 0.445099 0.580031 -0.682239
    outer loop
      vertex -7.56021 6.46135 2
      vertex -8.00199 6.14014 1.43869
      vertex -7.62843 6.5137 2
    endloop
  endfacet
  facet normal 0.279826 -0.675461 -0.682239
    outer loop
      vertex -7.77107 8.2835 1.35
      vertex -7.38574 7.78661 2
      vertex -7.46518 7.7537 2
    endloop
  endfacet
  facet normal 0.279788 -0.675483 -0.682233
    outer loop
      vertex -7.38574 7.78661 2
      vertex -7.77107 8.2835 1.35
      vertex -7.43341 8.42336 1.35
    endloop
  endfacet
  facet normal 0.279756 -0.675491 -0.682238
    outer loop
      vertex -7.27508 7.83244 2
      vertex -7.38574 7.78661 2
      vertex -7.43341 8.42336 1.35
    endloop
  endfacet
  facet normal -0.095469 -0.724869 -0.68224
    outer loop
      vertex -6.70872 8.42336 1.35
      vertex -6.86706 7.83244 2
      vertex -6.98581 7.84808 2
    endloop
  endfacet
  facet normal 0.0954096 0.724881 -0.682235
    outer loop
      vertex -7.27508 6.30969 2
      vertex -7.15633 6.29406 2
      vertex -7.43341 5.71877 1.35
    endloop
  endfacet
  facet normal -0.675471 0.279808 -0.682237
    outer loop
      vertex -6.30969 6.86706 2
      vertex -5.71877 6.70872 1.35
      vertex -6.35553 6.7564 2
    endloop
  endfacet
  facet normal -0.72488 0.0954095 -0.682236
    outer loop
      vertex -6.29406 6.98581 2
      vertex -5.71877 6.70872 1.35
      vertex -6.30969 6.86706 2
    endloop
  endfacet
  facet normal -0.675473 -0.279809 -0.682234
    outer loop
      vertex -5.71877 7.43341 1.35
      vertex -6.30969 7.27508 2
      vertex -6.35553 7.38574 2
    endloop
  endfacet
  facet normal 0.675489 0.279755 -0.68224
    outer loop
      vertex -7.83244 6.86706 2
      vertex -7.78661 6.7564 2
      vertex -8.42336 6.70872 1.35
    endloop
  endfacet
  facet normal 0.675477 0.279798 -0.682234
    outer loop
      vertex -8.2835 6.37107 1.35
      vertex -7.78661 6.7564 2
      vertex -7.7537 6.67695 2
    endloop
  endfacet
  facet normal 0.675479 0.279794 -0.682234
    outer loop
      vertex -7.78661 6.7564 2
      vertex -8.2835 6.37107 1.35
      vertex -8.42336 6.70872 1.35
    endloop
  endfacet
  facet normal -0.724876 -0.0954432 -0.682235
    outer loop
      vertex -7.26025 5 1.35
      vertex -7.88324 5.08526 2
      vertex -7.30796 5.36235 1.35
    endloop
  endfacet
  facet normal -0.724876 -0.0953919 -0.682242
    outer loop
      vertex -7.88324 5.08526 2
      vertex -7.26025 5 1.35
      vertex -7.87202 5 2
    endloop
  endfacet
  facet normal -0.0954018 -0.724882 -0.682235
    outer loop
      vertex -8.29791 6.3523 1.35
      vertex -8.45624 5.76138 2
      vertex -8.575 5.77701 2
    endloop
  endfacet
  facet normal -0.580024 -0.445121 -0.682231
    outer loop
      vertex -7.44782 5.7 1.35
      vertex -7.97762 5.39412 2
      vertex -8.05054 5.48914 2
    endloop
  endfacet
  facet normal -0.675474 -0.279797 -0.682238
    outer loop
      vertex -7.93179 5.28346 2
      vertex -7.30796 5.36235 1.35
      vertex -7.89888 5.20401 2
    endloop
  endfacet
  facet normal -0.675476 -0.279793 -0.682238
    outer loop
      vertex -7.30796 5.36235 1.35
      vertex -7.93179 5.28346 2
      vertex -7.44782 5.7 1.35
    endloop
  endfacet
  facet normal 0.675497 0.279758 -0.682231
    outer loop
      vertex -9.38872 4.71654 2
      vertex -9.34289 4.60588 2
      vertex -9.87269 4.3 1.35
    endloop
  endfacet
  facet normal -0.580049 0.445075 -0.68224
    outer loop
      vertex -7.6703 4.01005 1.35
      vertex -8.05054 4.51086 2
      vertex -7.44782 4.3 1.35
    endloop
  endfacet
  facet normal -0.580065 0.445059 -0.682237
    outer loop
      vertex -8.05054 4.51086 2
      vertex -7.6703 4.01005 1.35
      vertex -8.10289 4.44263 2
    endloop
  endfacet
  facet normal 0.724848 -0.0954732 -0.682261
    outer loop
      vertex -10.0603 5 1.35
      vertex -9.43726 5.08526 2
      vertex -9.44849 5 2
    endloop
  endfacet
  facet normal 0.724848 -0.0956195 -0.682241
    outer loop
      vertex -9.43726 5.08526 2
      vertex -10.0603 5 1.35
      vertex -10.0125 5.36235 1.35
    endloop
  endfacet
  facet normal -0.445027 -0.580101 -0.682227
    outer loop
      vertex -8.10289 5.55737 2
      vertex -7.7423 5.94087 1.43869
      vertex -7.72933 5.93092 1.43869
    endloop
  endfacet
  facet normal -0.445082 -0.580054 -0.682231
    outer loop
      vertex -7.7423 5.94087 1.43869
      vertex -8.10289 5.55737 2
      vertex -8.19791 5.63028 2
    endloop
  endfacet
  facet normal -0.580024 0.445121 -0.682231
    outer loop
      vertex -7.97762 4.60588 2
      vertex -7.44782 4.3 1.35
      vertex -8.05054 4.51086 2
    endloop
  endfacet
  facet normal -0.724876 0.0953919 -0.682242
    outer loop
      vertex -7.26025 5 1.35
      vertex -7.88324 4.91474 2
      vertex -7.87202 5 2
    endloop
  endfacet
  facet normal -0.724876 0.0954432 -0.682235
    outer loop
      vertex -7.88324 4.91474 2
      vertex -7.26025 5 1.35
      vertex -7.30796 4.63765 1.35
    endloop
  endfacet
  facet normal -0.095403 -0.724876 -0.682242
    outer loop
      vertex -8.66025 6.4 1.35
      vertex -8.575 5.77701 2
      vertex -8.66025 5.78823 2
    endloop
  endfacet
  facet normal -0.0954257 -0.724875 -0.682239
    outer loop
      vertex -8.575 5.77701 2
      vertex -8.66025 6.4 1.35
      vertex -8.29791 6.3523 1.35
    endloop
  endfacet
  facet normal -0.279827 -0.675462 -0.682238
    outer loop
      vertex -8.34558 5.71554 2
      vertex -8.00199 6.14014 1.43869
      vertex -8.26614 5.68263 2
    endloop
  endfacet
  facet normal -0.279797 -0.675479 -0.682233
    outer loop
      vertex -8.00199 6.14014 1.43869
      vertex -8.34558 5.71554 2
      vertex -8.25568 6.3348 1.35
    endloop
  endfacet
  facet normal -0.279904 -0.675449 -0.682218
    outer loop
      vertex -8.25568 6.3348 1.35
      vertex -8.34558 5.71554 2
      vertex -8.29791 6.3523 1.35
    endloop
  endfacet
  facet normal -0.279809 0.675473 -0.682234
    outer loop
      vertex -8.34558 4.28446 2
      vertex -8.29791 3.6477 1.35
      vertex -8.45624 4.23862 2
    endloop
  endfacet
  facet normal -0.445091 -0.580045 -0.682233
    outer loop
      vertex -8.19791 5.63028 2
      vertex -8.00199 6.14014 1.43869
      vertex -7.7423 5.94087 1.43869
    endloop
  endfacet
  facet normal -0.445058 -0.580064 -0.682238
    outer loop
      vertex -8.00199 6.14014 1.43869
      vertex -8.19791 5.63028 2
      vertex -8.26614 5.68263 2
    endloop
  endfacet
  facet normal 0.445053 -0.580076 -0.682231
    outer loop
      vertex -9.12259 5.63028 2
      vertex -9.21762 5.55737 2
      vertex -9.6502 5.98995 1.35
    endloop
  endfacet
  facet normal 0.580068 0.445062 -0.682232
    outer loop
      vertex -9.6502 4.01005 1.35
      vertex -9.26997 4.51086 2
      vertex -9.21762 4.44263 2
    endloop
  endfacet
  facet normal 0.580042 0.445089 -0.682237
    outer loop
      vertex -9.26997 4.51086 2
      vertex -9.6502 4.01005 1.35
      vertex -9.87269 4.3 1.35
    endloop
  endfacet
  facet normal -0.445087 0.58004 -0.682239
    outer loop
      vertex -7.96025 3.78756 1.35
      vertex -8.19791 4.36972 2
      vertex -7.6703 4.01005 1.35
    endloop
  endfacet
  facet normal -0.445055 0.580059 -0.682245
    outer loop
      vertex -8.19791 4.36972 2
      vertex -7.96025 3.78756 1.35
      vertex -8.26614 4.31737 2
    endloop
  endfacet
  facet normal 0.0954232 -0.724876 -0.682238
    outer loop
      vertex -8.66025 6.4 1.35
      vertex -8.74551 5.77701 2
      vertex -9.0226 6.3523 1.35
    endloop
  endfacet
  facet normal 0.0953919 -0.724876 -0.682242
    outer loop
      vertex -8.74551 5.77701 2
      vertex -8.66025 6.4 1.35
      vertex -8.66025 5.78823 2
    endloop
  endfacet
  facet normal 0.445053 0.580076 -0.682231
    outer loop
      vertex -9.21762 4.44263 2
      vertex -9.12259 4.36972 2
      vertex -9.6502 4.01005 1.35
    endloop
  endfacet
  facet normal 0.580068 -0.445062 -0.682232
    outer loop
      vertex -9.26997 5.48914 2
      vertex -9.6502 5.98995 1.35
      vertex -9.21762 5.55737 2
    endloop
  endfacet
  facet normal 0.580042 -0.445089 -0.682237
    outer loop
      vertex -9.6502 5.98995 1.35
      vertex -9.26997 5.48914 2
      vertex -9.87269 5.7 1.35
    endloop
  endfacet
  facet normal 0.580024 -0.445121 -0.682231
    outer loop
      vertex -9.26997 5.48914 2
      vertex -9.34289 5.39412 2
      vertex -9.87269 5.7 1.35
    endloop
  endfacet
  facet normal 0.724848 0.0954732 -0.682261
    outer loop
      vertex -9.43726 4.91474 2
      vertex -10.0603 5 1.35
      vertex -9.44849 5 2
    endloop
  endfacet
  facet normal 0.724848 0.0956195 -0.682241
    outer loop
      vertex -10.0603 5 1.35
      vertex -9.43726 4.91474 2
      vertex -10.0125 4.63765 1.35
    endloop
  endfacet
  facet normal -0.0954257 0.724875 -0.682239
    outer loop
      vertex -8.66025 3.6 1.35
      vertex -8.575 4.22299 2
      vertex -8.29791 3.6477 1.35
    endloop
  endfacet
  facet normal -0.095488 0.724875 -0.68223
    outer loop
      vertex -8.575 4.22299 2
      vertex -8.66025 3.6 1.35
      vertex -8.66025 4.21176 2
    endloop
  endfacet
  facet normal 0.724908 0.0954131 -0.682206
    outer loop
      vertex -9.43726 4.91474 2
      vertex -9.42163 4.79599 2
      vertex -10.0125 4.63765 1.35
    endloop
  endfacet
  facet normal -0.279786 0.675478 -0.682238
    outer loop
      vertex -8.34558 4.28446 2
      vertex -7.96025 3.78756 1.35
      vertex -8.29791 3.6477 1.35
    endloop
  endfacet
  facet normal -0.279824 0.675456 -0.682244
    outer loop
      vertex -7.96025 3.78756 1.35
      vertex -8.34558 4.28446 2
      vertex -8.26614 4.31737 2
    endloop
  endfacet
  facet normal -0.675476 0.279793 -0.682238
    outer loop
      vertex -7.93179 4.71654 2
      vertex -7.30796 4.63765 1.35
      vertex -7.44782 4.3 1.35
    endloop
  endfacet
  facet normal -0.675474 0.279797 -0.682238
    outer loop
      vertex -7.30796 4.63765 1.35
      vertex -7.93179 4.71654 2
      vertex -7.89888 4.79599 2
    endloop
  endfacet
  facet normal -0.724869 0.095469 -0.68224
    outer loop
      vertex -7.88324 4.91474 2
      vertex -7.30796 4.63765 1.35
      vertex -7.89888 4.79599 2
    endloop
  endfacet
  facet normal 0.445103 -0.580036 -0.682233
    outer loop
      vertex -9.12259 5.63028 2
      vertex -9.36025 6.21243 1.35
      vertex -9.05437 5.68263 2
    endloop
  endfacet
  facet normal 0.445076 -0.580052 -0.682237
    outer loop
      vertex -9.36025 6.21243 1.35
      vertex -9.12259 5.63028 2
      vertex -9.6502 5.98995 1.35
    endloop
  endfacet
  facet normal 0.675498 -0.279807 -0.68221
    outer loop
      vertex -10.0125 5.36235 1.35
      vertex -9.38872 5.28346 2
      vertex -9.42163 5.20401 2
    endloop
  endfacet
  facet normal 0.675524 -0.279713 -0.682223
    outer loop
      vertex -9.38872 5.28346 2
      vertex -10.0125 5.36235 1.35
      vertex -9.87269 5.7 1.35
    endloop
  endfacet
  facet normal 0.279808 -0.675471 -0.682237
    outer loop
      vertex -8.86426 5.76138 2
      vertex -8.97492 5.71554 2
      vertex -9.0226 6.3523 1.35
    endloop
  endfacet
  facet normal 0.279799 0.675475 -0.682236
    outer loop
      vertex -9.31852 3.85986 1.43869
      vertex -8.97492 4.28446 2
      vertex -9.0161 3.73459 1.43869
    endloop
  endfacet
  facet normal 0.279798 0.675476 -0.682236
    outer loop
      vertex -8.97492 4.28446 2
      vertex -9.31852 3.85986 1.43869
      vertex -9.05437 4.31737 2
    endloop
  endfacet
  facet normal 0.675524 0.279713 -0.682223
    outer loop
      vertex -10.0125 4.63765 1.35
      vertex -9.38872 4.71654 2
      vertex -9.87269 4.3 1.35
    endloop
  endfacet
  facet normal 0.675498 0.279807 -0.68221
    outer loop
      vertex -9.38872 4.71654 2
      vertex -10.0125 4.63765 1.35
      vertex -9.42163 4.79599 2
    endloop
  endfacet
  facet normal 0.0954769 0.724876 -0.682231
    outer loop
      vertex -8.70557 3.60597 1.35
      vertex -8.74551 4.22299 2
      vertex -8.66025 4.21176 2
    endloop
  endfacet
  facet normal 0.0954877 0.724875 -0.68223
    outer loop
      vertex -8.70557 3.60597 1.35
      vertex -8.66025 4.21176 2
      vertex -8.66025 3.6 1.35
    endloop
  endfacet
  facet normal 0.0954102 0.724879 -0.682237
    outer loop
      vertex -8.74551 4.22299 2
      vertex -8.70557 3.60597 1.35
      vertex -8.98663 3.72238 1.43438
    endloop
  endfacet
  facet normal -0.445079 0.580049 -0.682237
    outer loop
      vertex -8.10289 4.44263 2
      vertex -7.6703 4.01005 1.35
      vertex -8.19791 4.36972 2
    endloop
  endfacet
  facet normal 0.280002 0.675403 -0.682224
    outer loop
      vertex -9.0161 3.73459 1.43869
      vertex -8.86426 4.23862 2
      vertex -9.001 3.72833 1.43869
    endloop
  endfacet
  facet normal 0.279809 0.675473 -0.682234
    outer loop
      vertex -8.86426 4.23862 2
      vertex -9.0161 3.73459 1.43869
      vertex -8.97492 4.28446 2
    endloop
  endfacet
  facet normal -0.675497 -0.279758 -0.682231
    outer loop
      vertex -7.44782 5.7 1.35
      vertex -7.93179 5.28346 2
      vertex -7.97762 5.39412 2
    endloop
  endfacet
  facet normal -0.580065 -0.445047 -0.682245
    outer loop
      vertex -8.05054 5.48914 2
      vertex -7.47564 5.73626 1.35
      vertex -7.44782 5.7 1.35
    endloop
  endfacet
  facet normal -0.580037 -0.445093 -0.682238
    outer loop
      vertex -7.47564 5.73626 1.35
      vertex -8.05054 5.48914 2
      vertex -7.72933 5.93092 1.43869
    endloop
  endfacet
  facet normal -0.580069 -0.445062 -0.682232
    outer loop
      vertex -7.72933 5.93092 1.43869
      vertex -8.05054 5.48914 2
      vertex -8.10289 5.55737 2
    endloop
  endfacet
  facet normal -0.0954018 0.724882 -0.682235
    outer loop
      vertex -8.45624 4.23862 2
      vertex -8.29791 3.6477 1.35
      vertex -8.575 4.22299 2
    endloop
  endfacet
  facet normal 0.675497 -0.279758 -0.682231
    outer loop
      vertex -9.34289 5.39412 2
      vertex -9.38872 5.28346 2
      vertex -9.87269 5.7 1.35
    endloop
  endfacet
  facet normal 0.279798 -0.675477 -0.682234
    outer loop
      vertex -9.36025 6.21243 1.35
      vertex -8.97492 5.71554 2
      vertex -9.05437 5.68263 2
    endloop
  endfacet
  facet normal 0.27981 -0.67547 -0.682236
    outer loop
      vertex -8.97492 5.71554 2
      vertex -9.36025 6.21243 1.35
      vertex -9.0226 6.3523 1.35
    endloop
  endfacet
  facet normal 0.724908 -0.0954131 -0.682206
    outer loop
      vertex -9.42163 5.20401 2
      vertex -9.43726 5.08526 2
      vertex -10.0125 5.36235 1.35
    endloop
  endfacet
  facet normal 0.0954095 -0.72488 -0.682236
    outer loop
      vertex -8.74551 5.77701 2
      vertex -8.86426 5.76138 2
      vertex -9.0226 6.3523 1.35
    endloop
  endfacet
  facet normal -0.279809 -0.675473 -0.682234
    outer loop
      vertex -8.29791 6.3523 1.35
      vertex -8.34558 5.71554 2
      vertex -8.45624 5.76138 2
    endloop
  endfacet
  facet normal 0.445101 0.580035 -0.682235
    outer loop
      vertex -9.05437 4.31737 2
      vertex -9.31852 3.85986 1.43869
      vertex -9.12259 4.36972 2
    endloop
  endfacet
  facet normal 0.445071 0.580052 -0.68224
    outer loop
      vertex -9.61394 3.98222 1.35
      vertex -9.12259 4.36972 2
      vertex -9.31852 3.85986 1.43869
    endloop
  endfacet
  facet normal 0.445143 0.579982 -0.682253
    outer loop
      vertex -9.12259 4.36972 2
      vertex -9.61394 3.98222 1.35
      vertex -9.6502 4.01005 1.35
    endloop
  endfacet
  facet normal 0.0954094 0.724879 -0.682237
    outer loop
      vertex -8.98663 3.72238 1.43438
      vertex -8.86426 4.23862 2
      vertex -8.74551 4.22299 2
    endloop
  endfacet
  facet normal 0.0955088 0.724861 -0.682242
    outer loop
      vertex -8.86426 4.23862 2
      vertex -8.98663 3.72238 1.43438
      vertex -9.001 3.72833 1.43869
    endloop
  endfacet
  facet normal -0.724869 -0.095469 -0.68224
    outer loop
      vertex -7.30796 5.36235 1.35
      vertex -7.88324 5.08526 2
      vertex -7.89888 5.20401 2
    endloop
  endfacet
  facet normal -0.675497 0.279758 -0.682231
    outer loop
      vertex -7.93179 4.71654 2
      vertex -7.44782 4.3 1.35
      vertex -7.97762 4.60588 2
    endloop
  endfacet
  facet normal 0.580024 0.445121 -0.682231
    outer loop
      vertex -9.34289 4.60588 2
      vertex -9.26997 4.51086 2
      vertex -9.87269 4.3 1.35
    endloop
  endfacet
  facet normal -0.279993 -0.675383 -0.682247
    outer loop
      vertex -9.26514 3.27082 2
      vertex -9.0161 3.73459 1.43869
      vertex -9.001 3.72833 1.43869
    endloop
  endfacet
  facet normal -0.279808 -0.67547 -0.682237
    outer loop
      vertex -9.3758 3.31666 2
      vertex -9.0161 3.73459 1.43869
      vertex -9.26514 3.27082 2
    endloop
  endfacet
  facet normal 0.0957525 0.724855 -0.682214
    outer loop
      vertex -9.67546 1.2738 1.43869
      vertex -9.65926 1.79995 2
      vertex -9.65926 1.27166 1.43869
    endloop
  endfacet
  facet normal 0.0954704 0.724879 -0.682229
    outer loop
      vertex -9.65926 1.79995 2
      vertex -9.67546 1.2738 1.43869
      vertex -9.77801 1.81559 2
    endloop
  endfacet
  facet normal -0.724876 -0.09547 -0.682231
    outer loop
      vertex -8.25926 2.58819 1.35
      vertex -8.87102 2.58819 2
      vertex -8.88666 2.70694 2
    endloop
  endfacet
  facet normal -0.724877 -0.0954234 -0.682237
    outer loop
      vertex -8.25926 2.58819 1.35
      vertex -8.89788 2.7922 2
      vertex -8.30696 2.95054 1.35
    endloop
  endfacet
  facet normal -0.724875 -0.0953917 -0.682244
    outer loop
      vertex -8.89788 2.7922 2
      vertex -8.25926 2.58819 1.35
      vertex -8.88666 2.70694 2
    endloop
  endfacet
  facet normal -0.445053 -0.580076 -0.682231
    outer loop
      vertex -8.66931 3.57814 1.35
      vertex -9.10189 3.14556 2
      vertex -9.19692 3.21847 2
    endloop
  endfacet
  facet normal 0.095426 -0.724878 -0.682236
    outer loop
      vertex -9.65926 3.98819 1.35
      vertex -9.86327 3.34957 2
      vertex -10.0216 3.94049 1.35
    endloop
  endfacet
  facet normal 0.0953917 -0.724875 -0.682244
    outer loop
      vertex -9.86327 3.34957 2
      vertex -9.65926 3.98819 1.35
      vertex -9.77801 3.36079 2
    endloop
  endfacet
  facet normal 0.445133 -0.579998 -0.682246
    outer loop
      vertex -10.1216 3.21847 2
      vertex -10.2166 3.14556 2
      vertex -10.6492 3.57814 1.35
    endloop
  endfacet
  facet normal 0.724889 -0.0960737 -0.682133
    outer loop
      vertex -11.0593 2.58819 1.35
      vertex -10.4206 2.7922 2
      vertex -10.4319 2.70694 2
    endloop
  endfacet
  facet normal 0.724833 -0.0954176 -0.682284
    outer loop
      vertex -10.4206 2.7922 2
      vertex -11.0593 2.58819 1.35
      vertex -11.0116 2.95054 1.35
    endloop
  endfacet
  facet normal -0.675467 0.279807 -0.682241
    outer loop
      vertex -8.93079 2.30473 2
      vertex -8.44682 1.88819 1.35
      vertex -8.97663 2.19407 2
    endloop
  endfacet
  facet normal 0.675422 0.279851 -0.682267
    outer loop
      vertex -11.0116 2.22584 1.35
      vertex -10.3877 2.30473 2
      vertex -10.8717 1.88819 1.35
    endloop
  endfacet
  facet normal 0.675462 0.279707 -0.682287
    outer loop
      vertex -10.3877 2.30473 2
      vertex -11.0116 2.22584 1.35
      vertex -10.4206 2.38418 2
    endloop
  endfacet
  facet normal -0.445087 0.58004 -0.682239
    outer loop
      vertex -8.95926 1.37575 1.35
      vertex -9.19692 1.95791 2
      vertex -8.66931 1.59824 1.35
    endloop
  endfacet
  facet normal -0.4451 0.580033 -0.682237
    outer loop
      vertex -9.19692 1.95791 2
      vertex -8.95926 1.37575 1.35
      vertex -9.26514 1.90556 2
    endloop
  endfacet
  facet normal -0.279793 0.675476 -0.682238
    outer loop
      vertex -9.29691 1.23589 1.35
      vertex -9.3758 1.85972 2
      vertex -8.95926 1.37575 1.35
    endloop
  endfacet
  facet normal -0.279797 0.675474 -0.682238
    outer loop
      vertex -9.3758 1.85972 2
      vertex -9.29691 1.23589 1.35
      vertex -9.45525 1.82681 2
    endloop
  endfacet
  facet normal -0.675476 0.279793 -0.682238
    outer loop
      vertex -8.93079 2.30473 2
      vertex -8.30696 2.22584 1.35
      vertex -8.44682 1.88819 1.35
    endloop
  endfacet
  facet normal -0.675474 0.279797 -0.682238
    outer loop
      vertex -8.30696 2.22584 1.35
      vertex -8.93079 2.30473 2
      vertex -8.89788 2.38418 2
    endloop
  endfacet
  facet normal -0.0954698 0.724875 -0.682233
    outer loop
      vertex -9.54051 1.81559 2
      vertex -9.65926 1.27166 1.43869
      vertex -9.65926 1.79995 2
    endloop
  endfacet
  facet normal -0.0957179 0.724884 -0.682189
    outer loop
      vertex -9.65926 1.27166 1.43869
      vertex -9.54051 1.81559 2
      vertex -9.64384 1.26964 1.43438
    endloop
  endfacet
  facet normal 0.279763 0.675484 -0.682242
    outer loop
      vertex -10.0534 1.90556 2
      vertex -9.94272 1.85972 2
      vertex -10.3593 1.37575 1.35
    endloop
  endfacet
  facet normal -0.0954088 -0.724875 -0.682241
    outer loop
      vertex -9.65926 3.98819 1.35
      vertex -9.54051 3.36079 2
      vertex -9.65926 3.37642 2
    endloop
  endfacet
  facet normal -0.675467 -0.279807 -0.682241
    outer loop
      vertex -8.44682 3.28819 1.35
      vertex -8.93079 2.87165 2
      vertex -8.97663 2.98231 2
    endloop
  endfacet
  facet normal -0.675474 -0.279797 -0.682238
    outer loop
      vertex -8.93079 2.87165 2
      vertex -8.30696 2.95054 1.35
      vertex -8.89788 2.7922 2
    endloop
  endfacet
  facet normal -0.675476 -0.279793 -0.682238
    outer loop
      vertex -8.30696 2.95054 1.35
      vertex -8.93079 2.87165 2
      vertex -8.44682 3.28819 1.35
    endloop
  endfacet
  facet normal 0.675571 -0.279606 -0.68222
    outer loop
      vertex -10.3419 2.98231 2
      vertex -10.3877 2.87165 2
      vertex -10.8717 3.28819 1.35
    endloop
  endfacet
  facet normal 0.675462 -0.279707 -0.682287
    outer loop
      vertex -11.0116 2.95054 1.35
      vertex -10.3877 2.87165 2
      vertex -10.4206 2.7922 2
    endloop
  endfacet
  facet normal 0.675422 -0.279851 -0.682267
    outer loop
      vertex -10.3877 2.87165 2
      vertex -11.0116 2.95054 1.35
      vertex -10.8717 3.28819 1.35
    endloop
  endfacet
  facet normal -0.580076 -0.445053 -0.682231
    outer loop
      vertex -8.66931 3.57814 1.35
      vertex -9.02898 3.05053 2
      vertex -9.10189 3.14556 2
    endloop
  endfacet
  facet normal -0.445143 -0.579982 -0.682253
    outer loop
      vertex -9.19692 3.21847 2
      vertex -8.70557 3.60597 1.35
      vertex -8.66931 3.57814 1.35
    endloop
  endfacet
  facet normal -0.44507 -0.580053 -0.68224
    outer loop
      vertex -8.70557 3.60597 1.35
      vertex -9.19692 3.21847 2
      vertex -8.98663 3.72238 1.43438
    endloop
  endfacet
  facet normal -0.445101 -0.580035 -0.682235
    outer loop
      vertex -9.26514 3.27082 2
      vertex -8.98663 3.72238 1.43438
      vertex -9.19692 3.21847 2
    endloop
  endfacet
  facet normal -0.444863 -0.5802 -0.68225
    outer loop
      vertex -8.98663 3.72238 1.43438
      vertex -9.26514 3.27082 2
      vertex -9.001 3.72833 1.43869
    endloop
  endfacet
  facet normal 0.279798 -0.675476 -0.682235
    outer loop
      vertex -9.94272 3.31666 2
      vertex -10.0216 3.94049 1.35
      vertex -9.86327 3.34957 2
    endloop
  endfacet
  facet normal 0.279756 -0.675488 -0.682241
    outer loop
      vertex -10.0216 3.94049 1.35
      vertex -9.94272 3.31666 2
      vertex -10.3593 3.80063 1.35
    endloop
  endfacet
  facet normal 0.445182 0.579969 -0.682238
    outer loop
      vertex -10.3593 1.37575 1.35
      vertex -10.1216 1.95791 2
      vertex -10.0534 1.90556 2
    endloop
  endfacet
  facet normal 0.445132 0.579998 -0.682246
    outer loop
      vertex -10.1216 1.95791 2
      vertex -10.3593 1.37575 1.35
      vertex -10.6492 1.59824 1.35
    endloop
  endfacet
  facet normal -0.095393 -0.724885 -0.682233
    outer loop
      vertex -9.54051 3.36079 2
      vertex -9.31852 3.85986 1.43869
      vertex -9.45525 3.34957 2
    endloop
  endfacet
  facet normal -0.095488 -0.724877 -0.682228
    outer loop
      vertex -9.61394 3.98222 1.35
      vertex -9.54051 3.36079 2
      vertex -9.65926 3.98819 1.35
    endloop
  endfacet
  facet normal -0.0954181 -0.724878 -0.682237
    outer loop
      vertex -9.54051 3.36079 2
      vertex -9.61394 3.98222 1.35
      vertex -9.31852 3.85986 1.43869
    endloop
  endfacet
  facet normal -0.279799 -0.675476 -0.682235
    outer loop
      vertex -9.3758 3.31666 2
      vertex -9.31852 3.85986 1.43869
      vertex -9.0161 3.73459 1.43869
    endloop
  endfacet
  facet normal -0.279798 -0.675476 -0.682235
    outer loop
      vertex -9.45525 3.34957 2
      vertex -9.31852 3.85986 1.43869
      vertex -9.3758 3.31666 2
    endloop
  endfacet
  facet normal 0.580101 -0.445011 -0.682238
    outer loop
      vertex -10.2166 3.14556 2
      vertex -10.2895 3.05053 2
      vertex -10.6492 3.57814 1.35
    endloop
  endfacet
  facet normal 0.675571 0.279606 -0.68222
    outer loop
      vertex -10.3877 2.30473 2
      vertex -10.3419 2.19407 2
      vertex -10.8717 1.88819 1.35
    endloop
  endfacet
  facet normal 0.445182 -0.579969 -0.682238
    outer loop
      vertex -10.1216 3.21847 2
      vertex -10.3593 3.80063 1.35
      vertex -10.0534 3.27082 2
    endloop
  endfacet
  facet normal 0.445132 -0.579998 -0.682246
    outer loop
      vertex -10.3593 3.80063 1.35
      vertex -10.1216 3.21847 2
      vertex -10.6492 3.57814 1.35
    endloop
  endfacet
  facet normal 0.0954088 -0.724875 -0.682241
    outer loop
      vertex -9.65926 3.98819 1.35
      vertex -9.65926 3.37642 2
      vertex -9.77801 3.36079 2
    endloop
  endfacet
  facet normal 0.724889 0.0960737 -0.682133
    outer loop
      vertex -10.4206 2.38418 2
      vertex -11.0593 2.58819 1.35
      vertex -10.4319 2.46944 2
    endloop
  endfacet
  facet normal 0.724833 0.0954176 -0.682284
    outer loop
      vertex -11.0593 2.58819 1.35
      vertex -10.4206 2.38418 2
      vertex -11.0116 2.22584 1.35
    endloop
  endfacet
  facet normal 0.724871 0.0952252 -0.682271
    outer loop
      vertex -10.4475 2.58819 2
      vertex -10.4319 2.46944 2
      vertex -11.0593 2.58819 1.35
    endloop
  endfacet
  facet normal -0.095392 0.724877 -0.682242
    outer loop
      vertex -9.45525 1.82681 2
      vertex -9.64384 1.26964 1.43438
      vertex -9.54051 1.81559 2
    endloop
  endfacet
  facet normal -0.0954274 0.72488 -0.682233
    outer loop
      vertex -9.34223 1.22993 1.35
      vertex -9.64384 1.26964 1.43438
      vertex -9.45525 1.82681 2
    endloop
  endfacet
  facet normal -0.0953305 0.724896 -0.682231
    outer loop
      vertex -9.34223 1.22993 1.35
      vertex -9.45525 1.82681 2
      vertex -9.29691 1.23589 1.35
    endloop
  endfacet
  facet normal 0.279798 0.675476 -0.682235
    outer loop
      vertex -10 1.31652 1.43869
      vertex -9.94272 1.85972 2
      vertex -9.86327 1.82681 2
    endloop
  endfacet
  facet normal 0.279815 0.675472 -0.682233
    outer loop
      vertex -10.317 1.35826 1.35
      vertex -9.94272 1.85972 2
      vertex -10 1.31652 1.43869
    endloop
  endfacet
  facet normal 0.279389 0.67571 -0.682171
    outer loop
      vertex -9.94272 1.85972 2
      vertex -10.317 1.35826 1.35
      vertex -10.3593 1.37575 1.35
    endloop
  endfacet
  facet normal 0.095392 0.724877 -0.682241
    outer loop
      vertex -9.67546 1.2738 1.43869
      vertex -9.86327 1.82681 2
      vertex -9.77801 1.81559 2
    endloop
  endfacet
  facet normal 0.0954177 0.72488 -0.682235
    outer loop
      vertex -9.86327 1.82681 2
      vertex -9.67546 1.2738 1.43869
      vertex -10 1.31652 1.43869
    endloop
  endfacet
  facet normal -0.580076 0.445053 -0.682231
    outer loop
      vertex -9.02898 2.12585 2
      vertex -8.66931 1.59824 1.35
      vertex -9.10189 2.03082 2
    endloop
  endfacet
  facet normal -0.58004 0.445087 -0.682239
    outer loop
      vertex -9.02898 2.12585 2
      vertex -8.44682 1.88819 1.35
      vertex -8.66931 1.59824 1.35
    endloop
  endfacet
  facet normal -0.580033 0.4451 -0.682237
    outer loop
      vertex -8.44682 1.88819 1.35
      vertex -9.02898 2.12585 2
      vertex -8.97663 2.19407 2
    endloop
  endfacet
  facet normal 0.279763 -0.675484 -0.682242
    outer loop
      vertex -9.94272 3.31666 2
      vertex -10.0534 3.27082 2
      vertex -10.3593 3.80063 1.35
    endloop
  endfacet
  facet normal 0.580101 0.445011 -0.682238
    outer loop
      vertex -10.2895 2.12585 2
      vertex -10.2166 2.03082 2
      vertex -10.6492 1.59824 1.35
    endloop
  endfacet
  facet normal 0.579847 -0.445383 -0.682211
    outer loop
      vertex -10.8717 3.28819 1.35
      vertex -10.2895 3.05053 2
      vertex -10.3419 2.98231 2
    endloop
  endfacet
  facet normal 0.580018 -0.44509 -0.682256
    outer loop
      vertex -10.2895 3.05053 2
      vertex -10.8717 3.28819 1.35
      vertex -10.6492 3.57814 1.35
    endloop
  endfacet
  facet normal -0.445053 0.580076 -0.682231
    outer loop
      vertex -9.10189 2.03082 2
      vertex -8.66931 1.59824 1.35
      vertex -9.19692 1.95791 2
    endloop
  endfacet
  facet normal -0.279807 0.675467 -0.682241
    outer loop
      vertex -9.26514 1.90556 2
      vertex -8.95926 1.37575 1.35
      vertex -9.3758 1.85972 2
    endloop
  endfacet
  facet normal -0.724875 0.0953917 -0.682244
    outer loop
      vertex -8.25926 2.58819 1.35
      vertex -8.89788 2.38418 2
      vertex -8.88666 2.46944 2
    endloop
  endfacet
  facet normal -0.724877 0.0954234 -0.682237
    outer loop
      vertex -8.89788 2.38418 2
      vertex -8.25926 2.58819 1.35
      vertex -8.30696 2.22584 1.35
    endloop
  endfacet
  facet normal -0.724876 0.09547 -0.682231
    outer loop
      vertex -8.87102 2.58819 2
      vertex -8.25926 2.58819 1.35
      vertex -8.88666 2.46944 2
    endloop
  endfacet
  facet normal -0.580033 -0.4451 -0.682237
    outer loop
      vertex -9.02898 3.05053 2
      vertex -8.44682 3.28819 1.35
      vertex -8.97663 2.98231 2
    endloop
  endfacet
  facet normal -0.58004 -0.445087 -0.682239
    outer loop
      vertex -8.44682 3.28819 1.35
      vertex -9.02898 3.05053 2
      vertex -8.66931 3.57814 1.35
    endloop
  endfacet
  facet normal 0.580018 0.44509 -0.682256
    outer loop
      vertex -10.8717 1.88819 1.35
      vertex -10.2895 2.12585 2
      vertex -10.6492 1.59824 1.35
    endloop
  endfacet
  facet normal 0.579847 0.445383 -0.682211
    outer loop
      vertex -10.2895 2.12585 2
      vertex -10.8717 1.88819 1.35
      vertex -10.3419 2.19407 2
    endloop
  endfacet
  facet normal 0.445133 0.579998 -0.682246
    outer loop
      vertex -10.2166 2.03082 2
      vertex -10.1216 1.95791 2
      vertex -10.6492 1.59824 1.35
    endloop
  endfacet
  facet normal 0.724871 -0.0952252 -0.682271
    outer loop
      vertex -10.4319 2.70694 2
      vertex -10.4475 2.58819 2
      vertex -11.0593 2.58819 1.35
    endloop
  endfacet
  facet normal -0.724876 -0.095424 -0.682238
    outer loop
      vertex -8.6 0 1.35
      vertex -9.22299 0.0852579 2
      vertex -8.6477 0.362347 1.35
    endloop
  endfacet
  facet normal -0.724876 -0.0954792 -0.682231
    outer loop
      vertex -9.22299 0.0852579 2
      vertex -8.6 0 1.35
      vertex -9.21176 0 2
    endloop
  endfacet
  facet normal 0.279936 -0.675406 -0.682249
    outer loop
      vertex -10.7 1.21243 1.35
      vertex -10.3147 0.71554 2
      vertex -10.3941 0.682631 2
    endloop
  endfacet
  facet normal 0.279779 -0.675495 -0.682224
    outer loop
      vertex -10.3147 0.71554 2
      vertex -10.7 1.21243 1.35
      vertex -10.3623 1.3523 1.35
    endloop
  endfacet
  facet normal 0.444804 -0.580327 -0.68218
    outer loop
      vertex -10.9899 0.989949 1.35
      vertex -10.4891 0.609716 2
      vertex -10.5574 0.557366 2
    endloop
  endfacet
  facet normal 0.445123 -0.58001 -0.682241
    outer loop
      vertex -10.4891 0.609716 2
      vertex -10.9899 0.989949 1.35
      vertex -10.7 1.21243 1.35
    endloop
  endfacet
  facet normal 0.0954726 -0.724869 -0.682239
    outer loop
      vertex -10.0853 0.77701 2
      vertex -10.204 0.761376 2
      vertex -10.3623 1.3523 1.35
    endloop
  endfacet
  facet normal -0.279896 -0.67543 -0.682241
    outer loop
      vertex -9.60588 0.682631 2
      vertex -9.34223 1.22993 1.35
      vertex -9.3 1.21243 1.35
    endloop
  endfacet
  facet normal -0.279799 -0.675473 -0.682238
    outer loop
      vertex -9.60588 0.682631 2
      vertex -9.64384 1.26964 1.43438
      vertex -9.34223 1.22993 1.35
    endloop
  endfacet
  facet normal -0.279789 -0.675475 -0.682241
    outer loop
      vertex -9.64384 1.26964 1.43438
      vertex -9.60588 0.682631 2
      vertex -9.68533 0.71554 2
    endloop
  endfacet
  facet normal 0.445123 0.58001 -0.682241
    outer loop
      vertex -10.9899 -0.989949 1.35
      vertex -10.4891 -0.609716 2
      vertex -10.7 -1.21243 1.35
    endloop
  endfacet
  facet normal 0.444804 0.580327 -0.68218
    outer loop
      vertex -10.4891 -0.609716 2
      vertex -10.9899 -0.989949 1.35
      vertex -10.5574 -0.557366 2
    endloop
  endfacet
  facet normal 0.0953906 -0.724884 -0.682235
    outer loop
      vertex -10.0853 0.77701 2
      vertex -10 1.31652 1.43869
      vertex -10 0.788235 2
    endloop
  endfacet
  facet normal 0.0953728 -0.724898 -0.682222
    outer loop
      vertex -10.317 1.35826 1.35
      vertex -10.0853 0.77701 2
      vertex -10.3623 1.3523 1.35
    endloop
  endfacet
  facet normal 0.0954267 -0.724884 -0.682229
    outer loop
      vertex -10.0853 0.77701 2
      vertex -10.317 1.35826 1.35
      vertex -10 1.31652 1.43869
    endloop
  endfacet
  facet normal -0.675475 0.27979 -0.682239
    outer loop
      vertex -8.78756 -0.7 1.35
      vertex -9.28446 -0.314669 2
      vertex -8.6477 -0.362347 1.35
    endloop
  endfacet
  facet normal -0.675469 0.279802 -0.682241
    outer loop
      vertex -9.28446 -0.314669 2
      vertex -8.78756 -0.7 1.35
      vertex -9.31737 -0.394117 2
    endloop
  endfacet
  facet normal -0.279786 -0.675475 -0.682241
    outer loop
      vertex -9.79599 0.761376 2
      vertex -9.64384 1.26964 1.43438
      vertex -9.68533 0.71554 2
    endloop
  endfacet
  facet normal -0.279213 -0.675681 -0.682272
    outer loop
      vertex -9.64384 1.26964 1.43438
      vertex -9.79599 0.761376 2
      vertex -9.65926 1.27166 1.43869
    endloop
  endfacet
  facet normal -0.724876 0.0954792 -0.682231
    outer loop
      vertex -8.6 0 1.35
      vertex -9.22299 -0.0852579 2
      vertex -9.21176 0 2
    endloop
  endfacet
  facet normal -0.724876 0.095424 -0.682238
    outer loop
      vertex -9.22299 -0.0852579 2
      vertex -8.6 0 1.35
      vertex -8.6477 -0.362347 1.35
    endloop
  endfacet
  facet normal 0.58009 -0.445021 -0.68224
    outer loop
      vertex -10.6097 0.489143 2
      vertex -10.6826 0.394117 2
      vertex -11.2124 0.7 1.35
    endloop
  endfacet
  facet normal 0.724871 -0.0952235 -0.682271
    outer loop
      vertex -11.4 0 1.35
      vertex -10.777 0.0852579 2
      vertex -10.7882 0 2
    endloop
  endfacet
  facet normal 0.724871 -0.0954232 -0.682244
    outer loop
      vertex -10.777 0.0852579 2
      vertex -11.4 0 1.35
      vertex -11.3523 0.362347 1.35
    endloop
  endfacet
  facet normal -0.445061 -0.580067 -0.682234
    outer loop
      vertex -9.51086 0.609716 2
      vertex -9.01005 0.989949 1.35
      vertex -9.44263 0.557366 2
    endloop
  endfacet
  facet normal -0.445078 -0.580051 -0.682237
    outer loop
      vertex -9.01005 0.989949 1.35
      vertex -9.51086 0.609716 2
      vertex -9.3 1.21243 1.35
    endloop
  endfacet
  facet normal -0.445101 -0.580038 -0.682232
    outer loop
      vertex -9.3 1.21243 1.35
      vertex -9.51086 0.609716 2
      vertex -9.60588 0.682631 2
    endloop
  endfacet
  facet normal 0.724871 0.0952235 -0.682271
    outer loop
      vertex -10.777 -0.0852579 2
      vertex -11.4 0 1.35
      vertex -10.7882 0 2
    endloop
  endfacet
  facet normal 0.724871 0.0954232 -0.682244
    outer loop
      vertex -11.4 0 1.35
      vertex -10.777 -0.0852579 2
      vertex -11.3523 -0.362347 1.35
    endloop
  endfacet
  facet normal -0.0954178 0.724881 -0.682234
    outer loop
      vertex -10 -1.31652 1.43869
      vertex -9.91474 -0.77701 2
      vertex -9.67546 -1.2738 1.43869
    endloop
  endfacet
  facet normal -0.095435 0.724881 -0.682232
    outer loop
      vertex -9.91474 -0.77701 2
      vertex -10 -1.31652 1.43869
      vertex -10 -0.788235 2
    endloop
  endfacet
  facet normal 0.445158 -0.579991 -0.682235
    outer loop
      vertex -10.3941 0.682631 2
      vertex -10.4891 0.609716 2
      vertex -10.7 1.21243 1.35
    endloop
  endfacet
  facet normal 0.580294 -0.444855 -0.682175
    outer loop
      vertex -10.6097 0.489143 2
      vertex -10.9899 0.989949 1.35
      vertex -10.5574 0.557366 2
    endloop
  endfacet
  facet normal 0.580041 -0.44511 -0.682224
    outer loop
      vertex -10.9899 0.989949 1.35
      vertex -10.6097 0.489143 2
      vertex -11.2124 0.7 1.35
    endloop
  endfacet
  facet normal 0.279701 -0.675514 -0.682237
    outer loop
      vertex -10.204 0.761376 2
      vertex -10.3147 0.71554 2
      vertex -10.3623 1.3523 1.35
    endloop
  endfacet
  facet normal 0.0954726 0.724869 -0.682239
    outer loop
      vertex -10.204 -0.761376 2
      vertex -10.0853 -0.77701 2
      vertex -10.3623 -1.3523 1.35
    endloop
  endfacet
  facet normal 0.675508 -0.279733 -0.68223
    outer loop
      vertex -10.7155 0.314669 2
      vertex -11.2124 0.7 1.35
      vertex -10.6826 0.394117 2
    endloop
  endfacet
  facet normal 0.675438 -0.279855 -0.682249
    outer loop
      vertex -11.2124 0.7 1.35
      vertex -10.7155 0.314669 2
      vertex -11.3523 0.362347 1.35
    endloop
  endfacet
  facet normal -0.675475 -0.27979 -0.682239
    outer loop
      vertex -9.28446 0.314669 2
      vertex -8.78756 0.7 1.35
      vertex -8.6477 0.362347 1.35
    endloop
  endfacet
  facet normal -0.675469 -0.279802 -0.682241
    outer loop
      vertex -8.78756 0.7 1.35
      vertex -9.28446 0.314669 2
      vertex -9.31737 0.394117 2
    endloop
  endfacet
  facet normal 0.724926 0.0952308 -0.682212
    outer loop
      vertex -10.777 -0.0852579 2
      vertex -10.7614 -0.20401 2
      vertex -11.3523 -0.362347 1.35
    endloop
  endfacet
  facet normal -0.445078 0.580051 -0.682237
    outer loop
      vertex -9.51086 -0.609716 2
      vertex -9.01005 -0.989949 1.35
      vertex -9.3 -1.21243 1.35
    endloop
  endfacet
  facet normal -0.445061 0.580067 -0.682234
    outer loop
      vertex -9.01005 -0.989949 1.35
      vertex -9.51086 -0.609716 2
      vertex -9.44263 -0.557366 2
    endloop
  endfacet
  facet normal -0.445101 0.580038 -0.682232
    outer loop
      vertex -9.51086 -0.609716 2
      vertex -9.3 -1.21243 1.35
      vertex -9.60588 -0.682631 2
    endloop
  endfacet
  facet normal 0.279779 0.675495 -0.682224
    outer loop
      vertex -10.7 -1.21243 1.35
      vertex -10.3147 -0.71554 2
      vertex -10.3623 -1.3523 1.35
    endloop
  endfacet
  facet normal 0.279936 0.675406 -0.682249
    outer loop
      vertex -10.3147 -0.71554 2
      vertex -10.7 -1.21243 1.35
      vertex -10.3941 -0.682631 2
    endloop
  endfacet
  facet normal 0.0953906 0.724884 -0.682235
    outer loop
      vertex -10 -1.31652 1.43869
      vertex -10.0853 -0.77701 2
      vertex -10 -0.788235 2
    endloop
  endfacet
  facet normal 0.0954267 0.724884 -0.682229
    outer loop
      vertex -10.317 -1.35826 1.35
      vertex -10.0853 -0.77701 2
      vertex -10 -1.31652 1.43869
    endloop
  endfacet
  facet normal 0.0953728 0.724898 -0.682222
    outer loop
      vertex -10.0853 -0.77701 2
      vertex -10.317 -1.35826 1.35
      vertex -10.3623 -1.3523 1.35
    endloop
  endfacet
  facet normal 0.279701 0.675514 -0.682237
    outer loop
      vertex -10.3147 -0.71554 2
      vertex -10.204 -0.761376 2
      vertex -10.3623 -1.3523 1.35
    endloop
  endfacet
  facet normal -0.095435 -0.724881 -0.682232
    outer loop
      vertex -10 1.31652 1.43869
      vertex -9.91474 0.77701 2
      vertex -10 0.788235 2
    endloop
  endfacet
  facet normal -0.0954178 -0.724881 -0.682234
    outer loop
      vertex -9.91474 0.77701 2
      vertex -10 1.31652 1.43869
      vertex -9.67546 1.2738 1.43869
    endloop
  endfacet
  facet normal -0.279896 0.67543 -0.682241
    outer loop
      vertex -9.34223 -1.22993 1.35
      vertex -9.60588 -0.682631 2
      vertex -9.3 -1.21243 1.35
    endloop
  endfacet
  facet normal -0.279799 0.675473 -0.682238
    outer loop
      vertex -9.64384 -1.26964 1.43438
      vertex -9.60588 -0.682631 2
      vertex -9.34223 -1.22993 1.35
    endloop
  endfacet
  facet normal -0.279789 0.675475 -0.682241
    outer loop
      vertex -9.60588 -0.682631 2
      vertex -9.64384 -1.26964 1.43438
      vertex -9.68533 -0.71554 2
    endloop
  endfacet
  facet normal 0.580294 0.444855 -0.682175
    outer loop
      vertex -10.9899 -0.989949 1.35
      vertex -10.6097 -0.489143 2
      vertex -10.5574 -0.557366 2
    endloop
  endfacet
  facet normal 0.580041 0.44511 -0.682224
    outer loop
      vertex -10.6097 -0.489143 2
      vertex -10.9899 -0.989949 1.35
      vertex -11.2124 -0.7 1.35
    endloop
  endfacet
  facet normal -0.580059 0.445059 -0.682242
    outer loop
      vertex -9.31737 -0.394117 2
      vertex -8.78756 -0.7 1.35
      vertex -9.39028 -0.489143 2
    endloop
  endfacet
  facet normal -0.580042 0.44509 -0.682236
    outer loop
      vertex -9.01005 -0.989949 1.35
      vertex -9.39028 -0.489143 2
      vertex -8.78756 -0.7 1.35
    endloop
  endfacet
  facet normal -0.580044 0.445089 -0.682236
    outer loop
      vertex -9.39028 -0.489143 2
      vertex -9.01005 -0.989949 1.35
      vertex -9.44263 -0.557366 2
    endloop
  endfacet
  facet normal -0.279213 0.675681 -0.682272
    outer loop
      vertex -9.79599 -0.761376 2
      vertex -9.64384 -1.26964 1.43438
      vertex -9.65926 -1.27166 1.43869
    endloop
  endfacet
  facet normal -0.279786 0.675475 -0.682241
    outer loop
      vertex -9.64384 -1.26964 1.43438
      vertex -9.79599 -0.761376 2
      vertex -9.68533 -0.71554 2
    endloop
  endfacet
  facet normal -0.0954334 -0.724876 -0.682237
    outer loop
      vertex -9.67546 1.2738 1.43869
      vertex -9.79599 0.761376 2
      vertex -9.91474 0.77701 2
    endloop
  endfacet
  facet normal -0.0957478 -0.72482 -0.682253
    outer loop
      vertex -9.79599 0.761376 2
      vertex -9.67546 1.2738 1.43869
      vertex -9.65926 1.27166 1.43869
    endloop
  endfacet
  facet normal -0.580042 -0.44509 -0.682236
    outer loop
      vertex -9.39028 0.489143 2
      vertex -9.01005 0.989949 1.35
      vertex -8.78756 0.7 1.35
    endloop
  endfacet
  facet normal -0.580044 -0.445089 -0.682236
    outer loop
      vertex -9.01005 0.989949 1.35
      vertex -9.39028 0.489143 2
      vertex -9.44263 0.557366 2
    endloop
  endfacet
  facet normal -0.580059 -0.445059 -0.682242
    outer loop
      vertex -8.78756 0.7 1.35
      vertex -9.31737 0.394117 2
      vertex -9.39028 0.489143 2
    endloop
  endfacet
  facet normal 0.67537 -0.280135 -0.682203
    outer loop
      vertex -10.7155 0.314669 2
      vertex -10.7614 0.20401 2
      vertex -11.3523 0.362347 1.35
    endloop
  endfacet
  facet normal 0.724926 -0.0952308 -0.682212
    outer loop
      vertex -10.7614 0.20401 2
      vertex -10.777 0.0852579 2
      vertex -11.3523 0.362347 1.35
    endloop
  endfacet
  facet normal -0.724881 -0.0954079 -0.682236
    outer loop
      vertex -8.6477 0.362347 1.35
      vertex -9.22299 0.0852579 2
      vertex -9.23862 0.20401 2
    endloop
  endfacet
  facet normal 0.58009 0.445021 -0.68224
    outer loop
      vertex -10.6826 -0.394117 2
      vertex -10.6097 -0.489143 2
      vertex -11.2124 -0.7 1.35
    endloop
  endfacet
  facet normal 0.675508 0.279733 -0.68223
    outer loop
      vertex -11.2124 -0.7 1.35
      vertex -10.7155 -0.314669 2
      vertex -10.6826 -0.394117 2
    endloop
  endfacet
  facet normal 0.675438 0.279855 -0.682249
    outer loop
      vertex -10.7155 -0.314669 2
      vertex -11.2124 -0.7 1.35
      vertex -11.3523 -0.362347 1.35
    endloop
  endfacet
  facet normal -0.67547 0.279811 -0.682236
    outer loop
      vertex -9.23862 -0.20401 2
      vertex -8.6477 -0.362347 1.35
      vertex -9.28446 -0.314669 2
    endloop
  endfacet
  facet normal -0.724881 0.0954079 -0.682236
    outer loop
      vertex -9.22299 -0.0852579 2
      vertex -8.6477 -0.362347 1.35
      vertex -9.23862 -0.20401 2
    endloop
  endfacet
  facet normal -0.0957478 0.72482 -0.682253
    outer loop
      vertex -9.67546 -1.2738 1.43869
      vertex -9.79599 -0.761376 2
      vertex -9.65926 -1.27166 1.43869
    endloop
  endfacet
  facet normal -0.0954334 0.724876 -0.682237
    outer loop
      vertex -9.79599 -0.761376 2
      vertex -9.67546 -1.2738 1.43869
      vertex -9.91474 -0.77701 2
    endloop
  endfacet
  facet normal 0.445158 0.579991 -0.682235
    outer loop
      vertex -10.4891 -0.609716 2
      vertex -10.3941 -0.682631 2
      vertex -10.7 -1.21243 1.35
    endloop
  endfacet
  facet normal 0.67537 0.280135 -0.682203
    outer loop
      vertex -10.7614 -0.20401 2
      vertex -10.7155 -0.314669 2
      vertex -11.3523 -0.362347 1.35
    endloop
  endfacet
  facet normal -0.67547 -0.279811 -0.682236
    outer loop
      vertex -8.6477 0.362347 1.35
      vertex -9.23862 0.20401 2
      vertex -9.28446 0.314669 2
    endloop
  endfacet
  facet normal 0.579847 -0.445383 -0.682211
    outer loop
      vertex -10.8717 -1.88819 1.35
      vertex -10.2895 -2.12585 2
      vertex -10.3419 -2.19407 2
    endloop
  endfacet
  facet normal 0.580018 -0.44509 -0.682256
    outer loop
      vertex -10.2895 -2.12585 2
      vertex -10.8717 -1.88819 1.35
      vertex -10.6492 -1.59824 1.35
    endloop
  endfacet
  facet normal 0.445133 -0.579998 -0.682246
    outer loop
      vertex -10.1216 -1.95791 2
      vertex -10.2166 -2.03082 2
      vertex -10.6492 -1.59824 1.35
    endloop
  endfacet
  facet normal -0.675476 0.279793 -0.682238
    outer loop
      vertex -8.93079 -2.87165 2
      vertex -8.30696 -2.95054 1.35
      vertex -8.44682 -3.28819 1.35
    endloop
  endfacet
  facet normal -0.675474 0.279797 -0.682238
    outer loop
      vertex -8.30696 -2.95054 1.35
      vertex -8.93079 -2.87165 2
      vertex -8.89788 -2.7922 2
    endloop
  endfacet
  facet normal -0.724876 -0.09547 -0.682231
    outer loop
      vertex -8.25926 -2.58819 1.35
      vertex -8.87102 -2.58819 2
      vertex -8.88666 -2.46944 2
    endloop
  endfacet
  facet normal -0.724877 -0.0954234 -0.682237
    outer loop
      vertex -8.25926 -2.58819 1.35
      vertex -8.89788 -2.38418 2
      vertex -8.30696 -2.22584 1.35
    endloop
  endfacet
  facet normal -0.724875 -0.0953917 -0.682244
    outer loop
      vertex -8.89788 -2.38418 2
      vertex -8.25926 -2.58819 1.35
      vertex -8.88666 -2.46944 2
    endloop
  endfacet
  facet normal 0.095392 -0.724877 -0.682241
    outer loop
      vertex -9.86327 -1.82681 2
      vertex -9.67546 -1.2738 1.43869
      vertex -9.77801 -1.81559 2
    endloop
  endfacet
  facet normal 0.0954177 -0.72488 -0.682235
    outer loop
      vertex -9.67546 -1.2738 1.43869
      vertex -9.86327 -1.82681 2
      vertex -10 -1.31652 1.43869
    endloop
  endfacet
  facet normal 0.445182 0.579969 -0.682238
    outer loop
      vertex -10.3593 -3.80063 1.35
      vertex -10.1216 -3.21847 2
      vertex -10.0534 -3.27082 2
    endloop
  endfacet
  facet normal 0.445132 0.579998 -0.682246
    outer loop
      vertex -10.1216 -3.21847 2
      vertex -10.3593 -3.80063 1.35
      vertex -10.6492 -3.57814 1.35
    endloop
  endfacet
  facet normal -0.580076 0.445053 -0.682231
    outer loop
      vertex -9.02898 -3.05053 2
      vertex -8.66931 -3.57814 1.35
      vertex -9.10189 -3.14556 2
    endloop
  endfacet
  facet normal 0.445133 0.579998 -0.682246
    outer loop
      vertex -10.2166 -3.14556 2
      vertex -10.1216 -3.21847 2
      vertex -10.6492 -3.57814 1.35
    endloop
  endfacet
  facet normal 0.675422 0.279851 -0.682267
    outer loop
      vertex -11.0116 -2.95054 1.35
      vertex -10.3877 -2.87165 2
      vertex -10.8717 -3.28819 1.35
    endloop
  endfacet
  facet normal 0.675462 0.279707 -0.682287
    outer loop
      vertex -10.3877 -2.87165 2
      vertex -11.0116 -2.95054 1.35
      vertex -10.4206 -2.7922 2
    endloop
  endfacet
  facet normal -0.279798 0.675476 -0.682235
    outer loop
      vertex -9.31852 -3.85986 1.43869
      vertex -9.45525 -3.34957 2
      vertex -9.3758 -3.31666 2
    endloop
  endfacet
  facet normal -0.279799 0.675476 -0.682235
    outer loop
      vertex -9.0161 -3.73459 1.43869
      vertex -9.31852 -3.85986 1.43869
      vertex -9.3758 -3.31666 2
    endloop
  endfacet
  facet normal -0.279808 0.67547 -0.682237
    outer loop
      vertex -9.0161 -3.73459 1.43869
      vertex -9.3758 -3.31666 2
      vertex -9.26514 -3.27082 2
    endloop
  endfacet
  facet normal -0.279993 0.675383 -0.682247
    outer loop
      vertex -9.001 -3.72833 1.43869
      vertex -9.0161 -3.73459 1.43869
      vertex -9.26514 -3.27082 2
    endloop
  endfacet
  facet normal 0.279798 0.675476 -0.682235
    outer loop
      vertex -10.0216 -3.94049 1.35
      vertex -9.94272 -3.31666 2
      vertex -9.86327 -3.34957 2
    endloop
  endfacet
  facet normal 0.279756 0.675488 -0.682241
    outer loop
      vertex -9.94272 -3.31666 2
      vertex -10.0216 -3.94049 1.35
      vertex -10.3593 -3.80063 1.35
    endloop
  endfacet
  facet normal 0.445182 -0.579969 -0.682238
    outer loop
      vertex -10.1216 -1.95791 2
      vertex -10.3593 -1.37575 1.35
      vertex -10.0534 -1.90556 2
    endloop
  endfacet
  facet normal 0.445132 -0.579998 -0.682246
    outer loop
      vertex -10.3593 -1.37575 1.35
      vertex -10.1216 -1.95791 2
      vertex -10.6492 -1.59824 1.35
    endloop
  endfacet
  facet normal 0.580101 -0.445011 -0.682238
    outer loop
      vertex -10.2166 -2.03082 2
      vertex -10.2895 -2.12585 2
      vertex -10.6492 -1.59824 1.35
    endloop
  endfacet
  facet normal 0.724871 -0.0952252 -0.682271
    outer loop
      vertex -10.4319 -2.46944 2
      vertex -10.4475 -2.58819 2
      vertex -11.0593 -2.58819 1.35
    endloop
  endfacet
  facet normal -0.675467 -0.279807 -0.682241
    outer loop
      vertex -8.44682 -1.88819 1.35
      vertex -8.93079 -2.30473 2
      vertex -8.97663 -2.19407 2
    endloop
  endfacet
  facet normal -0.675474 -0.279797 -0.682238
    outer loop
      vertex -8.93079 -2.30473 2
      vertex -8.30696 -2.22584 1.35
      vertex -8.89788 -2.38418 2
    endloop
  endfacet
  facet normal -0.675476 -0.279793 -0.682238
    outer loop
      vertex -8.30696 -2.22584 1.35
      vertex -8.93079 -2.30473 2
      vertex -8.44682 -1.88819 1.35
    endloop
  endfacet
  facet normal 0.279763 -0.675484 -0.682242
    outer loop
      vertex -9.94272 -1.85972 2
      vertex -10.0534 -1.90556 2
      vertex -10.3593 -1.37575 1.35
    endloop
  endfacet
  facet normal -0.445087 -0.58004 -0.682239
    outer loop
      vertex -9.19692 -1.95791 2
      vertex -8.95926 -1.37575 1.35
      vertex -8.66931 -1.59824 1.35
    endloop
  endfacet
  facet normal -0.4451 -0.580033 -0.682237
    outer loop
      vertex -8.95926 -1.37575 1.35
      vertex -9.19692 -1.95791 2
      vertex -9.26514 -1.90556 2
    endloop
  endfacet
  facet normal 0.0953917 0.724875 -0.682244
    outer loop
      vertex -9.65926 -3.98819 1.35
      vertex -9.86327 -3.34957 2
      vertex -9.77801 -3.36079 2
    endloop
  endfacet
  facet normal 0.095426 0.724878 -0.682236
    outer loop
      vertex -9.86327 -3.34957 2
      vertex -9.65926 -3.98819 1.35
      vertex -10.0216 -3.94049 1.35
    endloop
  endfacet
  facet normal 0.279798 -0.675476 -0.682235
    outer loop
      vertex -9.94272 -1.85972 2
      vertex -10 -1.31652 1.43869
      vertex -9.86327 -1.82681 2
    endloop
  endfacet
  facet normal 0.279815 -0.675472 -0.682233
    outer loop
      vertex -9.94272 -1.85972 2
      vertex -10.317 -1.35826 1.35
      vertex -10 -1.31652 1.43869
    endloop
  endfacet
  facet normal 0.279389 -0.67571 -0.682171
    outer loop
      vertex -10.317 -1.35826 1.35
      vertex -9.94272 -1.85972 2
      vertex -10.3593 -1.37575 1.35
    endloop
  endfacet
  facet normal -0.724875 0.0953917 -0.682244
    outer loop
      vertex -8.25926 -2.58819 1.35
      vertex -8.89788 -2.7922 2
      vertex -8.88666 -2.70694 2
    endloop
  endfacet
  facet normal -0.724877 0.0954234 -0.682237
    outer loop
      vertex -8.89788 -2.7922 2
      vertex -8.25926 -2.58819 1.35
      vertex -8.30696 -2.95054 1.35
    endloop
  endfacet
  facet normal -0.724876 0.09547 -0.682231
    outer loop
      vertex -8.87102 -2.58819 2
      vertex -8.25926 -2.58819 1.35
      vertex -8.88666 -2.70694 2
    endloop
  endfacet
  facet normal 0.0954704 -0.724879 -0.682229
    outer loop
      vertex -9.67546 -1.2738 1.43869
      vertex -9.65926 -1.79995 2
      vertex -9.77801 -1.81559 2
    endloop
  endfacet
  facet normal 0.0957525 -0.724855 -0.682214
    outer loop
      vertex -9.65926 -1.79995 2
      vertex -9.67546 -1.2738 1.43869
      vertex -9.65926 -1.27166 1.43869
    endloop
  endfacet
  facet normal 0.724889 0.0960737 -0.682133
    outer loop
      vertex -10.4206 -2.7922 2
      vertex -11.0593 -2.58819 1.35
      vertex -10.4319 -2.70694 2
    endloop
  endfacet
  facet normal 0.724833 0.0954176 -0.682284
    outer loop
      vertex -11.0593 -2.58819 1.35
      vertex -10.4206 -2.7922 2
      vertex -11.0116 -2.95054 1.35
    endloop
  endfacet
  facet normal -0.279807 -0.675467 -0.682241
    outer loop
      vertex -8.95926 -1.37575 1.35
      vertex -9.26514 -1.90556 2
      vertex -9.3758 -1.85972 2
    endloop
  endfacet
  facet normal -0.095393 0.724885 -0.682233
    outer loop
      vertex -9.31852 -3.85986 1.43869
      vertex -9.54051 -3.36079 2
      vertex -9.45525 -3.34957 2
    endloop
  endfacet
  facet normal -0.0954181 0.724878 -0.682237
    outer loop
      vertex -9.61394 -3.98222 1.35
      vertex -9.54051 -3.36079 2
      vertex -9.31852 -3.85986 1.43869
    endloop
  endfacet
  facet normal -0.095488 0.724877 -0.682228
    outer loop
      vertex -9.54051 -3.36079 2
      vertex -9.61394 -3.98222 1.35
      vertex -9.65926 -3.98819 1.35
    endloop
  endfacet
  facet normal 0.580101 0.445011 -0.682238
    outer loop
      vertex -10.2895 -3.05053 2
      vertex -10.2166 -3.14556 2
      vertex -10.6492 -3.57814 1.35
    endloop
  endfacet
  facet normal -0.0954698 -0.724875 -0.682233
    outer loop
      vertex -9.65926 -1.27166 1.43869
      vertex -9.54051 -1.81559 2
      vertex -9.65926 -1.79995 2
    endloop
  endfacet
  facet normal -0.0957179 -0.724884 -0.682189
    outer loop
      vertex -9.54051 -1.81559 2
      vertex -9.65926 -1.27166 1.43869
      vertex -9.64384 -1.26964 1.43438
    endloop
  endfacet
  facet normal 0.580018 0.44509 -0.682256
    outer loop
      vertex -10.8717 -3.28819 1.35
      vertex -10.2895 -3.05053 2
      vertex -10.6492 -3.57814 1.35
    endloop
  endfacet
  facet normal 0.579847 0.445383 -0.682211
    outer loop
      vertex -10.2895 -3.05053 2
      vertex -10.8717 -3.28819 1.35
      vertex -10.3419 -2.98231 2
    endloop
  endfacet
  facet normal -0.675467 0.279807 -0.682241
    outer loop
      vertex -8.93079 -2.87165 2
      vertex -8.44682 -3.28819 1.35
      vertex -8.97663 -2.98231 2
    endloop
  endfacet
  facet normal 0.675462 -0.279707 -0.682287
    outer loop
      vertex -11.0116 -2.22584 1.35
      vertex -10.3877 -2.30473 2
      vertex -10.4206 -2.38418 2
    endloop
  endfacet
  facet normal 0.675422 -0.279851 -0.682267
    outer loop
      vertex -10.3877 -2.30473 2
      vertex -11.0116 -2.22584 1.35
      vertex -10.8717 -1.88819 1.35
    endloop
  endfacet
  facet normal -0.445053 -0.580076 -0.682231
    outer loop
      vertex -8.66931 -1.59824 1.35
      vertex -9.10189 -2.03082 2
      vertex -9.19692 -1.95791 2
    endloop
  endfacet
  facet normal 0.279763 0.675484 -0.682242
    outer loop
      vertex -10.0534 -3.27082 2
      vertex -9.94272 -3.31666 2
      vertex -10.3593 -3.80063 1.35
    endloop
  endfacet
  facet normal -0.580033 -0.4451 -0.682237
    outer loop
      vertex -9.02898 -2.12585 2
      vertex -8.44682 -1.88819 1.35
      vertex -8.97663 -2.19407 2
    endloop
  endfacet
  facet normal -0.58004 -0.445087 -0.682239
    outer loop
      vertex -8.44682 -1.88819 1.35
      vertex -9.02898 -2.12585 2
      vertex -8.66931 -1.59824 1.35
    endloop
  endfacet
  facet normal -0.445104 0.580038 -0.682231
    outer loop
      vertex -9.001 -3.72833 1.43869
      vertex -9.26514 -3.27082 2
      vertex -9.19692 -3.21847 2
    endloop
  endfacet
  facet normal -0.44507 0.580053 -0.68224
    outer loop
      vertex -9.19692 -3.21847 2
      vertex -8.70557 -3.60597 1.35
      vertex -8.98663 -3.72238 1.43438
    endloop
  endfacet
  facet normal -0.44486 0.580177 -0.682272
    outer loop
      vertex -9.19692 -3.21847 2
      vertex -8.98663 -3.72238 1.43438
      vertex -9.001 -3.72833 1.43869
    endloop
  endfacet
  facet normal -0.445143 0.579982 -0.682253
    outer loop
      vertex -8.70557 -3.60597 1.35
      vertex -9.19692 -3.21847 2
      vertex -8.66931 -3.57814 1.35
    endloop
  endfacet
  facet normal -0.58004 0.445087 -0.682239
    outer loop
      vertex -9.02898 -3.05053 2
      vertex -8.44682 -3.28819 1.35
      vertex -8.66931 -3.57814 1.35
    endloop
  endfacet
  facet normal -0.580033 0.4451 -0.682237
    outer loop
      vertex -8.44682 -3.28819 1.35
      vertex -9.02898 -3.05053 2
      vertex -8.97663 -2.98231 2
    endloop
  endfacet
  facet normal -0.580076 -0.445053 -0.682231
    outer loop
      vertex -8.66931 -1.59824 1.35
      vertex -9.02898 -2.12585 2
      vertex -9.10189 -2.03082 2
    endloop
  endfacet
  facet normal 0.675571 0.279606 -0.68222
    outer loop
      vertex -10.3877 -2.87165 2
      vertex -10.3419 -2.98231 2
      vertex -10.8717 -3.28819 1.35
    endloop
  endfacet
  facet normal 0.0954088 0.724875 -0.682241
    outer loop
      vertex -9.65926 -3.37642 2
      vertex -9.65926 -3.98819 1.35
      vertex -9.77801 -3.36079 2
    endloop
  endfacet
  facet normal -0.0954088 0.724875 -0.682241
    outer loop
      vertex -9.65926 -3.37642 2
      vertex -9.54051 -3.36079 2
      vertex -9.65926 -3.98819 1.35
    endloop
  endfacet
  facet normal -0.279793 -0.675476 -0.682238
    outer loop
      vertex -9.3758 -1.85972 2
      vertex -9.29691 -1.23589 1.35
      vertex -8.95926 -1.37575 1.35
    endloop
  endfacet
  facet normal -0.279797 -0.675474 -0.682238
    outer loop
      vertex -9.29691 -1.23589 1.35
      vertex -9.3758 -1.85972 2
      vertex -9.45525 -1.82681 2
    endloop
  endfacet
  facet normal 0.675571 -0.279606 -0.68222
    outer loop
      vertex -10.3419 -2.19407 2
      vertex -10.3877 -2.30473 2
      vertex -10.8717 -1.88819 1.35
    endloop
  endfacet
  facet normal -0.095392 -0.724877 -0.682242
    outer loop
      vertex -9.64384 -1.26964 1.43438
      vertex -9.45525 -1.82681 2
      vertex -9.54051 -1.81559 2
    endloop
  endfacet
  facet normal -0.0954274 -0.72488 -0.682233
    outer loop
      vertex -9.64384 -1.26964 1.43438
      vertex -9.34223 -1.22993 1.35
      vertex -9.45525 -1.82681 2
    endloop
  endfacet
  facet normal -0.0953305 -0.724896 -0.682231
    outer loop
      vertex -9.45525 -1.82681 2
      vertex -9.34223 -1.22993 1.35
      vertex -9.29691 -1.23589 1.35
    endloop
  endfacet
  facet normal 0.724889 -0.0960737 -0.682133
    outer loop
      vertex -11.0593 -2.58819 1.35
      vertex -10.4206 -2.38418 2
      vertex -10.4319 -2.46944 2
    endloop
  endfacet
  facet normal 0.724833 -0.0954176 -0.682284
    outer loop
      vertex -10.4206 -2.38418 2
      vertex -11.0593 -2.58819 1.35
      vertex -11.0116 -2.22584 1.35
    endloop
  endfacet
  facet normal 0.724871 0.0952252 -0.682271
    outer loop
      vertex -10.4475 -2.58819 2
      vertex -10.4319 -2.70694 2
      vertex -11.0593 -2.58819 1.35
    endloop
  endfacet
  facet normal -0.445053 0.580076 -0.682231
    outer loop
      vertex -9.10189 -3.14556 2
      vertex -8.66931 -3.57814 1.35
      vertex -9.19692 -3.21847 2
    endloop
  endfacet
  facet normal -0.724876 -0.0954432 -0.682235
    outer loop
      vertex -7.26025 -5 1.35
      vertex -7.88324 -4.91474 2
      vertex -7.30796 -4.63765 1.35
    endloop
  endfacet
  facet normal -0.724876 -0.0953919 -0.682242
    outer loop
      vertex -7.88324 -4.91474 2
      vertex -7.26025 -5 1.35
      vertex -7.87202 -5 2
    endloop
  endfacet
  facet normal 0.580068 -0.445062 -0.682232
    outer loop
      vertex -9.26997 -4.51086 2
      vertex -9.6502 -4.01005 1.35
      vertex -9.21762 -4.44263 2
    endloop
  endfacet
  facet normal 0.580042 -0.445089 -0.682237
    outer loop
      vertex -9.6502 -4.01005 1.35
      vertex -9.26997 -4.51086 2
      vertex -9.87269 -4.3 1.35
    endloop
  endfacet
  facet normal 0.445071 -0.580052 -0.68224
    outer loop
      vertex -9.12259 -4.36972 2
      vertex -9.61394 -3.98222 1.35
      vertex -9.31852 -3.85986 1.43869
    endloop
  endfacet
  facet normal 0.445143 -0.579982 -0.682253
    outer loop
      vertex -9.61394 -3.98222 1.35
      vertex -9.12259 -4.36972 2
      vertex -9.6502 -4.01005 1.35
    endloop
  endfacet
  facet normal 0.445101 -0.580035 -0.682235
    outer loop
      vertex -9.31852 -3.85986 1.43869
      vertex -9.05437 -4.31737 2
      vertex -9.12259 -4.36972 2
    endloop
  endfacet
  facet normal -0.445079 -0.580049 -0.682237
    outer loop
      vertex -7.6703 -4.01005 1.35
      vertex -8.10289 -4.44263 2
      vertex -8.19791 -4.36972 2
    endloop
  endfacet
  facet normal -0.675474 -0.279797 -0.682238
    outer loop
      vertex -7.93179 -4.71654 2
      vertex -7.30796 -4.63765 1.35
      vertex -7.89888 -4.79599 2
    endloop
  endfacet
  facet normal -0.675476 -0.279793 -0.682238
    outer loop
      vertex -7.30796 -4.63765 1.35
      vertex -7.93179 -4.71654 2
      vertex -7.44782 -4.3 1.35
    endloop
  endfacet
  facet normal 0.280002 -0.675403 -0.682224
    outer loop
      vertex -8.86426 -4.23862 2
      vertex -9.0161 -3.73459 1.43869
      vertex -9.001 -3.72833 1.43869
    endloop
  endfacet
  facet normal 0.279809 -0.675473 -0.682234
    outer loop
      vertex -9.0161 -3.73459 1.43869
      vertex -8.86426 -4.23862 2
      vertex -8.97492 -4.28446 2
    endloop
  endfacet
  facet normal 0.445053 -0.580076 -0.682231
    outer loop
      vertex -9.12259 -4.36972 2
      vertex -9.21762 -4.44263 2
      vertex -9.6502 -4.01005 1.35
    endloop
  endfacet
  facet normal -0.724876 0.0953919 -0.682242
    outer loop
      vertex -7.26025 -5 1.35
      vertex -7.88324 -5.08526 2
      vertex -7.87202 -5 2
    endloop
  endfacet
  facet normal -0.724876 0.0954432 -0.682235
    outer loop
      vertex -7.88324 -5.08526 2
      vertex -7.26025 -5 1.35
      vertex -7.30796 -5.36235 1.35
    endloop
  endfacet
  facet normal 0.675524 0.279713 -0.682223
    outer loop
      vertex -10.0125 -5.36235 1.35
      vertex -9.38872 -5.28346 2
      vertex -9.87269 -5.7 1.35
    endloop
  endfacet
  facet normal 0.675498 0.279807 -0.68221
    outer loop
      vertex -9.38872 -5.28346 2
      vertex -10.0125 -5.36235 1.35
      vertex -9.42163 -5.20401 2
    endloop
  endfacet
  facet normal 0.445103 0.580036 -0.682233
    outer loop
      vertex -9.36025 -6.21243 1.35
      vertex -9.12259 -5.63028 2
      vertex -9.05437 -5.68263 2
    endloop
  endfacet
  facet normal 0.445076 0.580052 -0.682237
    outer loop
      vertex -9.12259 -5.63028 2
      vertex -9.36025 -6.21243 1.35
      vertex -9.6502 -5.98995 1.35
    endloop
  endfacet
  facet normal 0.0954095 0.72488 -0.682236
    outer loop
      vertex -8.86426 -5.76138 2
      vertex -8.74551 -5.77701 2
      vertex -9.0226 -6.3523 1.35
    endloop
  endfacet
  facet normal 0.0954102 -0.724879 -0.682237
    outer loop
      vertex -8.70557 -3.60597 1.35
      vertex -8.74551 -4.22299 2
      vertex -8.98663 -3.72238 1.43438
    endloop
  endfacet
  facet normal 0.0954769 -0.724876 -0.682231
    outer loop
      vertex -8.74551 -4.22299 2
      vertex -8.70557 -3.60597 1.35
      vertex -8.66025 -4.21176 2
    endloop
  endfacet
  facet normal 0.0954877 -0.724875 -0.68223
    outer loop
      vertex -8.66025 -4.21176 2
      vertex -8.70557 -3.60597 1.35
      vertex -8.66025 -3.6 1.35
    endloop
  endfacet
  facet normal -0.675497 -0.279758 -0.682231
    outer loop
      vertex -7.44782 -4.3 1.35
      vertex -7.93179 -4.71654 2
      vertex -7.97762 -4.60588 2
    endloop
  endfacet
  facet normal -0.445087 -0.58004 -0.682239
    outer loop
      vertex -8.19791 -4.36972 2
      vertex -7.96025 -3.78756 1.35
      vertex -7.6703 -4.01005 1.35
    endloop
  endfacet
  facet normal -0.445055 -0.580059 -0.682245
    outer loop
      vertex -7.96025 -3.78756 1.35
      vertex -8.19791 -4.36972 2
      vertex -8.26614 -4.31737 2
    endloop
  endfacet
  facet normal 0.724848 -0.0954732 -0.682261
    outer loop
      vertex -10.0603 -5 1.35
      vertex -9.43726 -4.91474 2
      vertex -9.44849 -5 2
    endloop
  endfacet
  facet normal 0.724848 -0.0956195 -0.682241
    outer loop
      vertex -9.43726 -4.91474 2
      vertex -10.0603 -5 1.35
      vertex -10.0125 -4.63765 1.35
    endloop
  endfacet
  facet normal 0.0953919 0.724876 -0.682242
    outer loop
      vertex -8.66025 -6.4 1.35
      vertex -8.74551 -5.77701 2
      vertex -8.66025 -5.78823 2
    endloop
  endfacet
  facet normal 0.0954232 0.724876 -0.682238
    outer loop
      vertex -8.74551 -5.77701 2
      vertex -8.66025 -6.4 1.35
      vertex -9.0226 -6.3523 1.35
    endloop
  endfacet
  facet normal 0.675497 -0.279758 -0.682231
    outer loop
      vertex -9.34289 -4.60588 2
      vertex -9.38872 -4.71654 2
      vertex -9.87269 -4.3 1.35
    endloop
  endfacet
  facet normal 0.279798 -0.675476 -0.682236
    outer loop
      vertex -9.31852 -3.85986 1.43869
      vertex -8.97492 -4.28446 2
      vertex -9.05437 -4.31737 2
    endloop
  endfacet
  facet normal 0.279799 -0.675475 -0.682236
    outer loop
      vertex -8.97492 -4.28446 2
      vertex -9.31852 -3.85986 1.43869
      vertex -9.0161 -3.73459 1.43869
    endloop
  endfacet
  facet normal -0.580024 0.445121 -0.682231
    outer loop
      vertex -7.97762 -5.39412 2
      vertex -7.44782 -5.7 1.35
      vertex -8.05054 -5.48914 2
    endloop
  endfacet
  facet normal 0.675498 -0.279807 -0.68221
    outer loop
      vertex -10.0125 -4.63765 1.35
      vertex -9.38872 -4.71654 2
      vertex -9.42163 -4.79599 2
    endloop
  endfacet
  facet normal 0.675524 -0.279713 -0.682223
    outer loop
      vertex -9.38872 -4.71654 2
      vertex -10.0125 -4.63765 1.35
      vertex -9.87269 -4.3 1.35
    endloop
  endfacet
  facet normal -0.279809 -0.675473 -0.682234
    outer loop
      vertex -8.29791 -3.6477 1.35
      vertex -8.34558 -4.28446 2
      vertex -8.45624 -4.23862 2
    endloop
  endfacet
  facet normal -0.0954257 0.724875 -0.682239
    outer loop
      vertex -8.66025 -6.4 1.35
      vertex -8.575 -5.77701 2
      vertex -8.29791 -6.3523 1.35
    endloop
  endfacet
  facet normal -0.095403 0.724876 -0.682242
    outer loop
      vertex -8.575 -5.77701 2
      vertex -8.66025 -6.4 1.35
      vertex -8.66025 -5.78823 2
    endloop
  endfacet
  facet normal 0.580068 0.445062 -0.682232
    outer loop
      vertex -9.6502 -5.98995 1.35
      vertex -9.26997 -5.48914 2
      vertex -9.21762 -5.55737 2
    endloop
  endfacet
  facet normal 0.580042 0.445089 -0.682237
    outer loop
      vertex -9.26997 -5.48914 2
      vertex -9.6502 -5.98995 1.35
      vertex -9.87269 -5.7 1.35
    endloop
  endfacet
  facet normal -0.445027 0.580101 -0.682227
    outer loop
      vertex -7.7423 -5.94087 1.43869
      vertex -8.10289 -5.55737 2
      vertex -7.72933 -5.93092 1.43869
    endloop
  endfacet
  facet normal -0.445082 0.580054 -0.682231
    outer loop
      vertex -8.10289 -5.55737 2
      vertex -7.7423 -5.94087 1.43869
      vertex -8.19791 -5.63028 2
    endloop
  endfacet
  facet normal -0.279824 -0.675456 -0.682244
    outer loop
      vertex -8.34558 -4.28446 2
      vertex -7.96025 -3.78756 1.35
      vertex -8.26614 -4.31737 2
    endloop
  endfacet
  facet normal -0.279786 -0.675478 -0.682238
    outer loop
      vertex -7.96025 -3.78756 1.35
      vertex -8.34558 -4.28446 2
      vertex -8.29791 -3.6477 1.35
    endloop
  endfacet
  facet normal 0.0955088 -0.724861 -0.682242
    outer loop
      vertex -8.98663 -3.72238 1.43438
      vertex -8.86426 -4.23862 2
      vertex -9.001 -3.72833 1.43869
    endloop
  endfacet
  facet normal 0.0954094 -0.724879 -0.682237
    outer loop
      vertex -8.86426 -4.23862 2
      vertex -8.98663 -3.72238 1.43438
      vertex -8.74551 -4.22299 2
    endloop
  endfacet
  facet normal 0.580024 0.445121 -0.682231
    outer loop
      vertex -9.34289 -5.39412 2
      vertex -9.26997 -5.48914 2
      vertex -9.87269 -5.7 1.35
    endloop
  endfacet
  facet normal 0.27981 0.67547 -0.682236
    outer loop
      vertex -9.36025 -6.21243 1.35
      vertex -8.97492 -5.71554 2
      vertex -9.0226 -6.3523 1.35
    endloop
  endfacet
  facet normal 0.279798 0.675477 -0.682234
    outer loop
      vertex -8.97492 -5.71554 2
      vertex -9.36025 -6.21243 1.35
      vertex -9.05437 -5.68263 2
    endloop
  endfacet
  facet normal -0.095488 -0.724875 -0.68223
    outer loop
      vertex -8.66025 -3.6 1.35
      vertex -8.575 -4.22299 2
      vertex -8.66025 -4.21176 2
    endloop
  endfacet
  facet normal -0.0954257 -0.724875 -0.682239
    outer loop
      vertex -8.575 -4.22299 2
      vertex -8.66025 -3.6 1.35
      vertex -8.29791 -3.6477 1.35
    endloop
  endfacet
  facet normal 0.724908 -0.0954131 -0.682206
    outer loop
      vertex -9.42163 -4.79599 2
      vertex -9.43726 -4.91474 2
      vertex -10.0125 -4.63765 1.35
    endloop
  endfacet
  facet normal -0.445091 0.580045 -0.682233
    outer loop
      vertex -8.00199 -6.14014 1.43869
      vertex -8.19791 -5.63028 2
      vertex -7.7423 -5.94087 1.43869
    endloop
  endfacet
  facet normal -0.445058 0.580064 -0.682238
    outer loop
      vertex -8.19791 -5.63028 2
      vertex -8.00199 -6.14014 1.43869
      vertex -8.26614 -5.68263 2
    endloop
  endfacet
  facet normal -0.580037 0.445093 -0.682238
    outer loop
      vertex -8.05054 -5.48914 2
      vertex -7.47564 -5.73626 1.35
      vertex -7.72933 -5.93092 1.43869
    endloop
  endfacet
  facet normal -0.580065 0.445047 -0.682245
    outer loop
      vertex -7.47564 -5.73626 1.35
      vertex -8.05054 -5.48914 2
      vertex -7.44782 -5.7 1.35
    endloop
  endfacet
  facet normal -0.580069 0.445062 -0.682232
    outer loop
      vertex -8.05054 -5.48914 2
      vertex -7.72933 -5.93092 1.43869
      vertex -8.10289 -5.55737 2
    endloop
  endfacet
  facet normal -0.279809 0.675473 -0.682234
    outer loop
      vertex -8.34558 -5.71554 2
      vertex -8.29791 -6.3523 1.35
      vertex -8.45624 -5.76138 2
    endloop
  endfacet
  facet normal 0.580024 -0.445121 -0.682231
    outer loop
      vertex -9.26997 -4.51086 2
      vertex -9.34289 -4.60588 2
      vertex -9.87269 -4.3 1.35
    endloop
  endfacet
  facet normal 0.675497 0.279758 -0.682231
    outer loop
      vertex -9.38872 -5.28346 2
      vertex -9.34289 -5.39412 2
      vertex -9.87269 -5.7 1.35
    endloop
  endfacet
  facet normal 0.724848 0.0954732 -0.682261
    outer loop
      vertex -9.43726 -5.08526 2
      vertex -10.0603 -5 1.35
      vertex -9.44849 -5 2
    endloop
  endfacet
  facet normal 0.724848 0.0956195 -0.682241
    outer loop
      vertex -10.0603 -5 1.35
      vertex -9.43726 -5.08526 2
      vertex -10.0125 -5.36235 1.35
    endloop
  endfacet
  facet normal 0.279808 0.675471 -0.682237
    outer loop
      vertex -8.97492 -5.71554 2
      vertex -8.86426 -5.76138 2
      vertex -9.0226 -6.3523 1.35
    endloop
  endfacet
  facet normal -0.279797 0.675479 -0.682233
    outer loop
      vertex -8.34558 -5.71554 2
      vertex -8.00199 -6.14014 1.43869
      vertex -8.25568 -6.3348 1.35
    endloop
  endfacet
  facet normal -0.279904 0.675449 -0.682218
    outer loop
      vertex -8.34558 -5.71554 2
      vertex -8.25568 -6.3348 1.35
      vertex -8.29791 -6.3523 1.35
    endloop
  endfacet
  facet normal -0.279827 0.675462 -0.682238
    outer loop
      vertex -8.00199 -6.14014 1.43869
      vertex -8.34558 -5.71554 2
      vertex -8.26614 -5.68263 2
    endloop
  endfacet
  facet normal 0.445053 0.580076 -0.682231
    outer loop
      vertex -9.21762 -5.55737 2
      vertex -9.12259 -5.63028 2
      vertex -9.6502 -5.98995 1.35
    endloop
  endfacet
  facet normal -0.724869 -0.095469 -0.68224
    outer loop
      vertex -7.30796 -4.63765 1.35
      vertex -7.88324 -4.91474 2
      vertex -7.89888 -4.79599 2
    endloop
  endfacet
  facet normal -0.580049 -0.445075 -0.68224
    outer loop
      vertex -8.05054 -4.51086 2
      vertex -7.6703 -4.01005 1.35
      vertex -7.44782 -4.3 1.35
    endloop
  endfacet
  facet normal -0.580065 -0.445059 -0.682237
    outer loop
      vertex -7.6703 -4.01005 1.35
      vertex -8.05054 -4.51086 2
      vertex -8.10289 -4.44263 2
    endloop
  endfacet
  facet normal -0.0954018 0.724882 -0.682235
    outer loop
      vertex -8.45624 -5.76138 2
      vertex -8.29791 -6.3523 1.35
      vertex -8.575 -5.77701 2
    endloop
  endfacet
  facet normal -0.675476 0.279793 -0.682238
    outer loop
      vertex -7.93179 -5.28346 2
      vertex -7.30796 -5.36235 1.35
      vertex -7.44782 -5.7 1.35
    endloop
  endfacet
  facet normal -0.675474 0.279797 -0.682238
    outer loop
      vertex -7.30796 -5.36235 1.35
      vertex -7.93179 -5.28346 2
      vertex -7.89888 -5.20401 2
    endloop
  endfacet
  facet normal -0.724869 0.095469 -0.68224
    outer loop
      vertex -7.88324 -5.08526 2
      vertex -7.30796 -5.36235 1.35
      vertex -7.89888 -5.20401 2
    endloop
  endfacet
  facet normal 0.724908 0.0954131 -0.682206
    outer loop
      vertex -9.43726 -5.08526 2
      vertex -9.42163 -5.20401 2
      vertex -10.0125 -5.36235 1.35
    endloop
  endfacet
  facet normal -0.580024 -0.445121 -0.682231
    outer loop
      vertex -7.44782 -4.3 1.35
      vertex -7.97762 -4.60588 2
      vertex -8.05054 -4.51086 2
    endloop
  endfacet
  facet normal -0.0954018 -0.724882 -0.682235
    outer loop
      vertex -8.29791 -3.6477 1.35
      vertex -8.45624 -4.23862 2
      vertex -8.575 -4.22299 2
    endloop
  endfacet
  facet normal -0.675497 0.279758 -0.682231
    outer loop
      vertex -7.93179 -5.28346 2
      vertex -7.44782 -5.7 1.35
      vertex -7.97762 -5.39412 2
    endloop
  endfacet
  facet normal -0.724876 -0.0954232 -0.682238
    outer loop
      vertex -5.67107 -7.07107 1.35
      vertex -6.29406 -6.98581 2
      vertex -5.71877 -6.70872 1.35
    endloop
  endfacet
  facet normal -0.724876 -0.0954769 -0.682231
    outer loop
      vertex -6.29406 -6.98581 2
      vertex -5.67107 -7.07107 1.35
      vertex -6.28283 -7.07107 2
    endloop
  endfacet
  facet normal 0.279825 -0.675456 -0.682244
    outer loop
      vertex -7.72933 -5.93092 1.43869
      vertex -7.38574 -6.35553 2
      vertex -7.46518 -6.38844 2
    endloop
  endfacet
  facet normal 0.279759 -0.675485 -0.682243
    outer loop
      vertex -7.38574 -6.35553 2
      vertex -7.47564 -5.73626 1.35
      vertex -7.43341 -5.71877 1.35
    endloop
  endfacet
  facet normal 0.279792 -0.675476 -0.682239
    outer loop
      vertex -7.38574 -6.35553 2
      vertex -7.72933 -5.93092 1.43869
      vertex -7.47564 -5.73626 1.35
    endloop
  endfacet
  facet normal 0.445099 -0.580031 -0.682239
    outer loop
      vertex -8.00199 -6.14014 1.43869
      vertex -7.56021 -6.46135 2
      vertex -7.62843 -6.5137 2
    endloop
  endfacet
  facet normal 0.445088 -0.580042 -0.682237
    outer loop
      vertex -7.56021 -6.46135 2
      vertex -8.00199 -6.14014 1.43869
      vertex -7.7423 -5.94087 1.43869
    endloop
  endfacet
  facet normal 0.0954096 -0.724881 -0.682235
    outer loop
      vertex -7.15633 -6.29406 2
      vertex -7.27508 -6.30969 2
      vertex -7.43341 -5.71877 1.35
    endloop
  endfacet
  facet normal -0.279796 -0.675472 -0.68224
    outer loop
      vertex -6.7564 -6.35553 2
      vertex -6.37107 -5.85863 1.35
      vertex -6.67695 -6.38844 2
    endloop
  endfacet
  facet normal -0.279792 -0.675474 -0.682239
    outer loop
      vertex -6.37107 -5.85863 1.35
      vertex -6.7564 -6.35553 2
      vertex -6.70872 -5.71877 1.35
    endloop
  endfacet
  facet normal 0.445075 0.580049 -0.68224
    outer loop
      vertex -8.06102 -8.06102 1.35
      vertex -7.56021 -7.68078 2
      vertex -7.77107 -8.2835 1.35
    endloop
  endfacet
  facet normal 0.445096 0.580028 -0.682244
    outer loop
      vertex -7.56021 -7.68078 2
      vertex -8.06102 -8.06102 1.35
      vertex -7.62843 -7.62843 2
    endloop
  endfacet
  facet normal 0.0954258 -0.724876 -0.682238
    outer loop
      vertex -7.07107 -5.67107 1.35
      vertex -7.15633 -6.29406 2
      vertex -7.43341 -5.71877 1.35
    endloop
  endfacet
  facet normal 0.0954769 -0.724876 -0.682231
    outer loop
      vertex -7.15633 -6.29406 2
      vertex -7.07107 -5.67107 1.35
      vertex -7.07107 -6.28283 2
    endloop
  endfacet
  facet normal -0.675476 0.279792 -0.682239
    outer loop
      vertex -6.35553 -7.38574 2
      vertex -5.73626 -7.47564 1.35
      vertex -5.93092 -7.72933 1.43869
    endloop
  endfacet
  facet normal -0.675485 0.279759 -0.682243
    outer loop
      vertex -5.73626 -7.47564 1.35
      vertex -6.35553 -7.38574 2
      vertex -5.71877 -7.43341 1.35
    endloop
  endfacet
  facet normal -0.675456 0.279825 -0.682244
    outer loop
      vertex -6.35553 -7.38574 2
      vertex -5.93092 -7.72933 1.43869
      vertex -6.38844 -7.46518 2
    endloop
  endfacet
  facet normal -0.279808 -0.675471 -0.682237
    outer loop
      vertex -6.70872 -5.71877 1.35
      vertex -6.7564 -6.35553 2
      vertex -6.86706 -6.30969 2
    endloop
  endfacet
  facet normal -0.724876 0.0954769 -0.682231
    outer loop
      vertex -5.67107 -7.07107 1.35
      vertex -6.29406 -7.15633 2
      vertex -6.28283 -7.07107 2
    endloop
  endfacet
  facet normal -0.724876 0.0954258 -0.682238
    outer loop
      vertex -6.29406 -7.15633 2
      vertex -5.67107 -7.07107 1.35
      vertex -5.71877 -7.43341 1.35
    endloop
  endfacet
  facet normal 0.580045 -0.44509 -0.682234
    outer loop
      vertex -7.68078 -6.58192 2
      vertex -7.7537 -6.67695 2
      vertex -8.2835 -6.37107 1.35
    endloop
  endfacet
  facet normal 0.724876 -0.0953919 -0.682242
    outer loop
      vertex -8.47107 -7.07107 1.35
      vertex -7.84808 -6.98581 2
      vertex -7.8593 -7.07107 2
    endloop
  endfacet
  facet normal 0.724876 -0.0954432 -0.682235
    outer loop
      vertex -7.84808 -6.98581 2
      vertex -8.47107 -7.07107 1.35
      vertex -8.42336 -6.70872 1.35
    endloop
  endfacet
  facet normal -0.445101 -0.580034 -0.682235
    outer loop
      vertex -6.58192 -6.46135 2
      vertex -6.08112 -6.08112 1.35
      vertex -6.5137 -6.5137 2
    endloop
  endfacet
  facet normal -0.445091 -0.580044 -0.682234
    outer loop
      vertex -6.08112 -6.08112 1.35
      vertex -6.58192 -6.46135 2
      vertex -6.37107 -5.85863 1.35
    endloop
  endfacet
  facet normal -0.445047 -0.580069 -0.682242
    outer loop
      vertex -6.37107 -5.85863 1.35
      vertex -6.58192 -6.46135 2
      vertex -6.67695 -6.38844 2
    endloop
  endfacet
  facet normal 0.724876 0.0953919 -0.682242
    outer loop
      vertex -7.84808 -7.15633 2
      vertex -8.47107 -7.07107 1.35
      vertex -7.8593 -7.07107 2
    endloop
  endfacet
  facet normal 0.724876 0.0954458 -0.682235
    outer loop
      vertex -8.47107 -7.07107 1.35
      vertex -7.84808 -7.15633 2
      vertex -8.42336 -7.43341 1.35
    endloop
  endfacet
  facet normal -0.0954432 0.724876 -0.682235
    outer loop
      vertex -7.07107 -8.47107 1.35
      vertex -6.98581 -7.84808 2
      vertex -6.70872 -8.42336 1.35
    endloop
  endfacet
  facet normal -0.0953919 0.724876 -0.682242
    outer loop
      vertex -6.98581 -7.84808 2
      vertex -7.07107 -8.47107 1.35
      vertex -7.07107 -7.8593 2
    endloop
  endfacet
  facet normal 0.445045 -0.580066 -0.682245
    outer loop
      vertex -7.7423 -5.94087 1.43869
      vertex -7.46518 -6.38844 2
      vertex -7.56021 -6.46135 2
    endloop
  endfacet
  facet normal 0.445016 -0.580086 -0.682247
    outer loop
      vertex -7.46518 -6.38844 2
      vertex -7.7423 -5.94087 1.43869
      vertex -7.72933 -5.93092 1.43869
    endloop
  endfacet
  facet normal 0.580031 -0.445099 -0.682239
    outer loop
      vertex -7.68078 -6.58192 2
      vertex -8.00199 -6.14014 1.43869
      vertex -7.62843 -6.5137 2
    endloop
  endfacet
  facet normal 0.580037 -0.445093 -0.682238
    outer loop
      vertex -7.68078 -6.58192 2
      vertex -8.25568 -6.3348 1.35
      vertex -8.00199 -6.14014 1.43869
    endloop
  endfacet
  facet normal 0.580115 -0.444963 -0.682257
    outer loop
      vertex -8.25568 -6.3348 1.35
      vertex -7.68078 -6.58192 2
      vertex -8.2835 -6.37107 1.35
    endloop
  endfacet
  facet normal 0.279809 -0.675473 -0.682234
    outer loop
      vertex -7.27508 -6.30969 2
      vertex -7.38574 -6.35553 2
      vertex -7.43341 -5.71877 1.35
    endloop
  endfacet
  facet normal 0.0954691 0.724869 -0.682239
    outer loop
      vertex -7.27508 -7.83244 2
      vertex -7.15633 -7.84808 2
      vertex -7.43341 -8.42336 1.35
    endloop
  endfacet
  facet normal 0.675477 -0.279798 -0.682234
    outer loop
      vertex -7.78661 -6.7564 2
      vertex -8.2835 -6.37107 1.35
      vertex -7.7537 -6.67695 2
    endloop
  endfacet
  facet normal 0.675479 -0.279794 -0.682234
    outer loop
      vertex -8.2835 -6.37107 1.35
      vertex -7.78661 -6.7564 2
      vertex -8.42336 -6.70872 1.35
    endloop
  endfacet
  facet normal -0.675474 -0.279792 -0.682239
    outer loop
      vertex -6.35553 -6.7564 2
      vertex -5.85863 -6.37107 1.35
      vertex -5.71877 -6.70872 1.35
    endloop
  endfacet
  facet normal -0.675472 -0.279796 -0.68224
    outer loop
      vertex -5.85863 -6.37107 1.35
      vertex -6.35553 -6.7564 2
      vertex -6.38844 -6.67695 2
    endloop
  endfacet
  facet normal 0.724869 0.0954691 -0.682239
    outer loop
      vertex -7.84808 -7.15633 2
      vertex -7.83244 -7.27508 2
      vertex -8.42336 -7.43341 1.35
    endloop
  endfacet
  facet normal -0.444963 0.580115 -0.682257
    outer loop
      vertex -6.58192 -7.68078 2
      vertex -6.3348 -8.25568 1.35
      vertex -6.37107 -8.2835 1.35
    endloop
  endfacet
  facet normal -0.445093 0.580037 -0.682238
    outer loop
      vertex -6.3348 -8.25568 1.35
      vertex -6.58192 -7.68078 2
      vertex -6.14014 -8.00199 1.43869
    endloop
  endfacet
  facet normal -0.445099 0.580031 -0.682239
    outer loop
      vertex -6.14014 -8.00199 1.43869
      vertex -6.58192 -7.68078 2
      vertex -6.5137 -7.62843 2
    endloop
  endfacet
  facet normal -0.44509 0.580045 -0.682234
    outer loop
      vertex -6.58192 -7.68078 2
      vertex -6.37107 -8.2835 1.35
      vertex -6.67695 -7.7537 2
    endloop
  endfacet
  facet normal 0.279788 0.675483 -0.682233
    outer loop
      vertex -7.77107 -8.2835 1.35
      vertex -7.38574 -7.78661 2
      vertex -7.43341 -8.42336 1.35
    endloop
  endfacet
  facet normal 0.279826 0.675461 -0.682239
    outer loop
      vertex -7.38574 -7.78661 2
      vertex -7.77107 -8.2835 1.35
      vertex -7.46518 -7.7537 2
    endloop
  endfacet
  facet normal 0.0953919 0.724876 -0.682242
    outer loop
      vertex -7.07107 -8.47107 1.35
      vertex -7.15633 -7.84808 2
      vertex -7.07107 -7.8593 2
    endloop
  endfacet
  facet normal 0.0954458 0.724876 -0.682235
    outer loop
      vertex -7.15633 -7.84808 2
      vertex -7.07107 -8.47107 1.35
      vertex -7.43341 -8.42336 1.35
    endloop
  endfacet
  facet normal 0.279756 0.675491 -0.682238
    outer loop
      vertex -7.38574 -7.78661 2
      vertex -7.27508 -7.83244 2
      vertex -7.43341 -8.42336 1.35
    endloop
  endfacet
  facet normal -0.0954769 -0.724876 -0.682231
    outer loop
      vertex -7.07107 -5.67107 1.35
      vertex -6.98581 -6.29406 2
      vertex -7.07107 -6.28283 2
    endloop
  endfacet
  facet normal -0.0954232 -0.724876 -0.682238
    outer loop
      vertex -6.98581 -6.29406 2
      vertex -7.07107 -5.67107 1.35
      vertex -6.70872 -5.71877 1.35
    endloop
  endfacet
  facet normal -0.279794 0.675479 -0.682234
    outer loop
      vertex -6.7564 -7.78661 2
      vertex -6.37107 -8.2835 1.35
      vertex -6.70872 -8.42336 1.35
    endloop
  endfacet
  facet normal -0.279798 0.675477 -0.682234
    outer loop
      vertex -6.37107 -8.2835 1.35
      vertex -6.7564 -7.78661 2
      vertex -6.67695 -7.7537 2
    endloop
  endfacet
  facet normal 0.580028 0.445096 -0.682244
    outer loop
      vertex -8.06102 -8.06102 1.35
      vertex -7.68078 -7.56021 2
      vertex -7.62843 -7.62843 2
    endloop
  endfacet
  facet normal 0.580049 0.445075 -0.68224
    outer loop
      vertex -7.68078 -7.56021 2
      vertex -8.06102 -8.06102 1.35
      vertex -8.2835 -7.77107 1.35
    endloop
  endfacet
  facet normal -0.580086 0.445016 -0.682247
    outer loop
      vertex -5.94087 -7.7423 1.43869
      vertex -6.38844 -7.46518 2
      vertex -5.93092 -7.72933 1.43869
    endloop
  endfacet
  facet normal -0.580066 0.445045 -0.682245
    outer loop
      vertex -6.38844 -7.46518 2
      vertex -5.94087 -7.7423 1.43869
      vertex -6.46135 -7.56021 2
    endloop
  endfacet
  facet normal -0.580042 0.445088 -0.682237
    outer loop
      vertex -6.14014 -8.00199 1.43869
      vertex -6.46135 -7.56021 2
      vertex -5.94087 -7.7423 1.43869
    endloop
  endfacet
  facet normal -0.580031 0.445099 -0.682239
    outer loop
      vertex -6.46135 -7.56021 2
      vertex -6.14014 -8.00199 1.43869
      vertex -6.5137 -7.62843 2
    endloop
  endfacet
  facet normal -0.279755 0.675489 -0.68224
    outer loop
      vertex -6.7564 -7.78661 2
      vertex -6.70872 -8.42336 1.35
      vertex -6.86706 -7.83244 2
    endloop
  endfacet
  facet normal -0.0954095 -0.72488 -0.682236
    outer loop
      vertex -6.70872 -5.71877 1.35
      vertex -6.86706 -6.30969 2
      vertex -6.98581 -6.29406 2
    endloop
  endfacet
  facet normal -0.580044 -0.445091 -0.682234
    outer loop
      vertex -6.46135 -6.58192 2
      vertex -6.08112 -6.08112 1.35
      vertex -5.85863 -6.37107 1.35
    endloop
  endfacet
  facet normal -0.580034 -0.445101 -0.682235
    outer loop
      vertex -6.08112 -6.08112 1.35
      vertex -6.46135 -6.58192 2
      vertex -6.5137 -6.5137 2
    endloop
  endfacet
  facet normal -0.580069 -0.445047 -0.682242
    outer loop
      vertex -5.85863 -6.37107 1.35
      vertex -6.38844 -6.67695 2
      vertex -6.46135 -6.58192 2
    endloop
  endfacet
  facet normal 0.675489 -0.279755 -0.68224
    outer loop
      vertex -7.78661 -6.7564 2
      vertex -7.83244 -6.86706 2
      vertex -8.42336 -6.70872 1.35
    endloop
  endfacet
  facet normal 0.724869 -0.095469 -0.68224
    outer loop
      vertex -7.83244 -6.86706 2
      vertex -7.84808 -6.98581 2
      vertex -8.42336 -6.70872 1.35
    endloop
  endfacet
  facet normal -0.72488 -0.0954095 -0.682236
    outer loop
      vertex -5.71877 -6.70872 1.35
      vertex -6.29406 -6.98581 2
      vertex -6.30969 -6.86706 2
    endloop
  endfacet
  facet normal 0.580042 0.445088 -0.682237
    outer loop
      vertex -7.7537 -7.46518 2
      vertex -7.68078 -7.56021 2
      vertex -8.2835 -7.77107 1.35
    endloop
  endfacet
  facet normal 0.675461 0.279826 -0.682239
    outer loop
      vertex -8.2835 -7.77107 1.35
      vertex -7.78661 -7.38574 2
      vertex -7.7537 -7.46518 2
    endloop
  endfacet
  facet normal 0.675483 0.279788 -0.682233
    outer loop
      vertex -7.78661 -7.38574 2
      vertex -8.2835 -7.77107 1.35
      vertex -8.42336 -7.43341 1.35
    endloop
  endfacet
  facet normal -0.675473 0.279809 -0.682234
    outer loop
      vertex -6.30969 -7.27508 2
      vertex -5.71877 -7.43341 1.35
      vertex -6.35553 -7.38574 2
    endloop
  endfacet
  facet normal -0.724881 0.0954096 -0.682235
    outer loop
      vertex -6.29406 -7.15633 2
      vertex -5.71877 -7.43341 1.35
      vertex -6.30969 -7.27508 2
    endloop
  endfacet
  facet normal -0.095469 0.724869 -0.68224
    outer loop
      vertex -6.86706 -7.83244 2
      vertex -6.70872 -8.42336 1.35
      vertex -6.98581 -7.84808 2
    endloop
  endfacet
  facet normal 0.445088 0.580042 -0.682237
    outer loop
      vertex -7.56021 -7.68078 2
      vertex -7.46518 -7.7537 2
      vertex -7.77107 -8.2835 1.35
    endloop
  endfacet
  facet normal 0.675491 0.279756 -0.682238
    outer loop
      vertex -7.83244 -7.27508 2
      vertex -7.78661 -7.38574 2
      vertex -8.42336 -7.43341 1.35
    endloop
  endfacet
  facet normal -0.675471 -0.279808 -0.682237
    outer loop
      vertex -5.71877 -6.70872 1.35
      vertex -6.30969 -6.86706 2
      vertex -6.35553 -6.7564 2
    endloop
  endfacet
  facet normal -0.724875 -0.0954257 -0.682239
    outer loop
      vertex -3.6 -8.66025 1.35
      vertex -4.22299 -8.575 2
      vertex -3.6477 -8.29791 1.35
    endloop
  endfacet
  facet normal -0.724875 -0.095488 -0.68223
    outer loop
      vertex -4.22299 -8.575 2
      vertex -3.6 -8.66025 1.35
      vertex -4.21176 -8.66025 2
    endloop
  endfacet
  facet normal 0.279797 -0.675474 -0.682238
    outer loop
      vertex -5.28346 -7.93179 2
      vertex -5.36235 -7.30796 1.35
      vertex -5.20401 -7.89888 2
    endloop
  endfacet
  facet normal 0.279793 -0.675476 -0.682238
    outer loop
      vertex -5.36235 -7.30796 1.35
      vertex -5.28346 -7.93179 2
      vertex -5.7 -7.44782 1.35
    endloop
  endfacet
  facet normal -0.279793 -0.675476 -0.682238
    outer loop
      vertex -4.71654 -7.93179 2
      vertex -4.63765 -7.30796 1.35
      vertex -4.3 -7.44782 1.35
    endloop
  endfacet
  facet normal -0.279797 -0.675474 -0.682238
    outer loop
      vertex -4.63765 -7.30796 1.35
      vertex -4.71654 -7.93179 2
      vertex -4.79599 -7.89888 2
    endloop
  endfacet
  facet normal 0.445062 -0.580069 -0.682232
    outer loop
      vertex -5.93092 -7.72933 1.43869
      vertex -5.48914 -8.05054 2
      vertex -5.55737 -8.10289 2
    endloop
  endfacet
  facet normal 0.445047 -0.580065 -0.682245
    outer loop
      vertex -5.48914 -8.05054 2
      vertex -5.73626 -7.47564 1.35
      vertex -5.7 -7.44782 1.35
    endloop
  endfacet
  facet normal 0.445093 -0.580037 -0.682238
    outer loop
      vertex -5.48914 -8.05054 2
      vertex -5.93092 -7.72933 1.43869
      vertex -5.73626 -7.47564 1.35
    endloop
  endfacet
  facet normal -0.279713 0.675524 -0.682223
    outer loop
      vertex -4.63765 -10.0125 1.35
      vertex -4.71654 -9.38872 2
      vertex -4.3 -9.87269 1.35
    endloop
  endfacet
  facet normal -0.279807 0.675498 -0.68221
    outer loop
      vertex -4.71654 -9.38872 2
      vertex -4.63765 -10.0125 1.35
      vertex -4.79599 -9.42163 2
    endloop
  endfacet
  facet normal 0.580076 0.445053 -0.682231
    outer loop
      vertex -5.63028 -9.12259 2
      vertex -5.55737 -9.21762 2
      vertex -5.98995 -9.6502 1.35
    endloop
  endfacet
  facet normal -0.0956195 0.724848 -0.682241
    outer loop
      vertex -5 -10.0603 1.35
      vertex -4.91474 -9.43726 2
      vertex -4.63765 -10.0125 1.35
    endloop
  endfacet
  facet normal -0.0954732 0.724848 -0.682261
    outer loop
      vertex -4.91474 -9.43726 2
      vertex -5 -10.0603 1.35
      vertex -5 -9.44849 2
    endloop
  endfacet
  facet normal -0.724875 0.0954877 -0.68223
    outer loop
      vertex -3.60597 -8.70557 1.35
      vertex -4.21176 -8.66025 2
      vertex -3.6 -8.66025 1.35
    endloop
  endfacet
  facet normal -0.724876 0.0954769 -0.682231
    outer loop
      vertex -3.60597 -8.70557 1.35
      vertex -4.22299 -8.74551 2
      vertex -4.21176 -8.66025 2
    endloop
  endfacet
  facet normal -0.724879 0.0954102 -0.682237
    outer loop
      vertex -4.22299 -8.74551 2
      vertex -3.60597 -8.70557 1.35
      vertex -3.72238 -8.98663 1.43438
    endloop
  endfacet
  facet normal 0.095469 -0.724869 -0.68224
    outer loop
      vertex -5.08526 -7.88324 2
      vertex -5.20401 -7.89888 2
      vertex -5.36235 -7.30796 1.35
    endloop
  endfacet
  facet normal -0.445121 -0.580024 -0.682231
    outer loop
      vertex -4.3 -7.44782 1.35
      vertex -4.51086 -8.05054 2
      vertex -4.60588 -7.97762 2
    endloop
  endfacet
  facet normal 0.724876 -0.095403 -0.682242
    outer loop
      vertex -6.4 -8.66025 1.35
      vertex -5.77701 -8.575 2
      vertex -5.78823 -8.66025 2
    endloop
  endfacet
  facet normal 0.724875 -0.0954257 -0.682239
    outer loop
      vertex -5.77701 -8.575 2
      vertex -6.4 -8.66025 1.35
      vertex -6.3523 -8.29791 1.35
    endloop
  endfacet
  facet normal -0.445059 -0.580065 -0.682237
    outer loop
      vertex -4.51086 -8.05054 2
      vertex -4.01005 -7.6703 1.35
      vertex -4.44263 -8.10289 2
    endloop
  endfacet
  facet normal -0.445075 -0.580049 -0.68224
    outer loop
      vertex -4.01005 -7.6703 1.35
      vertex -4.51086 -8.05054 2
      vertex -4.3 -7.44782 1.35
    endloop
  endfacet
  facet normal -0.580076 0.445053 -0.682231
    outer loop
      vertex -4.36972 -9.12259 2
      vertex -4.01005 -9.6502 1.35
      vertex -4.44263 -9.21762 2
    endloop
  endfacet
  facet normal 0.0954432 -0.724876 -0.682235
    outer loop
      vertex -5 -7.26025 1.35
      vertex -5.08526 -7.88324 2
      vertex -5.36235 -7.30796 1.35
    endloop
  endfacet
  facet normal 0.0953919 -0.724876 -0.682242
    outer loop
      vertex -5.08526 -7.88324 2
      vertex -5 -7.26025 1.35
      vertex -5 -7.87202 2
    endloop
  endfacet
  facet normal 0.580064 -0.445058 -0.682238
    outer loop
      vertex -6.14014 -8.00199 1.43869
      vertex -5.63028 -8.19791 2
      vertex -5.68263 -8.26614 2
    endloop
  endfacet
  facet normal 0.580045 -0.445091 -0.682233
    outer loop
      vertex -5.63028 -8.19791 2
      vertex -6.14014 -8.00199 1.43869
      vertex -5.94087 -7.7423 1.43869
    endloop
  endfacet
  facet normal -0.580049 -0.445079 -0.682237
    outer loop
      vertex -4.01005 -7.6703 1.35
      vertex -4.36972 -8.19791 2
      vertex -4.44263 -8.10289 2
    endloop
  endfacet
  facet normal 0.724876 0.0953919 -0.682242
    outer loop
      vertex -5.77701 -8.74551 2
      vertex -6.4 -8.66025 1.35
      vertex -5.78823 -8.66025 2
    endloop
  endfacet
  facet normal 0.724876 0.0954232 -0.682238
    outer loop
      vertex -6.4 -8.66025 1.35
      vertex -5.77701 -8.74551 2
      vertex -6.3523 -9.0226 1.35
    endloop
  endfacet
  facet normal 0.445089 0.580042 -0.682237
    outer loop
      vertex -5.98995 -9.6502 1.35
      vertex -5.48914 -9.26997 2
      vertex -5.7 -9.87269 1.35
    endloop
  endfacet
  facet normal 0.445062 0.580068 -0.682232
    outer loop
      vertex -5.48914 -9.26997 2
      vertex -5.98995 -9.6502 1.35
      vertex -5.55737 -9.21762 2
    endloop
  endfacet
  facet normal 0.675462 -0.279827 -0.682238
    outer loop
      vertex -5.71554 -8.34558 2
      vertex -6.14014 -8.00199 1.43869
      vertex -5.68263 -8.26614 2
    endloop
  endfacet
  facet normal 0.675479 -0.279797 -0.682233
    outer loop
      vertex -5.71554 -8.34558 2
      vertex -6.3348 -8.25568 1.35
      vertex -6.14014 -8.00199 1.43869
    endloop
  endfacet
  facet normal 0.675449 -0.279904 -0.682218
    outer loop
      vertex -6.3348 -8.25568 1.35
      vertex -5.71554 -8.34558 2
      vertex -6.3523 -8.29791 1.35
    endloop
  endfacet
  facet normal 0.675471 0.279808 -0.682237
    outer loop
      vertex -5.76138 -8.86426 2
      vertex -5.71554 -8.97492 2
      vertex -6.3523 -9.0226 1.35
    endloop
  endfacet
  facet normal 0.580054 -0.445082 -0.682231
    outer loop
      vertex -5.94087 -7.7423 1.43869
      vertex -5.55737 -8.10289 2
      vertex -5.63028 -8.19791 2
    endloop
  endfacet
  facet normal 0.580101 -0.445027 -0.682227
    outer loop
      vertex -5.55737 -8.10289 2
      vertex -5.94087 -7.7423 1.43869
      vertex -5.93092 -7.72933 1.43869
    endloop
  endfacet
  facet normal 0.675473 -0.279809 -0.682234
    outer loop
      vertex -5.71554 -8.34558 2
      vertex -5.76138 -8.45624 2
      vertex -6.3523 -8.29791 1.35
    endloop
  endfacet
  facet normal 0.724882 -0.0954018 -0.682235
    outer loop
      vertex -5.76138 -8.45624 2
      vertex -5.77701 -8.575 2
      vertex -6.3523 -8.29791 1.35
    endloop
  endfacet
  facet normal -0.445121 0.580024 -0.682231
    outer loop
      vertex -4.51086 -9.26997 2
      vertex -4.3 -9.87269 1.35
      vertex -4.60588 -9.34289 2
    endloop
  endfacet
  facet normal 0.445121 -0.580024 -0.682231
    outer loop
      vertex -5.39412 -7.97762 2
      vertex -5.48914 -8.05054 2
      vertex -5.7 -7.44782 1.35
    endloop
  endfacet
  facet normal 0.0954732 0.724848 -0.682261
    outer loop
      vertex -5 -10.0603 1.35
      vertex -5.08526 -9.43726 2
      vertex -5 -9.44849 2
    endloop
  endfacet
  facet normal 0.0956195 0.724848 -0.682241
    outer loop
      vertex -5.08526 -9.43726 2
      vertex -5 -10.0603 1.35
      vertex -5.36235 -10.0125 1.35
    endloop
  endfacet
  facet normal 0.279758 -0.675497 -0.682231
    outer loop
      vertex -5.28346 -7.93179 2
      vertex -5.39412 -7.97762 2
      vertex -5.7 -7.44782 1.35
    endloop
  endfacet
  facet normal -0.095469 -0.724869 -0.68224
    outer loop
      vertex -4.63765 -7.30796 1.35
      vertex -4.79599 -7.89888 2
      vertex -4.91474 -7.88324 2
    endloop
  endfacet
  facet normal -0.0953919 -0.724876 -0.682242
    outer loop
      vertex -5 -7.26025 1.35
      vertex -4.91474 -7.88324 2
      vertex -5 -7.87202 2
    endloop
  endfacet
  facet normal -0.0954432 -0.724876 -0.682235
    outer loop
      vertex -4.91474 -7.88324 2
      vertex -5 -7.26025 1.35
      vertex -4.63765 -7.30796 1.35
    endloop
  endfacet
  facet normal -0.445089 0.580042 -0.682237
    outer loop
      vertex -4.51086 -9.26997 2
      vertex -4.01005 -9.6502 1.35
      vertex -4.3 -9.87269 1.35
    endloop
  endfacet
  facet normal -0.445062 0.580068 -0.682232
    outer loop
      vertex -4.01005 -9.6502 1.35
      vertex -4.51086 -9.26997 2
      vertex -4.44263 -9.21762 2
    endloop
  endfacet
  facet normal -0.675475 0.279799 -0.682236
    outer loop
      vertex -3.85986 -9.31852 1.43869
      vertex -4.28446 -8.97492 2
      vertex -3.73459 -9.0161 1.43869
    endloop
  endfacet
  facet normal -0.675476 0.279798 -0.682236
    outer loop
      vertex -4.28446 -8.97492 2
      vertex -3.85986 -9.31852 1.43869
      vertex -4.31737 -9.05437 2
    endloop
  endfacet
  facet normal -0.579982 0.445143 -0.682253
    outer loop
      vertex -4.36972 -9.12259 2
      vertex -3.98222 -9.61394 1.35
      vertex -4.01005 -9.6502 1.35
    endloop
  endfacet
  facet normal -0.580052 0.445071 -0.68224
    outer loop
      vertex -3.98222 -9.61394 1.35
      vertex -4.36972 -9.12259 2
      vertex -3.85986 -9.31852 1.43869
    endloop
  endfacet
  facet normal -0.580035 0.445101 -0.682235
    outer loop
      vertex -3.85986 -9.31852 1.43869
      vertex -4.36972 -9.12259 2
      vertex -4.31737 -9.05437 2
    endloop
  endfacet
  facet normal 0.72488 0.0954095 -0.682236
    outer loop
      vertex -5.77701 -8.74551 2
      vertex -5.76138 -8.86426 2
      vertex -6.3523 -9.0226 1.35
    endloop
  endfacet
  facet normal -0.675478 -0.279786 -0.682238
    outer loop
      vertex -4.28446 -8.34558 2
      vertex -3.78756 -7.96025 1.35
      vertex -3.6477 -8.29791 1.35
    endloop
  endfacet
  facet normal -0.675456 -0.279824 -0.682244
    outer loop
      vertex -3.78756 -7.96025 1.35
      vertex -4.28446 -8.34558 2
      vertex -4.31737 -8.26614 2
    endloop
  endfacet
  facet normal -0.580059 -0.445055 -0.682245
    outer loop
      vertex -4.36972 -8.19791 2
      vertex -3.78756 -7.96025 1.35
      vertex -4.31737 -8.26614 2
    endloop
  endfacet
  facet normal -0.58004 -0.445087 -0.682239
    outer loop
      vertex -3.78756 -7.96025 1.35
      vertex -4.36972 -8.19791 2
      vertex -4.01005 -7.6703 1.35
    endloop
  endfacet
  facet normal 0.445121 0.580024 -0.682231
    outer loop
      vertex -5.48914 -9.26997 2
      vertex -5.39412 -9.34289 2
      vertex -5.7 -9.87269 1.35
    endloop
  endfacet
  facet normal 0.279758 0.675497 -0.682231
    outer loop
      vertex -5.39412 -9.34289 2
      vertex -5.28346 -9.38872 2
      vertex -5.7 -9.87269 1.35
    endloop
  endfacet
  facet normal -0.724882 -0.0954018 -0.682235
    outer loop
      vertex -3.6477 -8.29791 1.35
      vertex -4.22299 -8.575 2
      vertex -4.23862 -8.45624 2
    endloop
  endfacet
  facet normal 0.279807 0.675498 -0.68221
    outer loop
      vertex -5.36235 -10.0125 1.35
      vertex -5.28346 -9.38872 2
      vertex -5.20401 -9.42163 2
    endloop
  endfacet
  facet normal 0.279713 0.675524 -0.682223
    outer loop
      vertex -5.28346 -9.38872 2
      vertex -5.36235 -10.0125 1.35
      vertex -5.7 -9.87269 1.35
    endloop
  endfacet
  facet normal -0.675403 0.280002 -0.682224
    outer loop
      vertex -3.73459 -9.0161 1.43869
      vertex -4.23862 -8.86426 2
      vertex -3.72833 -9.001 1.43869
    endloop
  endfacet
  facet normal -0.675473 0.279809 -0.682234
    outer loop
      vertex -4.23862 -8.86426 2
      vertex -3.73459 -9.0161 1.43869
      vertex -4.28446 -8.97492 2
    endloop
  endfacet
  facet normal -0.724879 0.0954094 -0.682237
    outer loop
      vertex -3.72238 -8.98663 1.43438
      vertex -4.23862 -8.86426 2
      vertex -4.22299 -8.74551 2
    endloop
  endfacet
  facet normal -0.724861 0.0955088 -0.682242
    outer loop
      vertex -4.23862 -8.86426 2
      vertex -3.72238 -8.98663 1.43438
      vertex -3.72833 -9.001 1.43869
    endloop
  endfacet
  facet normal -0.0954131 0.724908 -0.682206
    outer loop
      vertex -4.79599 -9.42163 2
      vertex -4.63765 -10.0125 1.35
      vertex -4.91474 -9.43726 2
    endloop
  endfacet
  facet normal 0.0954131 0.724908 -0.682206
    outer loop
      vertex -5.20401 -9.42163 2
      vertex -5.08526 -9.43726 2
      vertex -5.36235 -10.0125 1.35
    endloop
  endfacet
  facet normal -0.279758 -0.675497 -0.682231
    outer loop
      vertex -4.3 -7.44782 1.35
      vertex -4.60588 -7.97762 2
      vertex -4.71654 -7.93179 2
    endloop
  endfacet
  facet normal 0.580052 0.445076 -0.682237
    outer loop
      vertex -6.21243 -9.36025 1.35
      vertex -5.63028 -9.12259 2
      vertex -5.98995 -9.6502 1.35
    endloop
  endfacet
  facet normal 0.580036 0.445103 -0.682233
    outer loop
      vertex -5.63028 -9.12259 2
      vertex -6.21243 -9.36025 1.35
      vertex -5.68263 -9.05437 2
    endloop
  endfacet
  facet normal -0.675473 -0.279809 -0.682234
    outer loop
      vertex -3.6477 -8.29791 1.35
      vertex -4.23862 -8.45624 2
      vertex -4.28446 -8.34558 2
    endloop
  endfacet
  facet normal 0.675477 0.279798 -0.682234
    outer loop
      vertex -6.21243 -9.36025 1.35
      vertex -5.71554 -8.97492 2
      vertex -5.68263 -9.05437 2
    endloop
  endfacet
  facet normal 0.67547 0.27981 -0.682236
    outer loop
      vertex -5.71554 -8.97492 2
      vertex -6.21243 -9.36025 1.35
      vertex -6.3523 -9.0226 1.35
    endloop
  endfacet
  facet normal -0.279758 0.675497 -0.682231
    outer loop
      vertex -4.60588 -9.34289 2
      vertex -4.3 -9.87269 1.35
      vertex -4.71654 -9.38872 2
    endloop
  endfacet
  facet normal 0.580035 -0.445101 -0.682235
    outer loop
      vertex -3.72238 -8.98663 1.43438
      vertex -3.21847 -9.19692 2
      vertex -3.27082 -9.26514 2
    endloop
  endfacet
  facet normal 0.579982 -0.445143 -0.682253
    outer loop
      vertex -3.21847 -9.19692 2
      vertex -3.60597 -8.70557 1.35
      vertex -3.57814 -8.66931 1.35
    endloop
  endfacet
  facet normal 0.580053 -0.44507 -0.68224
    outer loop
      vertex -3.21847 -9.19692 2
      vertex -3.72238 -8.98663 1.43438
      vertex -3.60597 -8.70557 1.35
    endloop
  endfacet
  facet normal 0.5802 -0.444863 -0.68225
    outer loop
      vertex -3.27082 -9.26514 2
      vertex -3.72833 -9.001 1.43869
      vertex -3.72238 -8.98663 1.43438
    endloop
  endfacet
  facet normal 0.445053 -0.580076 -0.682231
    outer loop
      vertex -3.05053 -9.02898 2
      vertex -3.14556 -9.10189 2
      vertex -3.57814 -8.66931 1.35
    endloop
  endfacet
  facet normal -0.67571 0.279389 -0.682171
    outer loop
      vertex -1.85972 -9.94272 2
      vertex -1.35826 -10.317 1.35
      vertex -1.37575 -10.3593 1.35
    endloop
  endfacet
  facet normal -0.675472 0.279815 -0.682233
    outer loop
      vertex -1.35826 -10.317 1.35
      vertex -1.85972 -9.94272 2
      vertex -1.31652 -10 1.43869
    endloop
  endfacet
  facet normal -0.675476 0.279798 -0.682235
    outer loop
      vertex -1.31652 -10 1.43869
      vertex -1.85972 -9.94272 2
      vertex -1.82681 -9.86327 2
    endloop
  endfacet
  facet normal -0.724884 -0.0957179 -0.682189
    outer loop
      vertex -1.27166 -9.65926 1.43869
      vertex -1.81559 -9.54051 2
      vertex -1.26964 -9.64384 1.43438
    endloop
  endfacet
  facet normal -0.724875 -0.0954698 -0.682233
    outer loop
      vertex -1.81559 -9.54051 2
      vertex -1.27166 -9.65926 1.43869
      vertex -1.79995 -9.65926 2
    endloop
  endfacet
  facet normal -0.724896 -0.0953305 -0.682231
    outer loop
      vertex -1.22993 -9.34223 1.35
      vertex -1.82681 -9.45525 2
      vertex -1.23589 -9.29691 1.35
    endloop
  endfacet
  facet normal -0.72488 -0.0954274 -0.682233
    outer loop
      vertex -1.26964 -9.64384 1.43438
      vertex -1.82681 -9.45525 2
      vertex -1.22993 -9.34223 1.35
    endloop
  endfacet
  facet normal -0.724877 -0.095392 -0.682242
    outer loop
      vertex -1.82681 -9.45525 2
      vertex -1.26964 -9.64384 1.43438
      vertex -1.81559 -9.54051 2
    endloop
  endfacet
  facet normal 0.0954234 -0.724877 -0.682237
    outer loop
      vertex -2.58819 -8.25926 1.35
      vertex -2.7922 -8.89788 2
      vertex -2.95054 -8.30696 1.35
    endloop
  endfacet
  facet normal 0.0953917 -0.724875 -0.682244
    outer loop
      vertex -2.7922 -8.89788 2
      vertex -2.58819 -8.25926 1.35
      vertex -2.70694 -8.88666 2
    endloop
  endfacet
  facet normal 0.445383 0.579847 -0.682211
    outer loop
      vertex -3.28819 -10.8717 1.35
      vertex -3.05053 -10.2895 2
      vertex -2.98231 -10.3419 2
    endloop
  endfacet
  facet normal 0.44509 0.580018 -0.682256
    outer loop
      vertex -3.05053 -10.2895 2
      vertex -3.28819 -10.8717 1.35
      vertex -3.57814 -10.6492 1.35
    endloop
  endfacet
  facet normal -0.579998 0.445133 -0.682246
    outer loop
      vertex -1.95791 -10.1216 2
      vertex -1.59824 -10.6492 1.35
      vertex -2.03082 -10.2166 2
    endloop
  endfacet
  facet normal 0.445011 0.580101 -0.682238
    outer loop
      vertex -3.14556 -10.2166 2
      vertex -3.05053 -10.2895 2
      vertex -3.57814 -10.6492 1.35
    endloop
  endfacet
  facet normal 0.675488 0.279756 -0.682241
    outer loop
      vertex -3.94049 -10.0216 1.35
      vertex -3.31666 -9.94272 2
      vertex -3.80063 -10.3593 1.35
    endloop
  endfacet
  facet normal 0.675476 0.279798 -0.682235
    outer loop
      vertex -3.31666 -9.94272 2
      vertex -3.94049 -10.0216 1.35
      vertex -3.34957 -9.86327 2
    endloop
  endfacet
  facet normal -0.279851 0.675422 -0.682267
    outer loop
      vertex -2.22584 -11.0116 1.35
      vertex -2.30473 -10.3877 2
      vertex -1.88819 -10.8717 1.35
    endloop
  endfacet
  facet normal -0.279707 0.675462 -0.682287
    outer loop
      vertex -2.30473 -10.3877 2
      vertex -2.22584 -11.0116 1.35
      vertex -2.38418 -10.4206 2
    endloop
  endfacet
  facet normal -0.279606 0.675571 -0.68222
    outer loop
      vertex -2.19407 -10.3419 2
      vertex -1.88819 -10.8717 1.35
      vertex -2.30473 -10.3877 2
    endloop
  endfacet
  facet normal 0.279707 0.675462 -0.682287
    outer loop
      vertex -2.95054 -11.0116 1.35
      vertex -2.87165 -10.3877 2
      vertex -2.7922 -10.4206 2
    endloop
  endfacet
  facet normal 0.279851 0.675422 -0.682267
    outer loop
      vertex -2.87165 -10.3877 2
      vertex -2.95054 -11.0116 1.35
      vertex -3.28819 -10.8717 1.35
    endloop
  endfacet
  facet normal 0.4451 -0.580033 -0.682237
    outer loop
      vertex -3.05053 -9.02898 2
      vertex -3.28819 -8.44682 1.35
      vertex -2.98231 -8.97663 2
    endloop
  endfacet
  facet normal 0.445087 -0.58004 -0.682239
    outer loop
      vertex -3.28819 -8.44682 1.35
      vertex -3.05053 -9.02898 2
      vertex -3.57814 -8.66931 1.35
    endloop
  endfacet
  facet normal 0.580076 -0.445053 -0.682231
    outer loop
      vertex -3.14556 -9.10189 2
      vertex -3.21847 -9.19692 2
      vertex -3.57814 -8.66931 1.35
    endloop
  endfacet
  facet normal 0.724875 -0.0954088 -0.682241
    outer loop
      vertex -3.36079 -9.54051 2
      vertex -3.37642 -9.65926 2
      vertex -3.98819 -9.65926 1.35
    endloop
  endfacet
  facet normal -0.675467 -0.279807 -0.682241
    outer loop
      vertex -1.37575 -8.95926 1.35
      vertex -1.85972 -9.3758 2
      vertex -1.90556 -9.26514 2
    endloop
  endfacet
  facet normal -0.675474 -0.279797 -0.682238
    outer loop
      vertex -1.85972 -9.3758 2
      vertex -1.23589 -9.29691 1.35
      vertex -1.82681 -9.45525 2
    endloop
  endfacet
  facet normal -0.675476 -0.279793 -0.682238
    outer loop
      vertex -1.23589 -9.29691 1.35
      vertex -1.85972 -9.3758 2
      vertex -1.37575 -8.95926 1.35
    endloop
  endfacet
  facet normal 0.279807 -0.675467 -0.682241
    outer loop
      vertex -2.87165 -8.93079 2
      vertex -2.98231 -8.97663 2
      vertex -3.28819 -8.44682 1.35
    endloop
  endfacet
  facet normal -0.445087 -0.58004 -0.682239
    outer loop
      vertex -2.12585 -9.02898 2
      vertex -1.88819 -8.44682 1.35
      vertex -1.59824 -8.66931 1.35
    endloop
  endfacet
  facet normal -0.4451 -0.580033 -0.682237
    outer loop
      vertex -1.88819 -8.44682 1.35
      vertex -2.12585 -9.02898 2
      vertex -2.19407 -8.97663 2
    endloop
  endfacet
  facet normal 0.0960737 0.724889 -0.682133
    outer loop
      vertex -2.58819 -11.0593 1.35
      vertex -2.7922 -10.4206 2
      vertex -2.70694 -10.4319 2
    endloop
  endfacet
  facet normal 0.0954176 0.724833 -0.682284
    outer loop
      vertex -2.7922 -10.4206 2
      vertex -2.58819 -11.0593 1.35
      vertex -2.95054 -11.0116 1.35
    endloop
  endfacet
  facet normal 0.279797 -0.675474 -0.682238
    outer loop
      vertex -2.87165 -8.93079 2
      vertex -2.95054 -8.30696 1.35
      vertex -2.7922 -8.89788 2
    endloop
  endfacet
  facet normal 0.279793 -0.675476 -0.682238
    outer loop
      vertex -2.95054 -8.30696 1.35
      vertex -2.87165 -8.93079 2
      vertex -3.28819 -8.44682 1.35
    endloop
  endfacet
  facet normal -0.724877 0.095392 -0.682241
    outer loop
      vertex -1.2738 -9.67546 1.43869
      vertex -1.82681 -9.86327 2
      vertex -1.81559 -9.77801 2
    endloop
  endfacet
  facet normal -0.72488 0.0954177 -0.682235
    outer loop
      vertex -1.82681 -9.86327 2
      vertex -1.2738 -9.67546 1.43869
      vertex -1.31652 -10 1.43869
    endloop
  endfacet
  facet normal -0.724855 0.0957525 -0.682214
    outer loop
      vertex -1.2738 -9.67546 1.43869
      vertex -1.79995 -9.65926 2
      vertex -1.27166 -9.65926 1.43869
    endloop
  endfacet
  facet normal -0.724879 0.0954704 -0.682229
    outer loop
      vertex -1.79995 -9.65926 2
      vertex -1.2738 -9.67546 1.43869
      vertex -1.81559 -9.77801 2
    endloop
  endfacet
  facet normal 0.09547 -0.724876 -0.682231
    outer loop
      vertex -2.58819 -8.25926 1.35
      vertex -2.58819 -8.87102 2
      vertex -2.70694 -8.88666 2
    endloop
  endfacet
  facet normal 0.724875 0.0953917 -0.682244
    outer loop
      vertex -3.34957 -9.86327 2
      vertex -3.98819 -9.65926 1.35
      vertex -3.36079 -9.77801 2
    endloop
  endfacet
  facet normal 0.724878 0.095426 -0.682236
    outer loop
      vertex -3.98819 -9.65926 1.35
      vertex -3.34957 -9.86327 2
      vertex -3.94049 -10.0216 1.35
    endloop
  endfacet
  facet normal -0.279807 -0.675467 -0.682241
    outer loop
      vertex -1.88819 -8.44682 1.35
      vertex -2.19407 -8.97663 2
      vertex -2.30473 -8.93079 2
    endloop
  endfacet
  facet normal -0.0954176 0.724833 -0.682284
    outer loop
      vertex -2.58819 -11.0593 1.35
      vertex -2.38418 -10.4206 2
      vertex -2.22584 -11.0116 1.35
    endloop
  endfacet
  facet normal -0.0960737 0.724889 -0.682133
    outer loop
      vertex -2.38418 -10.4206 2
      vertex -2.58819 -11.0593 1.35
      vertex -2.46944 -10.4319 2
    endloop
  endfacet
  facet normal 0.579998 0.445133 -0.682246
    outer loop
      vertex -3.21847 -10.1216 2
      vertex -3.14556 -10.2166 2
      vertex -3.57814 -10.6492 1.35
    endloop
  endfacet
  facet normal -0.09547 -0.724876 -0.682231
    outer loop
      vertex -2.58819 -8.25926 1.35
      vertex -2.46944 -8.88666 2
      vertex -2.58819 -8.87102 2
    endloop
  endfacet
  facet normal 0.579998 0.445132 -0.682246
    outer loop
      vertex -3.80063 -10.3593 1.35
      vertex -3.21847 -10.1216 2
      vertex -3.57814 -10.6492 1.35
    endloop
  endfacet
  facet normal 0.579969 0.445182 -0.682238
    outer loop
      vertex -3.21847 -10.1216 2
      vertex -3.80063 -10.3593 1.35
      vertex -3.27082 -10.0534 2
    endloop
  endfacet
  facet normal -0.675484 0.279763 -0.682242
    outer loop
      vertex -1.85972 -9.94272 2
      vertex -1.37575 -10.3593 1.35
      vertex -1.90556 -10.0534 2
    endloop
  endfacet
  facet normal 0.675476 -0.279798 -0.682235
    outer loop
      vertex -3.85986 -9.31852 1.43869
      vertex -3.31666 -9.3758 2
      vertex -3.34957 -9.45525 2
    endloop
  endfacet
  facet normal 0.675476 -0.279799 -0.682235
    outer loop
      vertex -3.31666 -9.3758 2
      vertex -3.85986 -9.31852 1.43869
      vertex -3.73459 -9.0161 1.43869
    endloop
  endfacet
  facet normal -0.445053 -0.580076 -0.682231
    outer loop
      vertex -1.59824 -8.66931 1.35
      vertex -2.03082 -9.10189 2
      vertex -2.12585 -9.02898 2
    endloop
  endfacet
  facet normal 0.279606 0.675571 -0.68222
    outer loop
      vertex -2.98231 -10.3419 2
      vertex -2.87165 -10.3877 2
      vertex -3.28819 -10.8717 1.35
    endloop
  endfacet
  facet normal -0.580033 -0.4451 -0.682237
    outer loop
      vertex -1.95791 -9.19692 2
      vertex -1.37575 -8.95926 1.35
      vertex -1.90556 -9.26514 2
    endloop
  endfacet
  facet normal -0.58004 -0.445087 -0.682239
    outer loop
      vertex -1.37575 -8.95926 1.35
      vertex -1.95791 -9.19692 2
      vertex -1.59824 -8.66931 1.35
    endloop
  endfacet
  facet normal -0.44509 0.580018 -0.682256
    outer loop
      vertex -1.88819 -10.8717 1.35
      vertex -2.12585 -10.2895 2
      vertex -1.59824 -10.6492 1.35
    endloop
  endfacet
  facet normal -0.445383 0.579847 -0.682211
    outer loop
      vertex -2.12585 -10.2895 2
      vertex -1.88819 -10.8717 1.35
      vertex -2.19407 -10.3419 2
    endloop
  endfacet
  facet normal -0.579998 0.445132 -0.682246
    outer loop
      vertex -1.95791 -10.1216 2
      vertex -1.37575 -10.3593 1.35
      vertex -1.59824 -10.6492 1.35
    endloop
  endfacet
  facet normal -0.579969 0.445182 -0.682238
    outer loop
      vertex -1.37575 -10.3593 1.35
      vertex -1.95791 -10.1216 2
      vertex -1.90556 -10.0534 2
    endloop
  endfacet
  facet normal -0.580076 -0.445053 -0.682231
    outer loop
      vertex -1.59824 -8.66931 1.35
      vertex -1.95791 -9.19692 2
      vertex -2.03082 -9.10189 2
    endloop
  endfacet
  facet normal 0.675484 0.279763 -0.682242
    outer loop
      vertex -3.31666 -9.94272 2
      vertex -3.27082 -10.0534 2
      vertex -3.80063 -10.3593 1.35
    endloop
  endfacet
  facet normal 0.0952252 0.724871 -0.682271
    outer loop
      vertex -2.58819 -10.4475 2
      vertex -2.58819 -11.0593 1.35
      vertex -2.70694 -10.4319 2
    endloop
  endfacet
  facet normal -0.0952252 0.724871 -0.682271
    outer loop
      vertex -2.58819 -10.4475 2
      vertex -2.46944 -10.4319 2
      vertex -2.58819 -11.0593 1.35
    endloop
  endfacet
  facet normal -0.279793 -0.675476 -0.682238
    outer loop
      vertex -2.30473 -8.93079 2
      vertex -2.22584 -8.30696 1.35
      vertex -1.88819 -8.44682 1.35
    endloop
  endfacet
  facet normal -0.279797 -0.675474 -0.682238
    outer loop
      vertex -2.22584 -8.30696 1.35
      vertex -2.30473 -8.93079 2
      vertex -2.38418 -8.89788 2
    endloop
  endfacet
  facet normal 0.67547 -0.279808 -0.682237
    outer loop
      vertex -3.73459 -9.0161 1.43869
      vertex -3.27082 -9.26514 2
      vertex -3.31666 -9.3758 2
    endloop
  endfacet
  facet normal 0.675383 -0.279993 -0.682247
    outer loop
      vertex -3.27082 -9.26514 2
      vertex -3.73459 -9.0161 1.43869
      vertex -3.72833 -9.001 1.43869
    endloop
  endfacet
  facet normal -0.0953917 -0.724875 -0.682244
    outer loop
      vertex -2.58819 -8.25926 1.35
      vertex -2.38418 -8.89788 2
      vertex -2.46944 -8.88666 2
    endloop
  endfacet
  facet normal -0.0954234 -0.724877 -0.682237
    outer loop
      vertex -2.38418 -8.89788 2
      vertex -2.58819 -8.25926 1.35
      vertex -2.22584 -8.30696 1.35
    endloop
  endfacet
  facet normal 0.724885 -0.095393 -0.682233
    outer loop
      vertex -3.36079 -9.54051 2
      vertex -3.85986 -9.31852 1.43869
      vertex -3.34957 -9.45525 2
    endloop
  endfacet
  facet normal 0.724878 -0.0954181 -0.682237
    outer loop
      vertex -3.36079 -9.54051 2
      vertex -3.98222 -9.61394 1.35
      vertex -3.85986 -9.31852 1.43869
    endloop
  endfacet
  facet normal 0.724877 -0.095488 -0.682228
    outer loop
      vertex -3.98222 -9.61394 1.35
      vertex -3.36079 -9.54051 2
      vertex -3.98819 -9.65926 1.35
    endloop
  endfacet
  facet normal 0.724875 0.0954088 -0.682241
    outer loop
      vertex -3.37642 -9.65926 2
      vertex -3.36079 -9.77801 2
      vertex -3.98819 -9.65926 1.35
    endloop
  endfacet
  facet normal -0.445011 0.580101 -0.682238
    outer loop
      vertex -2.03082 -10.2166 2
      vertex -1.59824 -10.6492 1.35
      vertex -2.12585 -10.2895 2
    endloop
  endfacet
  facet normal -0.724881 -0.0954178 -0.682234
    outer loop
      vertex 1.31652 -10 1.43869
      vertex 0.77701 -9.91474 2
      vertex 1.2738 -9.67546 1.43869
    endloop
  endfacet
  facet normal -0.724881 -0.095435 -0.682232
    outer loop
      vertex 0.77701 -9.91474 2
      vertex 1.31652 -10 1.43869
      vertex 0.788235 -10 2
    endloop
  endfacet
  facet normal 0.279802 -0.675469 -0.682241
    outer loop
      vertex -0.7 -8.78756 1.35
      vertex -0.314669 -9.28446 2
      vertex -0.394117 -9.31737 2
    endloop
  endfacet
  facet normal 0.27979 -0.675475 -0.682239
    outer loop
      vertex -0.314669 -9.28446 2
      vertex -0.7 -8.78756 1.35
      vertex -0.362347 -8.6477 1.35
    endloop
  endfacet
  facet normal 0.445089 -0.580044 -0.682236
    outer loop
      vertex -0.989949 -9.01005 1.35
      vertex -0.489143 -9.39028 2
      vertex -0.557366 -9.44263 2
    endloop
  endfacet
  facet normal 0.44509 -0.580042 -0.682236
    outer loop
      vertex -0.489143 -9.39028 2
      vertex -0.989949 -9.01005 1.35
      vertex -0.7 -8.78756 1.35
    endloop
  endfacet
  facet normal 0.0954079 -0.724881 -0.682236
    outer loop
      vertex -0.0852579 -9.22299 2
      vertex -0.20401 -9.23862 2
      vertex -0.362347 -8.6477 1.35
    endloop
  endfacet
  facet normal -0.279802 -0.675469 -0.682241
    outer loop
      vertex 0.314669 -9.28446 2
      vertex 0.7 -8.78756 1.35
      vertex 0.394117 -9.31737 2
    endloop
  endfacet
  facet normal -0.27979 -0.675475 -0.682239
    outer loop
      vertex 0.7 -8.78756 1.35
      vertex 0.314669 -9.28446 2
      vertex 0.362347 -8.6477 1.35
    endloop
  endfacet
  facet normal 0.44511 0.580041 -0.682224
    outer loop
      vertex -0.989949 -10.9899 1.35
      vertex -0.489143 -10.6097 2
      vertex -0.7 -11.2124 1.35
    endloop
  endfacet
  facet normal 0.444855 0.580294 -0.682175
    outer loop
      vertex -0.489143 -10.6097 2
      vertex -0.989949 -10.9899 1.35
      vertex -0.557366 -10.5574 2
    endloop
  endfacet
  facet normal 0.095424 -0.724876 -0.682238
    outer loop
      vertex 0 -8.6 1.35
      vertex -0.0852579 -9.22299 2
      vertex -0.362347 -8.6477 1.35
    endloop
  endfacet
  facet normal 0.0954792 -0.724876 -0.682231
    outer loop
      vertex -0.0852579 -9.22299 2
      vertex 0 -8.6 1.35
      vertex 0 -9.21176 2
    endloop
  endfacet
  facet normal -0.675495 0.279779 -0.682224
    outer loop
      vertex 1.21243 -10.7 1.35
      vertex 0.71554 -10.3147 2
      vertex 1.3523 -10.3623 1.35
    endloop
  endfacet
  facet normal -0.675406 0.279936 -0.682249
    outer loop
      vertex 0.71554 -10.3147 2
      vertex 1.21243 -10.7 1.35
      vertex 0.682631 -10.3941 2
    endloop
  endfacet
  facet normal -0.279811 -0.67547 -0.682236
    outer loop
      vertex 0.362347 -8.6477 1.35
      vertex 0.314669 -9.28446 2
      vertex 0.20401 -9.23862 2
    endloop
  endfacet
  facet normal -0.724884 0.0953906 -0.682235
    outer loop
      vertex 1.31652 -10 1.43869
      vertex 0.77701 -10.0853 2
      vertex 0.788235 -10 2
    endloop
  endfacet
  facet normal -0.724884 0.0954267 -0.682229
    outer loop
      vertex 1.35826 -10.317 1.35
      vertex 0.77701 -10.0853 2
      vertex 1.31652 -10 1.43869
    endloop
  endfacet
  facet normal -0.724898 0.0953728 -0.682222
    outer loop
      vertex 0.77701 -10.0853 2
      vertex 1.35826 -10.317 1.35
      vertex 1.3523 -10.3623 1.35
    endloop
  endfacet
  facet normal 0.580038 -0.445101 -0.682232
    outer loop
      vertex -0.609716 -9.51086 2
      vertex -0.682631 -9.60588 2
      vertex -1.21243 -9.3 1.35
    endloop
  endfacet
  facet normal 0.724881 -0.095435 -0.682232
    outer loop
      vertex -1.31652 -10 1.43869
      vertex -0.77701 -9.91474 2
      vertex -0.788235 -10 2
    endloop
  endfacet
  facet normal 0.724881 -0.0954178 -0.682234
    outer loop
      vertex -0.77701 -9.91474 2
      vertex -1.31652 -10 1.43869
      vertex -1.2738 -9.67546 1.43869
    endloop
  endfacet
  facet normal -0.445089 -0.580044 -0.682236
    outer loop
      vertex 0.489143 -9.39028 2
      vertex 0.989949 -9.01005 1.35
      vertex 0.557366 -9.44263 2
    endloop
  endfacet
  facet normal -0.44509 -0.580042 -0.682236
    outer loop
      vertex 0.989949 -9.01005 1.35
      vertex 0.489143 -9.39028 2
      vertex 0.7 -8.78756 1.35
    endloop
  endfacet
  facet normal -0.445059 -0.580059 -0.682242
    outer loop
      vertex 0.7 -8.78756 1.35
      vertex 0.489143 -9.39028 2
      vertex 0.394117 -9.31737 2
    endloop
  endfacet
  facet normal 0.724884 0.0953906 -0.682235
    outer loop
      vertex -0.77701 -10.0853 2
      vertex -1.31652 -10 1.43869
      vertex -0.788235 -10 2
    endloop
  endfacet
  facet normal 0.724884 0.0954267 -0.682229
    outer loop
      vertex -0.77701 -10.0853 2
      vertex -1.35826 -10.317 1.35
      vertex -1.31652 -10 1.43869
    endloop
  endfacet
  facet normal 0.724898 0.0953728 -0.682222
    outer loop
      vertex -1.35826 -10.317 1.35
      vertex -0.77701 -10.0853 2
      vertex -1.3523 -10.3623 1.35
    endloop
  endfacet
  facet normal -0.0954232 0.724871 -0.682244
    outer loop
      vertex 0 -11.4 1.35
      vertex 0.0852579 -10.777 2
      vertex 0.362347 -11.3523 1.35
    endloop
  endfacet
  facet normal -0.0952235 0.724871 -0.682271
    outer loop
      vertex 0.0852579 -10.777 2
      vertex 0 -11.4 1.35
      vertex 0 -10.7882 2
    endloop
  endfacet
  facet normal 0.445059 -0.580059 -0.682242
    outer loop
      vertex -0.394117 -9.31737 2
      vertex -0.489143 -9.39028 2
      vertex -0.7 -8.78756 1.35
    endloop
  endfacet
  facet normal 0.580067 -0.445061 -0.682234
    outer loop
      vertex -0.609716 -9.51086 2
      vertex -0.989949 -9.01005 1.35
      vertex -0.557366 -9.44263 2
    endloop
  endfacet
  facet normal 0.580051 -0.445078 -0.682237
    outer loop
      vertex -0.989949 -9.01005 1.35
      vertex -0.609716 -9.51086 2
      vertex -1.21243 -9.3 1.35
    endloop
  endfacet
  facet normal 0.279811 -0.67547 -0.682236
    outer loop
      vertex -0.20401 -9.23862 2
      vertex -0.314669 -9.28446 2
      vertex -0.362347 -8.6477 1.35
    endloop
  endfacet
  facet normal 0.0952308 0.724926 -0.682212
    outer loop
      vertex -0.20401 -10.7614 2
      vertex -0.0852579 -10.777 2
      vertex -0.362347 -11.3523 1.35
    endloop
  endfacet
  facet normal 0.675477 -0.27979 -0.682238
    outer loop
      vertex -1.22993 -9.34223 1.35
      vertex -0.682631 -9.60588 2
      vertex -0.71554 -9.68533 2
    endloop
  endfacet
  facet normal 0.67543 -0.279896 -0.682241
    outer loop
      vertex -0.682631 -9.60588 2
      vertex -1.22993 -9.34223 1.35
      vertex -1.21243 -9.3 1.35
    endloop
  endfacet
  facet normal 0.675472 -0.279799 -0.682239
    outer loop
      vertex -1.22993 -9.34223 1.35
      vertex -0.71554 -9.68533 2
      vertex -1.26964 -9.64384 1.43438
    endloop
  endfacet
  facet normal -0.675473 -0.279799 -0.682238
    outer loop
      vertex 0.682631 -9.60588 2
      vertex 1.22993 -9.34223 1.35
      vertex 1.26964 -9.64384 1.43438
    endloop
  endfacet
  facet normal -0.675475 -0.279789 -0.682241
    outer loop
      vertex 0.682631 -9.60588 2
      vertex 1.26964 -9.64384 1.43438
      vertex 0.71554 -9.68533 2
    endloop
  endfacet
  facet normal -0.67543 -0.279896 -0.682241
    outer loop
      vertex 1.22993 -9.34223 1.35
      vertex 0.682631 -9.60588 2
      vertex 1.21243 -9.3 1.35
    endloop
  endfacet
  facet normal 0.724869 0.0954726 -0.682239
    outer loop
      vertex -0.77701 -10.0853 2
      vertex -0.761376 -10.204 2
      vertex -1.3523 -10.3623 1.35
    endloop
  endfacet
  facet normal -0.44511 0.580041 -0.682224
    outer loop
      vertex 0.489143 -10.6097 2
      vertex 0.989949 -10.9899 1.35
      vertex 0.7 -11.2124 1.35
    endloop
  endfacet
  facet normal -0.444855 0.580294 -0.682175
    outer loop
      vertex 0.989949 -10.9899 1.35
      vertex 0.489143 -10.6097 2
      vertex 0.557366 -10.5574 2
    endloop
  endfacet
  facet normal -0.445021 0.58009 -0.68224
    outer loop
      vertex 0.489143 -10.6097 2
      vertex 0.7 -11.2124 1.35
      vertex 0.394117 -10.6826 2
    endloop
  endfacet
  facet normal 0.279855 0.675438 -0.682249
    outer loop
      vertex -0.7 -11.2124 1.35
      vertex -0.314669 -10.7155 2
      vertex -0.362347 -11.3523 1.35
    endloop
  endfacet
  facet normal 0.279733 0.675508 -0.68223
    outer loop
      vertex -0.314669 -10.7155 2
      vertex -0.7 -11.2124 1.35
      vertex -0.394117 -10.6826 2
    endloop
  endfacet
  facet normal 0.0952235 0.724871 -0.682271
    outer loop
      vertex 0 -11.4 1.35
      vertex -0.0852579 -10.777 2
      vertex 0 -10.7882 2
    endloop
  endfacet
  facet normal 0.0954232 0.724871 -0.682244
    outer loop
      vertex -0.0852579 -10.777 2
      vertex 0 -11.4 1.35
      vertex -0.362347 -11.3523 1.35
    endloop
  endfacet
  facet normal 0.280135 0.67537 -0.682203
    outer loop
      vertex -0.314669 -10.7155 2
      vertex -0.20401 -10.7614 2
      vertex -0.362347 -11.3523 1.35
    endloop
  endfacet
  facet normal -0.0954792 -0.724876 -0.682231
    outer loop
      vertex 0 -8.6 1.35
      vertex 0.0852579 -9.22299 2
      vertex 0 -9.21176 2
    endloop
  endfacet
  facet normal -0.095424 -0.724876 -0.682238
    outer loop
      vertex 0.0852579 -9.22299 2
      vertex 0 -8.6 1.35
      vertex 0.362347 -8.6477 1.35
    endloop
  endfacet
  facet normal -0.279855 0.675438 -0.682249
    outer loop
      vertex 0.314669 -10.7155 2
      vertex 0.7 -11.2124 1.35
      vertex 0.362347 -11.3523 1.35
    endloop
  endfacet
  facet normal -0.279733 0.675508 -0.68223
    outer loop
      vertex 0.7 -11.2124 1.35
      vertex 0.314669 -10.7155 2
      vertex 0.394117 -10.6826 2
    endloop
  endfacet
  facet normal 0.580327 0.444804 -0.68218
    outer loop
      vertex -0.989949 -10.9899 1.35
      vertex -0.609716 -10.4891 2
      vertex -0.557366 -10.5574 2
    endloop
  endfacet
  facet normal 0.58001 0.445123 -0.682241
    outer loop
      vertex -0.609716 -10.4891 2
      vertex -0.989949 -10.9899 1.35
      vertex -1.21243 -10.7 1.35
    endloop
  endfacet
  facet normal -0.579991 0.445158 -0.682235
    outer loop
      vertex 0.682631 -10.3941 2
      vertex 1.21243 -10.7 1.35
      vertex 0.609716 -10.4891 2
    endloop
  endfacet
  facet normal -0.58001 0.445123 -0.682241
    outer loop
      vertex 0.989949 -10.9899 1.35
      vertex 0.609716 -10.4891 2
      vertex 1.21243 -10.7 1.35
    endloop
  endfacet
  facet normal -0.580327 0.444804 -0.68218
    outer loop
      vertex 0.609716 -10.4891 2
      vertex 0.989949 -10.9899 1.35
      vertex 0.557366 -10.5574 2
    endloop
  endfacet
  facet normal -0.280135 0.67537 -0.682203
    outer loop
      vertex 0.314669 -10.7155 2
      vertex 0.362347 -11.3523 1.35
      vertex 0.20401 -10.7614 2
    endloop
  endfacet
  facet normal -0.0954079 -0.724881 -0.682236
    outer loop
      vertex 0.362347 -8.6477 1.35
      vertex 0.20401 -9.23862 2
      vertex 0.0852579 -9.22299 2
    endloop
  endfacet
  facet normal -0.580051 -0.445078 -0.682237
    outer loop
      vertex 0.609716 -9.51086 2
      vertex 0.989949 -9.01005 1.35
      vertex 1.21243 -9.3 1.35
    endloop
  endfacet
  facet normal -0.580067 -0.445061 -0.682234
    outer loop
      vertex 0.989949 -9.01005 1.35
      vertex 0.609716 -9.51086 2
      vertex 0.557366 -9.44263 2
    endloop
  endfacet
  facet normal -0.580038 -0.445101 -0.682232
    outer loop
      vertex 1.21243 -9.3 1.35
      vertex 0.682631 -9.60588 2
      vertex 0.609716 -9.51086 2
    endloop
  endfacet
  facet normal 0.675475 -0.279786 -0.682241
    outer loop
      vertex -0.761376 -9.79599 2
      vertex -1.26964 -9.64384 1.43438
      vertex -0.71554 -9.68533 2
    endloop
  endfacet
  facet normal 0.675681 -0.279213 -0.682272
    outer loop
      vertex -1.26964 -9.64384 1.43438
      vertex -0.761376 -9.79599 2
      vertex -1.27166 -9.65926 1.43869
    endloop
  endfacet
  facet normal 0.72482 -0.0957478 -0.682253
    outer loop
      vertex -0.761376 -9.79599 2
      vertex -1.2738 -9.67546 1.43869
      vertex -1.27166 -9.65926 1.43869
    endloop
  endfacet
  facet normal 0.724876 -0.0954334 -0.682237
    outer loop
      vertex -1.2738 -9.67546 1.43869
      vertex -0.761376 -9.79599 2
      vertex -0.77701 -9.91474 2
    endloop
  endfacet
  facet normal -0.72482 -0.0957478 -0.682253
    outer loop
      vertex 1.2738 -9.67546 1.43869
      vertex 0.761376 -9.79599 2
      vertex 1.27166 -9.65926 1.43869
    endloop
  endfacet
  facet normal -0.724876 -0.0954334 -0.682237
    outer loop
      vertex 0.761376 -9.79599 2
      vertex 1.2738 -9.67546 1.43869
      vertex 0.77701 -9.91474 2
    endloop
  endfacet
  facet normal 0.579991 0.445158 -0.682235
    outer loop
      vertex -0.682631 -10.3941 2
      vertex -0.609716 -10.4891 2
      vertex -1.21243 -10.7 1.35
    endloop
  endfacet
  facet normal 0.675406 0.279936 -0.682249
    outer loop
      vertex -1.21243 -10.7 1.35
      vertex -0.71554 -10.3147 2
      vertex -0.682631 -10.3941 2
    endloop
  endfacet
  facet normal 0.675495 0.279779 -0.682224
    outer loop
      vertex -0.71554 -10.3147 2
      vertex -1.21243 -10.7 1.35
      vertex -1.3523 -10.3623 1.35
    endloop
  endfacet
  facet normal -0.675514 0.279701 -0.682237
    outer loop
      vertex 0.761376 -10.204 2
      vertex 1.3523 -10.3623 1.35
      vertex 0.71554 -10.3147 2
    endloop
  endfacet
  facet normal -0.724869 0.0954726 -0.682239
    outer loop
      vertex 0.77701 -10.0853 2
      vertex 1.3523 -10.3623 1.35
      vertex 0.761376 -10.204 2
    endloop
  endfacet
  facet normal -0.0952308 0.724926 -0.682212
    outer loop
      vertex 0.20401 -10.7614 2
      vertex 0.362347 -11.3523 1.35
      vertex 0.0852579 -10.777 2
    endloop
  endfacet
  facet normal 0.445021 0.58009 -0.68224
    outer loop
      vertex -0.489143 -10.6097 2
      vertex -0.394117 -10.6826 2
      vertex -0.7 -11.2124 1.35
    endloop
  endfacet
  facet normal 0.675514 0.279701 -0.682237
    outer loop
      vertex -0.761376 -10.204 2
      vertex -0.71554 -10.3147 2
      vertex -1.3523 -10.3623 1.35
    endloop
  endfacet
  facet normal -0.675681 -0.279213 -0.682272
    outer loop
      vertex 0.761376 -9.79599 2
      vertex 1.26964 -9.64384 1.43438
      vertex 1.27166 -9.65926 1.43869
    endloop
  endfacet
  facet normal -0.675475 -0.279786 -0.682241
    outer loop
      vertex 1.26964 -9.64384 1.43438
      vertex 0.761376 -9.79599 2
      vertex 0.71554 -9.68533 2
    endloop
  endfacet
  facet normal -0.279807 -0.675467 -0.682241
    outer loop
      vertex 3.28819 -8.44682 1.35
      vertex 2.98231 -8.97663 2
      vertex 2.87165 -8.93079 2
    endloop
  endfacet
  facet normal -0.0953917 -0.724875 -0.682244
    outer loop
      vertex 2.58819 -8.25926 1.35
      vertex 2.7922 -8.89788 2
      vertex 2.70694 -8.88666 2
    endloop
  endfacet
  facet normal -0.0954234 -0.724877 -0.682237
    outer loop
      vertex 2.7922 -8.89788 2
      vertex 2.58819 -8.25926 1.35
      vertex 2.95054 -8.30696 1.35
    endloop
  endfacet
  facet normal -0.724875 -0.0954088 -0.682241
    outer loop
      vertex 3.98819 -9.65926 1.35
      vertex 3.37642 -9.65926 2
      vertex 3.36079 -9.54051 2
    endloop
  endfacet
  facet normal -0.724885 -0.095393 -0.682233
    outer loop
      vertex 3.85986 -9.31852 1.43869
      vertex 3.36079 -9.54051 2
      vertex 3.34957 -9.45525 2
    endloop
  endfacet
  facet normal -0.724878 -0.0954181 -0.682237
    outer loop
      vertex 3.98222 -9.61394 1.35
      vertex 3.36079 -9.54051 2
      vertex 3.85986 -9.31852 1.43869
    endloop
  endfacet
  facet normal -0.724877 -0.095488 -0.682228
    outer loop
      vertex 3.36079 -9.54051 2
      vertex 3.98222 -9.61394 1.35
      vertex 3.98819 -9.65926 1.35
    endloop
  endfacet
  facet normal 0.580033 -0.4451 -0.682237
    outer loop
      vertex 1.37575 -8.95926 1.35
      vertex 1.95791 -9.19692 2
      vertex 1.90556 -9.26514 2
    endloop
  endfacet
  facet normal 0.58004 -0.445087 -0.682239
    outer loop
      vertex 1.95791 -9.19692 2
      vertex 1.37575 -8.95926 1.35
      vertex 1.59824 -8.66931 1.35
    endloop
  endfacet
  facet normal 0.4451 -0.580033 -0.682237
    outer loop
      vertex 2.12585 -9.02898 2
      vertex 1.88819 -8.44682 1.35
      vertex 2.19407 -8.97663 2
    endloop
  endfacet
  facet normal 0.445087 -0.58004 -0.682239
    outer loop
      vertex 1.88819 -8.44682 1.35
      vertex 2.12585 -9.02898 2
      vertex 1.59824 -8.66931 1.35
    endloop
  endfacet
  facet normal -0.09547 -0.724876 -0.682231
    outer loop
      vertex 2.58819 -8.25926 1.35
      vertex 2.70694 -8.88666 2
      vertex 2.58819 -8.87102 2
    endloop
  endfacet
  facet normal 0.724896 -0.0953305 -0.682231
    outer loop
      vertex 1.82681 -9.45525 2
      vertex 1.22993 -9.34223 1.35
      vertex 1.23589 -9.29691 1.35
    endloop
  endfacet
  facet normal 0.724877 -0.095392 -0.682242
    outer loop
      vertex 1.26964 -9.64384 1.43438
      vertex 1.82681 -9.45525 2
      vertex 1.81559 -9.54051 2
    endloop
  endfacet
  facet normal 0.72488 -0.0954274 -0.682233
    outer loop
      vertex 1.82681 -9.45525 2
      vertex 1.26964 -9.64384 1.43438
      vertex 1.22993 -9.34223 1.35
    endloop
  endfacet
  facet normal 0.724875 -0.0954698 -0.682233
    outer loop
      vertex 1.27166 -9.65926 1.43869
      vertex 1.81559 -9.54051 2
      vertex 1.79995 -9.65926 2
    endloop
  endfacet
  facet normal 0.724884 -0.0957179 -0.682189
    outer loop
      vertex 1.81559 -9.54051 2
      vertex 1.27166 -9.65926 1.43869
      vertex 1.26964 -9.64384 1.43438
    endloop
  endfacet
  facet normal 0.0960737 0.724889 -0.682133
    outer loop
      vertex 2.58819 -11.0593 1.35
      vertex 2.38418 -10.4206 2
      vertex 2.46944 -10.4319 2
    endloop
  endfacet
  facet normal 0.0954176 0.724833 -0.682284
    outer loop
      vertex 2.38418 -10.4206 2
      vertex 2.58819 -11.0593 1.35
      vertex 2.22584 -11.0116 1.35
    endloop
  endfacet
  facet normal -0.579998 0.445132 -0.682246
    outer loop
      vertex 3.21847 -10.1216 2
      vertex 3.80063 -10.3593 1.35
      vertex 3.57814 -10.6492 1.35
    endloop
  endfacet
  facet normal -0.579969 0.445182 -0.682238
    outer loop
      vertex 3.80063 -10.3593 1.35
      vertex 3.21847 -10.1216 2
      vertex 3.27082 -10.0534 2
    endloop
  endfacet
  facet normal -0.279793 -0.675476 -0.682238
    outer loop
      vertex 2.87165 -8.93079 2
      vertex 2.95054 -8.30696 1.35
      vertex 3.28819 -8.44682 1.35
    endloop
  endfacet
  facet normal -0.279797 -0.675474 -0.682238
    outer loop
      vertex 2.95054 -8.30696 1.35
      vertex 2.87165 -8.93079 2
      vertex 2.7922 -8.89788 2
    endloop
  endfacet
  facet normal -0.279851 0.675422 -0.682267
    outer loop
      vertex 2.95054 -11.0116 1.35
      vertex 2.87165 -10.3877 2
      vertex 3.28819 -10.8717 1.35
    endloop
  endfacet
  facet normal -0.279707 0.675462 -0.682287
    outer loop
      vertex 2.87165 -10.3877 2
      vertex 2.95054 -11.0116 1.35
      vertex 2.7922 -10.4206 2
    endloop
  endfacet
  facet normal 0.09547 -0.724876 -0.682231
    outer loop
      vertex 2.58819 -8.25926 1.35
      vertex 2.58819 -8.87102 2
      vertex 2.46944 -8.88666 2
    endloop
  endfacet
  facet normal -0.67547 -0.279808 -0.682237
    outer loop
      vertex 3.27082 -9.26514 2
      vertex 3.73459 -9.0161 1.43869
      vertex 3.31666 -9.3758 2
    endloop
  endfacet
  facet normal -0.675383 -0.279993 -0.682247
    outer loop
      vertex 3.73459 -9.0161 1.43869
      vertex 3.27082 -9.26514 2
      vertex 3.72833 -9.001 1.43869
    endloop
  endfacet
  facet normal -0.675476 -0.279798 -0.682235
    outer loop
      vertex 3.31666 -9.3758 2
      vertex 3.85986 -9.31852 1.43869
      vertex 3.34957 -9.45525 2
    endloop
  endfacet
  facet normal -0.675476 -0.279799 -0.682235
    outer loop
      vertex 3.85986 -9.31852 1.43869
      vertex 3.31666 -9.3758 2
      vertex 3.73459 -9.0161 1.43869
    endloop
  endfacet
  facet normal -0.445053 -0.580076 -0.682231
    outer loop
      vertex 3.57814 -8.66931 1.35
      vertex 3.14556 -9.10189 2
      vertex 3.05053 -9.02898 2
    endloop
  endfacet
  facet normal 0.279797 -0.675474 -0.682238
    outer loop
      vertex 2.30473 -8.93079 2
      vertex 2.22584 -8.30696 1.35
      vertex 2.38418 -8.89788 2
    endloop
  endfacet
  facet normal 0.279793 -0.675476 -0.682238
    outer loop
      vertex 2.22584 -8.30696 1.35
      vertex 2.30473 -8.93079 2
      vertex 1.88819 -8.44682 1.35
    endloop
  endfacet
  facet normal 0.675484 0.279763 -0.682242
    outer loop
      vertex 1.85972 -9.94272 2
      vertex 1.90556 -10.0534 2
      vertex 1.37575 -10.3593 1.35
    endloop
  endfacet
  facet normal 0.724855 0.0957525 -0.682214
    outer loop
      vertex 1.79995 -9.65926 2
      vertex 1.2738 -9.67546 1.43869
      vertex 1.27166 -9.65926 1.43869
    endloop
  endfacet
  facet normal 0.724879 0.0954704 -0.682229
    outer loop
      vertex 1.2738 -9.67546 1.43869
      vertex 1.79995 -9.65926 2
      vertex 1.81559 -9.77801 2
    endloop
  endfacet
  facet normal 0.445011 0.580101 -0.682238
    outer loop
      vertex 2.03082 -10.2166 2
      vertex 2.12585 -10.2895 2
      vertex 1.59824 -10.6492 1.35
    endloop
  endfacet
  facet normal 0.675474 -0.279797 -0.682238
    outer loop
      vertex 1.23589 -9.29691 1.35
      vertex 1.85972 -9.3758 2
      vertex 1.82681 -9.45525 2
    endloop
  endfacet
  facet normal 0.675476 -0.279793 -0.682238
    outer loop
      vertex 1.85972 -9.3758 2
      vertex 1.23589 -9.29691 1.35
      vertex 1.37575 -8.95926 1.35
    endloop
  endfacet
  facet normal -0.279606 0.675571 -0.68222
    outer loop
      vertex 2.98231 -10.3419 2
      vertex 3.28819 -10.8717 1.35
      vertex 2.87165 -10.3877 2
    endloop
  endfacet
  facet normal -0.0954176 0.724833 -0.682284
    outer loop
      vertex 2.58819 -11.0593 1.35
      vertex 2.7922 -10.4206 2
      vertex 2.95054 -11.0116 1.35
    endloop
  endfacet
  facet normal -0.0960737 0.724889 -0.682133
    outer loop
      vertex 2.7922 -10.4206 2
      vertex 2.58819 -11.0593 1.35
      vertex 2.70694 -10.4319 2
    endloop
  endfacet
  facet normal 0.579998 0.445132 -0.682246
    outer loop
      vertex 1.37575 -10.3593 1.35
      vertex 1.95791 -10.1216 2
      vertex 1.59824 -10.6492 1.35
    endloop
  endfacet
  facet normal 0.579969 0.445182 -0.682238
    outer loop
      vertex 1.95791 -10.1216 2
      vertex 1.37575 -10.3593 1.35
      vertex 1.90556 -10.0534 2
    endloop
  endfacet
  facet normal 0.579998 0.445133 -0.682246
    outer loop
      vertex 1.95791 -10.1216 2
      vertex 2.03082 -10.2166 2
      vertex 1.59824 -10.6492 1.35
    endloop
  endfacet
  facet normal 0.675467 -0.279807 -0.682241
    outer loop
      vertex 1.90556 -9.26514 2
      vertex 1.85972 -9.3758 2
      vertex 1.37575 -8.95926 1.35
    endloop
  endfacet
  facet normal 0.445053 -0.580076 -0.682231
    outer loop
      vertex 2.12585 -9.02898 2
      vertex 2.03082 -9.10189 2
      vertex 1.59824 -8.66931 1.35
    endloop
  endfacet
  facet normal 0.0952252 0.724871 -0.682271
    outer loop
      vertex 2.58819 -10.4475 2
      vertex 2.58819 -11.0593 1.35
      vertex 2.46944 -10.4319 2
    endloop
  endfacet
  facet normal -0.445011 0.580101 -0.682238
    outer loop
      vertex 3.14556 -10.2166 2
      vertex 3.57814 -10.6492 1.35
      vertex 3.05053 -10.2895 2
    endloop
  endfacet
  facet normal -0.675488 0.279756 -0.682241
    outer loop
      vertex 3.31666 -9.94272 2
      vertex 3.94049 -10.0216 1.35
      vertex 3.80063 -10.3593 1.35
    endloop
  endfacet
  facet normal -0.675476 0.279798 -0.682235
    outer loop
      vertex 3.94049 -10.0216 1.35
      vertex 3.31666 -9.94272 2
      vertex 3.34957 -9.86327 2
    endloop
  endfacet
  facet normal 0.279707 0.675462 -0.682287
    outer loop
      vertex 2.22584 -11.0116 1.35
      vertex 2.30473 -10.3877 2
      vertex 2.38418 -10.4206 2
    endloop
  endfacet
  facet normal 0.279851 0.675422 -0.682267
    outer loop
      vertex 2.30473 -10.3877 2
      vertex 2.22584 -11.0116 1.35
      vertex 1.88819 -10.8717 1.35
    endloop
  endfacet
  facet normal 0.580076 -0.445053 -0.682231
    outer loop
      vertex 2.03082 -9.10189 2
      vertex 1.95791 -9.19692 2
      vertex 1.59824 -8.66931 1.35
    endloop
  endfacet
  facet normal -0.0952252 0.724871 -0.682271
    outer loop
      vertex 2.58819 -10.4475 2
      vertex 2.70694 -10.4319 2
      vertex 2.58819 -11.0593 1.35
    endloop
  endfacet
  facet normal -0.445087 -0.58004 -0.682239
    outer loop
      vertex 3.05053 -9.02898 2
      vertex 3.28819 -8.44682 1.35
      vertex 3.57814 -8.66931 1.35
    endloop
  endfacet
  facet normal -0.4451 -0.580033 -0.682237
    outer loop
      vertex 3.28819 -8.44682 1.35
      vertex 3.05053 -9.02898 2
      vertex 2.98231 -8.97663 2
    endloop
  endfacet
  facet normal 0.445383 0.579847 -0.682211
    outer loop
      vertex 1.88819 -10.8717 1.35
      vertex 2.12585 -10.2895 2
      vertex 2.19407 -10.3419 2
    endloop
  endfacet
  facet normal 0.44509 0.580018 -0.682256
    outer loop
      vertex 2.12585 -10.2895 2
      vertex 1.88819 -10.8717 1.35
      vertex 1.59824 -10.6492 1.35
    endloop
  endfacet
  facet normal -0.724875 0.0953917 -0.682244
    outer loop
      vertex 3.98819 -9.65926 1.35
      vertex 3.34957 -9.86327 2
      vertex 3.36079 -9.77801 2
    endloop
  endfacet
  facet normal -0.724878 0.095426 -0.682236
    outer loop
      vertex 3.34957 -9.86327 2
      vertex 3.98819 -9.65926 1.35
      vertex 3.94049 -10.0216 1.35
    endloop
  endfacet
  facet normal -0.724875 0.0954088 -0.682241
    outer loop
      vertex 3.37642 -9.65926 2
      vertex 3.98819 -9.65926 1.35
      vertex 3.36079 -9.77801 2
    endloop
  endfacet
  facet normal 0.0954234 -0.724877 -0.682237
    outer loop
      vertex 2.58819 -8.25926 1.35
      vertex 2.38418 -8.89788 2
      vertex 2.22584 -8.30696 1.35
    endloop
  endfacet
  facet normal 0.0953917 -0.724875 -0.682244
    outer loop
      vertex 2.38418 -8.89788 2
      vertex 2.58819 -8.25926 1.35
      vertex 2.46944 -8.88666 2
    endloop
  endfacet
  facet normal -0.5802 -0.444863 -0.68225
    outer loop
      vertex 3.27082 -9.26514 2
      vertex 3.72238 -8.98663 1.43438
      vertex 3.72833 -9.001 1.43869
    endloop
  endfacet
  facet normal -0.580053 -0.44507 -0.68224
    outer loop
      vertex 3.72238 -8.98663 1.43438
      vertex 3.21847 -9.19692 2
      vertex 3.60597 -8.70557 1.35
    endloop
  endfacet
  facet normal -0.580035 -0.445101 -0.682235
    outer loop
      vertex 3.72238 -8.98663 1.43438
      vertex 3.27082 -9.26514 2
      vertex 3.21847 -9.19692 2
    endloop
  endfacet
  facet normal -0.579982 -0.445143 -0.682253
    outer loop
      vertex 3.60597 -8.70557 1.35
      vertex 3.21847 -9.19692 2
      vertex 3.57814 -8.66931 1.35
    endloop
  endfacet
  facet normal -0.580076 -0.445053 -0.682231
    outer loop
      vertex 3.57814 -8.66931 1.35
      vertex 3.21847 -9.19692 2
      vertex 3.14556 -9.10189 2
    endloop
  endfacet
  facet normal -0.579998 0.445133 -0.682246
    outer loop
      vertex 3.21847 -10.1216 2
      vertex 3.57814 -10.6492 1.35
      vertex 3.14556 -10.2166 2
    endloop
  endfacet
  facet normal 0.724877 0.095392 -0.682241
    outer loop
      vertex 1.82681 -9.86327 2
      vertex 1.2738 -9.67546 1.43869
      vertex 1.81559 -9.77801 2
    endloop
  endfacet
  facet normal 0.72488 0.0954177 -0.682235
    outer loop
      vertex 1.2738 -9.67546 1.43869
      vertex 1.82681 -9.86327 2
      vertex 1.31652 -10 1.43869
    endloop
  endfacet
  facet normal 0.67571 0.279389 -0.682171
    outer loop
      vertex 1.35826 -10.317 1.35
      vertex 1.85972 -9.94272 2
      vertex 1.37575 -10.3593 1.35
    endloop
  endfacet
  facet normal 0.675472 0.279815 -0.682233
    outer loop
      vertex 1.31652 -10 1.43869
      vertex 1.85972 -9.94272 2
      vertex 1.35826 -10.317 1.35
    endloop
  endfacet
  facet normal 0.675476 0.279798 -0.682235
    outer loop
      vertex 1.85972 -9.94272 2
      vertex 1.31652 -10 1.43869
      vertex 1.82681 -9.86327 2
    endloop
  endfacet
  facet normal -0.44509 0.580018 -0.682256
    outer loop
      vertex 3.28819 -10.8717 1.35
      vertex 3.05053 -10.2895 2
      vertex 3.57814 -10.6492 1.35
    endloop
  endfacet
  facet normal -0.445383 0.579847 -0.682211
    outer loop
      vertex 3.05053 -10.2895 2
      vertex 3.28819 -10.8717 1.35
      vertex 2.98231 -10.3419 2
    endloop
  endfacet
  facet normal -0.675484 0.279763 -0.682242
    outer loop
      vertex 3.31666 -9.94272 2
      vertex 3.80063 -10.3593 1.35
      vertex 3.27082 -10.0534 2
    endloop
  endfacet
  facet normal 0.279807 -0.675467 -0.682241
    outer loop
      vertex 2.30473 -8.93079 2
      vertex 2.19407 -8.97663 2
      vertex 1.88819 -8.44682 1.35
    endloop
  endfacet
  facet normal 0.279606 0.675571 -0.68222
    outer loop
      vertex 2.19407 -10.3419 2
      vertex 2.30473 -10.3877 2
      vertex 1.88819 -10.8717 1.35
    endloop
  endfacet
  facet normal -0.724875 -0.0954257 -0.682239
    outer loop
      vertex 6.4 -8.66025 1.35
      vertex 5.77701 -8.575 2
      vertex 6.3523 -8.29791 1.35
    endloop
  endfacet
  facet normal -0.724876 -0.095403 -0.682242
    outer loop
      vertex 5.77701 -8.575 2
      vertex 6.4 -8.66025 1.35
      vertex 5.78823 -8.66025 2
    endloop
  endfacet
  facet normal 0.724875 0.0954877 -0.68223
    outer loop
      vertex 4.21176 -8.66025 2
      vertex 3.60597 -8.70557 1.35
      vertex 3.6 -8.66025 1.35
    endloop
  endfacet
  facet normal 0.724876 0.0954769 -0.682231
    outer loop
      vertex 4.22299 -8.74551 2
      vertex 3.60597 -8.70557 1.35
      vertex 4.21176 -8.66025 2
    endloop
  endfacet
  facet normal 0.724879 0.0954102 -0.682237
    outer loop
      vertex 3.60597 -8.70557 1.35
      vertex 4.22299 -8.74551 2
      vertex 3.72238 -8.98663 1.43438
    endloop
  endfacet
  facet normal 0.445089 0.580042 -0.682237
    outer loop
      vertex 4.01005 -9.6502 1.35
      vertex 4.51086 -9.26997 2
      vertex 4.3 -9.87269 1.35
    endloop
  endfacet
  facet normal 0.445062 0.580068 -0.682232
    outer loop
      vertex 4.51086 -9.26997 2
      vertex 4.01005 -9.6502 1.35
      vertex 4.44263 -9.21762 2
    endloop
  endfacet
  facet normal 0.279807 0.675498 -0.68221
    outer loop
      vertex 4.63765 -10.0125 1.35
      vertex 4.71654 -9.38872 2
      vertex 4.79599 -9.42163 2
    endloop
  endfacet
  facet normal 0.279713 0.675524 -0.682223
    outer loop
      vertex 4.71654 -9.38872 2
      vertex 4.63765 -10.0125 1.35
      vertex 4.3 -9.87269 1.35
    endloop
  endfacet
  facet normal 0.445121 -0.580024 -0.682231
    outer loop
      vertex 4.60588 -7.97762 2
      vertex 4.51086 -8.05054 2
      vertex 4.3 -7.44782 1.35
    endloop
  endfacet
  facet normal -0.724876 0.0953919 -0.682242
    outer loop
      vertex 6.4 -8.66025 1.35
      vertex 5.77701 -8.74551 2
      vertex 5.78823 -8.66025 2
    endloop
  endfacet
  facet normal -0.724876 0.0954232 -0.682238
    outer loop
      vertex 5.77701 -8.74551 2
      vertex 6.4 -8.66025 1.35
      vertex 6.3523 -9.0226 1.35
    endloop
  endfacet
  facet normal -0.0953919 -0.724876 -0.682242
    outer loop
      vertex 5 -7.26025 1.35
      vertex 5.08526 -7.88324 2
      vertex 5 -7.87202 2
    endloop
  endfacet
  facet normal -0.0954432 -0.724876 -0.682235
    outer loop
      vertex 5.08526 -7.88324 2
      vertex 5 -7.26025 1.35
      vertex 5.36235 -7.30796 1.35
    endloop
  endfacet
  facet normal 0.724875 -0.095488 -0.68223
    outer loop
      vertex 3.6 -8.66025 1.35
      vertex 4.22299 -8.575 2
      vertex 4.21176 -8.66025 2
    endloop
  endfacet
  facet normal 0.724875 -0.0954257 -0.682239
    outer loop
      vertex 4.22299 -8.575 2
      vertex 3.6 -8.66025 1.35
      vertex 3.6477 -8.29791 1.35
    endloop
  endfacet
  facet normal 0.580049 -0.445079 -0.682237
    outer loop
      vertex 4.44263 -8.10289 2
      vertex 4.36972 -8.19791 2
      vertex 4.01005 -7.6703 1.35
    endloop
  endfacet
  facet normal -0.445093 -0.580037 -0.682238
    outer loop
      vertex 5.48914 -8.05054 2
      vertex 5.73626 -7.47564 1.35
      vertex 5.93092 -7.72933 1.43869
    endloop
  endfacet
  facet normal -0.445062 -0.580069 -0.682232
    outer loop
      vertex 5.48914 -8.05054 2
      vertex 5.93092 -7.72933 1.43869
      vertex 5.55737 -8.10289 2
    endloop
  endfacet
  facet normal -0.445047 -0.580065 -0.682245
    outer loop
      vertex 5.73626 -7.47564 1.35
      vertex 5.48914 -8.05054 2
      vertex 5.7 -7.44782 1.35
    endloop
  endfacet
  facet normal 0.675456 -0.279824 -0.682244
    outer loop
      vertex 4.28446 -8.34558 2
      vertex 3.78756 -7.96025 1.35
      vertex 4.31737 -8.26614 2
    endloop
  endfacet
  facet normal 0.675478 -0.279786 -0.682238
    outer loop
      vertex 3.78756 -7.96025 1.35
      vertex 4.28446 -8.34558 2
      vertex 3.6477 -8.29791 1.35
    endloop
  endfacet
  facet normal -0.0954131 0.724908 -0.682206
    outer loop
      vertex 5.20401 -9.42163 2
      vertex 5.36235 -10.0125 1.35
      vertex 5.08526 -9.43726 2
    endloop
  endfacet
  facet normal 0.279758 0.675497 -0.682231
    outer loop
      vertex 4.60588 -9.34289 2
      vertex 4.71654 -9.38872 2
      vertex 4.3 -9.87269 1.35
    endloop
  endfacet
  facet normal 0.0954432 -0.724876 -0.682235
    outer loop
      vertex 5 -7.26025 1.35
      vertex 4.91474 -7.88324 2
      vertex 4.63765 -7.30796 1.35
    endloop
  endfacet
  facet normal 0.0953919 -0.724876 -0.682242
    outer loop
      vertex 4.91474 -7.88324 2
      vertex 5 -7.26025 1.35
      vertex 5 -7.87202 2
    endloop
  endfacet
  facet normal -0.445121 -0.580024 -0.682231
    outer loop
      vertex 5.7 -7.44782 1.35
      vertex 5.48914 -8.05054 2
      vertex 5.39412 -7.97762 2
    endloop
  endfacet
  facet normal 0.445059 -0.580065 -0.682237
    outer loop
      vertex 4.01005 -7.6703 1.35
      vertex 4.51086 -8.05054 2
      vertex 4.44263 -8.10289 2
    endloop
  endfacet
  facet normal 0.445075 -0.580049 -0.68224
    outer loop
      vertex 4.51086 -8.05054 2
      vertex 4.01005 -7.6703 1.35
      vertex 4.3 -7.44782 1.35
    endloop
  endfacet
  facet normal -0.580054 -0.445082 -0.682231
    outer loop
      vertex 5.55737 -8.10289 2
      vertex 5.94087 -7.7423 1.43869
      vertex 5.63028 -8.19791 2
    endloop
  endfacet
  facet normal -0.580101 -0.445027 -0.682227
    outer loop
      vertex 5.94087 -7.7423 1.43869
      vertex 5.55737 -8.10289 2
      vertex 5.93092 -7.72933 1.43869
    endloop
  endfacet
  facet normal -0.0956195 0.724848 -0.682241
    outer loop
      vertex 5 -10.0603 1.35
      vertex 5.08526 -9.43726 2
      vertex 5.36235 -10.0125 1.35
    endloop
  endfacet
  facet normal -0.0954732 0.724848 -0.682261
    outer loop
      vertex 5.08526 -9.43726 2
      vertex 5 -10.0603 1.35
      vertex 5 -9.44849 2
    endloop
  endfacet
  facet normal -0.279758 -0.675497 -0.682231
    outer loop
      vertex 5.7 -7.44782 1.35
      vertex 5.39412 -7.97762 2
      vertex 5.28346 -7.93179 2
    endloop
  endfacet
  facet normal 0.0954131 0.724908 -0.682206
    outer loop
      vertex 4.79599 -9.42163 2
      vertex 4.91474 -9.43726 2
      vertex 4.63765 -10.0125 1.35
    endloop
  endfacet
  facet normal 0.675473 -0.279809 -0.682234
    outer loop
      vertex 4.28446 -8.34558 2
      vertex 4.23862 -8.45624 2
      vertex 3.6477 -8.29791 1.35
    endloop
  endfacet
  facet normal -0.580076 0.445053 -0.682231
    outer loop
      vertex 5.63028 -9.12259 2
      vertex 5.98995 -9.6502 1.35
      vertex 5.55737 -9.21762 2
    endloop
  endfacet
  facet normal 0.580059 -0.445055 -0.682245
    outer loop
      vertex 3.78756 -7.96025 1.35
      vertex 4.36972 -8.19791 2
      vertex 4.31737 -8.26614 2
    endloop
  endfacet
  facet normal 0.58004 -0.445087 -0.682239
    outer loop
      vertex 4.36972 -8.19791 2
      vertex 3.78756 -7.96025 1.35
      vertex 4.01005 -7.6703 1.35
    endloop
  endfacet
  facet normal 0.724882 -0.0954018 -0.682235
    outer loop
      vertex 4.23862 -8.45624 2
      vertex 4.22299 -8.575 2
      vertex 3.6477 -8.29791 1.35
    endloop
  endfacet
  facet normal -0.279793 -0.675476 -0.682238
    outer loop
      vertex 5.28346 -7.93179 2
      vertex 5.36235 -7.30796 1.35
      vertex 5.7 -7.44782 1.35
    endloop
  endfacet
  facet normal -0.279797 -0.675474 -0.682238
    outer loop
      vertex 5.36235 -7.30796 1.35
      vertex 5.28346 -7.93179 2
      vertex 5.20401 -7.89888 2
    endloop
  endfacet
  facet normal -0.445089 0.580042 -0.682237
    outer loop
      vertex 5.48914 -9.26997 2
      vertex 5.98995 -9.6502 1.35
      vertex 5.7 -9.87269 1.35
    endloop
  endfacet
  facet normal -0.445062 0.580068 -0.682232
    outer loop
      vertex 5.98995 -9.6502 1.35
      vertex 5.48914 -9.26997 2
      vertex 5.55737 -9.21762 2
    endloop
  endfacet
  facet normal -0.279713 0.675524 -0.682223
    outer loop
      vertex 5.36235 -10.0125 1.35
      vertex 5.28346 -9.38872 2
      vertex 5.7 -9.87269 1.35
    endloop
  endfacet
  facet normal -0.279807 0.675498 -0.68221
    outer loop
      vertex 5.28346 -9.38872 2
      vertex 5.36235 -10.0125 1.35
      vertex 5.20401 -9.42163 2
    endloop
  endfacet
  facet normal -0.67547 0.27981 -0.682236
    outer loop
      vertex 6.21243 -9.36025 1.35
      vertex 5.71554 -8.97492 2
      vertex 6.3523 -9.0226 1.35
    endloop
  endfacet
  facet normal -0.675477 0.279798 -0.682234
    outer loop
      vertex 5.71554 -8.97492 2
      vertex 6.21243 -9.36025 1.35
      vertex 5.68263 -9.05437 2
    endloop
  endfacet
  facet normal -0.580052 0.445076 -0.682237
    outer loop
      vertex 5.63028 -9.12259 2
      vertex 6.21243 -9.36025 1.35
      vertex 5.98995 -9.6502 1.35
    endloop
  endfacet
  facet normal -0.580036 0.445103 -0.682233
    outer loop
      vertex 6.21243 -9.36025 1.35
      vertex 5.63028 -9.12259 2
      vertex 5.68263 -9.05437 2
    endloop
  endfacet
  facet normal -0.675449 -0.279904 -0.682218
    outer loop
      vertex 5.71554 -8.34558 2
      vertex 6.3348 -8.25568 1.35
      vertex 6.3523 -8.29791 1.35
    endloop
  endfacet
  facet normal -0.675479 -0.279797 -0.682233
    outer loop
      vertex 6.3348 -8.25568 1.35
      vertex 5.71554 -8.34558 2
      vertex 6.14014 -8.00199 1.43869
    endloop
  endfacet
  facet normal -0.675462 -0.279827 -0.682238
    outer loop
      vertex 6.14014 -8.00199 1.43869
      vertex 5.71554 -8.34558 2
      vertex 5.68263 -8.26614 2
    endloop
  endfacet
  facet normal -0.580064 -0.445058 -0.682238
    outer loop
      vertex 5.63028 -8.19791 2
      vertex 6.14014 -8.00199 1.43869
      vertex 5.68263 -8.26614 2
    endloop
  endfacet
  facet normal -0.580045 -0.445091 -0.682233
    outer loop
      vertex 6.14014 -8.00199 1.43869
      vertex 5.63028 -8.19791 2
      vertex 5.94087 -7.7423 1.43869
    endloop
  endfacet
  facet normal 0.279797 -0.675474 -0.682238
    outer loop
      vertex 4.71654 -7.93179 2
      vertex 4.63765 -7.30796 1.35
      vertex 4.79599 -7.89888 2
    endloop
  endfacet
  facet normal 0.279793 -0.675476 -0.682238
    outer loop
      vertex 4.63765 -7.30796 1.35
      vertex 4.71654 -7.93179 2
      vertex 4.3 -7.44782 1.35
    endloop
  endfacet
  facet normal -0.724882 -0.0954018 -0.682235
    outer loop
      vertex 6.3523 -8.29791 1.35
      vertex 5.77701 -8.575 2
      vertex 5.76138 -8.45624 2
    endloop
  endfacet
  facet normal -0.675471 0.279808 -0.682237
    outer loop
      vertex 5.76138 -8.86426 2
      vertex 6.3523 -9.0226 1.35
      vertex 5.71554 -8.97492 2
    endloop
  endfacet
  facet normal -0.72488 0.0954095 -0.682236
    outer loop
      vertex 5.77701 -8.74551 2
      vertex 6.3523 -9.0226 1.35
      vertex 5.76138 -8.86426 2
    endloop
  endfacet
  facet normal 0.0954732 0.724848 -0.682261
    outer loop
      vertex 5 -10.0603 1.35
      vertex 4.91474 -9.43726 2
      vertex 5 -9.44849 2
    endloop
  endfacet
  facet normal 0.0956195 0.724848 -0.682241
    outer loop
      vertex 4.91474 -9.43726 2
      vertex 5 -10.0603 1.35
      vertex 4.63765 -10.0125 1.35
    endloop
  endfacet
  facet normal 0.095469 -0.724869 -0.68224
    outer loop
      vertex 4.91474 -7.88324 2
      vertex 4.79599 -7.89888 2
      vertex 4.63765 -7.30796 1.35
    endloop
  endfacet
  facet normal 0.724879 0.0954094 -0.682237
    outer loop
      vertex 4.23862 -8.86426 2
      vertex 3.72238 -8.98663 1.43438
      vertex 4.22299 -8.74551 2
    endloop
  endfacet
  facet normal 0.724861 0.0955088 -0.682242
    outer loop
      vertex 3.72238 -8.98663 1.43438
      vertex 4.23862 -8.86426 2
      vertex 3.72833 -9.001 1.43869
    endloop
  endfacet
  facet normal -0.445121 0.580024 -0.682231
    outer loop
      vertex 5.48914 -9.26997 2
      vertex 5.7 -9.87269 1.35
      vertex 5.39412 -9.34289 2
    endloop
  endfacet
  facet normal 0.445121 0.580024 -0.682231
    outer loop
      vertex 4.51086 -9.26997 2
      vertex 4.60588 -9.34289 2
      vertex 4.3 -9.87269 1.35
    endloop
  endfacet
  facet normal -0.095469 -0.724869 -0.68224
    outer loop
      vertex 5.36235 -7.30796 1.35
      vertex 5.20401 -7.89888 2
      vertex 5.08526 -7.88324 2
    endloop
  endfacet
  facet normal -0.675473 -0.279809 -0.682234
    outer loop
      vertex 6.3523 -8.29791 1.35
      vertex 5.76138 -8.45624 2
      vertex 5.71554 -8.34558 2
    endloop
  endfacet
  facet normal -0.279758 0.675497 -0.682231
    outer loop
      vertex 5.39412 -9.34289 2
      vertex 5.7 -9.87269 1.35
      vertex 5.28346 -9.38872 2
    endloop
  endfacet
  facet normal 0.675476 0.279798 -0.682236
    outer loop
      vertex 3.85986 -9.31852 1.43869
      vertex 4.28446 -8.97492 2
      vertex 4.31737 -9.05437 2
    endloop
  endfacet
  facet normal 0.675475 0.279799 -0.682236
    outer loop
      vertex 3.73459 -9.0161 1.43869
      vertex 4.28446 -8.97492 2
      vertex 3.85986 -9.31852 1.43869
    endloop
  endfacet
  facet normal 0.279758 -0.675497 -0.682231
    outer loop
      vertex 4.71654 -7.93179 2
      vertex 4.60588 -7.97762 2
      vertex 4.3 -7.44782 1.35
    endloop
  endfacet
  facet normal 0.675473 0.279809 -0.682234
    outer loop
      vertex 3.73459 -9.0161 1.43869
      vertex 4.23862 -8.86426 2
      vertex 4.28446 -8.97492 2
    endloop
  endfacet
  facet normal 0.675403 0.280002 -0.682224
    outer loop
      vertex 3.72833 -9.001 1.43869
      vertex 4.23862 -8.86426 2
      vertex 3.73459 -9.0161 1.43869
    endloop
  endfacet
  facet normal 0.579982 0.445143 -0.682253
    outer loop
      vertex 3.98222 -9.61394 1.35
      vertex 4.36972 -9.12259 2
      vertex 4.01005 -9.6502 1.35
    endloop
  endfacet
  facet normal 0.580052 0.445071 -0.68224
    outer loop
      vertex 3.85986 -9.31852 1.43869
      vertex 4.36972 -9.12259 2
      vertex 3.98222 -9.61394 1.35
    endloop
  endfacet
  facet normal 0.580035 0.445101 -0.682235
    outer loop
      vertex 4.36972 -9.12259 2
      vertex 3.85986 -9.31852 1.43869
      vertex 4.31737 -9.05437 2
    endloop
  endfacet
  facet normal 0.580076 0.445053 -0.682231
    outer loop
      vertex 4.36972 -9.12259 2
      vertex 4.44263 -9.21762 2
      vertex 4.01005 -9.6502 1.35
    endloop
  endfacet
  facet normal -0.724876 -0.0954432 -0.682235
    outer loop
      vertex 8.47107 -7.07107 1.35
      vertex 7.84808 -6.98581 2
      vertex 8.42336 -6.70872 1.35
    endloop
  endfacet
  facet normal -0.724876 -0.0953919 -0.682242
    outer loop
      vertex 7.84808 -6.98581 2
      vertex 8.47107 -7.07107 1.35
      vertex 7.8593 -7.07107 2
    endloop
  endfacet
  facet normal 0.279796 -0.675472 -0.68224
    outer loop
      vertex 6.37107 -5.85863 1.35
      vertex 6.7564 -6.35553 2
      vertex 6.67695 -6.38844 2
    endloop
  endfacet
  facet normal 0.279792 -0.675474 -0.682239
    outer loop
      vertex 6.7564 -6.35553 2
      vertex 6.37107 -5.85863 1.35
      vertex 6.70872 -5.71877 1.35
    endloop
  endfacet
  facet normal 0.445101 -0.580034 -0.682235
    outer loop
      vertex 6.08112 -6.08112 1.35
      vertex 6.58192 -6.46135 2
      vertex 6.5137 -6.5137 2
    endloop
  endfacet
  facet normal 0.445091 -0.580044 -0.682234
    outer loop
      vertex 6.58192 -6.46135 2
      vertex 6.08112 -6.08112 1.35
      vertex 6.37107 -5.85863 1.35
    endloop
  endfacet
  facet normal 0.0954232 -0.724876 -0.682238
    outer loop
      vertex 7.07107 -5.67107 1.35
      vertex 6.98581 -6.29406 2
      vertex 6.70872 -5.71877 1.35
    endloop
  endfacet
  facet normal 0.0954769 -0.724876 -0.682231
    outer loop
      vertex 6.98581 -6.29406 2
      vertex 7.07107 -5.67107 1.35
      vertex 7.07107 -6.28283 2
    endloop
  endfacet
  facet normal 0.72488 -0.0954095 -0.682236
    outer loop
      vertex 6.30969 -6.86706 2
      vertex 6.29406 -6.98581 2
      vertex 5.71877 -6.70872 1.35
    endloop
  endfacet
  facet normal -0.279788 0.675483 -0.682233
    outer loop
      vertex 7.38574 -7.78661 2
      vertex 7.77107 -8.2835 1.35
      vertex 7.43341 -8.42336 1.35
    endloop
  endfacet
  facet normal -0.279826 0.675461 -0.682239
    outer loop
      vertex 7.77107 -8.2835 1.35
      vertex 7.38574 -7.78661 2
      vertex 7.46518 -7.7537 2
    endloop
  endfacet
  facet normal -0.279825 -0.675456 -0.682244
    outer loop
      vertex 7.38574 -6.35553 2
      vertex 7.72933 -5.93092 1.43869
      vertex 7.46518 -6.38844 2
    endloop
  endfacet
  facet normal -0.279792 -0.675476 -0.682239
    outer loop
      vertex 7.72933 -5.93092 1.43869
      vertex 7.38574 -6.35553 2
      vertex 7.47564 -5.73626 1.35
    endloop
  endfacet
  facet normal -0.279759 -0.675485 -0.682243
    outer loop
      vertex 7.47564 -5.73626 1.35
      vertex 7.38574 -6.35553 2
      vertex 7.43341 -5.71877 1.35
    endloop
  endfacet
  facet normal -0.279756 0.675491 -0.682238
    outer loop
      vertex 7.38574 -7.78661 2
      vertex 7.43341 -8.42336 1.35
      vertex 7.27508 -7.83244 2
    endloop
  endfacet
  facet normal 0.445047 -0.580069 -0.682242
    outer loop
      vertex 6.67695 -6.38844 2
      vertex 6.58192 -6.46135 2
      vertex 6.37107 -5.85863 1.35
    endloop
  endfacet
  facet normal 0.580031 0.445099 -0.682239
    outer loop
      vertex 6.14014 -8.00199 1.43869
      vertex 6.46135 -7.56021 2
      vertex 6.5137 -7.62843 2
    endloop
  endfacet
  facet normal 0.580042 0.445088 -0.682237
    outer loop
      vertex 6.46135 -7.56021 2
      vertex 6.14014 -8.00199 1.43869
      vertex 5.94087 -7.7423 1.43869
    endloop
  endfacet
  facet normal 0.0953919 0.724876 -0.682242
    outer loop
      vertex 7.07107 -8.47107 1.35
      vertex 6.98581 -7.84808 2
      vertex 7.07107 -7.8593 2
    endloop
  endfacet
  facet normal 0.0954432 0.724876 -0.682235
    outer loop
      vertex 6.98581 -7.84808 2
      vertex 7.07107 -8.47107 1.35
      vertex 6.70872 -8.42336 1.35
    endloop
  endfacet
  facet normal -0.675483 0.279788 -0.682233
    outer loop
      vertex 8.2835 -7.77107 1.35
      vertex 7.78661 -7.38574 2
      vertex 8.42336 -7.43341 1.35
    endloop
  endfacet
  facet normal -0.675461 0.279826 -0.682239
    outer loop
      vertex 7.78661 -7.38574 2
      vertex 8.2835 -7.77107 1.35
      vertex 7.7537 -7.46518 2
    endloop
  endfacet
  facet normal -0.724876 0.0953919 -0.682242
    outer loop
      vertex 8.47107 -7.07107 1.35
      vertex 7.84808 -7.15633 2
      vertex 7.8593 -7.07107 2
    endloop
  endfacet
  facet normal -0.724876 0.0954458 -0.682235
    outer loop
      vertex 7.84808 -7.15633 2
      vertex 8.47107 -7.07107 1.35
      vertex 8.42336 -7.43341 1.35
    endloop
  endfacet
  facet normal 0.724876 -0.0954769 -0.682231
    outer loop
      vertex 5.67107 -7.07107 1.35
      vertex 6.29406 -6.98581 2
      vertex 6.28283 -7.07107 2
    endloop
  endfacet
  facet normal 0.724876 -0.0954232 -0.682238
    outer loop
      vertex 6.29406 -6.98581 2
      vertex 5.67107 -7.07107 1.35
      vertex 5.71877 -6.70872 1.35
    endloop
  endfacet
  facet normal 0.279808 -0.675471 -0.682237
    outer loop
      vertex 6.86706 -6.30969 2
      vertex 6.7564 -6.35553 2
      vertex 6.70872 -5.71877 1.35
    endloop
  endfacet
  facet normal -0.445099 -0.580031 -0.682239
    outer loop
      vertex 7.56021 -6.46135 2
      vertex 8.00199 -6.14014 1.43869
      vertex 7.62843 -6.5137 2
    endloop
  endfacet
  facet normal -0.445088 -0.580042 -0.682237
    outer loop
      vertex 8.00199 -6.14014 1.43869
      vertex 7.56021 -6.46135 2
      vertex 7.7423 -5.94087 1.43869
    endloop
  endfacet
  facet normal -0.445045 -0.580066 -0.682245
    outer loop
      vertex 7.46518 -6.38844 2
      vertex 7.7423 -5.94087 1.43869
      vertex 7.56021 -6.46135 2
    endloop
  endfacet
  facet normal -0.445016 -0.580086 -0.682247
    outer loop
      vertex 7.7423 -5.94087 1.43869
      vertex 7.46518 -6.38844 2
      vertex 7.72933 -5.93092 1.43869
    endloop
  endfacet
  facet normal 0.444963 0.580115 -0.682257
    outer loop
      vertex 6.3348 -8.25568 1.35
      vertex 6.58192 -7.68078 2
      vertex 6.37107 -8.2835 1.35
    endloop
  endfacet
  facet normal 0.445093 0.580037 -0.682238
    outer loop
      vertex 6.14014 -8.00199 1.43869
      vertex 6.58192 -7.68078 2
      vertex 6.3348 -8.25568 1.35
    endloop
  endfacet
  facet normal 0.445099 0.580031 -0.682239
    outer loop
      vertex 6.58192 -7.68078 2
      vertex 6.14014 -8.00199 1.43869
      vertex 6.5137 -7.62843 2
    endloop
  endfacet
  facet normal -0.445075 0.580049 -0.68224
    outer loop
      vertex 7.56021 -7.68078 2
      vertex 8.06102 -8.06102 1.35
      vertex 7.77107 -8.2835 1.35
    endloop
  endfacet
  facet normal -0.445096 0.580028 -0.682244
    outer loop
      vertex 8.06102 -8.06102 1.35
      vertex 7.56021 -7.68078 2
      vertex 7.62843 -7.62843 2
    endloop
  endfacet
  facet normal -0.0954458 0.724876 -0.682235
    outer loop
      vertex 7.07107 -8.47107 1.35
      vertex 7.15633 -7.84808 2
      vertex 7.43341 -8.42336 1.35
    endloop
  endfacet
  facet normal -0.0953919 0.724876 -0.682242
    outer loop
      vertex 7.15633 -7.84808 2
      vertex 7.07107 -8.47107 1.35
      vertex 7.07107 -7.8593 2
    endloop
  endfacet
  facet normal 0.580069 -0.445047 -0.682242
    outer loop
      vertex 6.46135 -6.58192 2
      vertex 6.38844 -6.67695 2
      vertex 5.85863 -6.37107 1.35
    endloop
  endfacet
  facet normal 0.279794 0.675479 -0.682234
    outer loop
      vertex 6.37107 -8.2835 1.35
      vertex 6.7564 -7.78661 2
      vertex 6.70872 -8.42336 1.35
    endloop
  endfacet
  facet normal 0.279798 0.675477 -0.682234
    outer loop
      vertex 6.7564 -7.78661 2
      vertex 6.37107 -8.2835 1.35
      vertex 6.67695 -7.7537 2
    endloop
  endfacet
  facet normal -0.279809 -0.675473 -0.682234
    outer loop
      vertex 7.43341 -5.71877 1.35
      vertex 7.38574 -6.35553 2
      vertex 7.27508 -6.30969 2
    endloop
  endfacet
  facet normal -0.0954769 -0.724876 -0.682231
    outer loop
      vertex 7.07107 -5.67107 1.35
      vertex 7.15633 -6.29406 2
      vertex 7.07107 -6.28283 2
    endloop
  endfacet
  facet normal -0.0954258 -0.724876 -0.682238
    outer loop
      vertex 7.15633 -6.29406 2
      vertex 7.07107 -5.67107 1.35
      vertex 7.43341 -5.71877 1.35
    endloop
  endfacet
  facet normal 0.675472 -0.279796 -0.68224
    outer loop
      vertex 6.35553 -6.7564 2
      vertex 5.85863 -6.37107 1.35
      vertex 6.38844 -6.67695 2
    endloop
  endfacet
  facet normal 0.675474 -0.279792 -0.682239
    outer loop
      vertex 5.85863 -6.37107 1.35
      vertex 6.35553 -6.7564 2
      vertex 5.71877 -6.70872 1.35
    endloop
  endfacet
  facet normal -0.675479 -0.279794 -0.682234
    outer loop
      vertex 7.78661 -6.7564 2
      vertex 8.2835 -6.37107 1.35
      vertex 8.42336 -6.70872 1.35
    endloop
  endfacet
  facet normal -0.675477 -0.279798 -0.682234
    outer loop
      vertex 8.2835 -6.37107 1.35
      vertex 7.78661 -6.7564 2
      vertex 7.7537 -6.67695 2
    endloop
  endfacet
  facet normal 0.724881 0.0954096 -0.682235
    outer loop
      vertex 6.29406 -7.15633 2
      vertex 6.30969 -7.27508 2
      vertex 5.71877 -7.43341 1.35
    endloop
  endfacet
  facet normal 0.0954095 -0.72488 -0.682236
    outer loop
      vertex 6.98581 -6.29406 2
      vertex 6.86706 -6.30969 2
      vertex 6.70872 -5.71877 1.35
    endloop
  endfacet
  facet normal 0.580034 -0.445101 -0.682235
    outer loop
      vertex 6.46135 -6.58192 2
      vertex 6.08112 -6.08112 1.35
      vertex 6.5137 -6.5137 2
    endloop
  endfacet
  facet normal 0.580044 -0.445091 -0.682234
    outer loop
      vertex 6.08112 -6.08112 1.35
      vertex 6.46135 -6.58192 2
      vertex 5.85863 -6.37107 1.35
    endloop
  endfacet
  facet normal -0.445088 0.580042 -0.682237
    outer loop
      vertex 7.56021 -7.68078 2
      vertex 7.77107 -8.2835 1.35
      vertex 7.46518 -7.7537 2
    endloop
  endfacet
  facet normal 0.580066 0.445045 -0.682245
    outer loop
      vertex 5.94087 -7.7423 1.43869
      vertex 6.38844 -7.46518 2
      vertex 6.46135 -7.56021 2
    endloop
  endfacet
  facet normal 0.580086 0.445016 -0.682247
    outer loop
      vertex 6.38844 -7.46518 2
      vertex 5.94087 -7.7423 1.43869
      vertex 5.93092 -7.72933 1.43869
    endloop
  endfacet
  facet normal 0.095469 0.724869 -0.68224
    outer loop
      vertex 6.86706 -7.83244 2
      vertex 6.98581 -7.84808 2
      vertex 6.70872 -8.42336 1.35
    endloop
  endfacet
  facet normal 0.44509 0.580045 -0.682234
    outer loop
      vertex 6.58192 -7.68078 2
      vertex 6.67695 -7.7537 2
      vertex 6.37107 -8.2835 1.35
    endloop
  endfacet
  facet normal -0.580042 0.445088 -0.682237
    outer loop
      vertex 7.7537 -7.46518 2
      vertex 8.2835 -7.77107 1.35
      vertex 7.68078 -7.56021 2
    endloop
  endfacet
  facet normal -0.580049 0.445075 -0.68224
    outer loop
      vertex 8.06102 -8.06102 1.35
      vertex 7.68078 -7.56021 2
      vertex 8.2835 -7.77107 1.35
    endloop
  endfacet
  facet normal -0.580028 0.445096 -0.682244
    outer loop
      vertex 7.68078 -7.56021 2
      vertex 8.06102 -8.06102 1.35
      vertex 7.62843 -7.62843 2
    endloop
  endfacet
  facet normal -0.0954691 0.724869 -0.682239
    outer loop
      vertex 7.27508 -7.83244 2
      vertex 7.43341 -8.42336 1.35
      vertex 7.15633 -7.84808 2
    endloop
  endfacet
  facet normal -0.580115 -0.444963 -0.682257
    outer loop
      vertex 7.68078 -6.58192 2
      vertex 8.25568 -6.3348 1.35
      vertex 8.2835 -6.37107 1.35
    endloop
  endfacet
  facet normal -0.580037 -0.445093 -0.682238
    outer loop
      vertex 8.25568 -6.3348 1.35
      vertex 7.68078 -6.58192 2
      vertex 8.00199 -6.14014 1.43869
    endloop
  endfacet
  facet normal -0.580031 -0.445099 -0.682239
    outer loop
      vertex 8.00199 -6.14014 1.43869
      vertex 7.68078 -6.58192 2
      vertex 7.62843 -6.5137 2
    endloop
  endfacet
  facet normal -0.580045 -0.44509 -0.682234
    outer loop
      vertex 8.2835 -6.37107 1.35
      vertex 7.7537 -6.67695 2
      vertex 7.68078 -6.58192 2
    endloop
  endfacet
  facet normal 0.675471 -0.279808 -0.682237
    outer loop
      vertex 6.35553 -6.7564 2
      vertex 6.30969 -6.86706 2
      vertex 5.71877 -6.70872 1.35
    endloop
  endfacet
  facet normal -0.724869 -0.095469 -0.68224
    outer loop
      vertex 8.42336 -6.70872 1.35
      vertex 7.84808 -6.98581 2
      vertex 7.83244 -6.86706 2
    endloop
  endfacet
  facet normal 0.724876 0.0954769 -0.682231
    outer loop
      vertex 6.29406 -7.15633 2
      vertex 5.67107 -7.07107 1.35
      vertex 6.28283 -7.07107 2
    endloop
  endfacet
  facet normal 0.724876 0.0954258 -0.682238
    outer loop
      vertex 5.67107 -7.07107 1.35
      vertex 6.29406 -7.15633 2
      vertex 5.71877 -7.43341 1.35
    endloop
  endfacet
  facet normal -0.675491 0.279756 -0.682238
    outer loop
      vertex 7.83244 -7.27508 2
      vertex 8.42336 -7.43341 1.35
      vertex 7.78661 -7.38574 2
    endloop
  endfacet
  facet normal -0.724869 0.0954691 -0.682239
    outer loop
      vertex 7.84808 -7.15633 2
      vertex 8.42336 -7.43341 1.35
      vertex 7.83244 -7.27508 2
    endloop
  endfacet
  facet normal -0.0954096 -0.724881 -0.682235
    outer loop
      vertex 7.43341 -5.71877 1.35
      vertex 7.27508 -6.30969 2
      vertex 7.15633 -6.29406 2
    endloop
  endfacet
  facet normal 0.675456 0.279825 -0.682244
    outer loop
      vertex 5.93092 -7.72933 1.43869
      vertex 6.35553 -7.38574 2
      vertex 6.38844 -7.46518 2
    endloop
  endfacet
  facet normal 0.675476 0.279792 -0.682239
    outer loop
      vertex 5.73626 -7.47564 1.35
      vertex 6.35553 -7.38574 2
      vertex 5.93092 -7.72933 1.43869
    endloop
  endfacet
  facet normal 0.675485 0.279759 -0.682243
    outer loop
      vertex 6.35553 -7.38574 2
      vertex 5.73626 -7.47564 1.35
      vertex 5.71877 -7.43341 1.35
    endloop
  endfacet
  facet normal 0.279755 0.675489 -0.68224
    outer loop
      vertex 6.7564 -7.78661 2
      vertex 6.86706 -7.83244 2
      vertex 6.70872 -8.42336 1.35
    endloop
  endfacet
  facet normal 0.675473 0.279809 -0.682234
    outer loop
      vertex 6.30969 -7.27508 2
      vertex 6.35553 -7.38574 2
      vertex 5.71877 -7.43341 1.35
    endloop
  endfacet
  facet normal -0.675489 -0.279755 -0.68224
    outer loop
      vertex 8.42336 -6.70872 1.35
      vertex 7.83244 -6.86706 2
      vertex 7.78661 -6.7564 2
    endloop
  endfacet
  facet normal -0.724848 -0.0956195 -0.682241
    outer loop
      vertex 10.0603 -5 1.35
      vertex 9.43726 -4.91474 2
      vertex 10.0125 -4.63765 1.35
    endloop
  endfacet
  facet normal -0.724848 -0.0954732 -0.682261
    outer loop
      vertex 9.43726 -4.91474 2
      vertex 10.0603 -5 1.35
      vertex 9.44849 -5 2
    endloop
  endfacet
  facet normal 0.580065 -0.445059 -0.682237
    outer loop
      vertex 8.05054 -4.51086 2
      vertex 7.6703 -4.01005 1.35
      vertex 8.10289 -4.44263 2
    endloop
  endfacet
  facet normal 0.580049 -0.445075 -0.68224
    outer loop
      vertex 7.6703 -4.01005 1.35
      vertex 8.05054 -4.51086 2
      vertex 7.44782 -4.3 1.35
    endloop
  endfacet
  facet normal 0.445055 -0.580059 -0.682245
    outer loop
      vertex 8.19791 -4.36972 2
      vertex 7.96025 -3.78756 1.35
      vertex 8.26614 -4.31737 2
    endloop
  endfacet
  facet normal 0.445087 -0.58004 -0.682239
    outer loop
      vertex 7.96025 -3.78756 1.35
      vertex 8.19791 -4.36972 2
      vertex 7.6703 -4.01005 1.35
    endloop
  endfacet
  facet normal -0.445053 -0.580076 -0.682231
    outer loop
      vertex 9.6502 -4.01005 1.35
      vertex 9.21762 -4.44263 2
      vertex 9.12259 -4.36972 2
    endloop
  endfacet
  facet normal -0.675498 -0.279807 -0.68221
    outer loop
      vertex 9.38872 -4.71654 2
      vertex 10.0125 -4.63765 1.35
      vertex 9.42163 -4.79599 2
    endloop
  endfacet
  facet normal -0.675524 -0.279713 -0.682223
    outer loop
      vertex 10.0125 -4.63765 1.35
      vertex 9.38872 -4.71654 2
      vertex 9.87269 -4.3 1.35
    endloop
  endfacet
  facet normal 0.279809 -0.675473 -0.682234
    outer loop
      vertex 8.45624 -4.23862 2
      vertex 8.34558 -4.28446 2
      vertex 8.29791 -3.6477 1.35
    endloop
  endfacet
  facet normal 0.445079 -0.580049 -0.682237
    outer loop
      vertex 8.19791 -4.36972 2
      vertex 8.10289 -4.44263 2
      vertex 7.6703 -4.01005 1.35
    endloop
  endfacet
  facet normal -0.724848 0.0954732 -0.682261
    outer loop
      vertex 10.0603 -5 1.35
      vertex 9.43726 -5.08526 2
      vertex 9.44849 -5 2
    endloop
  endfacet
  facet normal -0.724848 0.0956195 -0.682241
    outer loop
      vertex 9.43726 -5.08526 2
      vertex 10.0603 -5 1.35
      vertex 10.0125 -5.36235 1.35
    endloop
  endfacet
  facet normal 0.675476 0.279793 -0.682238
    outer loop
      vertex 7.30796 -5.36235 1.35
      vertex 7.93179 -5.28346 2
      vertex 7.44782 -5.7 1.35
    endloop
  endfacet
  facet normal 0.675474 0.279797 -0.682238
    outer loop
      vertex 7.93179 -5.28346 2
      vertex 7.30796 -5.36235 1.35
      vertex 7.89888 -5.20401 2
    endloop
  endfacet
  facet normal 0.445058 0.580064 -0.682238
    outer loop
      vertex 8.00199 -6.14014 1.43869
      vertex 8.19791 -5.63028 2
      vertex 8.26614 -5.68263 2
    endloop
  endfacet
  facet normal 0.445091 0.580045 -0.682233
    outer loop
      vertex 8.19791 -5.63028 2
      vertex 8.00199 -6.14014 1.43869
      vertex 7.7423 -5.94087 1.43869
    endloop
  endfacet
  facet normal 0.0954018 0.724882 -0.682235
    outer loop
      vertex 8.45624 -5.76138 2
      vertex 8.575 -5.77701 2
      vertex 8.29791 -6.3523 1.35
    endloop
  endfacet
  facet normal 0.0954257 -0.724875 -0.682239
    outer loop
      vertex 8.66025 -3.6 1.35
      vertex 8.575 -4.22299 2
      vertex 8.29791 -3.6477 1.35
    endloop
  endfacet
  facet normal 0.095488 -0.724875 -0.68223
    outer loop
      vertex 8.575 -4.22299 2
      vertex 8.66025 -3.6 1.35
      vertex 8.66025 -4.21176 2
    endloop
  endfacet
  facet normal -0.675497 -0.279758 -0.682231
    outer loop
      vertex 9.87269 -4.3 1.35
      vertex 9.38872 -4.71654 2
      vertex 9.34289 -4.60588 2
    endloop
  endfacet
  facet normal -0.445143 -0.579982 -0.682253
    outer loop
      vertex 9.12259 -4.36972 2
      vertex 9.61394 -3.98222 1.35
      vertex 9.6502 -4.01005 1.35
    endloop
  endfacet
  facet normal -0.445071 -0.580052 -0.68224
    outer loop
      vertex 9.61394 -3.98222 1.35
      vertex 9.12259 -4.36972 2
      vertex 9.31852 -3.85986 1.43869
    endloop
  endfacet
  facet normal -0.445101 -0.580035 -0.682235
    outer loop
      vertex 9.05437 -4.31737 2
      vertex 9.31852 -3.85986 1.43869
      vertex 9.12259 -4.36972 2
    endloop
  endfacet
  facet normal 0.724876 -0.0953919 -0.682242
    outer loop
      vertex 7.26025 -5 1.35
      vertex 7.88324 -4.91474 2
      vertex 7.87202 -5 2
    endloop
  endfacet
  facet normal 0.724876 -0.0954432 -0.682235
    outer loop
      vertex 7.88324 -4.91474 2
      vertex 7.26025 -5 1.35
      vertex 7.30796 -4.63765 1.35
    endloop
  endfacet
  facet normal 0.095403 0.724876 -0.682242
    outer loop
      vertex 8.66025 -6.4 1.35
      vertex 8.575 -5.77701 2
      vertex 8.66025 -5.78823 2
    endloop
  endfacet
  facet normal 0.0954257 0.724875 -0.682239
    outer loop
      vertex 8.575 -5.77701 2
      vertex 8.66025 -6.4 1.35
      vertex 8.29791 -6.3523 1.35
    endloop
  endfacet
  facet normal 0.675497 -0.279758 -0.682231
    outer loop
      vertex 7.97762 -4.60588 2
      vertex 7.93179 -4.71654 2
      vertex 7.44782 -4.3 1.35
    endloop
  endfacet
  facet normal 0.279824 -0.675456 -0.682244
    outer loop
      vertex 7.96025 -3.78756 1.35
      vertex 8.34558 -4.28446 2
      vertex 8.26614 -4.31737 2
    endloop
  endfacet
  facet normal 0.279786 -0.675478 -0.682238
    outer loop
      vertex 8.34558 -4.28446 2
      vertex 7.96025 -3.78756 1.35
      vertex 8.29791 -3.6477 1.35
    endloop
  endfacet
  facet normal -0.580024 0.445121 -0.682231
    outer loop
      vertex 9.34289 -5.39412 2
      vertex 9.87269 -5.7 1.35
      vertex 9.26997 -5.48914 2
    endloop
  endfacet
  facet normal 0.675474 -0.279797 -0.682238
    outer loop
      vertex 7.30796 -4.63765 1.35
      vertex 7.93179 -4.71654 2
      vertex 7.89888 -4.79599 2
    endloop
  endfacet
  facet normal 0.675476 -0.279793 -0.682238
    outer loop
      vertex 7.93179 -4.71654 2
      vertex 7.30796 -4.63765 1.35
      vertex 7.44782 -4.3 1.35
    endloop
  endfacet
  facet normal -0.279809 -0.675473 -0.682234
    outer loop
      vertex 8.86426 -4.23862 2
      vertex 9.0161 -3.73459 1.43869
      vertex 8.97492 -4.28446 2
    endloop
  endfacet
  facet normal -0.280002 -0.675403 -0.682224
    outer loop
      vertex 9.0161 -3.73459 1.43869
      vertex 8.86426 -4.23862 2
      vertex 9.001 -3.72833 1.43869
    endloop
  endfacet
  facet normal -0.0954232 0.724876 -0.682238
    outer loop
      vertex 8.66025 -6.4 1.35
      vertex 8.74551 -5.77701 2
      vertex 9.0226 -6.3523 1.35
    endloop
  endfacet
  facet normal -0.0953919 0.724876 -0.682242
    outer loop
      vertex 8.74551 -5.77701 2
      vertex 8.66025 -6.4 1.35
      vertex 8.66025 -5.78823 2
    endloop
  endfacet
  facet normal 0.580069 0.445062 -0.682232
    outer loop
      vertex 7.72933 -5.93092 1.43869
      vertex 8.05054 -5.48914 2
      vertex 8.10289 -5.55737 2
    endloop
  endfacet
  facet normal 0.580037 0.445093 -0.682238
    outer loop
      vertex 7.47564 -5.73626 1.35
      vertex 8.05054 -5.48914 2
      vertex 7.72933 -5.93092 1.43869
    endloop
  endfacet
  facet normal 0.580065 0.445047 -0.682245
    outer loop
      vertex 8.05054 -5.48914 2
      vertex 7.47564 -5.73626 1.35
      vertex 7.44782 -5.7 1.35
    endloop
  endfacet
  facet normal -0.445053 0.580076 -0.682231
    outer loop
      vertex 9.21762 -5.55737 2
      vertex 9.6502 -5.98995 1.35
      vertex 9.12259 -5.63028 2
    endloop
  endfacet
  facet normal -0.279798 -0.675476 -0.682236
    outer loop
      vertex 8.97492 -4.28446 2
      vertex 9.31852 -3.85986 1.43869
      vertex 9.05437 -4.31737 2
    endloop
  endfacet
  facet normal -0.279799 -0.675475 -0.682236
    outer loop
      vertex 9.31852 -3.85986 1.43869
      vertex 8.97492 -4.28446 2
      vertex 9.0161 -3.73459 1.43869
    endloop
  endfacet
  facet normal 0.0954018 -0.724882 -0.682235
    outer loop
      vertex 8.575 -4.22299 2
      vertex 8.45624 -4.23862 2
      vertex 8.29791 -3.6477 1.35
    endloop
  endfacet
  facet normal 0.580024 0.445121 -0.682231
    outer loop
      vertex 7.97762 -5.39412 2
      vertex 8.05054 -5.48914 2
      vertex 7.44782 -5.7 1.35
    endloop
  endfacet
  facet normal 0.279904 0.675449 -0.682218
    outer loop
      vertex 8.25568 -6.3348 1.35
      vertex 8.34558 -5.71554 2
      vertex 8.29791 -6.3523 1.35
    endloop
  endfacet
  facet normal 0.279797 0.675479 -0.682233
    outer loop
      vertex 8.00199 -6.14014 1.43869
      vertex 8.34558 -5.71554 2
      vertex 8.25568 -6.3348 1.35
    endloop
  endfacet
  facet normal 0.279827 0.675462 -0.682238
    outer loop
      vertex 8.34558 -5.71554 2
      vertex 8.00199 -6.14014 1.43869
      vertex 8.26614 -5.68263 2
    endloop
  endfacet
  facet normal -0.0954769 -0.724876 -0.682231
    outer loop
      vertex 8.70557 -3.60597 1.35
      vertex 8.74551 -4.22299 2
      vertex 8.66025 -4.21176 2
    endloop
  endfacet
  facet normal -0.0954877 -0.724875 -0.68223
    outer loop
      vertex 8.70557 -3.60597 1.35
      vertex 8.66025 -4.21176 2
      vertex 8.66025 -3.6 1.35
    endloop
  endfacet
  facet normal -0.0954102 -0.724879 -0.682237
    outer loop
      vertex 8.74551 -4.22299 2
      vertex 8.70557 -3.60597 1.35
      vertex 8.98663 -3.72238 1.43438
    endloop
  endfacet
  facet normal 0.724869 -0.095469 -0.68224
    outer loop
      vertex 7.89888 -4.79599 2
      vertex 7.88324 -4.91474 2
      vertex 7.30796 -4.63765 1.35
    endloop
  endfacet
  facet normal -0.445076 0.580052 -0.682237
    outer loop
      vertex 9.36025 -6.21243 1.35
      vertex 9.12259 -5.63028 2
      vertex 9.6502 -5.98995 1.35
    endloop
  endfacet
  facet normal -0.445103 0.580036 -0.682233
    outer loop
      vertex 9.12259 -5.63028 2
      vertex 9.36025 -6.21243 1.35
      vertex 9.05437 -5.68263 2
    endloop
  endfacet
  facet normal -0.580042 0.445089 -0.682237
    outer loop
      vertex 9.6502 -5.98995 1.35
      vertex 9.26997 -5.48914 2
      vertex 9.87269 -5.7 1.35
    endloop
  endfacet
  facet normal -0.580068 0.445062 -0.682232
    outer loop
      vertex 9.26997 -5.48914 2
      vertex 9.6502 -5.98995 1.35
      vertex 9.21762 -5.55737 2
    endloop
  endfacet
  facet normal -0.279808 0.675471 -0.682237
    outer loop
      vertex 8.97492 -5.71554 2
      vertex 9.0226 -6.3523 1.35
      vertex 8.86426 -5.76138 2
    endloop
  endfacet
  facet normal 0.580024 -0.445121 -0.682231
    outer loop
      vertex 8.05054 -4.51086 2
      vertex 7.97762 -4.60588 2
      vertex 7.44782 -4.3 1.35
    endloop
  endfacet
  facet normal 0.675497 0.279758 -0.682231
    outer loop
      vertex 7.93179 -5.28346 2
      vertex 7.97762 -5.39412 2
      vertex 7.44782 -5.7 1.35
    endloop
  endfacet
  facet normal 0.724876 0.0953919 -0.682242
    outer loop
      vertex 7.88324 -5.08526 2
      vertex 7.26025 -5 1.35
      vertex 7.87202 -5 2
    endloop
  endfacet
  facet normal 0.724876 0.0954432 -0.682235
    outer loop
      vertex 7.26025 -5 1.35
      vertex 7.88324 -5.08526 2
      vertex 7.30796 -5.36235 1.35
    endloop
  endfacet
  facet normal 0.279809 0.675473 -0.682234
    outer loop
      vertex 8.34558 -5.71554 2
      vertex 8.45624 -5.76138 2
      vertex 8.29791 -6.3523 1.35
    endloop
  endfacet
  facet normal -0.27981 0.67547 -0.682236
    outer loop
      vertex 8.97492 -5.71554 2
      vertex 9.36025 -6.21243 1.35
      vertex 9.0226 -6.3523 1.35
    endloop
  endfacet
  facet normal -0.279798 0.675477 -0.682234
    outer loop
      vertex 9.36025 -6.21243 1.35
      vertex 8.97492 -5.71554 2
      vertex 9.05437 -5.68263 2
    endloop
  endfacet
  facet normal 0.445082 0.580054 -0.682231
    outer loop
      vertex 7.7423 -5.94087 1.43869
      vertex 8.10289 -5.55737 2
      vertex 8.19791 -5.63028 2
    endloop
  endfacet
  facet normal 0.445027 0.580101 -0.682227
    outer loop
      vertex 8.10289 -5.55737 2
      vertex 7.7423 -5.94087 1.43869
      vertex 7.72933 -5.93092 1.43869
    endloop
  endfacet
  facet normal -0.724908 -0.0954131 -0.682206
    outer loop
      vertex 10.0125 -4.63765 1.35
      vertex 9.43726 -4.91474 2
      vertex 9.42163 -4.79599 2
    endloop
  endfacet
  facet normal -0.580042 -0.445089 -0.682237
    outer loop
      vertex 9.26997 -4.51086 2
      vertex 9.6502 -4.01005 1.35
      vertex 9.87269 -4.3 1.35
    endloop
  endfacet
  facet normal -0.580068 -0.445062 -0.682232
    outer loop
      vertex 9.6502 -4.01005 1.35
      vertex 9.26997 -4.51086 2
      vertex 9.21762 -4.44263 2
    endloop
  endfacet
  facet normal -0.0954095 0.72488 -0.682236
    outer loop
      vertex 8.86426 -5.76138 2
      vertex 9.0226 -6.3523 1.35
      vertex 8.74551 -5.77701 2
    endloop
  endfacet
  facet normal -0.675524 0.279713 -0.682223
    outer loop
      vertex 9.38872 -5.28346 2
      vertex 10.0125 -5.36235 1.35
      vertex 9.87269 -5.7 1.35
    endloop
  endfacet
  facet normal -0.675498 0.279807 -0.68221
    outer loop
      vertex 10.0125 -5.36235 1.35
      vertex 9.38872 -5.28346 2
      vertex 9.42163 -5.20401 2
    endloop
  endfacet
  facet normal -0.724908 0.0954131 -0.682206
    outer loop
      vertex 9.43726 -5.08526 2
      vertex 10.0125 -5.36235 1.35
      vertex 9.42163 -5.20401 2
    endloop
  endfacet
  facet normal 0.724869 0.095469 -0.68224
    outer loop
      vertex 7.88324 -5.08526 2
      vertex 7.89888 -5.20401 2
      vertex 7.30796 -5.36235 1.35
    endloop
  endfacet
  facet normal -0.580024 -0.445121 -0.682231
    outer loop
      vertex 9.87269 -4.3 1.35
      vertex 9.34289 -4.60588 2
      vertex 9.26997 -4.51086 2
    endloop
  endfacet
  facet normal -0.0954094 -0.724879 -0.682237
    outer loop
      vertex 8.98663 -3.72238 1.43438
      vertex 8.86426 -4.23862 2
      vertex 8.74551 -4.22299 2
    endloop
  endfacet
  facet normal -0.0955088 -0.724861 -0.682242
    outer loop
      vertex 8.86426 -4.23862 2
      vertex 8.98663 -3.72238 1.43438
      vertex 9.001 -3.72833 1.43869
    endloop
  endfacet
  facet normal -0.675497 0.279758 -0.682231
    outer loop
      vertex 9.38872 -5.28346 2
      vertex 9.87269 -5.7 1.35
      vertex 9.34289 -5.39412 2
    endloop
  endfacet
  facet normal -0.279763 -0.675484 -0.682242
    outer loop
      vertex 10.3593 -1.37575 1.35
      vertex 10.0534 -1.90556 2
      vertex 9.94272 -1.85972 2
    endloop
  endfacet
  facet normal -0.095392 -0.724877 -0.682241
    outer loop
      vertex 9.67546 -1.2738 1.43869
      vertex 9.86327 -1.82681 2
      vertex 9.77801 -1.81559 2
    endloop
  endfacet
  facet normal -0.0954177 -0.72488 -0.682235
    outer loop
      vertex 9.86327 -1.82681 2
      vertex 9.67546 -1.2738 1.43869
      vertex 10 -1.31652 1.43869
    endloop
  endfacet
  facet normal -0.724871 -0.0952252 -0.682271
    outer loop
      vertex 11.0593 -2.58819 1.35
      vertex 10.4475 -2.58819 2
      vertex 10.4319 -2.46944 2
    endloop
  endfacet
  facet normal -0.724833 -0.0954176 -0.682284
    outer loop
      vertex 11.0593 -2.58819 1.35
      vertex 10.4206 -2.38418 2
      vertex 11.0116 -2.22584 1.35
    endloop
  endfacet
  facet normal -0.724889 -0.0960737 -0.682133
    outer loop
      vertex 10.4206 -2.38418 2
      vertex 11.0593 -2.58819 1.35
      vertex 10.4319 -2.46944 2
    endloop
  endfacet
  facet normal 0.580033 -0.4451 -0.682237
    outer loop
      vertex 8.44682 -1.88819 1.35
      vertex 9.02898 -2.12585 2
      vertex 8.97663 -2.19407 2
    endloop
  endfacet
  facet normal 0.58004 -0.445087 -0.682239
    outer loop
      vertex 9.02898 -2.12585 2
      vertex 8.44682 -1.88819 1.35
      vertex 8.66931 -1.59824 1.35
    endloop
  endfacet
  facet normal 0.4451 -0.580033 -0.682237
    outer loop
      vertex 9.19692 -1.95791 2
      vertex 8.95926 -1.37575 1.35
      vertex 9.26514 -1.90556 2
    endloop
  endfacet
  facet normal 0.445087 -0.58004 -0.682239
    outer loop
      vertex 8.95926 -1.37575 1.35
      vertex 9.19692 -1.95791 2
      vertex 8.66931 -1.59824 1.35
    endloop
  endfacet
  facet normal -0.0957525 -0.724855 -0.682214
    outer loop
      vertex 9.67546 -1.2738 1.43869
      vertex 9.65926 -1.79995 2
      vertex 9.65926 -1.27166 1.43869
    endloop
  endfacet
  facet normal -0.0954704 -0.724879 -0.682229
    outer loop
      vertex 9.65926 -1.79995 2
      vertex 9.67546 -1.2738 1.43869
      vertex 9.77801 -1.81559 2
    endloop
  endfacet
  facet normal 0.724875 -0.0953917 -0.682244
    outer loop
      vertex 8.25926 -2.58819 1.35
      vertex 8.89788 -2.38418 2
      vertex 8.88666 -2.46944 2
    endloop
  endfacet
  facet normal 0.724877 -0.0954234 -0.682237
    outer loop
      vertex 8.89788 -2.38418 2
      vertex 8.25926 -2.58819 1.35
      vertex 8.30696 -2.22584 1.35
    endloop
  endfacet
  facet normal 0.724876 -0.09547 -0.682231
    outer loop
      vertex 8.88666 -2.46944 2
      vertex 8.87102 -2.58819 2
      vertex 8.25926 -2.58819 1.35
    endloop
  endfacet
  facet normal 0.095393 0.724885 -0.682233
    outer loop
      vertex 9.54051 -3.36079 2
      vertex 9.31852 -3.85986 1.43869
      vertex 9.45525 -3.34957 2
    endloop
  endfacet
  facet normal 0.095488 0.724877 -0.682228
    outer loop
      vertex 9.61394 -3.98222 1.35
      vertex 9.54051 -3.36079 2
      vertex 9.65926 -3.98819 1.35
    endloop
  endfacet
  facet normal 0.0954181 0.724878 -0.682237
    outer loop
      vertex 9.54051 -3.36079 2
      vertex 9.61394 -3.98222 1.35
      vertex 9.31852 -3.85986 1.43869
    endloop
  endfacet
  facet normal -0.580018 0.44509 -0.682256
    outer loop
      vertex 10.2895 -3.05053 2
      vertex 10.8717 -3.28819 1.35
      vertex 10.6492 -3.57814 1.35
    endloop
  endfacet
  facet normal -0.579847 0.445383 -0.682211
    outer loop
      vertex 10.8717 -3.28819 1.35
      vertex 10.2895 -3.05053 2
      vertex 10.3419 -2.98231 2
    endloop
  endfacet
  facet normal -0.279389 -0.67571 -0.682171
    outer loop
      vertex 9.94272 -1.85972 2
      vertex 10.317 -1.35826 1.35
      vertex 10.3593 -1.37575 1.35
    endloop
  endfacet
  facet normal -0.279815 -0.675472 -0.682233
    outer loop
      vertex 10.317 -1.35826 1.35
      vertex 9.94272 -1.85972 2
      vertex 10 -1.31652 1.43869
    endloop
  endfacet
  facet normal -0.279798 -0.675476 -0.682235
    outer loop
      vertex 10 -1.31652 1.43869
      vertex 9.94272 -1.85972 2
      vertex 9.86327 -1.82681 2
    endloop
  endfacet
  facet normal -0.279756 0.675488 -0.682241
    outer loop
      vertex 10.0216 -3.94049 1.35
      vertex 9.94272 -3.31666 2
      vertex 10.3593 -3.80063 1.35
    endloop
  endfacet
  facet normal -0.279798 0.675476 -0.682235
    outer loop
      vertex 9.94272 -3.31666 2
      vertex 10.0216 -3.94049 1.35
      vertex 9.86327 -3.34957 2
    endloop
  endfacet
  facet normal 0.0954698 -0.724875 -0.682233
    outer loop
      vertex 9.54051 -1.81559 2
      vertex 9.65926 -1.27166 1.43869
      vertex 9.65926 -1.79995 2
    endloop
  endfacet
  facet normal 0.0957179 -0.724884 -0.682189
    outer loop
      vertex 9.65926 -1.27166 1.43869
      vertex 9.54051 -1.81559 2
      vertex 9.64384 -1.26964 1.43438
    endloop
  endfacet
  facet normal -0.675571 -0.279606 -0.68222
    outer loop
      vertex 10.8717 -1.88819 1.35
      vertex 10.3877 -2.30473 2
      vertex 10.3419 -2.19407 2
    endloop
  endfacet
  facet normal -0.675462 -0.279707 -0.682287
    outer loop
      vertex 10.3877 -2.30473 2
      vertex 11.0116 -2.22584 1.35
      vertex 10.4206 -2.38418 2
    endloop
  endfacet
  facet normal -0.675422 -0.279851 -0.682267
    outer loop
      vertex 11.0116 -2.22584 1.35
      vertex 10.3877 -2.30473 2
      vertex 10.8717 -1.88819 1.35
    endloop
  endfacet
  facet normal -0.445133 -0.579998 -0.682246
    outer loop
      vertex 10.6492 -1.59824 1.35
      vertex 10.2166 -2.03082 2
      vertex 10.1216 -1.95791 2
    endloop
  endfacet
  facet normal 0.279797 -0.675474 -0.682238
    outer loop
      vertex 9.3758 -1.85972 2
      vertex 9.29691 -1.23589 1.35
      vertex 9.45525 -1.82681 2
    endloop
  endfacet
  facet normal 0.279793 -0.675476 -0.682238
    outer loop
      vertex 9.29691 -1.23589 1.35
      vertex 9.3758 -1.85972 2
      vertex 8.95926 -1.37575 1.35
    endloop
  endfacet
  facet normal 0.675467 0.279807 -0.682241
    outer loop
      vertex 8.93079 -2.87165 2
      vertex 8.97663 -2.98231 2
      vertex 8.44682 -3.28819 1.35
    endloop
  endfacet
  facet normal 0.724876 0.09547 -0.682231
    outer loop
      vertex 8.87102 -2.58819 2
      vertex 8.88666 -2.70694 2
      vertex 8.25926 -2.58819 1.35
    endloop
  endfacet
  facet normal 0.445053 0.580076 -0.682231
    outer loop
      vertex 9.10189 -3.14556 2
      vertex 9.19692 -3.21847 2
      vertex 8.66931 -3.57814 1.35
    endloop
  endfacet
  facet normal 0.675474 -0.279797 -0.682238
    outer loop
      vertex 8.30696 -2.22584 1.35
      vertex 8.93079 -2.30473 2
      vertex 8.89788 -2.38418 2
    endloop
  endfacet
  facet normal 0.675476 -0.279793 -0.682238
    outer loop
      vertex 8.93079 -2.30473 2
      vertex 8.30696 -2.22584 1.35
      vertex 8.44682 -1.88819 1.35
    endloop
  endfacet
  facet normal -0.279763 0.675484 -0.682242
    outer loop
      vertex 10.0534 -3.27082 2
      vertex 10.3593 -3.80063 1.35
      vertex 9.94272 -3.31666 2
    endloop
  endfacet
  facet normal -0.095426 0.724878 -0.682236
    outer loop
      vertex 9.65926 -3.98819 1.35
      vertex 9.86327 -3.34957 2
      vertex 10.0216 -3.94049 1.35
    endloop
  endfacet
  facet normal -0.0953917 0.724875 -0.682244
    outer loop
      vertex 9.86327 -3.34957 2
      vertex 9.65926 -3.98819 1.35
      vertex 9.77801 -3.36079 2
    endloop
  endfacet
  facet normal 0.58004 0.445087 -0.682239
    outer loop
      vertex 8.44682 -3.28819 1.35
      vertex 9.02898 -3.05053 2
      vertex 8.66931 -3.57814 1.35
    endloop
  endfacet
  facet normal 0.580033 0.4451 -0.682237
    outer loop
      vertex 9.02898 -3.05053 2
      vertex 8.44682 -3.28819 1.35
      vertex 8.97663 -2.98231 2
    endloop
  endfacet
  facet normal 0.580076 0.445053 -0.682231
    outer loop
      vertex 9.02898 -3.05053 2
      vertex 9.10189 -3.14556 2
      vertex 8.66931 -3.57814 1.35
    endloop
  endfacet
  facet normal 0.675467 -0.279807 -0.682241
    outer loop
      vertex 8.97663 -2.19407 2
      vertex 8.93079 -2.30473 2
      vertex 8.44682 -1.88819 1.35
    endloop
  endfacet
  facet normal 0.445053 -0.580076 -0.682231
    outer loop
      vertex 9.19692 -1.95791 2
      vertex 9.10189 -2.03082 2
      vertex 8.66931 -1.59824 1.35
    endloop
  endfacet
  facet normal 0.0954088 0.724875 -0.682241
    outer loop
      vertex 9.65926 -3.37642 2
      vertex 9.65926 -3.98819 1.35
      vertex 9.54051 -3.36079 2
    endloop
  endfacet
  facet normal -0.445133 0.579998 -0.682246
    outer loop
      vertex 10.2166 -3.14556 2
      vertex 10.6492 -3.57814 1.35
      vertex 10.1216 -3.21847 2
    endloop
  endfacet
  facet normal -0.675422 0.279851 -0.682267
    outer loop
      vertex 10.3877 -2.87165 2
      vertex 11.0116 -2.95054 1.35
      vertex 10.8717 -3.28819 1.35
    endloop
  endfacet
  facet normal -0.675462 0.279707 -0.682287
    outer loop
      vertex 11.0116 -2.95054 1.35
      vertex 10.3877 -2.87165 2
      vertex 10.4206 -2.7922 2
    endloop
  endfacet
  facet normal 0.279798 0.675476 -0.682235
    outer loop
      vertex 9.45525 -3.34957 2
      vertex 9.31852 -3.85986 1.43869
      vertex 9.3758 -3.31666 2
    endloop
  endfacet
  facet normal 0.279799 0.675476 -0.682235
    outer loop
      vertex 9.3758 -3.31666 2
      vertex 9.31852 -3.85986 1.43869
      vertex 9.0161 -3.73459 1.43869
    endloop
  endfacet
  facet normal 0.580076 -0.445053 -0.682231
    outer loop
      vertex 9.10189 -2.03082 2
      vertex 9.02898 -2.12585 2
      vertex 8.66931 -1.59824 1.35
    endloop
  endfacet
  facet normal -0.0954088 0.724875 -0.682241
    outer loop
      vertex 9.65926 -3.37642 2
      vertex 9.77801 -3.36079 2
      vertex 9.65926 -3.98819 1.35
    endloop
  endfacet
  facet normal -0.445132 -0.579998 -0.682246
    outer loop
      vertex 10.1216 -1.95791 2
      vertex 10.3593 -1.37575 1.35
      vertex 10.6492 -1.59824 1.35
    endloop
  endfacet
  facet normal -0.445182 -0.579969 -0.682238
    outer loop
      vertex 10.3593 -1.37575 1.35
      vertex 10.1216 -1.95791 2
      vertex 10.0534 -1.90556 2
    endloop
  endfacet
  facet normal 0.444863 0.5802 -0.68225
    outer loop
      vertex 8.98663 -3.72238 1.43438
      vertex 9.26514 -3.27082 2
      vertex 9.001 -3.72833 1.43869
    endloop
  endfacet
  facet normal 0.445101 0.580035 -0.682235
    outer loop
      vertex 9.26514 -3.27082 2
      vertex 8.98663 -3.72238 1.43438
      vertex 9.19692 -3.21847 2
    endloop
  endfacet
  facet normal 0.44507 0.580053 -0.68224
    outer loop
      vertex 8.70557 -3.60597 1.35
      vertex 9.19692 -3.21847 2
      vertex 8.98663 -3.72238 1.43438
    endloop
  endfacet
  facet normal 0.445143 0.579982 -0.682253
    outer loop
      vertex 9.19692 -3.21847 2
      vertex 8.70557 -3.60597 1.35
      vertex 8.66931 -3.57814 1.35
    endloop
  endfacet
  facet normal -0.724889 0.0960737 -0.682133
    outer loop
      vertex 11.0593 -2.58819 1.35
      vertex 10.4206 -2.7922 2
      vertex 10.4319 -2.70694 2
    endloop
  endfacet
  facet normal -0.724833 0.0954176 -0.682284
    outer loop
      vertex 10.4206 -2.7922 2
      vertex 11.0593 -2.58819 1.35
      vertex 11.0116 -2.95054 1.35
    endloop
  endfacet
  facet normal -0.724871 0.0952252 -0.682271
    outer loop
      vertex 10.4475 -2.58819 2
      vertex 11.0593 -2.58819 1.35
      vertex 10.4319 -2.70694 2
    endloop
  endfacet
  facet normal 0.095392 -0.724877 -0.682242
    outer loop
      vertex 9.45525 -1.82681 2
      vertex 9.64384 -1.26964 1.43438
      vertex 9.54051 -1.81559 2
    endloop
  endfacet
  facet normal 0.0954274 -0.72488 -0.682233
    outer loop
      vertex 9.34223 -1.22993 1.35
      vertex 9.64384 -1.26964 1.43438
      vertex 9.45525 -1.82681 2
    endloop
  endfacet
  facet normal 0.0953305 -0.724896 -0.682231
    outer loop
      vertex 9.34223 -1.22993 1.35
      vertex 9.45525 -1.82681 2
      vertex 9.29691 -1.23589 1.35
    endloop
  endfacet
  facet normal -0.579847 -0.445383 -0.682211
    outer loop
      vertex 10.2895 -2.12585 2
      vertex 10.8717 -1.88819 1.35
      vertex 10.3419 -2.19407 2
    endloop
  endfacet
  facet normal -0.580018 -0.44509 -0.682256
    outer loop
      vertex 10.8717 -1.88819 1.35
      vertex 10.2895 -2.12585 2
      vertex 10.6492 -1.59824 1.35
    endloop
  endfacet
  facet normal -0.580101 -0.445011 -0.682238
    outer loop
      vertex 10.6492 -1.59824 1.35
      vertex 10.2895 -2.12585 2
      vertex 10.2166 -2.03082 2
    endloop
  endfacet
  facet normal -0.580101 0.445011 -0.682238
    outer loop
      vertex 10.2895 -3.05053 2
      vertex 10.6492 -3.57814 1.35
      vertex 10.2166 -3.14556 2
    endloop
  endfacet
  facet normal 0.724875 0.0953917 -0.682244
    outer loop
      vertex 8.89788 -2.7922 2
      vertex 8.25926 -2.58819 1.35
      vertex 8.88666 -2.70694 2
    endloop
  endfacet
  facet normal 0.724877 0.0954234 -0.682237
    outer loop
      vertex 8.25926 -2.58819 1.35
      vertex 8.89788 -2.7922 2
      vertex 8.30696 -2.95054 1.35
    endloop
  endfacet
  facet normal 0.675476 0.279793 -0.682238
    outer loop
      vertex 8.30696 -2.95054 1.35
      vertex 8.93079 -2.87165 2
      vertex 8.44682 -3.28819 1.35
    endloop
  endfacet
  facet normal 0.675474 0.279797 -0.682238
    outer loop
      vertex 8.93079 -2.87165 2
      vertex 8.30696 -2.95054 1.35
      vertex 8.89788 -2.7922 2
    endloop
  endfacet
  facet normal -0.445132 0.579998 -0.682246
    outer loop
      vertex 10.3593 -3.80063 1.35
      vertex 10.1216 -3.21847 2
      vertex 10.6492 -3.57814 1.35
    endloop
  endfacet
  facet normal -0.445182 0.579969 -0.682238
    outer loop
      vertex 10.1216 -3.21847 2
      vertex 10.3593 -3.80063 1.35
      vertex 10.0534 -3.27082 2
    endloop
  endfacet
  facet normal -0.675571 0.279606 -0.68222
    outer loop
      vertex 10.3877 -2.87165 2
      vertex 10.8717 -3.28819 1.35
      vertex 10.3419 -2.98231 2
    endloop
  endfacet
  facet normal 0.279807 -0.675467 -0.682241
    outer loop
      vertex 9.3758 -1.85972 2
      vertex 9.26514 -1.90556 2
      vertex 8.95926 -1.37575 1.35
    endloop
  endfacet
  facet normal 0.279808 0.67547 -0.682237
    outer loop
      vertex 9.3758 -3.31666 2
      vertex 9.0161 -3.73459 1.43869
      vertex 9.26514 -3.27082 2
    endloop
  endfacet
  facet normal 0.279993 0.675383 -0.682247
    outer loop
      vertex 9.26514 -3.27082 2
      vertex 9.0161 -3.73459 1.43869
      vertex 9.001 -3.72833 1.43869
    endloop
  endfacet
  facet normal -0.300708 -0.953716 0
    outer loop
      vertex 0.82175 3.06681 0
      vertex 1.08591 2.98352 2
      vertex 0.82175 3.06681 2
    endloop
  endfacet
  facet normal -0.300708 -0.953716 -0
    outer loop
      vertex 1.08591 2.98352 2
      vertex 0.82175 3.06681 0
      vertex 1.08591 2.98352 0
    endloop
  endfacet
  facet normal -0.991442 -0.130549 0
    outer loop
      vertex 3.16292 0.276719 0
      vertex 3.12676 0.551332 2
      vertex 3.12676 0.551332 0
    endloop
  endfacet
  facet normal -0.991442 -0.130549 0
    outer loop
      vertex 3.12676 0.551332 2
      vertex 3.16292 0.276719 0
      vertex 3.16292 0.276719 2
    endloop
  endfacet
  facet normal -0.999049 -0.0436129 0
    outer loop
      vertex 3.175 0 0
      vertex 3.16292 0.276719 2
      vertex 3.16292 0.276719 0
    endloop
  endfacet
  facet normal -0.999049 -0.0436129 0
    outer loop
      vertex 3.16292 0.276719 2
      vertex 3.175 0 0
      vertex 3.175 0 2
    endloop
  endfacet
  facet normal -0.976296 -0.216439 0
    outer loop
      vertex 3.12676 0.551332 0
      vertex 3.06681 0.82175 2
      vertex 3.06681 0.82175 0
    endloop
  endfacet
  facet normal -0.976296 -0.216439 0
    outer loop
      vertex 3.06681 0.82175 2
      vertex 3.12676 0.551332 0
      vertex 3.12676 0.551332 2
    endloop
  endfacet
  facet normal -0.999049 0.0436129 0
    outer loop
      vertex 3.16292 -0.276719 0
      vertex 3.175 0 2
      vertex 3.175 0 0
    endloop
  endfacet
  facet normal -0.999049 0.0436129 0
    outer loop
      vertex 3.175 0 2
      vertex 3.16292 -0.276719 0
      vertex 3.16292 -0.276719 2
    endloop
  endfacet
  facet normal 0.608779 0.79334 -0
    outer loop
      vertex -1.82111 -2.60081 0
      vertex -2.04085 -2.43219 2
      vertex -1.82111 -2.60081 2
    endloop
  endfacet
  facet normal 0.608779 0.79334 0
    outer loop
      vertex -2.04085 -2.43219 2
      vertex -1.82111 -2.60081 0
      vertex -2.04085 -2.43219 0
    endloop
  endfacet
  facet normal -0.675602 -0.737267 0
    outer loop
      vertex 2.04085 2.43219 0
      vertex 2.24506 2.24506 2
      vertex 2.04085 2.43219 2
    endloop
  endfacet
  facet normal -0.675602 -0.737267 -0
    outer loop
      vertex 2.24506 2.24506 2
      vertex 2.04085 2.43219 0
      vertex 2.24506 2.24506 0
    endloop
  endfacet
  facet normal -0.737267 -0.675602 0
    outer loop
      vertex 2.43219 2.04085 0
      vertex 2.24506 2.24506 2
      vertex 2.24506 2.24506 0
    endloop
  endfacet
  facet normal -0.737267 -0.675602 0
    outer loop
      vertex 2.24506 2.24506 2
      vertex 2.43219 2.04085 0
      vertex 2.43219 2.04085 2
    endloop
  endfacet
  facet normal -0.608779 0.79334 0
    outer loop
      vertex 2.04085 -2.43219 0
      vertex 1.82111 -2.60081 2
      vertex 2.04085 -2.43219 2
    endloop
  endfacet
  facet normal -0.608779 0.79334 0
    outer loop
      vertex 1.82111 -2.60081 2
      vertex 2.04085 -2.43219 0
      vertex 1.82111 -2.60081 0
    endloop
  endfacet
  facet normal -0.608779 -0.79334 0
    outer loop
      vertex 1.82111 2.60081 0
      vertex 2.04085 2.43219 2
      vertex 1.82111 2.60081 2
    endloop
  endfacet
  facet normal -0.608779 -0.79334 -0
    outer loop
      vertex 2.04085 2.43219 2
      vertex 1.82111 2.60081 0
      vertex 2.04085 2.43219 0
    endloop
  endfacet
  facet normal -0.79334 -0.608779 0
    outer loop
      vertex 2.60081 1.82111 0
      vertex 2.43219 2.04085 2
      vertex 2.43219 2.04085 0
    endloop
  endfacet
  facet normal -0.79334 -0.608779 0
    outer loop
      vertex 2.43219 2.04085 2
      vertex 2.60081 1.82111 0
      vertex 2.60081 1.82111 2
    endloop
  endfacet
  facet normal -0.953716 -0.300708 0
    outer loop
      vertex 3.06681 0.82175 0
      vertex 2.98352 1.08591 2
      vertex 2.98352 1.08591 0
    endloop
  endfacet
  facet normal -0.953716 -0.300708 0
    outer loop
      vertex 2.98352 1.08591 2
      vertex 3.06681 0.82175 0
      vertex 3.06681 0.82175 2
    endloop
  endfacet
  facet normal 0.976296 -0.216439 0
    outer loop
      vertex -3.12676 0.551332 2
      vertex -3.06681 0.82175 0
      vertex -3.06681 0.82175 2
    endloop
  endfacet
  facet normal 0.976296 -0.216439 0
    outer loop
      vertex -3.06681 0.82175 0
      vertex -3.12676 0.551332 2
      vertex -3.12676 0.551332 0
    endloop
  endfacet
  facet normal -0.976296 0.216439 0
    outer loop
      vertex 3.06681 -0.82175 0
      vertex 3.12676 -0.551332 2
      vertex 3.12676 -0.551332 0
    endloop
  endfacet
  facet normal -0.976296 0.216439 0
    outer loop
      vertex 3.12676 -0.551332 2
      vertex 3.06681 -0.82175 0
      vertex 3.06681 -0.82175 2
    endloop
  endfacet
  facet normal 0.608779 -0.79334 0
    outer loop
      vertex -2.04085 2.43219 0
      vertex -1.82111 2.60081 2
      vertex -2.04085 2.43219 2
    endloop
  endfacet
  facet normal 0.608779 -0.79334 0
    outer loop
      vertex -1.82111 2.60081 2
      vertex -2.04085 2.43219 0
      vertex -1.82111 2.60081 0
    endloop
  endfacet
  facet normal 0.461754 -0.887008 0
    outer loop
      vertex -1.5875 2.74963 0
      vertex -1.34181 2.87753 2
      vertex -1.5875 2.74963 2
    endloop
  endfacet
  facet normal 0.461754 -0.887008 0
    outer loop
      vertex -1.34181 2.87753 2
      vertex -1.5875 2.74963 0
      vertex -1.34181 2.87753 0
    endloop
  endfacet
  facet normal 0.537284 0.843401 -0
    outer loop
      vertex -1.5875 -2.74963 0
      vertex -1.82111 -2.60081 2
      vertex -1.5875 -2.74963 2
    endloop
  endfacet
  facet normal 0.537284 0.843401 0
    outer loop
      vertex -1.82111 -2.60081 2
      vertex -1.5875 -2.74963 0
      vertex -1.82111 -2.60081 0
    endloop
  endfacet
  facet normal 0.0436129 0.999049 -0
    outer loop
      vertex 0 -3.175 0
      vertex -0.276719 -3.16292 2
      vertex 0 -3.175 2
    endloop
  endfacet
  facet normal 0.0436129 0.999049 0
    outer loop
      vertex -0.276719 -3.16292 2
      vertex 0 -3.175 0
      vertex -0.276719 -3.16292 0
    endloop
  endfacet
  facet normal 0.843401 0.537284 0
    outer loop
      vertex -2.60081 -1.82111 2
      vertex -2.74963 -1.5875 0
      vertex -2.74963 -1.5875 2
    endloop
  endfacet
  facet normal 0.843401 0.537284 0
    outer loop
      vertex -2.74963 -1.5875 0
      vertex -2.60081 -1.82111 2
      vertex -2.60081 -1.82111 0
    endloop
  endfacet
  facet normal 0.382661 0.923889 -0
    outer loop
      vertex -1.08591 -2.98352 0
      vertex -1.34181 -2.87753 2
      vertex -1.08591 -2.98352 2
    endloop
  endfacet
  facet normal 0.382661 0.923889 0
    outer loop
      vertex -1.34181 -2.87753 2
      vertex -1.08591 -2.98352 0
      vertex -1.34181 -2.87753 0
    endloop
  endfacet
  facet normal 0.79334 0.608779 0
    outer loop
      vertex -2.43219 -2.04085 2
      vertex -2.60081 -1.82111 0
      vertex -2.60081 -1.82111 2
    endloop
  endfacet
  facet normal 0.79334 0.608779 0
    outer loop
      vertex -2.60081 -1.82111 0
      vertex -2.43219 -2.04085 2
      vertex -2.43219 -2.04085 0
    endloop
  endfacet
  facet normal -0.991442 0.130549 0
    outer loop
      vertex 3.12676 -0.551332 0
      vertex 3.16292 -0.276719 2
      vertex 3.16292 -0.276719 0
    endloop
  endfacet
  facet normal -0.991442 0.130549 0
    outer loop
      vertex 3.16292 -0.276719 2
      vertex 3.12676 -0.551332 0
      vertex 3.12676 -0.551332 2
    endloop
  endfacet
  facet normal 0.737267 -0.675602 0
    outer loop
      vertex -2.43219 2.04085 2
      vertex -2.24506 2.24506 0
      vertex -2.24506 2.24506 2
    endloop
  endfacet
  facet normal 0.737267 -0.675602 0
    outer loop
      vertex -2.24506 2.24506 0
      vertex -2.43219 2.04085 2
      vertex -2.43219 2.04085 0
    endloop
  endfacet
  facet normal -0.216439 -0.976296 0
    outer loop
      vertex 0.551332 3.12676 0
      vertex 0.82175 3.06681 2
      vertex 0.551332 3.12676 2
    endloop
  endfacet
  facet normal -0.216439 -0.976296 -0
    outer loop
      vertex 0.82175 3.06681 2
      vertex 0.551332 3.12676 0
      vertex 0.82175 3.06681 0
    endloop
  endfacet
  facet normal -0.130549 0.991442 0
    outer loop
      vertex 0.551332 -3.12676 0
      vertex 0.276719 -3.16292 2
      vertex 0.551332 -3.12676 2
    endloop
  endfacet
  facet normal -0.130549 0.991442 0
    outer loop
      vertex 0.276719 -3.16292 2
      vertex 0.551332 -3.12676 0
      vertex 0.276719 -3.16292 0
    endloop
  endfacet
  facet normal 0.300708 -0.953716 0
    outer loop
      vertex -1.08591 2.98352 0
      vertex -0.82175 3.06681 2
      vertex -1.08591 2.98352 2
    endloop
  endfacet
  facet normal 0.300708 -0.953716 0
    outer loop
      vertex -0.82175 3.06681 2
      vertex -1.08591 2.98352 0
      vertex -0.82175 3.06681 0
    endloop
  endfacet
  facet normal 0.991442 0.130549 0
    outer loop
      vertex -3.12676 -0.551332 2
      vertex -3.16292 -0.276719 0
      vertex -3.16292 -0.276719 2
    endloop
  endfacet
  facet normal 0.991442 0.130549 0
    outer loop
      vertex -3.16292 -0.276719 0
      vertex -3.12676 -0.551332 2
      vertex -3.12676 -0.551332 0
    endloop
  endfacet
  facet normal -0.953716 0.300708 0
    outer loop
      vertex 2.98352 -1.08591 0
      vertex 3.06681 -0.82175 2
      vertex 3.06681 -0.82175 0
    endloop
  endfacet
  facet normal -0.953716 0.300708 0
    outer loop
      vertex 3.06681 -0.82175 2
      vertex 2.98352 -1.08591 0
      vertex 2.98352 -1.08591 2
    endloop
  endfacet
  facet normal -0.0436129 -0.999049 0
    outer loop
      vertex 0 3.175 0
      vertex 0.276719 3.16292 2
      vertex 0 3.175 2
    endloop
  endfacet
  facet normal -0.0436129 -0.999049 -0
    outer loop
      vertex 0.276719 3.16292 2
      vertex 0 3.175 0
      vertex 0.276719 3.16292 0
    endloop
  endfacet
  facet normal 0.999049 -0.0436129 0
    outer loop
      vertex -3.175 0 2
      vertex -3.16292 0.276719 0
      vertex -3.16292 0.276719 2
    endloop
  endfacet
  facet normal 0.999049 -0.0436129 0
    outer loop
      vertex -3.16292 0.276719 0
      vertex -3.175 0 2
      vertex -3.175 0 0
    endloop
  endfacet
  facet normal 0.991442 -0.130549 0
    outer loop
      vertex -3.16292 0.276719 2
      vertex -3.12676 0.551332 0
      vertex -3.12676 0.551332 2
    endloop
  endfacet
  facet normal 0.991442 -0.130549 0
    outer loop
      vertex -3.12676 0.551332 0
      vertex -3.16292 0.276719 2
      vertex -3.16292 0.276719 0
    endloop
  endfacet
  facet normal -0.887008 -0.461754 0
    outer loop
      vertex 2.87753 1.34181 0
      vertex 2.74963 1.5875 2
      vertex 2.74963 1.5875 0
    endloop
  endfacet
  facet normal -0.887008 -0.461754 0
    outer loop
      vertex 2.74963 1.5875 2
      vertex 2.87753 1.34181 0
      vertex 2.87753 1.34181 2
    endloop
  endfacet
  facet normal 0.953716 -0.300708 0
    outer loop
      vertex -3.06681 0.82175 2
      vertex -2.98352 1.08591 0
      vertex -2.98352 1.08591 2
    endloop
  endfacet
  facet normal 0.953716 -0.300708 0
    outer loop
      vertex -2.98352 1.08591 0
      vertex -3.06681 0.82175 2
      vertex -3.06681 0.82175 0
    endloop
  endfacet
  facet normal -0.843401 0.537284 0
    outer loop
      vertex 2.60081 -1.82111 0
      vertex 2.74963 -1.5875 2
      vertex 2.74963 -1.5875 0
    endloop
  endfacet
  facet normal -0.843401 0.537284 0
    outer loop
      vertex 2.74963 -1.5875 2
      vertex 2.60081 -1.82111 0
      vertex 2.60081 -1.82111 2
    endloop
  endfacet
  facet normal -0.923889 -0.382661 0
    outer loop
      vertex 2.98352 1.08591 0
      vertex 2.87753 1.34181 2
      vertex 2.87753 1.34181 0
    endloop
  endfacet
  facet normal -0.923889 -0.382661 0
    outer loop
      vertex 2.87753 1.34181 2
      vertex 2.98352 1.08591 0
      vertex 2.98352 1.08591 2
    endloop
  endfacet
  facet normal -0.300708 0.953716 0
    outer loop
      vertex 1.08591 -2.98352 0
      vertex 0.82175 -3.06681 2
      vertex 1.08591 -2.98352 2
    endloop
  endfacet
  facet normal -0.300708 0.953716 0
    outer loop
      vertex 0.82175 -3.06681 2
      vertex 1.08591 -2.98352 0
      vertex 0.82175 -3.06681 0
    endloop
  endfacet
  facet normal 0.953716 0.300708 0
    outer loop
      vertex -2.98352 -1.08591 2
      vertex -3.06681 -0.82175 0
      vertex -3.06681 -0.82175 2
    endloop
  endfacet
  facet normal 0.953716 0.300708 0
    outer loop
      vertex -3.06681 -0.82175 0
      vertex -2.98352 -1.08591 2
      vertex -2.98352 -1.08591 0
    endloop
  endfacet
  facet normal -0.537284 -0.843401 0
    outer loop
      vertex 1.5875 2.74963 0
      vertex 1.82111 2.60081 2
      vertex 1.5875 2.74963 2
    endloop
  endfacet
  facet normal -0.537284 -0.843401 -0
    outer loop
      vertex 1.82111 2.60081 2
      vertex 1.5875 2.74963 0
      vertex 1.82111 2.60081 0
    endloop
  endfacet
  facet normal -0.461754 -0.887008 0
    outer loop
      vertex 1.34181 2.87753 0
      vertex 1.5875 2.74963 2
      vertex 1.34181 2.87753 2
    endloop
  endfacet
  facet normal -0.461754 -0.887008 -0
    outer loop
      vertex 1.5875 2.74963 2
      vertex 1.34181 2.87753 0
      vertex 1.5875 2.74963 0
    endloop
  endfacet
  facet normal 0.537284 -0.843401 0
    outer loop
      vertex -1.82111 2.60081 0
      vertex -1.5875 2.74963 2
      vertex -1.82111 2.60081 2
    endloop
  endfacet
  facet normal 0.537284 -0.843401 0
    outer loop
      vertex -1.5875 2.74963 2
      vertex -1.82111 2.60081 0
      vertex -1.5875 2.74963 0
    endloop
  endfacet
  facet normal 0.675602 -0.737267 0
    outer loop
      vertex -2.24506 2.24506 0
      vertex -2.04085 2.43219 2
      vertex -2.24506 2.24506 2
    endloop
  endfacet
  facet normal 0.675602 -0.737267 0
    outer loop
      vertex -2.04085 2.43219 2
      vertex -2.24506 2.24506 0
      vertex -2.04085 2.43219 0
    endloop
  endfacet
  facet normal -0.382661 -0.923889 0
    outer loop
      vertex 1.08591 2.98352 0
      vertex 1.34181 2.87753 2
      vertex 1.08591 2.98352 2
    endloop
  endfacet
  facet normal -0.382661 -0.923889 -0
    outer loop
      vertex 1.34181 2.87753 2
      vertex 1.08591 2.98352 0
      vertex 1.34181 2.87753 0
    endloop
  endfacet
  facet normal 0.382661 -0.923889 0
    outer loop
      vertex -1.34181 2.87753 0
      vertex -1.08591 2.98352 2
      vertex -1.34181 2.87753 2
    endloop
  endfacet
  facet normal 0.382661 -0.923889 0
    outer loop
      vertex -1.08591 2.98352 2
      vertex -1.34181 2.87753 0
      vertex -1.08591 2.98352 0
    endloop
  endfacet
  facet normal 0.216439 0.976296 -0
    outer loop
      vertex -0.551332 -3.12676 0
      vertex -0.82175 -3.06681 2
      vertex -0.551332 -3.12676 2
    endloop
  endfacet
  facet normal 0.216439 0.976296 0
    outer loop
      vertex -0.82175 -3.06681 2
      vertex -0.551332 -3.12676 0
      vertex -0.82175 -3.06681 0
    endloop
  endfacet
  facet normal -0.923889 0.382661 0
    outer loop
      vertex 2.87753 -1.34181 0
      vertex 2.98352 -1.08591 2
      vertex 2.98352 -1.08591 0
    endloop
  endfacet
  facet normal -0.923889 0.382661 0
    outer loop
      vertex 2.98352 -1.08591 2
      vertex 2.87753 -1.34181 0
      vertex 2.87753 -1.34181 2
    endloop
  endfacet
  facet normal -0.843401 -0.537284 0
    outer loop
      vertex 2.74963 1.5875 0
      vertex 2.60081 1.82111 2
      vertex 2.60081 1.82111 0
    endloop
  endfacet
  facet normal -0.843401 -0.537284 0
    outer loop
      vertex 2.60081 1.82111 2
      vertex 2.74963 1.5875 0
      vertex 2.74963 1.5875 2
    endloop
  endfacet
  facet normal 0.216439 -0.976296 0
    outer loop
      vertex -0.82175 3.06681 0
      vertex -0.551332 3.12676 2
      vertex -0.82175 3.06681 2
    endloop
  endfacet
  facet normal 0.216439 -0.976296 0
    outer loop
      vertex -0.551332 3.12676 2
      vertex -0.82175 3.06681 0
      vertex -0.551332 3.12676 0
    endloop
  endfacet
  facet normal 0.887008 -0.461754 0
    outer loop
      vertex -2.87753 1.34181 2
      vertex -2.74963 1.5875 0
      vertex -2.74963 1.5875 2
    endloop
  endfacet
  facet normal 0.887008 -0.461754 0
    outer loop
      vertex -2.74963 1.5875 0
      vertex -2.87753 1.34181 2
      vertex -2.87753 1.34181 0
    endloop
  endfacet
  facet normal -0.0436129 0.999049 0
    outer loop
      vertex 0.276719 -3.16292 0
      vertex 0 -3.175 2
      vertex 0.276719 -3.16292 2
    endloop
  endfacet
  facet normal -0.0436129 0.999049 0
    outer loop
      vertex 0 -3.175 2
      vertex 0.276719 -3.16292 0
      vertex 0 -3.175 0
    endloop
  endfacet
  facet normal 0.130549 -0.991442 0
    outer loop
      vertex -0.551332 3.12676 0
      vertex -0.276719 3.16292 2
      vertex -0.551332 3.12676 2
    endloop
  endfacet
  facet normal 0.130549 -0.991442 0
    outer loop
      vertex -0.276719 3.16292 2
      vertex -0.551332 3.12676 0
      vertex -0.276719 3.16292 0
    endloop
  endfacet
  facet normal 0.737267 0.675602 0
    outer loop
      vertex -2.24506 -2.24506 2
      vertex -2.43219 -2.04085 0
      vertex -2.43219 -2.04085 2
    endloop
  endfacet
  facet normal 0.737267 0.675602 0
    outer loop
      vertex -2.43219 -2.04085 0
      vertex -2.24506 -2.24506 2
      vertex -2.24506 -2.24506 0
    endloop
  endfacet
  facet normal -0.79334 0.608779 0
    outer loop
      vertex 2.43219 -2.04085 0
      vertex 2.60081 -1.82111 2
      vertex 2.60081 -1.82111 0
    endloop
  endfacet
  facet normal -0.79334 0.608779 0
    outer loop
      vertex 2.60081 -1.82111 2
      vertex 2.43219 -2.04085 0
      vertex 2.43219 -2.04085 2
    endloop
  endfacet
  facet normal -0.130549 -0.991442 0
    outer loop
      vertex 0.276719 3.16292 0
      vertex 0.551332 3.12676 2
      vertex 0.276719 3.16292 2
    endloop
  endfacet
  facet normal -0.130549 -0.991442 -0
    outer loop
      vertex 0.551332 3.12676 2
      vertex 0.276719 3.16292 0
      vertex 0.551332 3.12676 0
    endloop
  endfacet
  facet normal 0.79334 -0.608779 0
    outer loop
      vertex -2.60081 1.82111 2
      vertex -2.43219 2.04085 0
      vertex -2.43219 2.04085 2
    endloop
  endfacet
  facet normal 0.79334 -0.608779 0
    outer loop
      vertex -2.43219 2.04085 0
      vertex -2.60081 1.82111 2
      vertex -2.60081 1.82111 0
    endloop
  endfacet
  facet normal -0.461754 0.887008 0
    outer loop
      vertex 1.5875 -2.74963 0
      vertex 1.34181 -2.87753 2
      vertex 1.5875 -2.74963 2
    endloop
  endfacet
  facet normal -0.461754 0.887008 0
    outer loop
      vertex 1.34181 -2.87753 2
      vertex 1.5875 -2.74963 0
      vertex 1.34181 -2.87753 0
    endloop
  endfacet
  facet normal 0.843401 -0.537284 0
    outer loop
      vertex -2.74963 1.5875 2
      vertex -2.60081 1.82111 0
      vertex -2.60081 1.82111 2
    endloop
  endfacet
  facet normal 0.843401 -0.537284 0
    outer loop
      vertex -2.60081 1.82111 0
      vertex -2.74963 1.5875 2
      vertex -2.74963 1.5875 0
    endloop
  endfacet
  facet normal -0.887008 0.461754 0
    outer loop
      vertex 2.74963 -1.5875 0
      vertex 2.87753 -1.34181 2
      vertex 2.87753 -1.34181 0
    endloop
  endfacet
  facet normal -0.887008 0.461754 0
    outer loop
      vertex 2.87753 -1.34181 2
      vertex 2.74963 -1.5875 0
      vertex 2.74963 -1.5875 2
    endloop
  endfacet
  facet normal 0.976296 0.216439 0
    outer loop
      vertex -3.06681 -0.82175 2
      vertex -3.12676 -0.551332 0
      vertex -3.12676 -0.551332 2
    endloop
  endfacet
  facet normal 0.976296 0.216439 0
    outer loop
      vertex -3.12676 -0.551332 0
      vertex -3.06681 -0.82175 2
      vertex -3.06681 -0.82175 0
    endloop
  endfacet
  facet normal 0.999049 0.0436129 0
    outer loop
      vertex -3.16292 -0.276719 2
      vertex -3.175 0 0
      vertex -3.175 0 2
    endloop
  endfacet
  facet normal 0.999049 0.0436129 0
    outer loop
      vertex -3.175 0 0
      vertex -3.16292 -0.276719 2
      vertex -3.16292 -0.276719 0
    endloop
  endfacet
  facet normal 0.923889 0.382661 0
    outer loop
      vertex -2.87753 -1.34181 2
      vertex -2.98352 -1.08591 0
      vertex -2.98352 -1.08591 2
    endloop
  endfacet
  facet normal 0.923889 0.382661 0
    outer loop
      vertex -2.98352 -1.08591 0
      vertex -2.87753 -1.34181 2
      vertex -2.87753 -1.34181 0
    endloop
  endfacet
  facet normal -0.216439 0.976296 0
    outer loop
      vertex 0.82175 -3.06681 0
      vertex 0.551332 -3.12676 2
      vertex 0.82175 -3.06681 2
    endloop
  endfacet
  facet normal -0.216439 0.976296 0
    outer loop
      vertex 0.551332 -3.12676 2
      vertex 0.82175 -3.06681 0
      vertex 0.551332 -3.12676 0
    endloop
  endfacet
  facet normal -0.382661 0.923889 0
    outer loop
      vertex 1.34181 -2.87753 0
      vertex 1.08591 -2.98352 2
      vertex 1.34181 -2.87753 2
    endloop
  endfacet
  facet normal -0.382661 0.923889 0
    outer loop
      vertex 1.08591 -2.98352 2
      vertex 1.34181 -2.87753 0
      vertex 1.08591 -2.98352 0
    endloop
  endfacet
  facet normal 0.300708 0.953716 -0
    outer loop
      vertex -0.82175 -3.06681 0
      vertex -1.08591 -2.98352 2
      vertex -0.82175 -3.06681 2
    endloop
  endfacet
  facet normal 0.300708 0.953716 0
    outer loop
      vertex -1.08591 -2.98352 2
      vertex -0.82175 -3.06681 0
      vertex -1.08591 -2.98352 0
    endloop
  endfacet
  facet normal -0.737267 0.675602 0
    outer loop
      vertex 2.24506 -2.24506 0
      vertex 2.43219 -2.04085 2
      vertex 2.43219 -2.04085 0
    endloop
  endfacet
  facet normal -0.737267 0.675602 0
    outer loop
      vertex 2.43219 -2.04085 2
      vertex 2.24506 -2.24506 0
      vertex 2.24506 -2.24506 2
    endloop
  endfacet
  facet normal 0.0436129 -0.999049 0
    outer loop
      vertex -0.276719 3.16292 0
      vertex 0 3.175 2
      vertex -0.276719 3.16292 2
    endloop
  endfacet
  facet normal 0.0436129 -0.999049 0
    outer loop
      vertex 0 3.175 2
      vertex -0.276719 3.16292 0
      vertex 0 3.175 0
    endloop
  endfacet
  facet normal -0.537284 0.843401 0
    outer loop
      vertex 1.82111 -2.60081 0
      vertex 1.5875 -2.74963 2
      vertex 1.82111 -2.60081 2
    endloop
  endfacet
  facet normal -0.537284 0.843401 0
    outer loop
      vertex 1.5875 -2.74963 2
      vertex 1.82111 -2.60081 0
      vertex 1.5875 -2.74963 0
    endloop
  endfacet
  facet normal 0.675602 0.737267 -0
    outer loop
      vertex -2.04085 -2.43219 0
      vertex -2.24506 -2.24506 2
      vertex -2.04085 -2.43219 2
    endloop
  endfacet
  facet normal 0.675602 0.737267 0
    outer loop
      vertex -2.24506 -2.24506 2
      vertex -2.04085 -2.43219 0
      vertex -2.24506 -2.24506 0
    endloop
  endfacet
  facet normal -0.675602 0.737267 0
    outer loop
      vertex 2.24506 -2.24506 0
      vertex 2.04085 -2.43219 2
      vertex 2.24506 -2.24506 2
    endloop
  endfacet
  facet normal -0.675602 0.737267 0
    outer loop
      vertex 2.04085 -2.43219 2
      vertex 2.24506 -2.24506 0
      vertex 2.04085 -2.43219 0
    endloop
  endfacet
  facet normal 0.461754 0.887008 -0
    outer loop
      vertex -1.34181 -2.87753 0
      vertex -1.5875 -2.74963 2
      vertex -1.34181 -2.87753 2
    endloop
  endfacet
  facet normal 0.461754 0.887008 0
    outer loop
      vertex -1.5875 -2.74963 2
      vertex -1.34181 -2.87753 0
      vertex -1.5875 -2.74963 0
    endloop
  endfacet
  facet normal 0.130549 0.991442 -0
    outer loop
      vertex -0.276719 -3.16292 0
      vertex -0.551332 -3.12676 2
      vertex -0.276719 -3.16292 2
    endloop
  endfacet
  facet normal 0.130549 0.991442 0
    outer loop
      vertex -0.551332 -3.12676 2
      vertex -0.276719 -3.16292 0
      vertex -0.551332 -3.12676 0
    endloop
  endfacet
  facet normal 0.923889 -0.382661 0
    outer loop
      vertex -2.98352 1.08591 2
      vertex -2.87753 1.34181 0
      vertex -2.87753 1.34181 2
    endloop
  endfacet
  facet normal 0.923889 -0.382661 0
    outer loop
      vertex -2.87753 1.34181 0
      vertex -2.98352 1.08591 2
      vertex -2.98352 1.08591 0
    endloop
  endfacet
  facet normal 0.887008 0.461754 0
    outer loop
      vertex -2.74963 -1.5875 2
      vertex -2.87753 -1.34181 0
      vertex -2.87753 -1.34181 2
    endloop
  endfacet
  facet normal 0.887008 0.461754 0
    outer loop
      vertex -2.87753 -1.34181 0
      vertex -2.74963 -1.5875 2
      vertex -2.74963 -1.5875 0
    endloop
  endfacet
endsolid OpenSCAD_Model
