solid OpenSCAD_Model
  facet normal 0 0 1
    outer loop
      vertex 16.5 -15 25
      vertex 19 -12.5 25
      vertex 19 -7.745 25
    endloop
  endfacet
  facet normal 0 0 1
    outer loop
      vertex 19 -12.5 25
      vertex 16.5 -15 25
      vertex 18.9905 -12.7179 25
    endloop
  endfacet
  facet normal 0 0 1
    outer loop
      vertex 18.9905 -12.7179 25
      vertex 16.5 -15 25
      vertex 18.962 -12.9341 25
    endloop
  endfacet
  facet normal 0 0 1
    outer loop
      vertex 18.962 -12.9341 25
      vertex 16.5 -15 25
      vertex 18.9148 -13.147 25
    endloop
  endfacet
  facet normal 0 0 1
    outer loop
      vertex 18.9148 -13.147 25
      vertex 16.5 -15 25
      vertex 18.8492 -13.3551 25
    endloop
  endfacet
  facet normal 0 0 1
    outer loop
      vertex 18.8492 -13.3551 25
      vertex 16.5 -15 25
      vertex 18.7658 -13.5565 25
    endloop
  endfacet
  facet normal 0 0 1
    outer loop
      vertex 18.7658 -13.5565 25
      vertex 16.5 -15 25
      vertex 18.6651 -13.75 25
    endloop
  endfacet
  facet normal 0 0 1
    outer loop
      vertex 18.6651 -13.75 25
      vertex 16.5 -15 25
      vertex 18.5479 -13.9339 25
    endloop
  endfacet
  facet normal 0 0 1
    outer loop
      vertex 18.5479 -13.9339 25
      vertex 16.5 -15 25
      vertex 18.4151 -14.107 25
    endloop
  endfacet
  facet normal 0 0 1
    outer loop
      vertex 18.4151 -14.107 25
      vertex 16.5 -15 25
      vertex 18.2678 -14.2678 25
    endloop
  endfacet
  facet normal 0 0 1
    outer loop
      vertex 18.2678 -14.2678 25
      vertex 16.5 -15 25
      vertex 18.107 -14.4151 25
    endloop
  endfacet
  facet normal 0 0 1
    outer loop
      vertex 18.107 -14.4151 25
      vertex 16.5 -15 25
      vertex 17.9339 -14.5479 25
    endloop
  endfacet
  facet normal 0 0 1
    outer loop
      vertex 17.9339 -14.5479 25
      vertex 16.5 -15 25
      vertex 17.75 -14.6651 25
    endloop
  endfacet
  facet normal 0 0 1
    outer loop
      vertex 17.75 -14.6651 25
      vertex 16.5 -15 25
      vertex 17.5565 -14.7658 25
    endloop
  endfacet
  facet normal 0 0 1
    outer loop
      vertex 17.5565 -14.7658 25
      vertex 16.5 -15 25
      vertex 17.3551 -14.8492 25
    endloop
  endfacet
  facet normal 0 0 1
    outer loop
      vertex 17.3551 -14.8492 25
      vertex 16.5 -15 25
      vertex 17.147 -14.9148 25
    endloop
  endfacet
  facet normal 0 0 1
    outer loop
      vertex 17.147 -14.9148 25
      vertex 16.5 -15 25
      vertex 16.9341 -14.962 25
    endloop
  endfacet
  facet normal 0 0 1
    outer loop
      vertex 16.9341 -14.962 25
      vertex 16.5 -15 25
      vertex 16.7179 -14.9905 25
    endloop
  endfacet
  facet normal -0 0 1
    outer loop
      vertex 2.26506 -10.1006 25
      vertex 16.5 -15 25
      vertex 19 -7.745 25
    endloop
  endfacet
  facet normal 0 0 1
    outer loop
      vertex 16.5 -15 25
      vertex 2.29125 -10.2995 25
      vertex 2.3 -10.5 25
    endloop
  endfacet
  facet normal 0 0 1
    outer loop
      vertex 16.5 -15 25
      vertex 2.26506 -10.1006 25
      vertex 2.29125 -10.2995 25
    endloop
  endfacet
  facet normal 0 0 1
    outer loop
      vertex 19 -7.745 25
      vertex 2.22163 -9.90472 25
      vertex 2.26506 -10.1006 25
    endloop
  endfacet
  facet normal 0 0 1
    outer loop
      vertex 19 -7.745 25
      vertex 2.16129 -9.71335 25
      vertex 2.22163 -9.90472 25
    endloop
  endfacet
  facet normal 0 0 1
    outer loop
      vertex 19 -7.745 25
      vertex 2.08451 -9.52798 25
      vertex 2.16129 -9.71335 25
    endloop
  endfacet
  facet normal 0 0 1
    outer loop
      vertex 19 -7.745 25
      vertex 1.99186 -9.35 25
      vertex 2.08451 -9.52798 25
    endloop
  endfacet
  facet normal 0 0 1
    outer loop
      vertex 19 -7.745 25
      vertex 1.88405 -9.18077 25
      vertex 1.99186 -9.35 25
    endloop
  endfacet
  facet normal 0 0 1
    outer loop
      vertex 19 -7.745 25
      vertex 1.7619 -9.02159 25
      vertex 1.88405 -9.18077 25
    endloop
  endfacet
  facet normal 0 0 1
    outer loop
      vertex 19 -7.745 25
      vertex 1.62634 -8.87365 25
      vertex 1.7619 -9.02159 25
    endloop
  endfacet
  facet normal 0 0 1
    outer loop
      vertex 19 -7.745 25
      vertex 1.47841 -8.7381 25
      vertex 1.62634 -8.87365 25
    endloop
  endfacet
  facet normal 0 0 1
    outer loop
      vertex 19 -7.745 25
      vertex 1.31923 -8.61595 25
      vertex 1.47841 -8.7381 25
    endloop
  endfacet
  facet normal 0 0 1
    outer loop
      vertex 19 -7.745 25
      vertex 1.15 -8.50814 25
      vertex 1.31923 -8.61595 25
    endloop
  endfacet
  facet normal 0 0 1
    outer loop
      vertex 19 -7.745 25
      vertex 0.972021 -8.41549 25
      vertex 1.15 -8.50814 25
    endloop
  endfacet
  facet normal 0 0 1
    outer loop
      vertex 19 -7.745 25
      vertex 0.786646 -8.33871 25
      vertex 0.972021 -8.41549 25
    endloop
  endfacet
  facet normal 0 0 1
    outer loop
      vertex 19 -7.745 25
      vertex 0.595284 -8.27837 25
      vertex 0.786646 -8.33871 25
    endloop
  endfacet
  facet normal 0 0 1
    outer loop
      vertex 19 -7.745 25
      vertex 0.39939 -8.23494 25
      vertex 0.595284 -8.27837 25
    endloop
  endfacet
  facet normal 0 0 1
    outer loop
      vertex 19 -7.745 25
      vertex 0.200458 -8.20875 25
      vertex 0.39939 -8.23494 25
    endloop
  endfacet
  facet normal 0 0 1
    outer loop
      vertex 19 -7.745 25
      vertex 0 -8.2 25
      vertex 0.200458 -8.20875 25
    endloop
  endfacet
  facet normal 0 0 1
    outer loop
      vertex -2.29125 -10.2995 25
      vertex -16.5 -15 25
      vertex -2.3 -10.5 25
    endloop
  endfacet
  facet normal 0 0 1
    outer loop
      vertex -2.26506 -10.1006 25
      vertex -16.5 -15 25
      vertex -2.29125 -10.2995 25
    endloop
  endfacet
  facet normal 0 0 1
    outer loop
      vertex -19 -7.745 25
      vertex -2.26506 -10.1006 25
      vertex -2.22163 -9.90472 25
    endloop
  endfacet
  facet normal 0 0 1
    outer loop
      vertex -19 -7.745 25
      vertex -2.22163 -9.90472 25
      vertex -2.16129 -9.71335 25
    endloop
  endfacet
  facet normal 0 0 1
    outer loop
      vertex -19 -7.745 25
      vertex -2.16129 -9.71335 25
      vertex -2.08451 -9.52798 25
    endloop
  endfacet
  facet normal 0 0 1
    outer loop
      vertex -19 -7.745 25
      vertex -2.08451 -9.52798 25
      vertex -1.99186 -9.35 25
    endloop
  endfacet
  facet normal 0 0 1
    outer loop
      vertex -19 -7.745 25
      vertex -1.99186 -9.35 25
      vertex -1.88405 -9.18077 25
    endloop
  endfacet
  facet normal 0 0 1
    outer loop
      vertex -19 -7.745 25
      vertex -1.88405 -9.18077 25
      vertex -1.7619 -9.02159 25
    endloop
  endfacet
  facet normal 0 0 1
    outer loop
      vertex -19 -7.745 25
      vertex -1.7619 -9.02159 25
      vertex -1.62634 -8.87365 25
    endloop
  endfacet
  facet normal 0 0 1
    outer loop
      vertex -19 -7.745 25
      vertex -1.62634 -8.87365 25
      vertex -1.47841 -8.7381 25
    endloop
  endfacet
  facet normal 0 0 1
    outer loop
      vertex -19 -7.745 25
      vertex -1.47841 -8.7381 25
      vertex -1.31923 -8.61595 25
    endloop
  endfacet
  facet normal 0 0 1
    outer loop
      vertex -19 -7.745 25
      vertex -1.31923 -8.61595 25
      vertex -1.15 -8.50814 25
    endloop
  endfacet
  facet normal 0 0 1
    outer loop
      vertex -19 -7.745 25
      vertex -1.15 -8.50814 25
      vertex -0.972021 -8.41549 25
    endloop
  endfacet
  facet normal 0 0 1
    outer loop
      vertex -2.26506 -10.1006 25
      vertex -19 -7.745 25
      vertex -16.5 -15 25
    endloop
  endfacet
  facet normal -0 0 1
    outer loop
      vertex -19 -12.5 25
      vertex -16.5 -15 25
      vertex -19 -7.745 25
    endloop
  endfacet
  facet normal 0 0 1
    outer loop
      vertex -19 -7.745 25
      vertex -0.972021 -8.41549 25
      vertex -0.786646 -8.33871 25
    endloop
  endfacet
  facet normal 0 0 1
    outer loop
      vertex -16.5 -15 25
      vertex -19 -12.5 25
      vertex -16.7179 -14.9905 25
    endloop
  endfacet
  facet normal 0 0 1
    outer loop
      vertex -16.7179 -14.9905 25
      vertex -19 -12.5 25
      vertex -16.9341 -14.962 25
    endloop
  endfacet
  facet normal 0 0 1
    outer loop
      vertex -16.9341 -14.962 25
      vertex -19 -12.5 25
      vertex -17.147 -14.9148 25
    endloop
  endfacet
  facet normal 0 0 1
    outer loop
      vertex -17.147 -14.9148 25
      vertex -19 -12.5 25
      vertex -17.3551 -14.8492 25
    endloop
  endfacet
  facet normal 0 0 1
    outer loop
      vertex -17.3551 -14.8492 25
      vertex -19 -12.5 25
      vertex -17.5565 -14.7658 25
    endloop
  endfacet
  facet normal 0 0 1
    outer loop
      vertex -17.5565 -14.7658 25
      vertex -19 -12.5 25
      vertex -17.75 -14.6651 25
    endloop
  endfacet
  facet normal 0 0 1
    outer loop
      vertex -17.75 -14.6651 25
      vertex -19 -12.5 25
      vertex -17.9339 -14.5479 25
    endloop
  endfacet
  facet normal 0 0 1
    outer loop
      vertex -17.9339 -14.5479 25
      vertex -19 -12.5 25
      vertex -18.107 -14.4151 25
    endloop
  endfacet
  facet normal 0 0 1
    outer loop
      vertex -18.2678 -14.2678 25
      vertex -19 -12.5 25
      vertex -18.4151 -14.107 25
    endloop
  endfacet
  facet normal 0 0 1
    outer loop
      vertex -19 -7.745 25
      vertex -0.786646 -8.33871 25
      vertex -0.595284 -8.27837 25
    endloop
  endfacet
  facet normal 0 0 1
    outer loop
      vertex -18.4151 -14.107 25
      vertex -19 -12.5 25
      vertex -18.5479 -13.9339 25
    endloop
  endfacet
  facet normal 0 0 1
    outer loop
      vertex -18.5479 -13.9339 25
      vertex -19 -12.5 25
      vertex -18.6651 -13.75 25
    endloop
  endfacet
  facet normal 0 0 1
    outer loop
      vertex -18.6651 -13.75 25
      vertex -19 -12.5 25
      vertex -18.7658 -13.5565 25
    endloop
  endfacet
  facet normal 0 0 1
    outer loop
      vertex -18.7658 -13.5565 25
      vertex -19 -12.5 25
      vertex -18.8492 -13.3551 25
    endloop
  endfacet
  facet normal 0 0 1
    outer loop
      vertex -18.8492 -13.3551 25
      vertex -19 -12.5 25
      vertex -18.9148 -13.147 25
    endloop
  endfacet
  facet normal 0 0 1
    outer loop
      vertex -18.9148 -13.147 25
      vertex -19 -12.5 25
      vertex -18.962 -12.9341 25
    endloop
  endfacet
  facet normal -0 0 1
    outer loop
      vertex -19 -7.745 25
      vertex 0 -8.2 25
      vertex 19 -7.745 25
    endloop
  endfacet
  facet normal 0 0 1
    outer loop
      vertex -19 -7.745 25
      vertex -0.200458 -8.20875 25
      vertex 0 -8.2 25
    endloop
  endfacet
  facet normal 0 0 1
    outer loop
      vertex -19 -7.745 25
      vertex -0.39939 -8.23494 25
      vertex -0.200458 -8.20875 25
    endloop
  endfacet
  facet normal 0 0 1
    outer loop
      vertex -19 -7.745 25
      vertex -0.595284 -8.27837 25
      vertex -0.39939 -8.23494 25
    endloop
  endfacet
  facet normal 0 0 1
    outer loop
      vertex -18.107 -14.4151 25
      vertex -19 -12.5 25
      vertex -18.2678 -14.2678 25
    endloop
  endfacet
  facet normal 0 0 1
    outer loop
      vertex -18.962 -12.9341 25
      vertex -19 -12.5 25
      vertex -18.9905 -12.7179 25
    endloop
  endfacet
  facet normal -0 0 1
    outer loop
      vertex 2.29125 -10.7005 25
      vertex 16.5 -15 25
      vertex 2.3 -10.5 25
    endloop
  endfacet
  facet normal -0 0 1
    outer loop
      vertex 2.26506 -10.8994 25
      vertex 16.5 -15 25
      vertex 2.29125 -10.7005 25
    endloop
  endfacet
  facet normal -0 0 1
    outer loop
      vertex 2.22163 -11.0953 25
      vertex 16.5 -15 25
      vertex 2.26506 -10.8994 25
    endloop
  endfacet
  facet normal -0 0 1
    outer loop
      vertex 2.16129 -11.2866 25
      vertex 16.5 -15 25
      vertex 2.22163 -11.0953 25
    endloop
  endfacet
  facet normal -0 0 1
    outer loop
      vertex 2.08451 -11.472 25
      vertex 16.5 -15 25
      vertex 2.16129 -11.2866 25
    endloop
  endfacet
  facet normal -0 0 1
    outer loop
      vertex 1.99186 -11.65 25
      vertex 16.5 -15 25
      vertex 2.08451 -11.472 25
    endloop
  endfacet
  facet normal -0 0 1
    outer loop
      vertex 1.88405 -11.8192 25
      vertex 16.5 -15 25
      vertex 1.99186 -11.65 25
    endloop
  endfacet
  facet normal -0 0 1
    outer loop
      vertex 1.7619 -11.9784 25
      vertex 16.5 -15 25
      vertex 1.88405 -11.8192 25
    endloop
  endfacet
  facet normal -0 0 1
    outer loop
      vertex 1.62634 -12.1263 25
      vertex 16.5 -15 25
      vertex 1.7619 -11.9784 25
    endloop
  endfacet
  facet normal -0 0 1
    outer loop
      vertex 1.47841 -12.2619 25
      vertex 16.5 -15 25
      vertex 1.62634 -12.1263 25
    endloop
  endfacet
  facet normal -0 0 1
    outer loop
      vertex 1.31923 -12.384 25
      vertex 16.5 -15 25
      vertex 1.47841 -12.2619 25
    endloop
  endfacet
  facet normal -0 0 1
    outer loop
      vertex 1.15 -12.4919 25
      vertex 16.5 -15 25
      vertex 1.31923 -12.384 25
    endloop
  endfacet
  facet normal -0 0 1
    outer loop
      vertex 0.972021 -12.5845 25
      vertex 16.5 -15 25
      vertex 1.15 -12.4919 25
    endloop
  endfacet
  facet normal -0 0 1
    outer loop
      vertex 0.786646 -12.6613 25
      vertex 16.5 -15 25
      vertex 0.972021 -12.5845 25
    endloop
  endfacet
  facet normal -0 0 1
    outer loop
      vertex 0.595284 -12.7216 25
      vertex 16.5 -15 25
      vertex 0.786646 -12.6613 25
    endloop
  endfacet
  facet normal -0 0 1
    outer loop
      vertex 0.39939 -12.7651 25
      vertex 16.5 -15 25
      vertex 0.595284 -12.7216 25
    endloop
  endfacet
  facet normal -0 0 1
    outer loop
      vertex 0.200458 -12.7912 25
      vertex 16.5 -15 25
      vertex 0.39939 -12.7651 25
    endloop
  endfacet
  facet normal -0 0 1
    outer loop
      vertex 0 -12.8 25
      vertex 16.5 -15 25
      vertex 0.200458 -12.7912 25
    endloop
  endfacet
  facet normal 0 0 1
    outer loop
      vertex -16.5 -15 25
      vertex 0 -12.8 25
      vertex -0.200458 -12.7912 25
    endloop
  endfacet
  facet normal 0 0 1
    outer loop
      vertex -16.5 -15 25
      vertex -0.200458 -12.7912 25
      vertex -0.39939 -12.7651 25
    endloop
  endfacet
  facet normal 0 0 1
    outer loop
      vertex 0 -12.8 25
      vertex -16.5 -15 25
      vertex 16.5 -15 25
    endloop
  endfacet
  facet normal 0 0 1
    outer loop
      vertex -0.595284 -12.7216 25
      vertex -16.5 -15 25
      vertex -0.39939 -12.7651 25
    endloop
  endfacet
  facet normal 0 0 1
    outer loop
      vertex -0.786646 -12.6613 25
      vertex -16.5 -15 25
      vertex -0.595284 -12.7216 25
    endloop
  endfacet
  facet normal 0 0 1
    outer loop
      vertex -0.972021 -12.5845 25
      vertex -16.5 -15 25
      vertex -0.786646 -12.6613 25
    endloop
  endfacet
  facet normal 0 0 1
    outer loop
      vertex -1.15 -12.4919 25
      vertex -16.5 -15 25
      vertex -0.972021 -12.5845 25
    endloop
  endfacet
  facet normal 0 0 1
    outer loop
      vertex -1.31923 -12.384 25
      vertex -16.5 -15 25
      vertex -1.15 -12.4919 25
    endloop
  endfacet
  facet normal 0 0 1
    outer loop
      vertex -1.47841 -12.2619 25
      vertex -16.5 -15 25
      vertex -1.31923 -12.384 25
    endloop
  endfacet
  facet normal 0 0 1
    outer loop
      vertex -1.62634 -12.1263 25
      vertex -16.5 -15 25
      vertex -1.47841 -12.2619 25
    endloop
  endfacet
  facet normal 0 0 1
    outer loop
      vertex -1.7619 -11.9784 25
      vertex -16.5 -15 25
      vertex -1.62634 -12.1263 25
    endloop
  endfacet
  facet normal 0 0 1
    outer loop
      vertex -1.88405 -11.8192 25
      vertex -16.5 -15 25
      vertex -1.7619 -11.9784 25
    endloop
  endfacet
  facet normal 0 0 1
    outer loop
      vertex -1.99186 -11.65 25
      vertex -16.5 -15 25
      vertex -1.88405 -11.8192 25
    endloop
  endfacet
  facet normal 0 0 1
    outer loop
      vertex -2.08451 -11.472 25
      vertex -16.5 -15 25
      vertex -1.99186 -11.65 25
    endloop
  endfacet
  facet normal 0 0 1
    outer loop
      vertex -2.16129 -11.2866 25
      vertex -16.5 -15 25
      vertex -2.08451 -11.472 25
    endloop
  endfacet
  facet normal 0 0 1
    outer loop
      vertex -2.22163 -11.0953 25
      vertex -16.5 -15 25
      vertex -2.16129 -11.2866 25
    endloop
  endfacet
  facet normal 0 0 1
    outer loop
      vertex -2.26506 -10.8994 25
      vertex -16.5 -15 25
      vertex -2.22163 -11.0953 25
    endloop
  endfacet
  facet normal 0 0 1
    outer loop
      vertex -2.29125 -10.7005 25
      vertex -16.5 -15 25
      vertex -2.26506 -10.8994 25
    endloop
  endfacet
  facet normal 0 0 1
    outer loop
      vertex -16.5 -15 25
      vertex -2.29125 -10.7005 25
      vertex -2.3 -10.5 25
    endloop
  endfacet
  facet normal 0 0 1
    outer loop
      vertex 16.5 15 25
      vertex 2.29125 10.7005 25
      vertex 2.3 10.5 25
    endloop
  endfacet
  facet normal 0 0 1
    outer loop
      vertex 16.5 15 25
      vertex 2.26506 10.8994 25
      vertex 2.29125 10.7005 25
    endloop
  endfacet
  facet normal 0 0 1
    outer loop
      vertex 16.5 15 25
      vertex 2.22163 11.0953 25
      vertex 2.26506 10.8994 25
    endloop
  endfacet
  facet normal 0 0 1
    outer loop
      vertex 16.5 15 25
      vertex 2.16129 11.2866 25
      vertex 2.22163 11.0953 25
    endloop
  endfacet
  facet normal 0 0 1
    outer loop
      vertex 16.5 15 25
      vertex 2.08451 11.472 25
      vertex 2.16129 11.2866 25
    endloop
  endfacet
  facet normal 0 0 1
    outer loop
      vertex 16.5 15 25
      vertex 1.99186 11.65 25
      vertex 2.08451 11.472 25
    endloop
  endfacet
  facet normal 0 0 1
    outer loop
      vertex 16.5 15 25
      vertex 1.88405 11.8192 25
      vertex 1.99186 11.65 25
    endloop
  endfacet
  facet normal 0 0 1
    outer loop
      vertex 16.5 15 25
      vertex 1.7619 11.9784 25
      vertex 1.88405 11.8192 25
    endloop
  endfacet
  facet normal 0 0 1
    outer loop
      vertex 16.5 15 25
      vertex 1.62634 12.1263 25
      vertex 1.7619 11.9784 25
    endloop
  endfacet
  facet normal 0 0 1
    outer loop
      vertex 16.5 15 25
      vertex 1.47841 12.2619 25
      vertex 1.62634 12.1263 25
    endloop
  endfacet
  facet normal 0 0 1
    outer loop
      vertex 16.5 15 25
      vertex 1.31923 12.384 25
      vertex 1.47841 12.2619 25
    endloop
  endfacet
  facet normal 0 0 1
    outer loop
      vertex 16.5 15 25
      vertex 1.15 12.4919 25
      vertex 1.31923 12.384 25
    endloop
  endfacet
  facet normal 0 0 1
    outer loop
      vertex 16.5 15 25
      vertex 0.972021 12.5845 25
      vertex 1.15 12.4919 25
    endloop
  endfacet
  facet normal 0 0 1
    outer loop
      vertex 16.5 15 25
      vertex 0.786646 12.6613 25
      vertex 0.972021 12.5845 25
    endloop
  endfacet
  facet normal 0 0 1
    outer loop
      vertex 16.5 15 25
      vertex 0.595284 12.7216 25
      vertex 0.786646 12.6613 25
    endloop
  endfacet
  facet normal 0 0 1
    outer loop
      vertex 16.5 15 25
      vertex 0.39939 12.7651 25
      vertex 0.595284 12.7216 25
    endloop
  endfacet
  facet normal 0 0 1
    outer loop
      vertex 16.5 15 25
      vertex 0.200458 12.7912 25
      vertex 0.39939 12.7651 25
    endloop
  endfacet
  facet normal 0 0 1
    outer loop
      vertex 16.5 15 25
      vertex 0 12.8 25
      vertex 0.200458 12.7912 25
    endloop
  endfacet
  facet normal -0 0 1
    outer loop
      vertex -16.5 15 25
      vertex 0 12.8 25
      vertex 16.5 15 25
    endloop
  endfacet
  facet normal 0 0 1
    outer loop
      vertex 0 12.8 25
      vertex -16.5 15 25
      vertex -0.200458 12.7912 25
    endloop
  endfacet
  facet normal 0 0 1
    outer loop
      vertex -2.29125 10.7005 25
      vertex -16.5 15 25
      vertex -2.3 10.5 25
    endloop
  endfacet
  facet normal 0 0 1
    outer loop
      vertex -2.26506 10.8994 25
      vertex -16.5 15 25
      vertex -2.29125 10.7005 25
    endloop
  endfacet
  facet normal 0 0 1
    outer loop
      vertex -2.22163 11.0953 25
      vertex -16.5 15 25
      vertex -2.26506 10.8994 25
    endloop
  endfacet
  facet normal 0 0 1
    outer loop
      vertex -2.16129 11.2866 25
      vertex -16.5 15 25
      vertex -2.22163 11.0953 25
    endloop
  endfacet
  facet normal 0 0 1
    outer loop
      vertex -2.08451 11.472 25
      vertex -16.5 15 25
      vertex -2.16129 11.2866 25
    endloop
  endfacet
  facet normal 0 0 1
    outer loop
      vertex -1.99186 11.65 25
      vertex -16.5 15 25
      vertex -2.08451 11.472 25
    endloop
  endfacet
  facet normal 0 0 1
    outer loop
      vertex -1.88405 11.8192 25
      vertex -16.5 15 25
      vertex -1.99186 11.65 25
    endloop
  endfacet
  facet normal 0 0 1
    outer loop
      vertex -1.7619 11.9784 25
      vertex -16.5 15 25
      vertex -1.88405 11.8192 25
    endloop
  endfacet
  facet normal 0 0 1
    outer loop
      vertex -1.62634 12.1263 25
      vertex -16.5 15 25
      vertex -1.7619 11.9784 25
    endloop
  endfacet
  facet normal 0 0 1
    outer loop
      vertex -1.47841 12.2619 25
      vertex -16.5 15 25
      vertex -1.62634 12.1263 25
    endloop
  endfacet
  facet normal 0 0 1
    outer loop
      vertex -1.31923 12.384 25
      vertex -16.5 15 25
      vertex -1.47841 12.2619 25
    endloop
  endfacet
  facet normal 0 0 1
    outer loop
      vertex -1.15 12.4919 25
      vertex -16.5 15 25
      vertex -1.31923 12.384 25
    endloop
  endfacet
  facet normal 0 0 1
    outer loop
      vertex -0.972021 12.5845 25
      vertex -16.5 15 25
      vertex -1.15 12.4919 25
    endloop
  endfacet
  facet normal 0 0 1
    outer loop
      vertex -0.786646 12.6613 25
      vertex -16.5 15 25
      vertex -0.972021 12.5845 25
    endloop
  endfacet
  facet normal 0 0 1
    outer loop
      vertex -0.595284 12.7216 25
      vertex -16.5 15 25
      vertex -0.786646 12.6613 25
    endloop
  endfacet
  facet normal 0 0 1
    outer loop
      vertex -0.39939 12.7651 25
      vertex -16.5 15 25
      vertex -0.595284 12.7216 25
    endloop
  endfacet
  facet normal 0 0 1
    outer loop
      vertex -0.200458 12.7912 25
      vertex -16.5 15 25
      vertex -0.39939 12.7651 25
    endloop
  endfacet
  facet normal 0 0 1
    outer loop
      vertex 16.5 15 25
      vertex 19 12.5 25
      vertex 18.9905 12.7179 25
    endloop
  endfacet
  facet normal 0 0 1
    outer loop
      vertex 16.5 15 25
      vertex 18.9905 12.7179 25
      vertex 18.962 12.9341 25
    endloop
  endfacet
  facet normal 0 0 1
    outer loop
      vertex 16.5 15 25
      vertex 18.962 12.9341 25
      vertex 18.9148 13.147 25
    endloop
  endfacet
  facet normal 0 0 1
    outer loop
      vertex 16.5 15 25
      vertex 18.9148 13.147 25
      vertex 18.8492 13.3551 25
    endloop
  endfacet
  facet normal 0 0 1
    outer loop
      vertex 16.5 15 25
      vertex 18.8492 13.3551 25
      vertex 18.7658 13.5565 25
    endloop
  endfacet
  facet normal 0 0 1
    outer loop
      vertex 16.5 15 25
      vertex 18.7658 13.5565 25
      vertex 18.6651 13.75 25
    endloop
  endfacet
  facet normal 0 0 1
    outer loop
      vertex 16.5 15 25
      vertex 18.6651 13.75 25
      vertex 18.5479 13.9339 25
    endloop
  endfacet
  facet normal 0 0 1
    outer loop
      vertex 16.5 15 25
      vertex 18.5479 13.9339 25
      vertex 18.4151 14.107 25
    endloop
  endfacet
  facet normal 0 0 1
    outer loop
      vertex 16.5 15 25
      vertex 18.4151 14.107 25
      vertex 18.2678 14.2678 25
    endloop
  endfacet
  facet normal 0 0 1
    outer loop
      vertex 16.5 15 25
      vertex 18.2678 14.2678 25
      vertex 18.107 14.4151 25
    endloop
  endfacet
  facet normal 0 0 1
    outer loop
      vertex 16.5 15 25
      vertex 18.107 14.4151 25
      vertex 17.9339 14.5479 25
    endloop
  endfacet
  facet normal 0 0 1
    outer loop
      vertex 16.5 15 25
      vertex 17.9339 14.5479 25
      vertex 17.75 14.6651 25
    endloop
  endfacet
  facet normal 0 0 1
    outer loop
      vertex 16.5 15 25
      vertex 17.75 14.6651 25
      vertex 17.5565 14.7658 25
    endloop
  endfacet
  facet normal 0 0 1
    outer loop
      vertex 16.5 15 25
      vertex 17.5565 14.7658 25
      vertex 17.3551 14.8492 25
    endloop
  endfacet
  facet normal 0 0 1
    outer loop
      vertex 16.5 15 25
      vertex 17.3551 14.8492 25
      vertex 17.147 14.9148 25
    endloop
  endfacet
  facet normal 0 0 1
    outer loop
      vertex 16.5 15 25
      vertex 17.147 14.9148 25
      vertex 16.9341 14.962 25
    endloop
  endfacet
  facet normal 0 0 1
    outer loop
      vertex 16.5 15 25
      vertex 16.9341 14.962 25
      vertex 16.7179 14.9905 25
    endloop
  endfacet
  facet normal 0 0 1
    outer loop
      vertex 19 12.5 25
      vertex 16.5 15 25
      vertex 19 7.745 25
    endloop
  endfacet
  facet normal 0 0 1
    outer loop
      vertex 2.29125 10.2995 25
      vertex 16.5 15 25
      vertex 2.3 10.5 25
    endloop
  endfacet
  facet normal 0 0 1
    outer loop
      vertex 2.26506 10.1006 25
      vertex 16.5 15 25
      vertex 2.29125 10.2995 25
    endloop
  endfacet
  facet normal 0 0 1
    outer loop
      vertex 16.5 15 25
      vertex 2.26506 10.1006 25
      vertex 19 7.745 25
    endloop
  endfacet
  facet normal -0 0 1
    outer loop
      vertex 2.22163 9.90472 25
      vertex 19 7.745 25
      vertex 2.26506 10.1006 25
    endloop
  endfacet
  facet normal -0 0 1
    outer loop
      vertex 2.16129 9.71335 25
      vertex 19 7.745 25
      vertex 2.22163 9.90472 25
    endloop
  endfacet
  facet normal -0 0 1
    outer loop
      vertex 2.08451 9.52798 25
      vertex 19 7.745 25
      vertex 2.16129 9.71335 25
    endloop
  endfacet
  facet normal -0 0 1
    outer loop
      vertex 1.99186 9.35 25
      vertex 19 7.745 25
      vertex 2.08451 9.52798 25
    endloop
  endfacet
  facet normal -0 0 1
    outer loop
      vertex 1.88405 9.18077 25
      vertex 19 7.745 25
      vertex 1.99186 9.35 25
    endloop
  endfacet
  facet normal -0 0 1
    outer loop
      vertex 1.7619 9.02159 25
      vertex 19 7.745 25
      vertex 1.88405 9.18077 25
    endloop
  endfacet
  facet normal -0 0 1
    outer loop
      vertex 1.62634 8.87365 25
      vertex 19 7.745 25
      vertex 1.7619 9.02159 25
    endloop
  endfacet
  facet normal -0 0 1
    outer loop
      vertex 1.47841 8.7381 25
      vertex 19 7.745 25
      vertex 1.62634 8.87365 25
    endloop
  endfacet
  facet normal -0 0 1
    outer loop
      vertex 1.31923 8.61595 25
      vertex 19 7.745 25
      vertex 1.47841 8.7381 25
    endloop
  endfacet
  facet normal -0 0 1
    outer loop
      vertex 1.15 8.50814 25
      vertex 19 7.745 25
      vertex 1.31923 8.61595 25
    endloop
  endfacet
  facet normal -0 0 1
    outer loop
      vertex 0.972021 8.41549 25
      vertex 19 7.745 25
      vertex 1.15 8.50814 25
    endloop
  endfacet
  facet normal -0 0 1
    outer loop
      vertex 0.786646 8.33871 25
      vertex 19 7.745 25
      vertex 0.972021 8.41549 25
    endloop
  endfacet
  facet normal -0 0 1
    outer loop
      vertex 0.595284 8.27837 25
      vertex 19 7.745 25
      vertex 0.786646 8.33871 25
    endloop
  endfacet
  facet normal -0 0 1
    outer loop
      vertex 0.39939 8.23494 25
      vertex 19 7.745 25
      vertex 0.595284 8.27837 25
    endloop
  endfacet
  facet normal -0 0 1
    outer loop
      vertex 0.200458 8.20875 25
      vertex 19 7.745 25
      vertex 0.39939 8.23494 25
    endloop
  endfacet
  facet normal -0 0 1
    outer loop
      vertex 0 8.2 25
      vertex 19 7.745 25
      vertex 0.200458 8.20875 25
    endloop
  endfacet
  facet normal 0 0 1
    outer loop
      vertex -16.5 15 25
      vertex -2.29125 10.2995 25
      vertex -2.3 10.5 25
    endloop
  endfacet
  facet normal 0 0 1
    outer loop
      vertex -16.5 15 25
      vertex -2.26506 10.1006 25
      vertex -2.29125 10.2995 25
    endloop
  endfacet
  facet normal 0 0 1
    outer loop
      vertex -19 7.745 25
      vertex -2.26506 10.1006 25
      vertex -16.5 15 25
    endloop
  endfacet
  facet normal 0 0 1
    outer loop
      vertex -2.26506 10.1006 25
      vertex -19 7.745 25
      vertex -2.22163 9.90472 25
    endloop
  endfacet
  facet normal 0 0 1
    outer loop
      vertex -2.22163 9.90472 25
      vertex -19 7.745 25
      vertex -2.16129 9.71335 25
    endloop
  endfacet
  facet normal 0 0 1
    outer loop
      vertex -2.16129 9.71335 25
      vertex -19 7.745 25
      vertex -2.08451 9.52798 25
    endloop
  endfacet
  facet normal 0 0 1
    outer loop
      vertex -2.08451 9.52798 25
      vertex -19 7.745 25
      vertex -1.99186 9.35 25
    endloop
  endfacet
  facet normal 0 0 1
    outer loop
      vertex -1.99186 9.35 25
      vertex -19 7.745 25
      vertex -1.88405 9.18077 25
    endloop
  endfacet
  facet normal 0 0 1
    outer loop
      vertex -1.88405 9.18077 25
      vertex -19 7.745 25
      vertex -1.7619 9.02159 25
    endloop
  endfacet
  facet normal 0 0 1
    outer loop
      vertex -1.7619 9.02159 25
      vertex -19 7.745 25
      vertex -1.62634 8.87365 25
    endloop
  endfacet
  facet normal 0 0 1
    outer loop
      vertex -1.62634 8.87365 25
      vertex -19 7.745 25
      vertex -1.47841 8.7381 25
    endloop
  endfacet
  facet normal 0 0 1
    outer loop
      vertex -1.47841 8.7381 25
      vertex -19 7.745 25
      vertex -1.31923 8.61595 25
    endloop
  endfacet
  facet normal 0 0 1
    outer loop
      vertex -1.31923 8.61595 25
      vertex -19 7.745 25
      vertex -1.15 8.50814 25
    endloop
  endfacet
  facet normal 0 0 1
    outer loop
      vertex -19 12.5 25
      vertex -16.5 15 25
      vertex -16.7179 14.9905 25
    endloop
  endfacet
  facet normal 0 0 1
    outer loop
      vertex -19 12.5 25
      vertex -16.7179 14.9905 25
      vertex -16.9341 14.962 25
    endloop
  endfacet
  facet normal 0 0 1
    outer loop
      vertex -1.15 8.50814 25
      vertex -19 7.745 25
      vertex -0.972021 8.41549 25
    endloop
  endfacet
  facet normal 0 0 1
    outer loop
      vertex -19 12.5 25
      vertex -16.9341 14.962 25
      vertex -17.147 14.9148 25
    endloop
  endfacet
  facet normal 0 0 1
    outer loop
      vertex -19 12.5 25
      vertex -17.147 14.9148 25
      vertex -17.3551 14.8492 25
    endloop
  endfacet
  facet normal 0 0 1
    outer loop
      vertex -19 12.5 25
      vertex -17.3551 14.8492 25
      vertex -17.5565 14.7658 25
    endloop
  endfacet
  facet normal 0 0 1
    outer loop
      vertex -19 12.5 25
      vertex -17.5565 14.7658 25
      vertex -17.75 14.6651 25
    endloop
  endfacet
  facet normal 0 0 1
    outer loop
      vertex -19 12.5 25
      vertex -17.75 14.6651 25
      vertex -17.9339 14.5479 25
    endloop
  endfacet
  facet normal 0 0 1
    outer loop
      vertex -19 12.5 25
      vertex -17.9339 14.5479 25
      vertex -18.107 14.4151 25
    endloop
  endfacet
  facet normal 0 0 1
    outer loop
      vertex -19 12.5 25
      vertex -18.107 14.4151 25
      vertex -18.2678 14.2678 25
    endloop
  endfacet
  facet normal 0 0 1
    outer loop
      vertex -19 12.5 25
      vertex -18.2678 14.2678 25
      vertex -18.4151 14.107 25
    endloop
  endfacet
  facet normal 0 0 1
    outer loop
      vertex -19 12.5 25
      vertex -18.4151 14.107 25
      vertex -18.5479 13.9339 25
    endloop
  endfacet
  facet normal 0 0 1
    outer loop
      vertex -16.5 15 25
      vertex -19 12.5 25
      vertex -19 7.745 25
    endloop
  endfacet
  facet normal 0 0 1
    outer loop
      vertex -19 12.5 25
      vertex -18.5479 13.9339 25
      vertex -18.6651 13.75 25
    endloop
  endfacet
  facet normal 0 0 1
    outer loop
      vertex -19 12.5 25
      vertex -18.6651 13.75 25
      vertex -18.7658 13.5565 25
    endloop
  endfacet
  facet normal 0 0 1
    outer loop
      vertex -19 12.5 25
      vertex -18.7658 13.5565 25
      vertex -18.8492 13.3551 25
    endloop
  endfacet
  facet normal 0 0 1
    outer loop
      vertex -19 12.5 25
      vertex -18.8492 13.3551 25
      vertex -18.9148 13.147 25
    endloop
  endfacet
  facet normal 0 0 1
    outer loop
      vertex -19 12.5 25
      vertex -18.9148 13.147 25
      vertex -18.962 12.9341 25
    endloop
  endfacet
  facet normal 0 0 1
    outer loop
      vertex -19 12.5 25
      vertex -18.962 12.9341 25
      vertex -18.9905 12.7179 25
    endloop
  endfacet
  facet normal 0 0 1
    outer loop
      vertex -0.972021 8.41549 25
      vertex -19 7.745 25
      vertex -0.786646 8.33871 25
    endloop
  endfacet
  facet normal 0 0 1
    outer loop
      vertex 0 8.2 25
      vertex -19 7.745 25
      vertex 19 7.745 25
    endloop
  endfacet
  facet normal 0 0 1
    outer loop
      vertex -0.200458 8.20875 25
      vertex -19 7.745 25
      vertex 0 8.2 25
    endloop
  endfacet
  facet normal 0 0 1
    outer loop
      vertex -0.39939 8.23494 25
      vertex -19 7.745 25
      vertex -0.200458 8.20875 25
    endloop
  endfacet
  facet normal 0 0 1
    outer loop
      vertex -0.595284 8.27837 25
      vertex -19 7.745 25
      vertex -0.39939 8.23494 25
    endloop
  endfacet
  facet normal 0 0 1
    outer loop
      vertex -0.786646 8.33871 25
      vertex -19 7.745 25
      vertex -0.595284 8.27837 25
    endloop
  endfacet
  facet normal 0.0435566 -0.999051 0
    outer loop
      vertex 16.5 -15 1.5
      vertex 16.7179 -14.9905 25
      vertex 16.5 -15 25
    endloop
  endfacet
  facet normal 0.0435566 -0.999051 0
    outer loop
      vertex 16.7179 -14.9905 25
      vertex 16.5 -15 1.5
      vertex 16.7179 -14.9905 1.5
    endloop
  endfacet
  facet normal -0.793407 -0.608691 0
    outer loop
      vertex -18.4151 -14.107 1.5
      vertex -18.5479 -13.9339 25
      vertex -18.5479 -13.9339 1.5
    endloop
  endfacet
  facet normal -0.793407 -0.608691 0
    outer loop
      vertex -18.5479 -13.9339 25
      vertex -18.4151 -14.107 1.5
      vertex -18.4151 -14.107 25
    endloop
  endfacet
  facet normal -0.737383 0.675475 0
    outer loop
      vertex -18.4151 14.107 1.5
      vertex -18.2678 14.2678 25
      vertex -18.2678 14.2678 1.5
    endloop
  endfacet
  facet normal -0.737383 0.675475 0
    outer loop
      vertex -18.2678 14.2678 25
      vertex -18.4151 14.107 1.5
      vertex -18.4151 14.107 25
    endloop
  endfacet
  facet normal -0.0435566 0.999051 0
    outer loop
      vertex -16.5 15 1.5
      vertex -16.7179 14.9905 25
      vertex -16.5 15 25
    endloop
  endfacet
  facet normal -0.0435566 0.999051 0
    outer loop
      vertex -16.7179 14.9905 25
      vertex -16.5 15 1.5
      vertex -16.7179 14.9905 1.5
    endloop
  endfacet
  facet normal 0.843303 -0.537439 0
    outer loop
      vertex 18.5479 -13.9339 25
      vertex 18.6651 -13.75 1.5
      vertex 18.6651 -13.75 25
    endloop
  endfacet
  facet normal 0.843303 -0.537439 0
    outer loop
      vertex 18.6651 -13.75 1.5
      vertex 18.5479 -13.9339 25
      vertex 18.5479 -13.9339 1.5
    endloop
  endfacet
  facet normal -0.537439 0.843303 0
    outer loop
      vertex -17.75 14.6651 1.5
      vertex -17.9339 14.5479 25
      vertex -17.75 14.6651 25
    endloop
  endfacet
  facet normal -0.537439 0.843303 0
    outer loop
      vertex -17.9339 14.5479 25
      vertex -17.75 14.6651 1.5
      vertex -17.9339 14.5479 1.5
    endloop
  endfacet
  facet normal 0.923916 -0.382595 0
    outer loop
      vertex 18.7658 -13.5565 25
      vertex 18.8492 -13.3551 1.5
      vertex 18.8492 -13.3551 25
    endloop
  endfacet
  facet normal 0.923916 -0.382595 0
    outer loop
      vertex 18.8492 -13.3551 1.5
      vertex 18.7658 -13.5565 25
      vertex 18.7658 -13.5565 1.5
    endloop
  endfacet
  facet normal 0.382595 0.923916 -0
    outer loop
      vertex 17.5565 14.7658 1.5
      vertex 17.3551 14.8492 25
      vertex 17.5565 14.7658 25
    endloop
  endfacet
  facet normal 0.382595 0.923916 0
    outer loop
      vertex 17.3551 14.8492 25
      vertex 17.5565 14.7658 1.5
      vertex 17.3551 14.8492 1.5
    endloop
  endfacet
  facet normal 0 1 -0
    outer loop
      vertex 16.5 15 1.5
      vertex -16.5 15 25
      vertex 16.5 15 25
    endloop
  endfacet
  facet normal 0 1 0
    outer loop
      vertex -16.5 15 25
      vertex 16.5 15 1.5
      vertex -16.5 15 1.5
    endloop
  endfacet
  facet normal -0.130692 0.991423 0
    outer loop
      vertex -16.7179 14.9905 1.5
      vertex -16.9341 14.962 25
      vertex -16.7179 14.9905 25
    endloop
  endfacet
  facet normal -0.130692 0.991423 0
    outer loop
      vertex -16.9341 14.962 25
      vertex -16.7179 14.9905 1.5
      vertex -16.9341 14.962 1.5
    endloop
  endfacet
  facet normal 0.216445 0.976295 -0
    outer loop
      vertex 17.147 14.9148 1.5
      vertex 16.9341 14.962 25
      vertex 17.147 14.9148 25
    endloop
  endfacet
  facet normal 0.216445 0.976295 0
    outer loop
      vertex 16.9341 14.962 25
      vertex 17.147 14.9148 1.5
      vertex 16.9341 14.962 1.5
    endloop
  endfacet
  facet normal 0.382595 -0.923916 0
    outer loop
      vertex 17.3551 -14.8492 1.5
      vertex 17.5565 -14.7658 25
      vertex 17.3551 -14.8492 25
    endloop
  endfacet
  facet normal 0.382595 -0.923916 0
    outer loop
      vertex 17.5565 -14.7658 25
      vertex 17.3551 -14.8492 1.5
      vertex 17.5565 -14.7658 1.5
    endloop
  endfacet
  facet normal 0 -1 0
    outer loop
      vertex -16.5 -15 1.5
      vertex 16.5 -15 25
      vertex -16.5 -15 25
    endloop
  endfacet
  facet normal 0 -1 -0
    outer loop
      vertex 16.5 -15 25
      vertex -16.5 -15 1.5
      vertex 16.5 -15 1.5
    endloop
  endfacet
  facet normal -0.976295 0.216445 0
    outer loop
      vertex -18.962 12.9341 1.5
      vertex -18.9148 13.147 25
      vertex -18.9148 13.147 1.5
    endloop
  endfacet
  facet normal -0.976295 0.216445 0
    outer loop
      vertex -18.9148 13.147 25
      vertex -18.962 12.9341 1.5
      vertex -18.962 12.9341 25
    endloop
  endfacet
  facet normal -0.300649 0.953735 0
    outer loop
      vertex -17.147 14.9148 1.5
      vertex -17.3551 14.8492 25
      vertex -17.147 14.9148 25
    endloop
  endfacet
  facet normal -0.300649 0.953735 0
    outer loop
      vertex -17.3551 14.8492 25
      vertex -17.147 14.9148 1.5
      vertex -17.3551 14.8492 1.5
    endloop
  endfacet
  facet normal 0.537439 0.843303 -0
    outer loop
      vertex 17.9339 14.5479 1.5
      vertex 17.75 14.6651 25
      vertex 17.9339 14.5479 25
    endloop
  endfacet
  facet normal 0.537439 0.843303 0
    outer loop
      vertex 17.75 14.6651 25
      vertex 17.9339 14.5479 1.5
      vertex 17.75 14.6651 1.5
    endloop
  endfacet
  facet normal -0.999051 -0.0435566 0
    outer loop
      vertex -18.9905 -12.7179 1.5
      vertex -19 -12.5 25
      vertex -19 -12.5 1.5
    endloop
  endfacet
  facet normal -0.999051 -0.0435566 0
    outer loop
      vertex -19 -12.5 25
      vertex -18.9905 -12.7179 1.5
      vertex -18.9905 -12.7179 25
    endloop
  endfacet
  facet normal 0.0435566 0.999051 -0
    outer loop
      vertex 16.7179 14.9905 1.5
      vertex 16.5 15 25
      vertex 16.7179 14.9905 25
    endloop
  endfacet
  facet normal 0.0435566 0.999051 0
    outer loop
      vertex 16.5 15 25
      vertex 16.7179 14.9905 1.5
      vertex 16.5 15 1.5
    endloop
  endfacet
  facet normal -0.793407 0.608691 0
    outer loop
      vertex -18.5479 13.9339 1.5
      vertex -18.4151 14.107 25
      vertex -18.4151 14.107 1.5
    endloop
  endfacet
  facet normal -0.793407 0.608691 0
    outer loop
      vertex -18.4151 14.107 25
      vertex -18.5479 13.9339 1.5
      vertex -18.5479 13.9339 25
    endloop
  endfacet
  facet normal -0.991423 -0.130692 0
    outer loop
      vertex -18.962 -12.9341 1.5
      vertex -18.9905 -12.7179 25
      vertex -18.9905 -12.7179 1.5
    endloop
  endfacet
  facet normal -0.991423 -0.130692 0
    outer loop
      vertex -18.9905 -12.7179 25
      vertex -18.962 -12.9341 1.5
      vertex -18.962 -12.9341 25
    endloop
  endfacet
  facet normal 0.793407 -0.608691 0
    outer loop
      vertex 18.4151 -14.107 25
      vertex 18.5479 -13.9339 1.5
      vertex 18.5479 -13.9339 25
    endloop
  endfacet
  facet normal 0.793407 -0.608691 0
    outer loop
      vertex 18.5479 -13.9339 1.5
      vertex 18.4151 -14.107 25
      vertex 18.4151 -14.107 1.5
    endloop
  endfacet
  facet normal 0.999051 -0.0435566 0
    outer loop
      vertex 18.9905 -12.7179 25
      vertex 19 -12.5 1.5
      vertex 19 -12.5 25
    endloop
  endfacet
  facet normal 0.999051 -0.0435566 0
    outer loop
      vertex 19 -12.5 1.5
      vertex 18.9905 -12.7179 25
      vertex 18.9905 -12.7179 1.5
    endloop
  endfacet
  facet normal 0.887067 0.461641 0
    outer loop
      vertex 18.7658 13.5565 25
      vertex 18.6651 13.75 1.5
      vertex 18.6651 13.75 25
    endloop
  endfacet
  facet normal 0.887067 0.461641 0
    outer loop
      vertex 18.6651 13.75 1.5
      vertex 18.7658 13.5565 25
      vertex 18.7658 13.5565 1.5
    endloop
  endfacet
  facet normal -0.300649 -0.953735 0
    outer loop
      vertex -17.3551 -14.8492 1.5
      vertex -17.147 -14.9148 25
      vertex -17.3551 -14.8492 25
    endloop
  endfacet
  facet normal -0.300649 -0.953735 -0
    outer loop
      vertex -17.147 -14.9148 25
      vertex -17.3551 -14.8492 1.5
      vertex -17.147 -14.9148 1.5
    endloop
  endfacet
  facet normal -0.216445 -0.976295 0
    outer loop
      vertex -17.147 -14.9148 1.5
      vertex -16.9341 -14.962 25
      vertex -17.147 -14.9148 25
    endloop
  endfacet
  facet normal -0.216445 -0.976295 -0
    outer loop
      vertex -16.9341 -14.962 25
      vertex -17.147 -14.9148 1.5
      vertex -16.9341 -14.962 1.5
    endloop
  endfacet
  facet normal -0.461641 -0.887067 0
    outer loop
      vertex -17.75 -14.6651 1.5
      vertex -17.5565 -14.7658 25
      vertex -17.75 -14.6651 25
    endloop
  endfacet
  facet normal -0.461641 -0.887067 -0
    outer loop
      vertex -17.5565 -14.7658 25
      vertex -17.75 -14.6651 1.5
      vertex -17.5565 -14.7658 1.5
    endloop
  endfacet
  facet normal -0.999051 0.0435566 0
    outer loop
      vertex -19 12.5 1.5
      vertex -18.9905 12.7179 25
      vertex -18.9905 12.7179 1.5
    endloop
  endfacet
  facet normal -0.999051 0.0435566 0
    outer loop
      vertex -18.9905 12.7179 25
      vertex -19 12.5 1.5
      vertex -19 12.5 25
    endloop
  endfacet
  facet normal -0.887067 0.461641 0
    outer loop
      vertex -18.7658 13.5565 1.5
      vertex -18.6651 13.75 25
      vertex -18.6651 13.75 1.5
    endloop
  endfacet
  facet normal -0.887067 0.461641 0
    outer loop
      vertex -18.6651 13.75 25
      vertex -18.7658 13.5565 1.5
      vertex -18.7658 13.5565 25
    endloop
  endfacet
  facet normal 1 0 0
    outer loop
      vertex 19 -7.745 25
      vertex 19 -12.5 25
      vertex 19 -7.745 24
    endloop
  endfacet
  facet normal 1 0 0
    outer loop
      vertex 19 -5.745 24
      vertex 19 -7.745 24
      vertex 19 -5.745 20.38
    endloop
  endfacet
  facet normal 1 -0 0
    outer loop
      vertex 19 9.83915 15.5516
      vertex 19 12.5 1.5
      vertex 19 12.5 25
    endloop
  endfacet
  facet normal 1 0 0
    outer loop
      vertex 19 12.5 1.5
      vertex 19 9.98858 6.06147
      vertex 19 10 5.8
    endloop
  endfacet
  facet normal 1 0 0
    outer loop
      vertex 19 12.5 1.5
      vertex 19 9.95442 6.32094
      vertex 19 9.98858 6.06147
    endloop
  endfacet
  facet normal 1 -0 0
    outer loop
      vertex 19 9.8067 15.3051
      vertex 19 12.5 1.5
      vertex 19 9.83915 15.5516
    endloop
  endfacet
  facet normal 1 0 0
    outer loop
      vertex 19 9.83915 15.5516
      vertex 19 12.5 25
      vertex 19 9.85 15.8
    endloop
  endfacet
  facet normal 1 0 0
    outer loop
      vertex 19 12.5 25
      vertex 19 9.83915 16.0484
      vertex 19 9.85 15.8
    endloop
  endfacet
  facet normal 1 0 0
    outer loop
      vertex 19 12.5 25
      vertex 19 9.8067 16.2949
      vertex 19 9.83915 16.0484
    endloop
  endfacet
  facet normal 1 0 0
    outer loop
      vertex 19 12.5 25
      vertex 19 9.75289 16.5376
      vertex 19 9.8067 16.2949
    endloop
  endfacet
  facet normal 1 0 0
    outer loop
      vertex 19 12.5 25
      vertex 19 9.67812 16.7748
      vertex 19 9.75289 16.5376
    endloop
  endfacet
  facet normal 1 0 0
    outer loop
      vertex 19 12.5 25
      vertex 19 9.58298 17.0045
      vertex 19 9.67812 16.7748
    endloop
  endfacet
  facet normal 1 0 0
    outer loop
      vertex 19 12.5 25
      vertex 19 9.46817 17.225
      vertex 19 9.58298 17.0045
    endloop
  endfacet
  facet normal 1 0 0
    outer loop
      vertex 19 12.5 25
      vertex 19 9.33458 17.4347
      vertex 19 9.46817 17.225
    endloop
  endfacet
  facet normal 1 0 0
    outer loop
      vertex 19 12.5 25
      vertex 19 9.18323 17.6319
      vertex 19 9.33458 17.4347
    endloop
  endfacet
  facet normal 1 0 0
    outer loop
      vertex 19 12.5 25
      vertex 19 9.01525 17.8153
      vertex 19 9.18323 17.6319
    endloop
  endfacet
  facet normal 1 0 0
    outer loop
      vertex 19 12.5 25
      vertex 19 8.83194 17.9832
      vertex 19 9.01525 17.8153
    endloop
  endfacet
  facet normal 1 0 0
    outer loop
      vertex 19 12.5 25
      vertex 19 8.63469 18.1346
      vertex 19 8.83194 17.9832
    endloop
  endfacet
  facet normal 1 -0 0
    outer loop
      vertex 19 7.745 24
      vertex 19 8.63469 18.1346
      vertex 19 12.5 25
    endloop
  endfacet
  facet normal 1 0 0
    outer loop
      vertex 19 8.63469 18.1346
      vertex 19 7.745 24
      vertex 19 8.425 18.2682
    endloop
  endfacet
  facet normal 1 0 0
    outer loop
      vertex 19 8.425 18.2682
      vertex 19 7.745 24
      vertex 19 8.20446 18.383
    endloop
  endfacet
  facet normal 1 0 0
    outer loop
      vertex 19 7.745 24
      vertex 19 12.5 25
      vertex 19 7.745 25
    endloop
  endfacet
  facet normal 1 0 0
    outer loop
      vertex 19 8.20446 18.383
      vertex 19 7.745 24
      vertex 19 7.97476 18.4781
    endloop
  endfacet
  facet normal 1 0 0
    outer loop
      vertex 19 7.745 24
      vertex 19 7.73763 18.5529
      vertex 19 7.97476 18.4781
    endloop
  endfacet
  facet normal 1 -0 0
    outer loop
      vertex 19 5.745 20.38
      vertex 19 7.73763 18.5529
      vertex 19 7.745 24
    endloop
  endfacet
  facet normal 1 0 0
    outer loop
      vertex 19 7.73763 18.5529
      vertex 19 5.745 20.38
      vertex 19 7.4949 18.6067
    endloop
  endfacet
  facet normal 1 0 0
    outer loop
      vertex 19 7.4949 18.6067
      vertex 19 5.745 20.38
      vertex 19 7.24839 18.6392
    endloop
  endfacet
  facet normal 1 -0 0
    outer loop
      vertex 19 5.73738 20.2057
      vertex 19 7.24839 18.6392
      vertex 19 5.745 20.38
    endloop
  endfacet
  facet normal 1 0 0
    outer loop
      vertex 19 7.24839 18.6392
      vertex 19 5.73738 20.2057
      vertex 19 7 18.65
    endloop
  endfacet
  facet normal 1 -0 0
    outer loop
      vertex 19 5.71461 20.0327
      vertex 19 7 18.65
      vertex 19 5.73738 20.2057
    endloop
  endfacet
  facet normal 1 0 0
    outer loop
      vertex 19 7 18.65
      vertex 19 5.71461 20.0327
      vertex 19 6.75161 18.6392
    endloop
  endfacet
  facet normal 1 0 0
    outer loop
      vertex 19 6.75161 18.6392
      vertex 19 5.67685 19.8624
      vertex 19 6.5051 18.6067
    endloop
  endfacet
  facet normal 1 0 0
    outer loop
      vertex 19 5.745 20.38
      vertex 19 7.745 24
      vertex 19 5.745 24
    endloop
  endfacet
  facet normal 1 -0 0
    outer loop
      vertex 19 5.67685 19.8624
      vertex 19 6.75161 18.6392
      vertex 19 5.71461 20.0327
    endloop
  endfacet
  facet normal 1 -0 0
    outer loop
      vertex 19 5.62437 19.696
      vertex 19 6.5051 18.6067
      vertex 19 5.67685 19.8624
    endloop
  endfacet
  facet normal 1 -0 0
    outer loop
      vertex 19 5.55762 19.5348
      vertex 19 6.5051 18.6067
      vertex 19 5.62437 19.696
    endloop
  endfacet
  facet normal 1 0 0
    outer loop
      vertex 19 6.5051 18.6067
      vertex 19 5.55762 19.5348
      vertex 19 6.26237 18.5529
    endloop
  endfacet
  facet normal 1 -0 0
    outer loop
      vertex 19 5.47705 19.38
      vertex 19 6.26237 18.5529
      vertex 19 5.55762 19.5348
    endloop
  endfacet
  facet normal 1 0 0
    outer loop
      vertex 19 6.26237 18.5529
      vertex 19 5.47705 19.38
      vertex 19 6.02524 18.4781
    endloop
  endfacet
  facet normal 1 -0 0
    outer loop
      vertex 19 5.3833 19.2328
      vertex 19 6.02524 18.4781
      vertex 19 5.47705 19.38
    endloop
  endfacet
  facet normal 1 0 0
    outer loop
      vertex 19 6.02524 18.4781
      vertex 19 5.3833 19.2328
      vertex 19 5.79554 18.383
    endloop
  endfacet
  facet normal 1 -0 0
    outer loop
      vertex 19 5.27708 19.0944
      vertex 19 5.79554 18.383
      vertex 19 5.3833 19.2328
    endloop
  endfacet
  facet normal 1 -0 0
    outer loop
      vertex 19 5.15921 18.9658
      vertex 19 5.79554 18.383
      vertex 19 5.27708 19.0944
    endloop
  endfacet
  facet normal 1 0 0
    outer loop
      vertex 19 5.79554 18.383
      vertex 19 5.15921 18.9658
      vertex 19 5.575 18.2682
    endloop
  endfacet
  facet normal 1 -0 0
    outer loop
      vertex 19 5.03056 18.8479
      vertex 19 5.575 18.2682
      vertex 19 5.15921 18.9658
    endloop
  endfacet
  facet normal 1 0 0
    outer loop
      vertex 19 5.575 18.2682
      vertex 19 5.03056 18.8479
      vertex 19 5.36531 18.1346
    endloop
  endfacet
  facet normal 1 -0 0
    outer loop
      vertex 19 4.89215 18.7417
      vertex 19 5.36531 18.1346
      vertex 19 5.03056 18.8479
    endloop
  endfacet
  facet normal 1 0 0
    outer loop
      vertex 19 5.36531 18.1346
      vertex 19 4.89215 18.7417
      vertex 19 5.16805 17.9832
    endloop
  endfacet
  facet normal 1 -0 0
    outer loop
      vertex 19 4.745 18.6479
      vertex 19 5.16805 17.9832
      vertex 19 4.89215 18.7417
    endloop
  endfacet
  facet normal 1 -0 0
    outer loop
      vertex 19 4.59023 18.5674
      vertex 19 5.16805 17.9832
      vertex 19 4.745 18.6479
    endloop
  endfacet
  facet normal 1 0 0
    outer loop
      vertex 19 5.16805 17.9832
      vertex 19 4.59023 18.5674
      vertex 19 4.98475 17.8153
    endloop
  endfacet
  facet normal 1 -0 0
    outer loop
      vertex 19 4.42903 18.5006
      vertex 19 4.98475 17.8153
      vertex 19 4.59023 18.5674
    endloop
  endfacet
  facet normal 1 0 0
    outer loop
      vertex 19 4.98475 17.8153
      vertex 19 4.42903 18.5006
      vertex 19 4.81677 17.6319
    endloop
  endfacet
  facet normal 1 -0 0
    outer loop
      vertex 19 4.26263 18.4482
      vertex 19 4.81677 17.6319
      vertex 19 4.42903 18.5006
    endloop
  endfacet
  facet normal 1 0 0
    outer loop
      vertex 19 4.81677 17.6319
      vertex 19 4.26263 18.4482
      vertex 19 4.66542 17.4347
    endloop
  endfacet
  facet normal 1 -0 0
    outer loop
      vertex 19 4.09229 18.4104
      vertex 19 4.66542 17.4347
      vertex 19 4.26263 18.4482
    endloop
  endfacet
  facet normal 1 -0 0
    outer loop
      vertex 19 3.91931 18.3876
      vertex 19 4.66542 17.4347
      vertex 19 4.09229 18.4104
    endloop
  endfacet
  facet normal 1 0 0
    outer loop
      vertex 19 4.66542 17.4347
      vertex 19 3.91931 18.3876
      vertex 19 4.53183 17.225
    endloop
  endfacet
  facet normal 1 -0 0
    outer loop
      vertex 19 3.745 18.38
      vertex 19 4.53183 17.225
      vertex 19 3.91931 18.3876
    endloop
  endfacet
  facet normal 1 0 0
    outer loop
      vertex 19 4.53183 17.225
      vertex 19 3.745 18.38
      vertex 19 4.41702 17.0045
    endloop
  endfacet
  facet normal 1 0 0
    outer loop
      vertex 19 4.41702 17.0045
      vertex 19 3.745 18.38
      vertex 19 4.32188 16.7748
    endloop
  endfacet
  facet normal 1 0 0
    outer loop
      vertex 19 4.32188 16.7748
      vertex 19 3.745 18.38
      vertex 19 4.24711 16.5376
    endloop
  endfacet
  facet normal 1 0 0
    outer loop
      vertex 19 4.24711 16.5376
      vertex 19 3.745 18.38
      vertex 19 4.1933 16.2949
    endloop
  endfacet
  facet normal 1 0 0
    outer loop
      vertex 19 4.1933 16.2949
      vertex 19 3.745 18.38
      vertex 19 4.16084 16.0484
    endloop
  endfacet
  facet normal 1 -0 0
    outer loop
      vertex 19 -3.745 18.38
      vertex 19 4.16084 16.0484
      vertex 19 3.745 18.38
    endloop
  endfacet
  facet normal 1 0 0
    outer loop
      vertex 19 4.16084 16.0484
      vertex 19 -3.745 18.38
      vertex 19 4.15 15.8
    endloop
  endfacet
  facet normal 1 0 0
    outer loop
      vertex 19 4.15 15.8
      vertex 19 -3.745 18.38
      vertex 19 4.10222 6.57646
    endloop
  endfacet
  facet normal 1 0 0
    outer loop
      vertex 19 -3.91931 18.3876
      vertex 19 4.10222 6.57646
      vertex 19 -3.745 18.38
    endloop
  endfacet
  facet normal 1 -0 0
    outer loop
      vertex 19 9.98858 5.53853
      vertex 19 12.5 1.5
      vertex 19 10 5.8
    endloop
  endfacet
  facet normal 1 -0 0
    outer loop
      vertex 19 9.95442 5.27905
      vertex 19 12.5 1.5
      vertex 19 9.98858 5.53853
    endloop
  endfacet
  facet normal 1 -0 0
    outer loop
      vertex 19 9.89778 5.02354
      vertex 19 12.5 1.5
      vertex 19 9.95442 5.27905
    endloop
  endfacet
  facet normal 1 -0 0
    outer loop
      vertex 19 9.81908 4.77394
      vertex 19 12.5 1.5
      vertex 19 9.89778 5.02354
    endloop
  endfacet
  facet normal 1 -0 0
    outer loop
      vertex 19 9.71892 4.53214
      vertex 19 12.5 1.5
      vertex 19 9.81908 4.77394
    endloop
  endfacet
  facet normal 1 -0 0
    outer loop
      vertex 19 9.59808 4.3
      vertex 19 12.5 1.5
      vertex 19 9.71892 4.53214
    endloop
  endfacet
  facet normal 1 -0 0
    outer loop
      vertex 19 9.45746 4.07927
      vertex 19 12.5 1.5
      vertex 19 9.59808 4.3
    endloop
  endfacet
  facet normal 1 -0 0
    outer loop
      vertex 19 9.29813 3.87164
      vertex 19 12.5 1.5
      vertex 19 9.45746 4.07927
    endloop
  endfacet
  facet normal 1 -0 0
    outer loop
      vertex 19 9.12132 3.67868
      vertex 19 12.5 1.5
      vertex 19 9.29813 3.87164
    endloop
  endfacet
  facet normal 1 -0 0
    outer loop
      vertex 19 8.92836 3.50187
      vertex 19 12.5 1.5
      vertex 19 9.12132 3.67868
    endloop
  endfacet
  facet normal 1 -0 0
    outer loop
      vertex 19 8.72073 3.34254
      vertex 19 12.5 1.5
      vertex 19 8.92836 3.50187
    endloop
  endfacet
  facet normal 1 -0 0
    outer loop
      vertex 19 8.5 3.20192
      vertex 19 12.5 1.5
      vertex 19 8.72073 3.34254
    endloop
  endfacet
  facet normal 1 -0 0
    outer loop
      vertex 19 8.26785 3.08108
      vertex 19 12.5 1.5
      vertex 19 8.5 3.20192
    endloop
  endfacet
  facet normal 1 -0 0
    outer loop
      vertex 19 8.02606 2.98092
      vertex 19 12.5 1.5
      vertex 19 8.26785 3.08108
    endloop
  endfacet
  facet normal 1 -0 0
    outer loop
      vertex 19 7.77646 2.90222
      vertex 19 12.5 1.5
      vertex 19 8.02606 2.98092
    endloop
  endfacet
  facet normal 1 -0 0
    outer loop
      vertex 19 7.52094 2.84558
      vertex 19 12.5 1.5
      vertex 19 7.77646 2.90222
    endloop
  endfacet
  facet normal 1 -0 0
    outer loop
      vertex 19 7.26147 2.81142
      vertex 19 12.5 1.5
      vertex 19 7.52094 2.84558
    endloop
  endfacet
  facet normal 1 -0 0
    outer loop
      vertex 19 7 2.8
      vertex 19 12.5 1.5
      vertex 19 7.26147 2.81142
    endloop
  endfacet
  facet normal 1 0 0
    outer loop
      vertex 19 6.73853 2.81142
      vertex 19 12.5 1.5
      vertex 19 7 2.8
    endloop
  endfacet
  facet normal 1 0 0
    outer loop
      vertex 19 6.47906 2.84558
      vertex 19 12.5 1.5
      vertex 19 6.73853 2.81142
    endloop
  endfacet
  facet normal 1 0 0
    outer loop
      vertex 19 -12.5 1.5
      vertex 19 6.47906 2.84558
      vertex 19 6.22354 2.90222
    endloop
  endfacet
  facet normal 1 0 0
    outer loop
      vertex 19 -4.09229 18.4104
      vertex 19 4.10222 6.57646
      vertex 19 -3.91931 18.3876
    endloop
  endfacet
  facet normal 1 0 0
    outer loop
      vertex 19 4.10222 6.57646
      vertex 19 -4.09229 18.4104
      vertex 19 4.04558 6.32094
    endloop
  endfacet
  facet normal 1 0 0
    outer loop
      vertex 19 -12.5 1.5
      vertex 19 4.04558 6.32094
      vertex 19 -4.09229 18.4104
    endloop
  endfacet
  facet normal 1 0 0
    outer loop
      vertex 19 4.04558 6.32094
      vertex 19 -12.5 1.5
      vertex 19 4.01142 6.06147
    endloop
  endfacet
  facet normal 1 0 0
    outer loop
      vertex 19 4.01142 6.06147
      vertex 19 -12.5 1.5
      vertex 19 4 5.8
    endloop
  endfacet
  facet normal 1 0 0
    outer loop
      vertex 19 4.01142 5.53853
      vertex 19 -12.5 1.5
      vertex 19 4.04558 5.27905
    endloop
  endfacet
  facet normal 1 0 0
    outer loop
      vertex 19 4.04558 5.27905
      vertex 19 -12.5 1.5
      vertex 19 4.10222 5.02354
    endloop
  endfacet
  facet normal 1 0 0
    outer loop
      vertex 19 4.10222 5.02354
      vertex 19 -12.5 1.5
      vertex 19 4.18092 4.77394
    endloop
  endfacet
  facet normal 1 0 0
    outer loop
      vertex 19 4.18092 4.77394
      vertex 19 -12.5 1.5
      vertex 19 4.28108 4.53214
    endloop
  endfacet
  facet normal 1 0 0
    outer loop
      vertex 19 4 5.8
      vertex 19 -12.5 1.5
      vertex 19 4.01142 5.53853
    endloop
  endfacet
  facet normal 1 0 0
    outer loop
      vertex 19 -12.5 1.5
      vertex 19 -4.09229 18.4104
      vertex 19 -4.26263 18.4482
    endloop
  endfacet
  facet normal 1 0 0
    outer loop
      vertex 19 -12.5 1.5
      vertex 19 -4.26263 18.4482
      vertex 19 -4.42903 18.5006
    endloop
  endfacet
  facet normal 1 0 0
    outer loop
      vertex 19 -12.5 1.5
      vertex 19 -4.42903 18.5006
      vertex 19 -4.59023 18.5674
    endloop
  endfacet
  facet normal 1 0 0
    outer loop
      vertex 19 -12.5 1.5
      vertex 19 -4.59023 18.5674
      vertex 19 -4.745 18.6479
    endloop
  endfacet
  facet normal 1 0 0
    outer loop
      vertex 19 4.28108 4.53214
      vertex 19 -12.5 1.5
      vertex 19 4.40192 4.3
    endloop
  endfacet
  facet normal 1 0 0
    outer loop
      vertex 19 -12.5 1.5
      vertex 19 -4.745 18.6479
      vertex 19 -4.89215 18.7417
    endloop
  endfacet
  facet normal 1 0 0
    outer loop
      vertex 19 -12.5 1.5
      vertex 19 -4.89215 18.7417
      vertex 19 -5.03056 18.8479
    endloop
  endfacet
  facet normal 1 0 0
    outer loop
      vertex 19 -12.5 1.5
      vertex 19 -5.03056 18.8479
      vertex 19 -5.15921 18.9658
    endloop
  endfacet
  facet normal 1 0 0
    outer loop
      vertex 19 -12.5 1.5
      vertex 19 -5.15921 18.9658
      vertex 19 -5.27708 19.0944
    endloop
  endfacet
  facet normal 1 0 0
    outer loop
      vertex 19 -12.5 1.5
      vertex 19 -5.27708 19.0944
      vertex 19 -5.3833 19.2328
    endloop
  endfacet
  facet normal 1 0 0
    outer loop
      vertex 19 -7.745 24
      vertex 19 -5.73738 20.2057
      vertex 19 -5.745 20.38
    endloop
  endfacet
  facet normal 1 0 0
    outer loop
      vertex 19 -12.5 25
      vertex 19 -5.73738 20.2057
      vertex 19 -7.745 24
    endloop
  endfacet
  facet normal 1 0 0
    outer loop
      vertex 19 -5.73738 20.2057
      vertex 19 -12.5 25
      vertex 19 -5.71461 20.0327
    endloop
  endfacet
  facet normal 1 0 0
    outer loop
      vertex 19 -5.71461 20.0327
      vertex 19 -12.5 25
      vertex 19 -5.67685 19.8624
    endloop
  endfacet
  facet normal 1 0 0
    outer loop
      vertex 19 -5.67685 19.8624
      vertex 19 -12.5 25
      vertex 19 -5.62437 19.696
    endloop
  endfacet
  facet normal 1 0 0
    outer loop
      vertex 19 -5.62437 19.696
      vertex 19 -12.5 25
      vertex 19 -5.55762 19.5348
    endloop
  endfacet
  facet normal 1 0 0
    outer loop
      vertex 19 -12.5 25
      vertex 19 -5.47705 19.38
      vertex 19 -5.55762 19.5348
    endloop
  endfacet
  facet normal 1 0 0
    outer loop
      vertex 19 -12.5 1.5
      vertex 19 -5.47705 19.38
      vertex 19 -12.5 25
    endloop
  endfacet
  facet normal 1 0 0
    outer loop
      vertex 19 -5.47705 19.38
      vertex 19 -12.5 1.5
      vertex 19 -5.3833 19.2328
    endloop
  endfacet
  facet normal 1 0 0
    outer loop
      vertex 19 4.40192 4.3
      vertex 19 -12.5 1.5
      vertex 19 4.54254 4.07927
    endloop
  endfacet
  facet normal 1 0 0
    outer loop
      vertex 19 6.47906 2.84558
      vertex 19 -12.5 1.5
      vertex 19 12.5 1.5
    endloop
  endfacet
  facet normal 1 0 0
    outer loop
      vertex 19 5.97394 2.98092
      vertex 19 -12.5 1.5
      vertex 19 6.22354 2.90222
    endloop
  endfacet
  facet normal 1 0 0
    outer loop
      vertex 19 5.73214 3.08108
      vertex 19 -12.5 1.5
      vertex 19 5.97394 2.98092
    endloop
  endfacet
  facet normal 1 0 0
    outer loop
      vertex 19 5.5 3.20192
      vertex 19 -12.5 1.5
      vertex 19 5.73214 3.08108
    endloop
  endfacet
  facet normal 1 0 0
    outer loop
      vertex 19 5.27927 3.34254
      vertex 19 -12.5 1.5
      vertex 19 5.5 3.20192
    endloop
  endfacet
  facet normal 1 0 0
    outer loop
      vertex 19 5.07164 3.50187
      vertex 19 -12.5 1.5
      vertex 19 5.27927 3.34254
    endloop
  endfacet
  facet normal 1 0 0
    outer loop
      vertex 19 4.87868 3.67868
      vertex 19 -12.5 1.5
      vertex 19 5.07164 3.50187
    endloop
  endfacet
  facet normal 1 0 0
    outer loop
      vertex 19 4.70187 3.87164
      vertex 19 -12.5 1.5
      vertex 19 4.87868 3.67868
    endloop
  endfacet
  facet normal 1 0 0
    outer loop
      vertex 19 4.54254 4.07927
      vertex 19 -12.5 1.5
      vertex 19 4.70187 3.87164
    endloop
  endfacet
  facet normal 1 -0 0
    outer loop
      vertex 19 9.75289 15.0624
      vertex 19 12.5 1.5
      vertex 19 9.8067 15.3051
    endloop
  endfacet
  facet normal 1 0 0
    outer loop
      vertex 19 12.5 1.5
      vertex 19 9.89778 6.57646
      vertex 19 9.95442 6.32094
    endloop
  endfacet
  facet normal 1 0 0
    outer loop
      vertex 19 12.5 1.5
      vertex 19 9.75289 15.0624
      vertex 19 9.89778 6.57646
    endloop
  endfacet
  facet normal 1 0 0
    outer loop
      vertex 19 9.89778 6.57646
      vertex 19 9.75289 15.0624
      vertex 19 9.81908 6.82606
    endloop
  endfacet
  facet normal 1 -0 0
    outer loop
      vertex 19 9.67812 14.8252
      vertex 19 9.81908 6.82606
      vertex 19 9.75289 15.0624
    endloop
  endfacet
  facet normal 1 0 0
    outer loop
      vertex 19 9.81908 6.82606
      vertex 19 9.67812 14.8252
      vertex 19 9.71892 7.06785
    endloop
  endfacet
  facet normal 1 -0 0
    outer loop
      vertex 19 9.58298 14.5955
      vertex 19 9.71892 7.06785
      vertex 19 9.67812 14.8252
    endloop
  endfacet
  facet normal 1 0 0
    outer loop
      vertex 19 9.71892 7.06785
      vertex 19 9.58298 14.5955
      vertex 19 9.59808 7.3
    endloop
  endfacet
  facet normal 1 -0 0
    outer loop
      vertex 19 9.46817 14.375
      vertex 19 9.59808 7.3
      vertex 19 9.58298 14.5955
    endloop
  endfacet
  facet normal 1 0 0
    outer loop
      vertex 19 9.46817 14.375
      vertex 19 9.45746 7.52073
      vertex 19 9.59808 7.3
    endloop
  endfacet
  facet normal 1 -0 0
    outer loop
      vertex 19 9.33458 14.1653
      vertex 19 9.45746 7.52073
      vertex 19 9.46817 14.375
    endloop
  endfacet
  facet normal 1 0 0
    outer loop
      vertex 19 9.33458 14.1653
      vertex 19 9.29813 7.72836
      vertex 19 9.45746 7.52073
    endloop
  endfacet
  facet normal 1 -0 0
    outer loop
      vertex 19 9.18323 13.9681
      vertex 19 9.29813 7.72836
      vertex 19 9.33458 14.1653
    endloop
  endfacet
  facet normal 1 0 0
    outer loop
      vertex 19 9.18323 13.9681
      vertex 19 9.12132 7.92132
      vertex 19 9.29813 7.72836
    endloop
  endfacet
  facet normal 1 -0 0
    outer loop
      vertex 19 9.01525 13.7847
      vertex 19 9.12132 7.92132
      vertex 19 9.18323 13.9681
    endloop
  endfacet
  facet normal 1 0 0
    outer loop
      vertex 19 9.01525 13.7847
      vertex 19 8.92836 8.09813
      vertex 19 9.12132 7.92132
    endloop
  endfacet
  facet normal 1 -0 0
    outer loop
      vertex 19 8.83194 13.6168
      vertex 19 8.92836 8.09813
      vertex 19 9.01525 13.7847
    endloop
  endfacet
  facet normal 1 0 0
    outer loop
      vertex 19 8.83194 13.6168
      vertex 19 8.72073 8.25746
      vertex 19 8.92836 8.09813
    endloop
  endfacet
  facet normal 1 -0 0
    outer loop
      vertex 19 8.63469 13.4654
      vertex 19 8.72073 8.25746
      vertex 19 8.83194 13.6168
    endloop
  endfacet
  facet normal 1 0 0
    outer loop
      vertex 19 8.63469 13.4654
      vertex 19 8.5 8.39808
      vertex 19 8.72073 8.25746
    endloop
  endfacet
  facet normal 1 -0 0
    outer loop
      vertex 19 8.425 13.3318
      vertex 19 8.5 8.39808
      vertex 19 8.63469 13.4654
    endloop
  endfacet
  facet normal 1 0 0
    outer loop
      vertex 19 8.425 13.3318
      vertex 19 8.26785 8.51892
      vertex 19 8.5 8.39808
    endloop
  endfacet
  facet normal 1 -0 0
    outer loop
      vertex 19 8.20446 13.217
      vertex 19 8.26785 8.51892
      vertex 19 8.425 13.3318
    endloop
  endfacet
  facet normal 1 0 0
    outer loop
      vertex 19 8.20446 13.217
      vertex 19 8.02606 8.61908
      vertex 19 8.26785 8.51892
    endloop
  endfacet
  facet normal 1 -0 0
    outer loop
      vertex 19 7.97476 13.1219
      vertex 19 8.02606 8.61908
      vertex 19 8.20446 13.217
    endloop
  endfacet
  facet normal 1 0 0
    outer loop
      vertex 19 7.97476 13.1219
      vertex 19 7.77646 8.69778
      vertex 19 8.02606 8.61908
    endloop
  endfacet
  facet normal 1 -0 0
    outer loop
      vertex 19 7.73763 13.0471
      vertex 19 7.77646 8.69778
      vertex 19 7.97476 13.1219
    endloop
  endfacet
  facet normal 1 0 0
    outer loop
      vertex 19 7.73763 13.0471
      vertex 19 7.52094 8.75442
      vertex 19 7.77646 8.69778
    endloop
  endfacet
  facet normal 1 -0 0
    outer loop
      vertex 19 7.4949 12.9933
      vertex 19 7.52094 8.75442
      vertex 19 7.73763 13.0471
    endloop
  endfacet
  facet normal 1 0 0
    outer loop
      vertex 19 7.4949 12.9933
      vertex 19 7.26147 8.78858
      vertex 19 7.52094 8.75442
    endloop
  endfacet
  facet normal 1 -0 0
    outer loop
      vertex 19 7.24839 12.9608
      vertex 19 7.26147 8.78858
      vertex 19 7.4949 12.9933
    endloop
  endfacet
  facet normal 1 -0 0
    outer loop
      vertex 19 7 12.95
      vertex 19 7.26147 8.78858
      vertex 19 7.24839 12.9608
    endloop
  endfacet
  facet normal 1 0 0
    outer loop
      vertex 19 7 12.95
      vertex 19 7 8.8
      vertex 19 7.26147 8.78858
    endloop
  endfacet
  facet normal 1 0 0
    outer loop
      vertex 19 6.75161 12.9608
      vertex 19 7 8.8
      vertex 19 7 12.95
    endloop
  endfacet
  facet normal 1 0 0
    outer loop
      vertex 19 6.75161 12.9608
      vertex 19 6.73853 8.78858
      vertex 19 7 8.8
    endloop
  endfacet
  facet normal 1 0 0
    outer loop
      vertex 19 6.5051 12.9933
      vertex 19 6.73853 8.78858
      vertex 19 6.75161 12.9608
    endloop
  endfacet
  facet normal 1 0 0
    outer loop
      vertex 19 6.5051 12.9933
      vertex 19 6.47906 8.75442
      vertex 19 6.73853 8.78858
    endloop
  endfacet
  facet normal 1 0 0
    outer loop
      vertex 19 6.26237 13.0471
      vertex 19 6.47906 8.75442
      vertex 19 6.5051 12.9933
    endloop
  endfacet
  facet normal 1 0 0
    outer loop
      vertex 19 6.26237 13.0471
      vertex 19 6.22354 8.69778
      vertex 19 6.47906 8.75442
    endloop
  endfacet
  facet normal 1 0 0
    outer loop
      vertex 19 6.02524 13.1219
      vertex 19 6.22354 8.69778
      vertex 19 6.26237 13.0471
    endloop
  endfacet
  facet normal 1 0 0
    outer loop
      vertex 19 6.02524 13.1219
      vertex 19 5.97394 8.61908
      vertex 19 6.22354 8.69778
    endloop
  endfacet
  facet normal 1 0 0
    outer loop
      vertex 19 5.79554 13.217
      vertex 19 5.97394 8.61908
      vertex 19 6.02524 13.1219
    endloop
  endfacet
  facet normal 1 0 0
    outer loop
      vertex 19 5.79554 13.217
      vertex 19 5.73214 8.51892
      vertex 19 5.97394 8.61908
    endloop
  endfacet
  facet normal 1 0 0
    outer loop
      vertex 19 5.575 13.3318
      vertex 19 5.73214 8.51892
      vertex 19 5.79554 13.217
    endloop
  endfacet
  facet normal 1 0 0
    outer loop
      vertex 19 5.575 13.3318
      vertex 19 5.5 8.39808
      vertex 19 5.73214 8.51892
    endloop
  endfacet
  facet normal 1 0 0
    outer loop
      vertex 19 5.36531 13.4654
      vertex 19 5.5 8.39808
      vertex 19 5.575 13.3318
    endloop
  endfacet
  facet normal 1 0 0
    outer loop
      vertex 19 5.36531 13.4654
      vertex 19 5.27927 8.25746
      vertex 19 5.5 8.39808
    endloop
  endfacet
  facet normal 1 0 0
    outer loop
      vertex 19 5.16805 13.6168
      vertex 19 5.27927 8.25746
      vertex 19 5.36531 13.4654
    endloop
  endfacet
  facet normal 1 0 0
    outer loop
      vertex 19 5.16805 13.6168
      vertex 19 5.07164 8.09813
      vertex 19 5.27927 8.25746
    endloop
  endfacet
  facet normal 1 0 0
    outer loop
      vertex 19 4.98475 13.7847
      vertex 19 5.07164 8.09813
      vertex 19 5.16805 13.6168
    endloop
  endfacet
  facet normal 1 0 0
    outer loop
      vertex 19 4.98475 13.7847
      vertex 19 4.87868 7.92132
      vertex 19 5.07164 8.09813
    endloop
  endfacet
  facet normal 1 0 0
    outer loop
      vertex 19 4.81677 13.9681
      vertex 19 4.87868 7.92132
      vertex 19 4.98475 13.7847
    endloop
  endfacet
  facet normal 1 0 0
    outer loop
      vertex 19 4.81677 13.9681
      vertex 19 4.70187 7.72836
      vertex 19 4.87868 7.92132
    endloop
  endfacet
  facet normal 1 0 0
    outer loop
      vertex 19 4.66542 14.1653
      vertex 19 4.70187 7.72836
      vertex 19 4.81677 13.9681
    endloop
  endfacet
  facet normal 1 0 0
    outer loop
      vertex 19 4.66542 14.1653
      vertex 19 4.54254 7.52073
      vertex 19 4.70187 7.72836
    endloop
  endfacet
  facet normal 1 0 0
    outer loop
      vertex 19 4.53183 14.375
      vertex 19 4.54254 7.52073
      vertex 19 4.66542 14.1653
    endloop
  endfacet
  facet normal 1 0 0
    outer loop
      vertex 19 4.40192 7.3
      vertex 19 4.53183 14.375
      vertex 19 4.41702 14.5955
    endloop
  endfacet
  facet normal 1 0 0
    outer loop
      vertex 19 4.53183 14.375
      vertex 19 4.40192 7.3
      vertex 19 4.54254 7.52073
    endloop
  endfacet
  facet normal 1 0 0
    outer loop
      vertex 19 4.28108 7.06785
      vertex 19 4.41702 14.5955
      vertex 19 4.32188 14.8252
    endloop
  endfacet
  facet normal 1 0 0
    outer loop
      vertex 19 4.41702 14.5955
      vertex 19 4.28108 7.06785
      vertex 19 4.40192 7.3
    endloop
  endfacet
  facet normal 1 0 0
    outer loop
      vertex 19 4.18092 6.82606
      vertex 19 4.32188 14.8252
      vertex 19 4.24711 15.0624
    endloop
  endfacet
  facet normal 1 0 0
    outer loop
      vertex 19 4.10222 6.57646
      vertex 19 4.24711 15.0624
      vertex 19 4.1933 15.3051
    endloop
  endfacet
  facet normal 1 0 0
    outer loop
      vertex 19 4.32188 14.8252
      vertex 19 4.18092 6.82606
      vertex 19 4.28108 7.06785
    endloop
  endfacet
  facet normal 1 0 0
    outer loop
      vertex 19 4.10222 6.57646
      vertex 19 4.1933 15.3051
      vertex 19 4.16084 15.5516
    endloop
  endfacet
  facet normal 1 0 0
    outer loop
      vertex 19 4.10222 6.57646
      vertex 19 4.16084 15.5516
      vertex 19 4.15 15.8
    endloop
  endfacet
  facet normal 1 0 0
    outer loop
      vertex 19 4.24711 15.0624
      vertex 19 4.10222 6.57646
      vertex 19 4.18092 6.82606
    endloop
  endfacet
  facet normal -0.382595 -0.923916 0
    outer loop
      vertex -17.5565 -14.7658 1.5
      vertex -17.3551 -14.8492 25
      vertex -17.5565 -14.7658 25
    endloop
  endfacet
  facet normal -0.382595 -0.923916 -0
    outer loop
      vertex -17.3551 -14.8492 25
      vertex -17.5565 -14.7658 1.5
      vertex -17.3551 -14.8492 1.5
    endloop
  endfacet
  facet normal -0.953735 0.300649 0
    outer loop
      vertex -18.9148 13.147 1.5
      vertex -18.8492 13.3551 25
      vertex -18.8492 13.3551 1.5
    endloop
  endfacet
  facet normal -0.953735 0.300649 0
    outer loop
      vertex -18.8492 13.3551 25
      vertex -18.9148 13.147 1.5
      vertex -18.9148 13.147 25
    endloop
  endfacet
  facet normal -0.130692 -0.991423 0
    outer loop
      vertex -16.9341 -14.962 1.5
      vertex -16.7179 -14.9905 25
      vertex -16.9341 -14.962 25
    endloop
  endfacet
  facet normal -0.130692 -0.991423 -0
    outer loop
      vertex -16.7179 -14.9905 25
      vertex -16.9341 -14.962 1.5
      vertex -16.7179 -14.9905 1.5
    endloop
  endfacet
  facet normal -0.843303 -0.537439 0
    outer loop
      vertex -18.5479 -13.9339 1.5
      vertex -18.6651 -13.75 25
      vertex -18.6651 -13.75 1.5
    endloop
  endfacet
  facet normal -0.843303 -0.537439 0
    outer loop
      vertex -18.6651 -13.75 25
      vertex -18.5479 -13.9339 1.5
      vertex -18.5479 -13.9339 25
    endloop
  endfacet
  facet normal -0.737383 -0.675475 0
    outer loop
      vertex -18.2678 -14.2678 1.5
      vertex -18.4151 -14.107 25
      vertex -18.4151 -14.107 1.5
    endloop
  endfacet
  facet normal -0.737383 -0.675475 0
    outer loop
      vertex -18.4151 -14.107 25
      vertex -18.2678 -14.2678 1.5
      vertex -18.2678 -14.2678 25
    endloop
  endfacet
  facet normal 0.843303 0.537439 0
    outer loop
      vertex 18.6651 13.75 25
      vertex 18.5479 13.9339 1.5
      vertex 18.5479 13.9339 25
    endloop
  endfacet
  facet normal 0.843303 0.537439 0
    outer loop
      vertex 18.5479 13.9339 1.5
      vertex 18.6651 13.75 25
      vertex 18.6651 13.75 1.5
    endloop
  endfacet
  facet normal -0.608691 0.793407 0
    outer loop
      vertex -17.9339 14.5479 1.5
      vertex -18.107 14.4151 25
      vertex -17.9339 14.5479 25
    endloop
  endfacet
  facet normal -0.608691 0.793407 0
    outer loop
      vertex -18.107 14.4151 25
      vertex -17.9339 14.5479 1.5
      vertex -18.107 14.4151 1.5
    endloop
  endfacet
  facet normal 0.300649 0.953735 -0
    outer loop
      vertex 17.3551 14.8492 1.5
      vertex 17.147 14.9148 25
      vertex 17.3551 14.8492 25
    endloop
  endfacet
  facet normal 0.300649 0.953735 0
    outer loop
      vertex 17.147 14.9148 25
      vertex 17.3551 14.8492 1.5
      vertex 17.147 14.9148 1.5
    endloop
  endfacet
  facet normal 0.999051 0.0435566 0
    outer loop
      vertex 19 12.5 25
      vertex 18.9905 12.7179 1.5
      vertex 18.9905 12.7179 25
    endloop
  endfacet
  facet normal 0.999051 0.0435566 0
    outer loop
      vertex 18.9905 12.7179 1.5
      vertex 19 12.5 25
      vertex 19 12.5 1.5
    endloop
  endfacet
  facet normal 0.675475 0.737383 -0
    outer loop
      vertex 18.2678 14.2678 1.5
      vertex 18.107 14.4151 25
      vertex 18.2678 14.2678 25
    endloop
  endfacet
  facet normal 0.675475 0.737383 0
    outer loop
      vertex 18.107 14.4151 25
      vertex 18.2678 14.2678 1.5
      vertex 18.107 14.4151 1.5
    endloop
  endfacet
  facet normal -0.537439 -0.843303 0
    outer loop
      vertex -17.9339 -14.5479 1.5
      vertex -17.75 -14.6651 25
      vertex -17.9339 -14.5479 25
    endloop
  endfacet
  facet normal -0.537439 -0.843303 -0
    outer loop
      vertex -17.75 -14.6651 25
      vertex -17.9339 -14.5479 1.5
      vertex -17.75 -14.6651 1.5
    endloop
  endfacet
  facet normal 0.923916 0.382595 0
    outer loop
      vertex 18.8492 13.3551 25
      vertex 18.7658 13.5565 1.5
      vertex 18.7658 13.5565 25
    endloop
  endfacet
  facet normal 0.923916 0.382595 0
    outer loop
      vertex 18.7658 13.5565 1.5
      vertex 18.8492 13.3551 25
      vertex 18.8492 13.3551 1.5
    endloop
  endfacet
  facet normal -0.991423 0.130692 0
    outer loop
      vertex -18.9905 12.7179 1.5
      vertex -18.962 12.9341 25
      vertex -18.962 12.9341 1.5
    endloop
  endfacet
  facet normal -0.991423 0.130692 0
    outer loop
      vertex -18.962 12.9341 25
      vertex -18.9905 12.7179 1.5
      vertex -18.9905 12.7179 25
    endloop
  endfacet
  facet normal 0.976295 -0.216445 0
    outer loop
      vertex 18.9148 -13.147 25
      vertex 18.962 -12.9341 1.5
      vertex 18.962 -12.9341 25
    endloop
  endfacet
  facet normal 0.976295 -0.216445 0
    outer loop
      vertex 18.962 -12.9341 1.5
      vertex 18.9148 -13.147 25
      vertex 18.9148 -13.147 1.5
    endloop
  endfacet
  facet normal -0.923916 0.382595 0
    outer loop
      vertex -18.8492 13.3551 1.5
      vertex -18.7658 13.5565 25
      vertex -18.7658 13.5565 1.5
    endloop
  endfacet
  facet normal -0.923916 0.382595 0
    outer loop
      vertex -18.7658 13.5565 25
      vertex -18.8492 13.3551 1.5
      vertex -18.8492 13.3551 25
    endloop
  endfacet
  facet normal -0.0435566 -0.999051 0
    outer loop
      vertex -16.7179 -14.9905 1.5
      vertex -16.5 -15 25
      vertex -16.7179 -14.9905 25
    endloop
  endfacet
  facet normal -0.0435566 -0.999051 -0
    outer loop
      vertex -16.5 -15 25
      vertex -16.7179 -14.9905 1.5
      vertex -16.5 -15 1.5
    endloop
  endfacet
  facet normal 0.608691 0.793407 -0
    outer loop
      vertex 18.107 14.4151 1.5
      vertex 17.9339 14.5479 25
      vertex 18.107 14.4151 25
    endloop
  endfacet
  facet normal 0.608691 0.793407 0
    outer loop
      vertex 17.9339 14.5479 25
      vertex 18.107 14.4151 1.5
      vertex 17.9339 14.5479 1.5
    endloop
  endfacet
  facet normal -0.953735 -0.300649 0
    outer loop
      vertex -18.8492 -13.3551 1.5
      vertex -18.9148 -13.147 25
      vertex -18.9148 -13.147 1.5
    endloop
  endfacet
  facet normal -0.953735 -0.300649 0
    outer loop
      vertex -18.9148 -13.147 25
      vertex -18.8492 -13.3551 1.5
      vertex -18.8492 -13.3551 25
    endloop
  endfacet
  facet normal -0.675475 -0.737383 0
    outer loop
      vertex -18.2678 -14.2678 1.5
      vertex -18.107 -14.4151 25
      vertex -18.2678 -14.2678 25
    endloop
  endfacet
  facet normal -0.675475 -0.737383 -0
    outer loop
      vertex -18.107 -14.4151 25
      vertex -18.2678 -14.2678 1.5
      vertex -18.107 -14.4151 1.5
    endloop
  endfacet
  facet normal 0.461641 0.887067 -0
    outer loop
      vertex 17.75 14.6651 1.5
      vertex 17.5565 14.7658 25
      vertex 17.75 14.6651 25
    endloop
  endfacet
  facet normal 0.461641 0.887067 0
    outer loop
      vertex 17.5565 14.7658 25
      vertex 17.75 14.6651 1.5
      vertex 17.5565 14.7658 1.5
    endloop
  endfacet
  facet normal -0.675475 0.737383 0
    outer loop
      vertex -18.107 14.4151 1.5
      vertex -18.2678 14.2678 25
      vertex -18.107 14.4151 25
    endloop
  endfacet
  facet normal -0.675475 0.737383 0
    outer loop
      vertex -18.2678 14.2678 25
      vertex -18.107 14.4151 1.5
      vertex -18.2678 14.2678 1.5
    endloop
  endfacet
  facet normal 0.953735 0.300649 0
    outer loop
      vertex 18.9148 13.147 25
      vertex 18.8492 13.3551 1.5
      vertex 18.8492 13.3551 25
    endloop
  endfacet
  facet normal 0.953735 0.300649 0
    outer loop
      vertex 18.8492 13.3551 1.5
      vertex 18.9148 13.147 25
      vertex 18.9148 13.147 1.5
    endloop
  endfacet
  facet normal -1 0 0
    outer loop
      vertex -19 7.58234 17.9733
      vertex -19 5.73738 20.2057
      vertex -19 5.745 20.38
    endloop
  endfacet
  facet normal -1 0 0
    outer loop
      vertex -19 6.04911 17.8392
      vertex -19 5.71461 20.0327
      vertex -19 5.73738 20.2057
    endloop
  endfacet
  facet normal -1 0 0
    outer loop
      vertex -19 5.03056 18.8479
      vertex -19 5.875 17.7486
      vertex -19 5.70945 17.6431
    endloop
  endfacet
  facet normal -1 0 0
    outer loop
      vertex -19 6.04911 17.8392
      vertex -19 5.67685 19.8624
      vertex -19 5.71461 20.0327
    endloop
  endfacet
  facet normal -1 0 0
    outer loop
      vertex -19 6.04911 17.8392
      vertex -19 5.62437 19.696
      vertex -19 5.67685 19.8624
    endloop
  endfacet
  facet normal -1 0 0
    outer loop
      vertex -19 6.04911 17.8392
      vertex -19 5.55762 19.5348
      vertex -19 5.62437 19.696
    endloop
  endfacet
  facet normal -1 0 0
    outer loop
      vertex -19 4.89215 18.7417
      vertex -19 5.70945 17.6431
      vertex -19 5.55373 17.5236
    endloop
  endfacet
  facet normal -1 0 0
    outer loop
      vertex -19 6.04911 17.8392
      vertex -19 5.47705 19.38
      vertex -19 5.55762 19.5348
    endloop
  endfacet
  facet normal -1 0 0
    outer loop
      vertex -19 4.745 18.6479
      vertex -19 5.55373 17.5236
      vertex -19 5.40901 17.391
    endloop
  endfacet
  facet normal -1 0 0
    outer loop
      vertex -19 6.04911 17.8392
      vertex -19 5.3833 19.2328
      vertex -19 5.47705 19.38
    endloop
  endfacet
  facet normal -1 0 0
    outer loop
      vertex -19 6.04911 17.8392
      vertex -19 5.27708 19.0944
      vertex -19 5.3833 19.2328
    endloop
  endfacet
  facet normal -1 0 0
    outer loop
      vertex -19 4.42903 18.5006
      vertex -19 5.40901 17.391
      vertex -19 5.2764 17.2463
    endloop
  endfacet
  facet normal -1 0 0
    outer loop
      vertex -19 6.04911 17.8392
      vertex -19 5.15921 18.9658
      vertex -19 5.27708 19.0944
    endloop
  endfacet
  facet normal -1 0 0
    outer loop
      vertex -19 4.26263 18.4482
      vertex -19 5.2764 17.2463
      vertex -19 5.15691 17.0905
    endloop
  endfacet
  facet normal -1 0 0
    outer loop
      vertex -19 4.09229 18.4104
      vertex -19 5.15691 17.0905
      vertex -19 5.05144 16.925
    endloop
  endfacet
  facet normal -1 0 0
    outer loop
      vertex -19 5.875 17.7486
      vertex -19 5.03056 18.8479
      vertex -19 5.15921 18.9658
    endloop
  endfacet
  facet normal -1 0 0
    outer loop
      vertex -19 3.91931 18.3876
      vertex -19 5.05144 16.925
      vertex -19 4.96081 16.7509
    endloop
  endfacet
  facet normal -1 0 0
    outer loop
      vertex -19 5.70945 17.6431
      vertex -19 4.89215 18.7417
      vertex -19 5.03056 18.8479
    endloop
  endfacet
  facet normal -1 0 0
    outer loop
      vertex -19 3.745 18.38
      vertex -19 4.96081 16.7509
      vertex -19 4.88569 16.5695
    endloop
  endfacet
  facet normal -1 0 0
    outer loop
      vertex -19 3.745 18.38
      vertex -19 4.88569 16.5695
      vertex -19 4.82667 16.3823
    endloop
  endfacet
  facet normal -1 0 0
    outer loop
      vertex -19 3.745 18.38
      vertex -19 4.82667 16.3823
      vertex -19 4.78418 16.1907
    endloop
  endfacet
  facet normal -1 0 0
    outer loop
      vertex -19 3.745 18.38
      vertex -19 4.78418 16.1907
      vertex -19 4.75856 15.9961
    endloop
  endfacet
  facet normal -1 0 0
    outer loop
      vertex -19 5.55373 17.5236
      vertex -19 4.745 18.6479
      vertex -19 4.89215 18.7417
    endloop
  endfacet
  facet normal -1 0 0
    outer loop
      vertex -19 3.745 18.38
      vertex -19 4.75856 15.9961
      vertex -19 4.75 15.8
    endloop
  endfacet
  facet normal -1 0 0
    outer loop
      vertex -19 5.745 20.38
      vertex -19 7.76954 17.9143
      vertex -19 7.58234 17.9733
    endloop
  endfacet
  facet normal -1 0 0
    outer loop
      vertex -19 5.73738 20.2057
      vertex -19 7.58234 17.9733
      vertex -19 7.39071 18.0158
    endloop
  endfacet
  facet normal -1 0 0
    outer loop
      vertex -19 5.73738 20.2057
      vertex -19 7.39071 18.0158
      vertex -19 7.1961 18.0414
    endloop
  endfacet
  facet normal -1 0 0
    outer loop
      vertex -19 5.73738 20.2057
      vertex -19 7.1961 18.0414
      vertex -19 7 18.05
    endloop
  endfacet
  facet normal -1 0 0
    outer loop
      vertex -19 5.73738 20.2057
      vertex -19 7 18.05
      vertex -19 6.8039 18.0414
    endloop
  endfacet
  facet normal -1 0 0
    outer loop
      vertex -19 5.73738 20.2057
      vertex -19 6.8039 18.0414
      vertex -19 6.60929 18.0158
    endloop
  endfacet
  facet normal -1 0 0
    outer loop
      vertex -19 5.73738 20.2057
      vertex -19 6.60929 18.0158
      vertex -19 6.41766 17.9733
    endloop
  endfacet
  facet normal -1 0 0
    outer loop
      vertex -19 5.73738 20.2057
      vertex -19 6.41766 17.9733
      vertex -19 6.23045 17.9143
    endloop
  endfacet
  facet normal -1 0 0
    outer loop
      vertex -19 5.73738 20.2057
      vertex -19 6.23045 17.9143
      vertex -19 6.04911 17.8392
    endloop
  endfacet
  facet normal -1 0 0
    outer loop
      vertex -19 5.15921 18.9658
      vertex -19 6.04911 17.8392
      vertex -19 5.875 17.7486
    endloop
  endfacet
  facet normal -1 0 0
    outer loop
      vertex -19 7.76954 17.9143
      vertex -19 5.745 20.38
      vertex -19 7.745 24
    endloop
  endfacet
  facet normal -1 -0 0
    outer loop
      vertex -19 7.745 24
      vertex -19 5.745 20.38
      vertex -19 5.745 24
    endloop
  endfacet
  facet normal -1 0 0
    outer loop
      vertex -19 12.5 25
      vertex -19 9.24144 15.6039
      vertex -19 9.25 15.8
    endloop
  endfacet
  facet normal -1 0 0
    outer loop
      vertex -19 9.45746 7.52073
      vertex -19 9.21582 15.4093
      vertex -19 9.24144 15.6039
    endloop
  endfacet
  facet normal -1 0 0
    outer loop
      vertex -19 9.45746 7.52073
      vertex -19 9.17333 15.2177
      vertex -19 9.21582 15.4093
    endloop
  endfacet
  facet normal -1 0 0
    outer loop
      vertex -19 8.84309 14.5095
      vertex -19 9.29813 7.72836
      vertex -19 9.12132 7.92132
    endloop
  endfacet
  facet normal -1 0 0
    outer loop
      vertex -19 9.45746 7.52073
      vertex -19 9.11431 15.0305
      vertex -19 9.17333 15.2177
    endloop
  endfacet
  facet normal -1 0 0
    outer loop
      vertex -19 9.45746 7.52073
      vertex -19 9.03919 14.8491
      vertex -19 9.11431 15.0305
    endloop
  endfacet
  facet normal -1 0 0
    outer loop
      vertex -19 9.45746 7.52073
      vertex -19 8.94856 14.675
      vertex -19 9.03919 14.8491
    endloop
  endfacet
  facet normal -1 0 0
    outer loop
      vertex -19 8.7236 14.3537
      vertex -19 9.12132 7.92132
      vertex -19 8.92836 8.09813
    endloop
  endfacet
  facet normal -1 0 0
    outer loop
      vertex -19 9.29813 7.72836
      vertex -19 8.84309 14.5095
      vertex -19 8.94856 14.675
    endloop
  endfacet
  facet normal -1 0 0
    outer loop
      vertex -19 9.12132 7.92132
      vertex -19 8.7236 14.3537
      vertex -19 8.84309 14.5095
    endloop
  endfacet
  facet normal -1 0 0
    outer loop
      vertex -19 8.59099 14.209
      vertex -19 8.92836 8.09813
      vertex -19 8.72073 8.25746
    endloop
  endfacet
  facet normal -1 0 0
    outer loop
      vertex -19 8.92836 8.09813
      vertex -19 8.59099 14.209
      vertex -19 8.7236 14.3537
    endloop
  endfacet
  facet normal -1 0 0
    outer loop
      vertex -19 8.44627 14.0764
      vertex -19 8.72073 8.25746
      vertex -19 8.5 8.39808
    endloop
  endfacet
  facet normal -1 0 0
    outer loop
      vertex -19 8.72073 8.25746
      vertex -19 8.44627 14.0764
      vertex -19 8.59099 14.209
    endloop
  endfacet
  facet normal -1 0 0
    outer loop
      vertex -19 8.5 8.39808
      vertex -19 8.29055 13.9569
      vertex -19 8.44627 14.0764
    endloop
  endfacet
  facet normal -1 0 0
    outer loop
      vertex -19 8.125 13.8514
      vertex -19 8.5 8.39808
      vertex -19 8.26785 8.51892
    endloop
  endfacet
  facet normal -1 0 0
    outer loop
      vertex -19 8.5 8.39808
      vertex -19 8.125 13.8514
      vertex -19 8.29055 13.9569
    endloop
  endfacet
  facet normal -1 0 0
    outer loop
      vertex -19 7.95089 13.7608
      vertex -19 8.26785 8.51892
      vertex -19 8.02606 8.61908
    endloop
  endfacet
  facet normal -1 0 0
    outer loop
      vertex -19 8.26785 8.51892
      vertex -19 7.95089 13.7608
      vertex -19 8.125 13.8514
    endloop
  endfacet
  facet normal -1 0 0
    outer loop
      vertex -19 7.76954 13.6857
      vertex -19 8.02606 8.61908
      vertex -19 7.77646 8.69778
    endloop
  endfacet
  facet normal -1 0 0
    outer loop
      vertex -19 8.02606 8.61908
      vertex -19 7.76954 13.6857
      vertex -19 7.95089 13.7608
    endloop
  endfacet
  facet normal -1 0 0
    outer loop
      vertex -19 7.77646 8.69778
      vertex -19 7.58234 13.6267
      vertex -19 7.76954 13.6857
    endloop
  endfacet
  facet normal -1 0 0
    outer loop
      vertex -19 7.52094 8.75442
      vertex -19 7.58234 13.6267
      vertex -19 7.77646 8.69778
    endloop
  endfacet
  facet normal -1 0 0
    outer loop
      vertex -19 7.52094 8.75442
      vertex -19 7.39071 13.5842
      vertex -19 7.58234 13.6267
    endloop
  endfacet
  facet normal -1 0 0
    outer loop
      vertex -19 7.26147 8.78858
      vertex -19 7.39071 13.5842
      vertex -19 7.52094 8.75442
    endloop
  endfacet
  facet normal -1 0 0
    outer loop
      vertex -19 7.26147 8.78858
      vertex -19 7.1961 13.5586
      vertex -19 7.39071 13.5842
    endloop
  endfacet
  facet normal -1 0 0
    outer loop
      vertex -19 7 8.8
      vertex -19 7.1961 13.5586
      vertex -19 7.26147 8.78858
    endloop
  endfacet
  facet normal -1 0 0
    outer loop
      vertex -19 7 8.8
      vertex -19 7 13.55
      vertex -19 7.1961 13.5586
    endloop
  endfacet
  facet normal -1 0 0
    outer loop
      vertex -19 7 8.8
      vertex -19 6.8039 13.5586
      vertex -19 7 13.55
    endloop
  endfacet
  facet normal -1 0 0
    outer loop
      vertex -19 6.73853 8.78858
      vertex -19 6.8039 13.5586
      vertex -19 7 8.8
    endloop
  endfacet
  facet normal -1 0 0
    outer loop
      vertex -19 6.73853 8.78858
      vertex -19 6.60929 13.5842
      vertex -19 6.8039 13.5586
    endloop
  endfacet
  facet normal -1 0 0
    outer loop
      vertex -19 6.47906 8.75442
      vertex -19 6.60929 13.5842
      vertex -19 6.73853 8.78858
    endloop
  endfacet
  facet normal -1 0 0
    outer loop
      vertex -19 6.47906 8.75442
      vertex -19 6.41766 13.6267
      vertex -19 6.60929 13.5842
    endloop
  endfacet
  facet normal -1 0 0
    outer loop
      vertex -19 6.22354 8.69778
      vertex -19 6.41766 13.6267
      vertex -19 6.47906 8.75442
    endloop
  endfacet
  facet normal -1 -0 0
    outer loop
      vertex -19 6.41766 13.6267
      vertex -19 6.22354 8.69778
      vertex -19 6.23045 13.6857
    endloop
  endfacet
  facet normal -1 0 0
    outer loop
      vertex -19 5.97394 8.61908
      vertex -19 6.23045 13.6857
      vertex -19 6.22354 8.69778
    endloop
  endfacet
  facet normal -1 -0 0
    outer loop
      vertex -19 6.23045 13.6857
      vertex -19 5.97394 8.61908
      vertex -19 6.04911 13.7608
    endloop
  endfacet
  facet normal -1 0 0
    outer loop
      vertex -19 5.73214 8.51892
      vertex -19 6.04911 13.7608
      vertex -19 5.97394 8.61908
    endloop
  endfacet
  facet normal -1 -0 0
    outer loop
      vertex -19 6.04911 13.7608
      vertex -19 5.73214 8.51892
      vertex -19 5.875 13.8514
    endloop
  endfacet
  facet normal -1 0 0
    outer loop
      vertex -19 5.5 8.39808
      vertex -19 5.875 13.8514
      vertex -19 5.73214 8.51892
    endloop
  endfacet
  facet normal -1 -0 0
    outer loop
      vertex -19 5.875 13.8514
      vertex -19 5.5 8.39808
      vertex -19 5.70945 13.9569
    endloop
  endfacet
  facet normal -1 -0 0
    outer loop
      vertex -19 5.70945 13.9569
      vertex -19 5.5 8.39808
      vertex -19 5.55373 14.0764
    endloop
  endfacet
  facet normal -1 0 0
    outer loop
      vertex -19 5.27927 8.25746
      vertex -19 5.55373 14.0764
      vertex -19 5.5 8.39808
    endloop
  endfacet
  facet normal -1 -0 0
    outer loop
      vertex -19 5.55373 14.0764
      vertex -19 5.27927 8.25746
      vertex -19 5.40901 14.209
    endloop
  endfacet
  facet normal -1 0 0
    outer loop
      vertex -19 5.07164 8.09813
      vertex -19 5.40901 14.209
      vertex -19 5.27927 8.25746
    endloop
  endfacet
  facet normal -1 -0 0
    outer loop
      vertex -19 5.40901 14.209
      vertex -19 5.07164 8.09813
      vertex -19 5.2764 14.3537
    endloop
  endfacet
  facet normal -1 0 0
    outer loop
      vertex -19 4.87868 7.92132
      vertex -19 5.2764 14.3537
      vertex -19 5.07164 8.09813
    endloop
  endfacet
  facet normal -1 -0 0
    outer loop
      vertex -19 5.2764 14.3537
      vertex -19 4.87868 7.92132
      vertex -19 5.15691 14.5095
    endloop
  endfacet
  facet normal -1 0 0
    outer loop
      vertex -19 4.70187 7.72836
      vertex -19 5.15691 14.5095
      vertex -19 4.87868 7.92132
    endloop
  endfacet
  facet normal -1 -0 0
    outer loop
      vertex -19 5.15691 14.5095
      vertex -19 4.70187 7.72836
      vertex -19 5.05144 14.675
    endloop
  endfacet
  facet normal -1 0 0
    outer loop
      vertex -19 4.54254 7.52073
      vertex -19 5.05144 14.675
      vertex -19 4.70187 7.72836
    endloop
  endfacet
  facet normal -1 -0 0
    outer loop
      vertex -19 5.05144 14.675
      vertex -19 4.54254 7.52073
      vertex -19 4.96081 14.8491
    endloop
  endfacet
  facet normal -1 0 0
    outer loop
      vertex -19 -3.745 18.38
      vertex -19 4.96081 14.8491
      vertex -19 4.54254 7.52073
    endloop
  endfacet
  facet normal -1 0 0
    outer loop
      vertex -19 4.96081 14.8491
      vertex -19 -3.745 18.38
      vertex -19 4.88569 15.0305
    endloop
  endfacet
  facet normal -1 0 0
    outer loop
      vertex -19 4.88569 15.0305
      vertex -19 -3.745 18.38
      vertex -19 4.82667 15.2177
    endloop
  endfacet
  facet normal -1 0 0
    outer loop
      vertex -19 4.82667 15.2177
      vertex -19 -3.745 18.38
      vertex -19 4.78418 15.4093
    endloop
  endfacet
  facet normal -1 0 0
    outer loop
      vertex -19 4.78418 15.4093
      vertex -19 -3.745 18.38
      vertex -19 4.75856 15.6039
    endloop
  endfacet
  facet normal -1 0 0
    outer loop
      vertex -19 5.40901 17.391
      vertex -19 4.59023 18.5674
      vertex -19 4.745 18.6479
    endloop
  endfacet
  facet normal -1 -0 -0
    outer loop
      vertex -19 3.745 18.38
      vertex -19 4.75856 15.6039
      vertex -19 -3.745 18.38
    endloop
  endfacet
  facet normal -1 0 0
    outer loop
      vertex -19 5.40901 17.391
      vertex -19 4.42903 18.5006
      vertex -19 4.59023 18.5674
    endloop
  endfacet
  facet normal -1 0 0
    outer loop
      vertex -19 -3.745 18.38
      vertex -19 4.54254 7.52073
      vertex -19 4.40192 7.3
    endloop
  endfacet
  facet normal -1 0 0
    outer loop
      vertex -19 -3.745 18.38
      vertex -19 4.40192 7.3
      vertex -19 4.28108 7.06785
    endloop
  endfacet
  facet normal -1 0 0
    outer loop
      vertex -19 5.2764 17.2463
      vertex -19 4.26263 18.4482
      vertex -19 4.42903 18.5006
    endloop
  endfacet
  facet normal -1 0 0
    outer loop
      vertex -19 -3.745 18.38
      vertex -19 4.28108 7.06785
      vertex -19 4.18092 6.82606
    endloop
  endfacet
  facet normal -1 0 0
    outer loop
      vertex -19 -3.91931 18.3876
      vertex -19 4.18092 6.82606
      vertex -19 4.10222 6.57646
    endloop
  endfacet
  facet normal -1 0 0
    outer loop
      vertex -19 5.15691 17.0905
      vertex -19 4.09229 18.4104
      vertex -19 4.26263 18.4482
    endloop
  endfacet
  facet normal -1 0 0
    outer loop
      vertex -19 -4.09229 18.4104
      vertex -19 4.10222 6.57646
      vertex -19 4.04558 6.32094
    endloop
  endfacet
  facet normal -1 0 0
    outer loop
      vertex -19 -12.5 1.5
      vertex -19 4.04558 6.32094
      vertex -19 4.01142 6.06147
    endloop
  endfacet
  facet normal -1 0 0
    outer loop
      vertex -19 -12.5 1.5
      vertex -19 4.01142 6.06147
      vertex -19 4 5.8
    endloop
  endfacet
  facet normal -1 0 0
    outer loop
      vertex -19 5.05144 16.925
      vertex -19 3.91931 18.3876
      vertex -19 4.09229 18.4104
    endloop
  endfacet
  facet normal -1 0 0
    outer loop
      vertex -19 9.98858 6.06147
      vertex -19 12.5 1.5
      vertex -19 10 5.8
    endloop
  endfacet
  facet normal -1 0 0
    outer loop
      vertex -19 12.5 1.5
      vertex -19 9.98858 5.53853
      vertex -19 10 5.8
    endloop
  endfacet
  facet normal -1 0 0
    outer loop
      vertex -19 12.5 1.5
      vertex -19 9.95442 5.27905
      vertex -19 9.98858 5.53853
    endloop
  endfacet
  facet normal -1 0 0
    outer loop
      vertex -19 12.5 1.5
      vertex -19 9.89778 5.02354
      vertex -19 9.95442 5.27905
    endloop
  endfacet
  facet normal -1 0 0
    outer loop
      vertex -19 12.5 1.5
      vertex -19 9.81908 4.77394
      vertex -19 9.89778 5.02354
    endloop
  endfacet
  facet normal -1 0 0
    outer loop
      vertex -19 12.5 1.5
      vertex -19 9.71892 4.53214
      vertex -19 9.81908 4.77394
    endloop
  endfacet
  facet normal -1 0 0
    outer loop
      vertex -19 12.5 1.5
      vertex -19 9.59808 4.3
      vertex -19 9.71892 4.53214
    endloop
  endfacet
  facet normal -1 0 0
    outer loop
      vertex -19 12.5 1.5
      vertex -19 9.45746 4.07927
      vertex -19 9.59808 4.3
    endloop
  endfacet
  facet normal -1 0 0
    outer loop
      vertex -19 12.5 1.5
      vertex -19 9.29813 3.87164
      vertex -19 9.45746 4.07927
    endloop
  endfacet
  facet normal -1 0 0
    outer loop
      vertex -19 12.5 1.5
      vertex -19 9.12132 3.67868
      vertex -19 9.29813 3.87164
    endloop
  endfacet
  facet normal -1 0 0
    outer loop
      vertex -19 12.5 1.5
      vertex -19 8.92836 3.50187
      vertex -19 9.12132 3.67868
    endloop
  endfacet
  facet normal -1 0 0
    outer loop
      vertex -19 12.5 1.5
      vertex -19 8.72073 3.34254
      vertex -19 8.92836 3.50187
    endloop
  endfacet
  facet normal -1 0 0
    outer loop
      vertex -19 12.5 1.5
      vertex -19 8.5 3.20192
      vertex -19 8.72073 3.34254
    endloop
  endfacet
  facet normal -1 0 0
    outer loop
      vertex -19 12.5 1.5
      vertex -19 8.26785 3.08108
      vertex -19 8.5 3.20192
    endloop
  endfacet
  facet normal -1 0 0
    outer loop
      vertex -19 12.5 1.5
      vertex -19 8.02606 2.98092
      vertex -19 8.26785 3.08108
    endloop
  endfacet
  facet normal -1 0 0
    outer loop
      vertex -19 12.5 1.5
      vertex -19 7.77646 2.90222
      vertex -19 8.02606 2.98092
    endloop
  endfacet
  facet normal -1 0 0
    outer loop
      vertex -19 12.5 1.5
      vertex -19 7.52094 2.84558
      vertex -19 7.77646 2.90222
    endloop
  endfacet
  facet normal -1 0 0
    outer loop
      vertex -19 12.5 1.5
      vertex -19 7.26147 2.81142
      vertex -19 7.52094 2.84558
    endloop
  endfacet
  facet normal -1 0 0
    outer loop
      vertex -19 12.5 1.5
      vertex -19 7 2.8
      vertex -19 7.26147 2.81142
    endloop
  endfacet
  facet normal -1 0 0
    outer loop
      vertex -19 12.5 1.5
      vertex -19 6.73853 2.81142
      vertex -19 7 2.8
    endloop
  endfacet
  facet normal -1 0 0
    outer loop
      vertex -19 12.5 1.5
      vertex -19 6.47906 2.84558
      vertex -19 6.73853 2.81142
    endloop
  endfacet
  facet normal -1 0 0
    outer loop
      vertex -19 -12.5 1.5
      vertex -19 6.47906 2.84558
      vertex -19 12.5 1.5
    endloop
  endfacet
  facet normal -1 0 0
    outer loop
      vertex -19 4.96081 16.7509
      vertex -19 3.745 18.38
      vertex -19 3.91931 18.3876
    endloop
  endfacet
  facet normal -1 0 0
    outer loop
      vertex -19 4.75856 15.6039
      vertex -19 3.745 18.38
      vertex -19 4.75 15.8
    endloop
  endfacet
  facet normal -1 0 0
    outer loop
      vertex -19 -12.5 1.5
      vertex -19 4 5.8
      vertex -19 4.01142 5.53853
    endloop
  endfacet
  facet normal -1 0 0
    outer loop
      vertex -19 -12.5 1.5
      vertex -19 4.01142 5.53853
      vertex -19 4.04558 5.27905
    endloop
  endfacet
  facet normal -1 0 0
    outer loop
      vertex -19 -12.5 1.5
      vertex -19 4.04558 5.27905
      vertex -19 4.10222 5.02354
    endloop
  endfacet
  facet normal -1 0 0
    outer loop
      vertex -19 -12.5 1.5
      vertex -19 4.10222 5.02354
      vertex -19 4.18092 4.77394
    endloop
  endfacet
  facet normal -1 0 0
    outer loop
      vertex -19 -12.5 1.5
      vertex -19 4.18092 4.77394
      vertex -19 4.28108 4.53214
    endloop
  endfacet
  facet normal -1 0 0
    outer loop
      vertex -19 -12.5 1.5
      vertex -19 4.28108 4.53214
      vertex -19 4.40192 4.3
    endloop
  endfacet
  facet normal -1 0 0
    outer loop
      vertex -19 4.18092 6.82606
      vertex -19 -3.91931 18.3876
      vertex -19 -3.745 18.38
    endloop
  endfacet
  facet normal -1 -0 0
    outer loop
      vertex -19 4.04558 6.32094
      vertex -19 -12.5 1.5
      vertex -19 -4.09229 18.4104
    endloop
  endfacet
  facet normal -1 0 0
    outer loop
      vertex -19 4.10222 6.57646
      vertex -19 -4.09229 18.4104
      vertex -19 -3.91931 18.3876
    endloop
  endfacet
  facet normal -1 -0 0
    outer loop
      vertex -19 -4.09229 18.4104
      vertex -19 -12.5 1.5
      vertex -19 -4.26263 18.4482
    endloop
  endfacet
  facet normal -1 -0 0
    outer loop
      vertex -19 -4.26263 18.4482
      vertex -19 -12.5 1.5
      vertex -19 -4.42903 18.5006
    endloop
  endfacet
  facet normal -1 -0 0
    outer loop
      vertex -19 -4.42903 18.5006
      vertex -19 -12.5 1.5
      vertex -19 -4.59023 18.5674
    endloop
  endfacet
  facet normal -1 0 0
    outer loop
      vertex -19 -12.5 1.5
      vertex -19 4.40192 4.3
      vertex -19 4.54254 4.07927
    endloop
  endfacet
  facet normal -1 -0 0
    outer loop
      vertex -19 -4.59023 18.5674
      vertex -19 -12.5 1.5
      vertex -19 -4.745 18.6479
    endloop
  endfacet
  facet normal -1 -0 0
    outer loop
      vertex -19 -4.745 18.6479
      vertex -19 -12.5 1.5
      vertex -19 -4.89215 18.7417
    endloop
  endfacet
  facet normal -1 -0 0
    outer loop
      vertex -19 -4.89215 18.7417
      vertex -19 -12.5 1.5
      vertex -19 -5.03056 18.8479
    endloop
  endfacet
  facet normal -1 -0 0
    outer loop
      vertex -19 -5.03056 18.8479
      vertex -19 -12.5 1.5
      vertex -19 -5.15921 18.9658
    endloop
  endfacet
  facet normal -1 -0 0
    outer loop
      vertex -19 -5.15921 18.9658
      vertex -19 -12.5 1.5
      vertex -19 -5.27708 19.0944
    endloop
  endfacet
  facet normal -1 0 0
    outer loop
      vertex -19 -5.745 20.38
      vertex -19 -7.745 24
      vertex -19 -5.745 24
    endloop
  endfacet
  facet normal -1 0 0
    outer loop
      vertex -19 -5.73738 20.2057
      vertex -19 -7.745 24
      vertex -19 -5.745 20.38
    endloop
  endfacet
  facet normal -1 0 0
    outer loop
      vertex -19 -12.5 25
      vertex -19 -5.73738 20.2057
      vertex -19 -5.71461 20.0327
    endloop
  endfacet
  facet normal -1 0 0
    outer loop
      vertex -19 -12.5 25
      vertex -19 -5.71461 20.0327
      vertex -19 -5.67685 19.8624
    endloop
  endfacet
  facet normal -1 0 0
    outer loop
      vertex -19 -12.5 25
      vertex -19 -5.67685 19.8624
      vertex -19 -5.62437 19.696
    endloop
  endfacet
  facet normal -1 0 0
    outer loop
      vertex -19 -12.5 25
      vertex -19 -5.62437 19.696
      vertex -19 -5.55762 19.5348
    endloop
  endfacet
  facet normal -1 -0 0
    outer loop
      vertex -19 6.47906 2.84558
      vertex -19 -12.5 1.5
      vertex -19 6.22354 2.90222
    endloop
  endfacet
  facet normal -1 0 0
    outer loop
      vertex -19 -12.5 1.5
      vertex -19 5.97394 2.98092
      vertex -19 6.22354 2.90222
    endloop
  endfacet
  facet normal -1 0 0
    outer loop
      vertex -19 -12.5 1.5
      vertex -19 5.73214 3.08108
      vertex -19 5.97394 2.98092
    endloop
  endfacet
  facet normal -1 0 0
    outer loop
      vertex -19 -12.5 1.5
      vertex -19 5.5 3.20192
      vertex -19 5.73214 3.08108
    endloop
  endfacet
  facet normal -1 0 0
    outer loop
      vertex -19 -12.5 1.5
      vertex -19 5.27927 3.34254
      vertex -19 5.5 3.20192
    endloop
  endfacet
  facet normal -1 0 0
    outer loop
      vertex -19 -12.5 1.5
      vertex -19 5.07164 3.50187
      vertex -19 5.27927 3.34254
    endloop
  endfacet
  facet normal -1 0 0
    outer loop
      vertex -19 -12.5 1.5
      vertex -19 4.87868 3.67868
      vertex -19 5.07164 3.50187
    endloop
  endfacet
  facet normal -1 0 0
    outer loop
      vertex -19 -12.5 1.5
      vertex -19 4.70187 3.87164
      vertex -19 4.87868 3.67868
    endloop
  endfacet
  facet normal -1 0 0
    outer loop
      vertex -19 -12.5 1.5
      vertex -19 4.54254 4.07927
      vertex -19 4.70187 3.87164
    endloop
  endfacet
  facet normal -1 -0 0
    outer loop
      vertex -19 -5.27708 19.0944
      vertex -19 -12.5 1.5
      vertex -19 -5.3833 19.2328
    endloop
  endfacet
  facet normal -1 0 0
    outer loop
      vertex -19 -12.5 1.5
      vertex -19 -5.47705 19.38
      vertex -19 -5.3833 19.2328
    endloop
  endfacet
  facet normal -1 0 0
    outer loop
      vertex -19 -12.5 25
      vertex -19 -5.47705 19.38
      vertex -19 -12.5 1.5
    endloop
  endfacet
  facet normal -1 0 0
    outer loop
      vertex -19 -5.47705 19.38
      vertex -19 -12.5 25
      vertex -19 -5.55762 19.5348
    endloop
  endfacet
  facet normal -1 0 0
    outer loop
      vertex -19 -5.73738 20.2057
      vertex -19 -12.5 25
      vertex -19 -7.745 24
    endloop
  endfacet
  facet normal -1 0 0
    outer loop
      vertex -19 -7.745 24
      vertex -19 -12.5 25
      vertex -19 -7.745 25
    endloop
  endfacet
  facet normal -1 0 0
    outer loop
      vertex -19 9.95442 6.32094
      vertex -19 12.5 1.5
      vertex -19 9.98858 6.06147
    endloop
  endfacet
  facet normal -1 0 0
    outer loop
      vertex -19 9.89778 6.57646
      vertex -19 12.5 1.5
      vertex -19 9.95442 6.32094
    endloop
  endfacet
  facet normal -1 0 0
    outer loop
      vertex -19 9.24144 15.6039
      vertex -19 12.5 1.5
      vertex -19 9.89778 6.57646
    endloop
  endfacet
  facet normal -1 0 0
    outer loop
      vertex -19 9.24144 15.6039
      vertex -19 9.89778 6.57646
      vertex -19 9.81908 6.82606
    endloop
  endfacet
  facet normal -1 0 0
    outer loop
      vertex -19 9.24144 15.6039
      vertex -19 9.81908 6.82606
      vertex -19 9.71892 7.06785
    endloop
  endfacet
  facet normal -1 0 0
    outer loop
      vertex -19 9.24144 15.6039
      vertex -19 9.71892 7.06785
      vertex -19 9.59808 7.3
    endloop
  endfacet
  facet normal -1 0 0
    outer loop
      vertex -19 9.24144 15.6039
      vertex -19 9.59808 7.3
      vertex -19 9.45746 7.52073
    endloop
  endfacet
  facet normal -1 0 0
    outer loop
      vertex -19 8.94856 14.675
      vertex -19 9.45746 7.52073
      vertex -19 9.29813 7.72836
    endloop
  endfacet
  facet normal -1 0 0
    outer loop
      vertex -19 9.24144 15.6039
      vertex -19 12.5 25
      vertex -19 12.5 1.5
    endloop
  endfacet
  facet normal -1 0 0
    outer loop
      vertex -19 9.24144 15.9961
      vertex -19 12.5 25
      vertex -19 9.25 15.8
    endloop
  endfacet
  facet normal -1 0 0
    outer loop
      vertex -19 9.21582 16.1907
      vertex -19 12.5 25
      vertex -19 9.24144 15.9961
    endloop
  endfacet
  facet normal -1 0 0
    outer loop
      vertex -19 9.17333 16.3823
      vertex -19 12.5 25
      vertex -19 9.21582 16.1907
    endloop
  endfacet
  facet normal -1 0 0
    outer loop
      vertex -19 9.11431 16.5695
      vertex -19 12.5 25
      vertex -19 9.17333 16.3823
    endloop
  endfacet
  facet normal -1 0 0
    outer loop
      vertex -19 9.03919 16.7509
      vertex -19 12.5 25
      vertex -19 9.11431 16.5695
    endloop
  endfacet
  facet normal -1 0 0
    outer loop
      vertex -19 8.94856 16.925
      vertex -19 12.5 25
      vertex -19 9.03919 16.7509
    endloop
  endfacet
  facet normal -1 0 0
    outer loop
      vertex -19 8.84309 17.0905
      vertex -19 12.5 25
      vertex -19 8.94856 16.925
    endloop
  endfacet
  facet normal -1 0 0
    outer loop
      vertex -19 8.7236 17.2463
      vertex -19 12.5 25
      vertex -19 8.84309 17.0905
    endloop
  endfacet
  facet normal -1 0 0
    outer loop
      vertex -19 8.59099 17.391
      vertex -19 12.5 25
      vertex -19 8.7236 17.2463
    endloop
  endfacet
  facet normal -1 0 0
    outer loop
      vertex -19 8.44627 17.5236
      vertex -19 12.5 25
      vertex -19 8.59099 17.391
    endloop
  endfacet
  facet normal -1 0 0
    outer loop
      vertex -19 8.29055 17.6431
      vertex -19 12.5 25
      vertex -19 8.44627 17.5236
    endloop
  endfacet
  facet normal -1 0 0
    outer loop
      vertex -19 7.745 24
      vertex -19 8.29055 17.6431
      vertex -19 8.125 17.7486
    endloop
  endfacet
  facet normal -1 0 0
    outer loop
      vertex -19 7.745 24
      vertex -19 8.125 17.7486
      vertex -19 7.95089 17.8392
    endloop
  endfacet
  facet normal -1 0 0
    outer loop
      vertex -19 7.745 24
      vertex -19 7.95089 17.8392
      vertex -19 7.76954 17.9143
    endloop
  endfacet
  facet normal -1 0 0
    outer loop
      vertex -19 8.29055 17.6431
      vertex -19 7.745 24
      vertex -19 12.5 25
    endloop
  endfacet
  facet normal -1 -0 0
    outer loop
      vertex -19 12.5 25
      vertex -19 7.745 24
      vertex -19 7.745 25
    endloop
  endfacet
  facet normal -0.216445 0.976295 0
    outer loop
      vertex -16.9341 14.962 1.5
      vertex -17.147 14.9148 25
      vertex -16.9341 14.962 25
    endloop
  endfacet
  facet normal -0.216445 0.976295 0
    outer loop
      vertex -17.147 14.9148 25
      vertex -16.9341 14.962 1.5
      vertex -17.147 14.9148 1.5
    endloop
  endfacet
  facet normal -0.923916 -0.382595 0
    outer loop
      vertex -18.7658 -13.5565 1.5
      vertex -18.8492 -13.3551 25
      vertex -18.8492 -13.3551 1.5
    endloop
  endfacet
  facet normal -0.923916 -0.382595 0
    outer loop
      vertex -18.8492 -13.3551 25
      vertex -18.7658 -13.5565 1.5
      vertex -18.7658 -13.5565 25
    endloop
  endfacet
  facet normal -0.976295 -0.216445 0
    outer loop
      vertex -18.9148 -13.147 1.5
      vertex -18.962 -12.9341 25
      vertex -18.962 -12.9341 1.5
    endloop
  endfacet
  facet normal -0.976295 -0.216445 0
    outer loop
      vertex -18.962 -12.9341 25
      vertex -18.9148 -13.147 1.5
      vertex -18.9148 -13.147 25
    endloop
  endfacet
  facet normal -0.608691 -0.793407 0
    outer loop
      vertex -18.107 -14.4151 1.5
      vertex -17.9339 -14.5479 25
      vertex -18.107 -14.4151 25
    endloop
  endfacet
  facet normal -0.608691 -0.793407 -0
    outer loop
      vertex -17.9339 -14.5479 25
      vertex -18.107 -14.4151 1.5
      vertex -17.9339 -14.5479 1.5
    endloop
  endfacet
  facet normal -0.887067 -0.461641 0
    outer loop
      vertex -18.6651 -13.75 1.5
      vertex -18.7658 -13.5565 25
      vertex -18.7658 -13.5565 1.5
    endloop
  endfacet
  facet normal -0.887067 -0.461641 0
    outer loop
      vertex -18.7658 -13.5565 25
      vertex -18.6651 -13.75 1.5
      vertex -18.6651 -13.75 25
    endloop
  endfacet
  facet normal 0.130692 -0.991423 0
    outer loop
      vertex 16.7179 -14.9905 1.5
      vertex 16.9341 -14.962 25
      vertex 16.7179 -14.9905 25
    endloop
  endfacet
  facet normal 0.130692 -0.991423 0
    outer loop
      vertex 16.9341 -14.962 25
      vertex 16.7179 -14.9905 1.5
      vertex 16.9341 -14.962 1.5
    endloop
  endfacet
  facet normal 0.976295 0.216445 0
    outer loop
      vertex 18.962 12.9341 25
      vertex 18.9148 13.147 1.5
      vertex 18.9148 13.147 25
    endloop
  endfacet
  facet normal 0.976295 0.216445 0
    outer loop
      vertex 18.9148 13.147 1.5
      vertex 18.962 12.9341 25
      vertex 18.962 12.9341 1.5
    endloop
  endfacet
  facet normal 0.608691 -0.793407 0
    outer loop
      vertex 17.9339 -14.5479 1.5
      vertex 18.107 -14.4151 25
      vertex 17.9339 -14.5479 25
    endloop
  endfacet
  facet normal 0.608691 -0.793407 0
    outer loop
      vertex 18.107 -14.4151 25
      vertex 17.9339 -14.5479 1.5
      vertex 18.107 -14.4151 1.5
    endloop
  endfacet
  facet normal 0.537439 -0.843303 0
    outer loop
      vertex 17.75 -14.6651 1.5
      vertex 17.9339 -14.5479 25
      vertex 17.75 -14.6651 25
    endloop
  endfacet
  facet normal 0.537439 -0.843303 0
    outer loop
      vertex 17.9339 -14.5479 25
      vertex 17.75 -14.6651 1.5
      vertex 17.9339 -14.5479 1.5
    endloop
  endfacet
  facet normal 0.991423 0.130692 0
    outer loop
      vertex 18.9905 12.7179 25
      vertex 18.962 12.9341 1.5
      vertex 18.962 12.9341 25
    endloop
  endfacet
  facet normal 0.991423 0.130692 0
    outer loop
      vertex 18.962 12.9341 1.5
      vertex 18.9905 12.7179 25
      vertex 18.9905 12.7179 1.5
    endloop
  endfacet
  facet normal 0.675475 -0.737383 0
    outer loop
      vertex 18.107 -14.4151 1.5
      vertex 18.2678 -14.2678 25
      vertex 18.107 -14.4151 25
    endloop
  endfacet
  facet normal 0.675475 -0.737383 0
    outer loop
      vertex 18.2678 -14.2678 25
      vertex 18.107 -14.4151 1.5
      vertex 18.2678 -14.2678 1.5
    endloop
  endfacet
  facet normal 0.130692 0.991423 -0
    outer loop
      vertex 16.9341 14.962 1.5
      vertex 16.7179 14.9905 25
      vertex 16.9341 14.962 25
    endloop
  endfacet
  facet normal 0.130692 0.991423 0
    outer loop
      vertex 16.7179 14.9905 25
      vertex 16.9341 14.962 1.5
      vertex 16.7179 14.9905 1.5
    endloop
  endfacet
  facet normal 0.300649 -0.953735 0
    outer loop
      vertex 17.147 -14.9148 1.5
      vertex 17.3551 -14.8492 25
      vertex 17.147 -14.9148 25
    endloop
  endfacet
  facet normal 0.300649 -0.953735 0
    outer loop
      vertex 17.3551 -14.8492 25
      vertex 17.147 -14.9148 1.5
      vertex 17.3551 -14.8492 1.5
    endloop
  endfacet
  facet normal 0.887067 -0.461641 0
    outer loop
      vertex 18.6651 -13.75 25
      vertex 18.7658 -13.5565 1.5
      vertex 18.7658 -13.5565 25
    endloop
  endfacet
  facet normal 0.887067 -0.461641 0
    outer loop
      vertex 18.7658 -13.5565 1.5
      vertex 18.6651 -13.75 25
      vertex 18.6651 -13.75 1.5
    endloop
  endfacet
  facet normal 0.461641 -0.887067 0
    outer loop
      vertex 17.5565 -14.7658 1.5
      vertex 17.75 -14.6651 25
      vertex 17.5565 -14.7658 25
    endloop
  endfacet
  facet normal 0.461641 -0.887067 0
    outer loop
      vertex 17.75 -14.6651 25
      vertex 17.5565 -14.7658 1.5
      vertex 17.75 -14.6651 1.5
    endloop
  endfacet
  facet normal 0.991423 -0.130692 0
    outer loop
      vertex 18.962 -12.9341 25
      vertex 18.9905 -12.7179 1.5
      vertex 18.9905 -12.7179 25
    endloop
  endfacet
  facet normal 0.991423 -0.130692 0
    outer loop
      vertex 18.9905 -12.7179 1.5
      vertex 18.962 -12.9341 25
      vertex 18.962 -12.9341 1.5
    endloop
  endfacet
  facet normal -0.382595 0.923916 0
    outer loop
      vertex -17.3551 14.8492 1.5
      vertex -17.5565 14.7658 25
      vertex -17.3551 14.8492 25
    endloop
  endfacet
  facet normal -0.382595 0.923916 0
    outer loop
      vertex -17.5565 14.7658 25
      vertex -17.3551 14.8492 1.5
      vertex -17.5565 14.7658 1.5
    endloop
  endfacet
  facet normal -0.461641 0.887067 0
    outer loop
      vertex -17.5565 14.7658 1.5
      vertex -17.75 14.6651 25
      vertex -17.5565 14.7658 25
    endloop
  endfacet
  facet normal -0.461641 0.887067 0
    outer loop
      vertex -17.75 14.6651 25
      vertex -17.5565 14.7658 1.5
      vertex -17.75 14.6651 1.5
    endloop
  endfacet
  facet normal -0.843303 0.537439 0
    outer loop
      vertex -18.6651 13.75 1.5
      vertex -18.5479 13.9339 25
      vertex -18.5479 13.9339 1.5
    endloop
  endfacet
  facet normal -0.843303 0.537439 0
    outer loop
      vertex -18.5479 13.9339 25
      vertex -18.6651 13.75 1.5
      vertex -18.6651 13.75 25
    endloop
  endfacet
  facet normal 0.793407 0.608691 0
    outer loop
      vertex 18.5479 13.9339 25
      vertex 18.4151 14.107 1.5
      vertex 18.4151 14.107 25
    endloop
  endfacet
  facet normal 0.793407 0.608691 0
    outer loop
      vertex 18.4151 14.107 1.5
      vertex 18.5479 13.9339 25
      vertex 18.5479 13.9339 1.5
    endloop
  endfacet
  facet normal 0.953735 -0.300649 0
    outer loop
      vertex 18.8492 -13.3551 25
      vertex 18.9148 -13.147 1.5
      vertex 18.9148 -13.147 25
    endloop
  endfacet
  facet normal 0.953735 -0.300649 0
    outer loop
      vertex 18.9148 -13.147 1.5
      vertex 18.8492 -13.3551 25
      vertex 18.8492 -13.3551 1.5
    endloop
  endfacet
  facet normal 0.737383 0.675475 0
    outer loop
      vertex 18.4151 14.107 25
      vertex 18.2678 14.2678 1.5
      vertex 18.2678 14.2678 25
    endloop
  endfacet
  facet normal 0.737383 0.675475 0
    outer loop
      vertex 18.2678 14.2678 1.5
      vertex 18.4151 14.107 25
      vertex 18.4151 14.107 1.5
    endloop
  endfacet
  facet normal 0.737383 -0.675475 0
    outer loop
      vertex 18.2678 -14.2678 25
      vertex 18.4151 -14.107 1.5
      vertex 18.4151 -14.107 25
    endloop
  endfacet
  facet normal 0.737383 -0.675475 0
    outer loop
      vertex 18.4151 -14.107 1.5
      vertex 18.2678 -14.2678 25
      vertex 18.2678 -14.2678 1.5
    endloop
  endfacet
  facet normal 0.216445 -0.976295 0
    outer loop
      vertex 16.9341 -14.962 1.5
      vertex 17.147 -14.9148 25
      vertex 16.9341 -14.962 25
    endloop
  endfacet
  facet normal 0.216445 -0.976295 0
    outer loop
      vertex 17.147 -14.9148 25
      vertex 16.9341 -14.962 1.5
      vertex 17.147 -14.9148 1.5
    endloop
  endfacet
  facet normal 0 0.216413 -0.976302
    outer loop
      vertex -26.25 7.52094 2.84558
      vertex -19 7.77646 2.90222
      vertex -19 7.52094 2.84558
    endloop
  endfacet
  facet normal 0 0.216413 -0.976302
    outer loop
      vertex -19 7.77646 2.90222
      vertex -26.25 7.52094 2.84558
      vertex -26.25 7.77646 2.90222
    endloop
  endfacet
  facet normal 0 0.0436345 -0.999048
    outer loop
      vertex -26.25 7 2.8
      vertex -19 7.26147 2.81142
      vertex -19 7 2.8
    endloop
  endfacet
  facet normal 0 0.0436345 -0.999048
    outer loop
      vertex -19 7.26147 2.81142
      vertex -26.25 7 2.8
      vertex -26.25 7.26147 2.81142
    endloop
  endfacet
  facet normal 0 -0.382694 -0.923875
    outer loop
      vertex -26.25 5.73214 3.08108
      vertex -19 5.97394 2.98092
      vertex -19 5.73214 3.08108
    endloop
  endfacet
  facet normal -0 -0.382694 -0.923875
    outer loop
      vertex -19 5.97394 2.98092
      vertex -26.25 5.73214 3.08108
      vertex -26.25 5.97394 2.98092
    endloop
  endfacet
  facet normal 0 -0.976302 0.216413
    outer loop
      vertex -26.25 4.04558 6.32094
      vertex -19 4.10222 6.57646
      vertex -26.25 4.10222 6.57646
    endloop
  endfacet
  facet normal 0 -0.976302 0.216413
    outer loop
      vertex -19 4.10222 6.57646
      vertex -26.25 4.04558 6.32094
      vertex -19 4.04558 6.32094
    endloop
  endfacet
  facet normal 0 0.737287 0.675579
    outer loop
      vertex -19 9.29813 7.72836
      vertex -26.25 9.12132 7.92132
      vertex -19 9.12132 7.92132
    endloop
  endfacet
  facet normal 0 0.737287 0.675579
    outer loop
      vertex -26.25 9.12132 7.92132
      vertex -19 9.29813 7.72836
      vertex -26.25 9.29813 7.72836
    endloop
  endfacet
  facet normal 0 -0.843392 -0.537298
    outer loop
      vertex -26.25 4.54254 4.07927
      vertex -19 4.40192 4.3
      vertex -26.25 4.40192 4.3
    endloop
  endfacet
  facet normal 0 -0.843392 -0.537298
    outer loop
      vertex -19 4.40192 4.3
      vertex -26.25 4.54254 4.07927
      vertex -19 4.54254 4.07927
    endloop
  endfacet
  facet normal 0 -0.608785 -0.793335
    outer loop
      vertex -26.25 5.07164 3.50187
      vertex -19 5.27927 3.34254
      vertex -19 5.07164 3.50187
    endloop
  endfacet
  facet normal -0 -0.608785 -0.793335
    outer loop
      vertex -19 5.27927 3.34254
      vertex -26.25 5.07164 3.50187
      vertex -26.25 5.27927 3.34254
    endloop
  endfacet
  facet normal 0 -0.300711 0.953715
    outer loop
      vertex -26.25 6.22354 8.69778
      vertex -19 5.97394 8.61908
      vertex -19 6.22354 8.69778
    endloop
  endfacet
  facet normal 0 -0.300711 0.953715
    outer loop
      vertex -19 5.97394 8.61908
      vertex -26.25 6.22354 8.69778
      vertex -26.25 5.97394 8.61908
    endloop
  endfacet
  facet normal -0 0.537298 0.843392
    outer loop
      vertex -26.25 8.72073 8.25746
      vertex -19 8.5 8.39808
      vertex -19 8.72073 8.25746
    endloop
  endfacet
  facet normal 0 0.537298 0.843392
    outer loop
      vertex -19 8.5 8.39808
      vertex -26.25 8.72073 8.25746
      vertex -26.25 8.5 8.39808
    endloop
  endfacet
  facet normal 0 -0.92387 0.382707
    outer loop
      vertex -26.25 4.18092 6.82606
      vertex -19 4.28108 7.06785
      vertex -26.25 4.28108 7.06785
    endloop
  endfacet
  facet normal 0 -0.92387 0.382707
    outer loop
      vertex -19 4.28108 7.06785
      vertex -26.25 4.18092 6.82606
      vertex -19 4.18092 6.82606
    endloop
  endfacet
  facet normal 0 -0.130527 -0.991445
    outer loop
      vertex -26.25 6.47906 2.84558
      vertex -19 6.73853 2.81142
      vertex -19 6.47906 2.84558
    endloop
  endfacet
  facet normal -0 -0.130527 -0.991445
    outer loop
      vertex -19 6.73853 2.81142
      vertex -26.25 6.47906 2.84558
      vertex -26.25 6.73853 2.81142
    endloop
  endfacet
  facet normal 0 0.887018 -0.461735
    outer loop
      vertex -19 9.59808 4.3
      vertex -26.25 9.71892 4.53214
      vertex -19 9.71892 4.53214
    endloop
  endfacet
  facet normal 0 0.887018 -0.461735
    outer loop
      vertex -26.25 9.71892 4.53214
      vertex -19 9.59808 4.3
      vertex -26.25 9.59808 4.3
    endloop
  endfacet
  facet normal 0 -0.537298 0.843392
    outer loop
      vertex -26.25 5.5 8.39808
      vertex -19 5.27927 8.25746
      vertex -19 5.5 8.39808
    endloop
  endfacet
  facet normal 0 -0.537298 0.843392
    outer loop
      vertex -19 5.27927 8.25746
      vertex -26.25 5.5 8.39808
      vertex -26.25 5.27927 8.25746
    endloop
  endfacet
  facet normal 0 -0.382694 0.923875
    outer loop
      vertex -26.25 5.97394 8.61908
      vertex -19 5.73214 8.51892
      vertex -19 5.97394 8.61908
    endloop
  endfacet
  facet normal 0 -0.382694 0.923875
    outer loop
      vertex -19 5.73214 8.51892
      vertex -26.25 5.97394 8.61908
      vertex -26.25 5.73214 8.51892
    endloop
  endfacet
  facet normal 0 -0.216413 -0.976302
    outer loop
      vertex -26.25 6.22354 2.90222
      vertex -19 6.47906 2.84558
      vertex -19 6.22354 2.90222
    endloop
  endfacet
  facet normal -0 -0.216413 -0.976302
    outer loop
      vertex -19 6.47906 2.84558
      vertex -26.25 6.22354 2.90222
      vertex -26.25 6.47906 2.84558
    endloop
  endfacet
  facet normal 0 0.843392 -0.537298
    outer loop
      vertex -19 9.45746 4.07927
      vertex -26.25 9.59808 4.3
      vertex -19 9.59808 4.3
    endloop
  endfacet
  facet normal 0 0.843392 -0.537298
    outer loop
      vertex -26.25 9.59808 4.3
      vertex -19 9.45746 4.07927
      vertex -26.25 9.45746 4.07927
    endloop
  endfacet
  facet normal 0 0.608785 -0.793335
    outer loop
      vertex -26.25 8.72073 3.34254
      vertex -19 8.92836 3.50187
      vertex -19 8.72073 3.34254
    endloop
  endfacet
  facet normal 0 0.608785 -0.793335
    outer loop
      vertex -19 8.92836 3.50187
      vertex -26.25 8.72073 3.34254
      vertex -26.25 8.92836 3.50187
    endloop
  endfacet
  facet normal 0 0.887026 0.46172
    outer loop
      vertex -19 9.71892 7.06785
      vertex -26.25 9.59808 7.3
      vertex -19 9.59808 7.3
    endloop
  endfacet
  facet normal 0 0.887026 0.46172
    outer loop
      vertex -26.25 9.59808 7.3
      vertex -19 9.71892 7.06785
      vertex -26.25 9.71892 7.06785
    endloop
  endfacet
  facet normal 0 -0.461735 -0.887018
    outer loop
      vertex -26.25 5.5 3.20192
      vertex -19 5.73214 3.08108
      vertex -19 5.5 3.20192
    endloop
  endfacet
  facet normal -0 -0.461735 -0.887018
    outer loop
      vertex -19 5.73214 3.08108
      vertex -26.25 5.5 3.20192
      vertex -26.25 5.73214 3.08108
    endloop
  endfacet
  facet normal 0 -0.923875 -0.382694
    outer loop
      vertex -26.25 4.28108 4.53214
      vertex -19 4.18092 4.77394
      vertex -26.25 4.18092 4.77394
    endloop
  endfacet
  facet normal 0 -0.923875 -0.382694
    outer loop
      vertex -19 4.18092 4.77394
      vertex -26.25 4.28108 4.53214
      vertex -19 4.28108 4.53214
    endloop
  endfacet
  facet normal 0 0.92387 0.382707
    outer loop
      vertex -19 9.81908 6.82606
      vertex -26.25 9.71892 7.06785
      vertex -19 9.71892 7.06785
    endloop
  endfacet
  facet normal 0 0.92387 0.382707
    outer loop
      vertex -26.25 9.71892 7.06785
      vertex -19 9.81908 6.82606
      vertex -26.25 9.81908 6.82606
    endloop
  endfacet
  facet normal 0 -0.0436345 0.999048
    outer loop
      vertex -26.25 7 8.8
      vertex -19 6.73853 8.78858
      vertex -19 7 8.8
    endloop
  endfacet
  facet normal 0 -0.0436345 0.999048
    outer loop
      vertex -19 6.73853 8.78858
      vertex -26.25 7 8.8
      vertex -26.25 6.73853 8.78858
    endloop
  endfacet
  facet normal 0 -0.461735 0.887018
    outer loop
      vertex -26.25 5.73214 8.51892
      vertex -19 5.5 8.39808
      vertex -19 5.73214 8.51892
    endloop
  endfacet
  facet normal 0 -0.461735 0.887018
    outer loop
      vertex -19 5.5 8.39808
      vertex -26.25 5.73214 8.51892
      vertex -26.25 5.5 8.39808
    endloop
  endfacet
  facet normal 0 -0.216413 0.976302
    outer loop
      vertex -26.25 6.47906 8.75442
      vertex -19 6.22354 8.69778
      vertex -19 6.47906 8.75442
    endloop
  endfacet
  facet normal 0 -0.216413 0.976302
    outer loop
      vertex -19 6.22354 8.69778
      vertex -26.25 6.47906 8.75442
      vertex -26.25 6.22354 8.69778
    endloop
  endfacet
  facet normal 0 0.923875 -0.382694
    outer loop
      vertex -19 9.71892 4.53214
      vertex -26.25 9.81908 4.77394
      vertex -19 9.81908 4.77394
    endloop
  endfacet
  facet normal 0 0.923875 -0.382694
    outer loop
      vertex -26.25 9.81908 4.77394
      vertex -19 9.71892 4.53214
      vertex -26.25 9.71892 4.53214
    endloop
  endfacet
  facet normal 0 0.130527 -0.991445
    outer loop
      vertex -26.25 7.26147 2.81142
      vertex -19 7.52094 2.84558
      vertex -19 7.26147 2.81142
    endloop
  endfacet
  facet normal 0 0.130527 -0.991445
    outer loop
      vertex -19 7.52094 2.84558
      vertex -26.25 7.26147 2.81142
      vertex -26.25 7.52094 2.84558
    endloop
  endfacet
  facet normal -0 0.608785 0.793335
    outer loop
      vertex -26.25 8.92836 8.09813
      vertex -19 8.72073 8.25746
      vertex -19 8.92836 8.09813
    endloop
  endfacet
  facet normal 0 0.608785 0.793335
    outer loop
      vertex -19 8.72073 8.25746
      vertex -26.25 8.92836 8.09813
      vertex -26.25 8.72073 8.25746
    endloop
  endfacet
  facet normal 0 0.9763 -0.216421
    outer loop
      vertex -19 9.89778 5.02354
      vertex -26.25 9.95442 5.27905
      vertex -19 9.95442 5.27905
    endloop
  endfacet
  facet normal 0 0.9763 -0.216421
    outer loop
      vertex -26.25 9.95442 5.27905
      vertex -19 9.89778 5.02354
      vertex -26.25 9.89778 5.02354
    endloop
  endfacet
  facet normal 0 -0.0436345 -0.999048
    outer loop
      vertex -26.25 6.73853 2.81142
      vertex -19 7 2.8
      vertex -19 6.73853 2.81142
    endloop
  endfacet
  facet normal -0 -0.0436345 -0.999048
    outer loop
      vertex -19 7 2.8
      vertex -26.25 6.73853 2.81142
      vertex -26.25 7 2.8
    endloop
  endfacet
  facet normal 0 -0.737287 0.675579
    outer loop
      vertex -26.25 4.70187 7.72836
      vertex -19 4.87868 7.92132
      vertex -26.25 4.87868 7.92132
    endloop
  endfacet
  facet normal 0 -0.737287 0.675579
    outer loop
      vertex -19 4.87868 7.92132
      vertex -26.25 4.70187 7.72836
      vertex -19 4.70187 7.72836
    endloop
  endfacet
  facet normal 0 -0.843392 0.537298
    outer loop
      vertex -26.25 4.40192 7.3
      vertex -19 4.54254 7.52073
      vertex -26.25 4.54254 7.52073
    endloop
  endfacet
  facet normal 0 -0.843392 0.537298
    outer loop
      vertex -19 4.54254 7.52073
      vertex -26.25 4.40192 7.3
      vertex -19 4.40192 7.3
    endloop
  endfacet
  facet normal 0 -0.608785 0.793335
    outer loop
      vertex -26.25 5.27927 8.25746
      vertex -19 5.07164 8.09813
      vertex -19 5.27927 8.25746
    endloop
  endfacet
  facet normal 0 -0.608785 0.793335
    outer loop
      vertex -19 5.07164 8.09813
      vertex -26.25 5.27927 8.25746
      vertex -26.25 5.07164 8.09813
    endloop
  endfacet
  facet normal 0 0.793335 -0.608785
    outer loop
      vertex -19 9.29813 3.87164
      vertex -26.25 9.45746 4.07927
      vertex -19 9.45746 4.07927
    endloop
  endfacet
  facet normal 0 0.793335 -0.608785
    outer loop
      vertex -26.25 9.45746 4.07927
      vertex -19 9.29813 3.87164
      vertex -26.25 9.29813 3.87164
    endloop
  endfacet
  facet normal 0 -0.991445 -0.130522
    outer loop
      vertex -26.25 4.04558 5.27905
      vertex -19 4.01142 5.53853
      vertex -26.25 4.01142 5.53853
    endloop
  endfacet
  facet normal 0 -0.991445 -0.130522
    outer loop
      vertex -19 4.01142 5.53853
      vertex -26.25 4.04558 5.27905
      vertex -19 4.04558 5.27905
    endloop
  endfacet
  facet normal 0 0.300711 -0.953715
    outer loop
      vertex -26.25 7.77646 2.90222
      vertex -19 8.02606 2.98092
      vertex -19 7.77646 2.90222
    endloop
  endfacet
  facet normal 0 0.300711 -0.953715
    outer loop
      vertex -19 8.02606 2.98092
      vertex -26.25 7.77646 2.90222
      vertex -26.25 8.02606 2.98092
    endloop
  endfacet
  facet normal 0 -0.537298 -0.843392
    outer loop
      vertex -26.25 5.27927 3.34254
      vertex -19 5.5 3.20192
      vertex -19 5.27927 3.34254
    endloop
  endfacet
  facet normal -0 -0.537298 -0.843392
    outer loop
      vertex -19 5.5 3.20192
      vertex -26.25 5.27927 3.34254
      vertex -26.25 5.5 3.20192
    endloop
  endfacet
  facet normal 0 -0.9763 -0.216421
    outer loop
      vertex -26.25 4.10222 5.02354
      vertex -19 4.04558 5.27905
      vertex -26.25 4.04558 5.27905
    endloop
  endfacet
  facet normal 0 -0.9763 -0.216421
    outer loop
      vertex -19 4.04558 5.27905
      vertex -26.25 4.10222 5.02354
      vertex -19 4.10222 5.02354
    endloop
  endfacet
  facet normal 0 -0.300711 -0.953715
    outer loop
      vertex -26.25 5.97394 2.98092
      vertex -19 6.22354 2.90222
      vertex -19 5.97394 2.98092
    endloop
  endfacet
  facet normal -0 -0.300711 -0.953715
    outer loop
      vertex -19 6.22354 2.90222
      vertex -26.25 5.97394 2.98092
      vertex -26.25 6.22354 2.90222
    endloop
  endfacet
  facet normal 0 0.991445 0.130527
    outer loop
      vertex -19 9.98858 6.06147
      vertex -26.25 9.95442 6.32094
      vertex -19 9.95442 6.32094
    endloop
  endfacet
  facet normal 0 0.991445 0.130527
    outer loop
      vertex -26.25 9.95442 6.32094
      vertex -19 9.98858 6.06147
      vertex -26.25 9.98858 6.06147
    endloop
  endfacet
  facet normal 0 0.737287 -0.675579
    outer loop
      vertex -19 9.12132 3.67868
      vertex -26.25 9.29813 3.87164
      vertex -19 9.29813 3.87164
    endloop
  endfacet
  facet normal 0 0.737287 -0.675579
    outer loop
      vertex -26.25 9.29813 3.87164
      vertex -19 9.12132 3.67868
      vertex -26.25 9.12132 3.67868
    endloop
  endfacet
  facet normal -0 0.382707 0.92387
    outer loop
      vertex -26.25 8.26785 8.51892
      vertex -19 8.02606 8.61908
      vertex -19 8.26785 8.51892
    endloop
  endfacet
  facet normal 0 0.382707 0.92387
    outer loop
      vertex -19 8.02606 8.61908
      vertex -26.25 8.26785 8.51892
      vertex -26.25 8.02606 8.61908
    endloop
  endfacet
  facet normal 0 0.537298 -0.843392
    outer loop
      vertex -26.25 8.5 3.20192
      vertex -19 8.72073 3.34254
      vertex -19 8.5 3.20192
    endloop
  endfacet
  facet normal 0 0.537298 -0.843392
    outer loop
      vertex -19 8.72073 3.34254
      vertex -26.25 8.5 3.20192
      vertex -26.25 8.72073 3.34254
    endloop
  endfacet
  facet normal -0 0.130527 0.991445
    outer loop
      vertex -26.25 7.52094 8.75442
      vertex -19 7.26147 8.78858
      vertex -19 7.52094 8.75442
    endloop
  endfacet
  facet normal 0 0.130527 0.991445
    outer loop
      vertex -19 7.26147 8.78858
      vertex -26.25 7.52094 8.75442
      vertex -26.25 7.26147 8.78858
    endloop
  endfacet
  facet normal -0 0.675579 0.737287
    outer loop
      vertex -26.25 9.12132 7.92132
      vertex -19 8.92836 8.09813
      vertex -19 9.12132 7.92132
    endloop
  endfacet
  facet normal 0 0.675579 0.737287
    outer loop
      vertex -19 8.92836 8.09813
      vertex -26.25 9.12132 7.92132
      vertex -26.25 8.92836 8.09813
    endloop
  endfacet
  facet normal -0 0.300711 0.953715
    outer loop
      vertex -26.25 8.02606 8.61908
      vertex -19 7.77646 8.69778
      vertex -19 8.02606 8.61908
    endloop
  endfacet
  facet normal 0 0.300711 0.953715
    outer loop
      vertex -19 7.77646 8.69778
      vertex -26.25 8.02606 8.61908
      vertex -26.25 7.77646 8.69778
    endloop
  endfacet
  facet normal 0 0.999048 0.0436345
    outer loop
      vertex -19 10 5.8
      vertex -26.25 9.98858 6.06147
      vertex -19 9.98858 6.06147
    endloop
  endfacet
  facet normal 0 0.999048 0.0436345
    outer loop
      vertex -26.25 9.98858 6.06147
      vertex -19 10 5.8
      vertex -26.25 10 5.8
    endloop
  endfacet
  facet normal 0 -0.675579 0.737287
    outer loop
      vertex -26.25 5.07164 8.09813
      vertex -19 4.87868 7.92132
      vertex -19 5.07164 8.09813
    endloop
  endfacet
  facet normal 0 -0.675579 0.737287
    outer loop
      vertex -19 4.87868 7.92132
      vertex -26.25 5.07164 8.09813
      vertex -26.25 4.87868 7.92132
    endloop
  endfacet
  facet normal 0 -0.887018 -0.461735
    outer loop
      vertex -26.25 4.40192 4.3
      vertex -19 4.28108 4.53214
      vertex -26.25 4.28108 4.53214
    endloop
  endfacet
  facet normal 0 -0.887018 -0.461735
    outer loop
      vertex -19 4.28108 4.53214
      vertex -26.25 4.40192 4.3
      vertex -19 4.40192 4.3
    endloop
  endfacet
  facet normal 0 0.999048 -0.0436345
    outer loop
      vertex -19 9.98858 5.53853
      vertex -26.25 10 5.8
      vertex -19 10 5.8
    endloop
  endfacet
  facet normal 0 0.999048 -0.0436345
    outer loop
      vertex -26.25 10 5.8
      vertex -19 9.98858 5.53853
      vertex -26.25 9.98858 5.53853
    endloop
  endfacet
  facet normal 0 -0.130527 0.991445
    outer loop
      vertex -26.25 6.73853 8.78858
      vertex -19 6.47906 8.75442
      vertex -19 6.73853 8.78858
    endloop
  endfacet
  facet normal 0 -0.130527 0.991445
    outer loop
      vertex -19 6.47906 8.75442
      vertex -26.25 6.73853 8.78858
      vertex -26.25 6.47906 8.75442
    endloop
  endfacet
  facet normal -0 0.216413 0.976302
    outer loop
      vertex -26.25 7.77646 8.69778
      vertex -19 7.52094 8.75442
      vertex -19 7.77646 8.69778
    endloop
  endfacet
  facet normal 0 0.216413 0.976302
    outer loop
      vertex -19 7.52094 8.75442
      vertex -26.25 7.77646 8.69778
      vertex -26.25 7.52094 8.75442
    endloop
  endfacet
  facet normal 0 0.46172 -0.887026
    outer loop
      vertex -26.25 8.26785 3.08108
      vertex -19 8.5 3.20192
      vertex -19 8.26785 3.08108
    endloop
  endfacet
  facet normal 0 0.46172 -0.887026
    outer loop
      vertex -19 8.5 3.20192
      vertex -26.25 8.26785 3.08108
      vertex -26.25 8.5 3.20192
    endloop
  endfacet
  facet normal 0 -0.793335 -0.608785
    outer loop
      vertex -26.25 4.70187 3.87164
      vertex -19 4.54254 4.07927
      vertex -26.25 4.54254 4.07927
    endloop
  endfacet
  facet normal 0 -0.793335 -0.608785
    outer loop
      vertex -19 4.54254 4.07927
      vertex -26.25 4.70187 3.87164
      vertex -19 4.70187 3.87164
    endloop
  endfacet
  facet normal 0 0.793335 0.608785
    outer loop
      vertex -19 9.45746 7.52073
      vertex -26.25 9.29813 7.72836
      vertex -19 9.29813 7.72836
    endloop
  endfacet
  facet normal 0 0.793335 0.608785
    outer loop
      vertex -26.25 9.29813 7.72836
      vertex -19 9.45746 7.52073
      vertex -26.25 9.45746 7.52073
    endloop
  endfacet
  facet normal 0 0.843392 0.537298
    outer loop
      vertex -19 9.59808 7.3
      vertex -26.25 9.45746 7.52073
      vertex -19 9.45746 7.52073
    endloop
  endfacet
  facet normal 0 0.843392 0.537298
    outer loop
      vertex -26.25 9.45746 7.52073
      vertex -19 9.59808 7.3
      vertex -26.25 9.59808 7.3
    endloop
  endfacet
  facet normal -0 0.46172 0.887026
    outer loop
      vertex -26.25 8.5 8.39808
      vertex -19 8.26785 8.51892
      vertex -19 8.5 8.39808
    endloop
  endfacet
  facet normal 0 0.46172 0.887026
    outer loop
      vertex -19 8.26785 8.51892
      vertex -26.25 8.5 8.39808
      vertex -26.25 8.26785 8.51892
    endloop
  endfacet
  facet normal 0 0.675579 -0.737287
    outer loop
      vertex -26.25 8.92836 3.50187
      vertex -19 9.12132 3.67868
      vertex -19 8.92836 3.50187
    endloop
  endfacet
  facet normal 0 0.675579 -0.737287
    outer loop
      vertex -19 9.12132 3.67868
      vertex -26.25 8.92836 3.50187
      vertex -26.25 9.12132 3.67868
    endloop
  endfacet
  facet normal 0 0.991445 -0.130522
    outer loop
      vertex -19 9.95442 5.27905
      vertex -26.25 9.98858 5.53853
      vertex -19 9.98858 5.53853
    endloop
  endfacet
  facet normal 0 0.991445 -0.130522
    outer loop
      vertex -26.25 9.98858 5.53853
      vertex -19 9.95442 5.27905
      vertex -26.25 9.95442 5.27905
    endloop
  endfacet
  facet normal 0 -0.793335 0.608785
    outer loop
      vertex -26.25 4.54254 7.52073
      vertex -19 4.70187 7.72836
      vertex -26.25 4.70187 7.72836
    endloop
  endfacet
  facet normal 0 -0.793335 0.608785
    outer loop
      vertex -19 4.70187 7.72836
      vertex -26.25 4.54254 7.52073
      vertex -19 4.54254 7.52073
    endloop
  endfacet
  facet normal 0 0.953715 0.300711
    outer loop
      vertex -19 9.89778 6.57646
      vertex -26.25 9.81908 6.82606
      vertex -19 9.81908 6.82606
    endloop
  endfacet
  facet normal 0 0.953715 0.300711
    outer loop
      vertex -26.25 9.81908 6.82606
      vertex -19 9.89778 6.57646
      vertex -26.25 9.89778 6.57646
    endloop
  endfacet
  facet normal 0 0.953715 -0.300711
    outer loop
      vertex -19 9.81908 4.77394
      vertex -26.25 9.89778 5.02354
      vertex -19 9.89778 5.02354
    endloop
  endfacet
  facet normal 0 0.953715 -0.300711
    outer loop
      vertex -26.25 9.89778 5.02354
      vertex -19 9.81908 4.77394
      vertex -26.25 9.81908 4.77394
    endloop
  endfacet
  facet normal 0 0.382707 -0.92387
    outer loop
      vertex -26.25 8.02606 2.98092
      vertex -19 8.26785 3.08108
      vertex -19 8.02606 2.98092
    endloop
  endfacet
  facet normal 0 0.382707 -0.92387
    outer loop
      vertex -19 8.26785 3.08108
      vertex -26.25 8.02606 2.98092
      vertex -26.25 8.26785 3.08108
    endloop
  endfacet
  facet normal 0 -0.953715 -0.300711
    outer loop
      vertex -26.25 4.18092 4.77394
      vertex -19 4.10222 5.02354
      vertex -26.25 4.10222 5.02354
    endloop
  endfacet
  facet normal 0 -0.953715 -0.300711
    outer loop
      vertex -19 4.10222 5.02354
      vertex -26.25 4.18092 4.77394
      vertex -19 4.18092 4.77394
    endloop
  endfacet
  facet normal 0 -0.999048 0.0436345
    outer loop
      vertex -26.25 4 5.8
      vertex -19 4.01142 6.06147
      vertex -26.25 4.01142 6.06147
    endloop
  endfacet
  facet normal 0 -0.999048 0.0436345
    outer loop
      vertex -19 4.01142 6.06147
      vertex -26.25 4 5.8
      vertex -19 4 5.8
    endloop
  endfacet
  facet normal 0 0.976302 0.216413
    outer loop
      vertex -19 9.95442 6.32094
      vertex -26.25 9.89778 6.57646
      vertex -19 9.89778 6.57646
    endloop
  endfacet
  facet normal 0 0.976302 0.216413
    outer loop
      vertex -26.25 9.89778 6.57646
      vertex -19 9.95442 6.32094
      vertex -26.25 9.95442 6.32094
    endloop
  endfacet
  facet normal 0 -0.991445 0.130527
    outer loop
      vertex -26.25 4.01142 6.06147
      vertex -19 4.04558 6.32094
      vertex -26.25 4.04558 6.32094
    endloop
  endfacet
  facet normal 0 -0.991445 0.130527
    outer loop
      vertex -19 4.04558 6.32094
      vertex -26.25 4.01142 6.06147
      vertex -19 4.01142 6.06147
    endloop
  endfacet
  facet normal 0 -0.953715 0.300711
    outer loop
      vertex -26.25 4.10222 6.57646
      vertex -19 4.18092 6.82606
      vertex -26.25 4.18092 6.82606
    endloop
  endfacet
  facet normal 0 -0.953715 0.300711
    outer loop
      vertex -19 4.18092 6.82606
      vertex -26.25 4.10222 6.57646
      vertex -19 4.10222 6.57646
    endloop
  endfacet
  facet normal -1 0 0
    outer loop
      vertex -26.25 9.2 5.8
      vertex -26.25 10 5.8
      vertex -26.25 9.98858 5.53853
    endloop
  endfacet
  facet normal -1 0 0
    outer loop
      vertex -26.25 9.19163 5.60826
      vertex -26.25 9.98858 5.53853
      vertex -26.25 9.95442 5.27905
    endloop
  endfacet
  facet normal -1 0 0
    outer loop
      vertex -26.25 10 5.8
      vertex -26.25 9.2 5.8
      vertex -26.25 9.98858 6.06147
    endloop
  endfacet
  facet normal -1 0 0
    outer loop
      vertex -26.25 9.16658 5.41797
      vertex -26.25 9.95442 5.27905
      vertex -26.25 9.89778 5.02354
    endloop
  endfacet
  facet normal -1 0 0
    outer loop
      vertex -26.25 9.19163 5.99174
      vertex -26.25 9.98858 6.06147
      vertex -26.25 9.2 5.8
    endloop
  endfacet
  facet normal -1 0 0
    outer loop
      vertex -26.25 9.12504 5.2306
      vertex -26.25 9.89778 5.02354
      vertex -26.25 9.81908 4.77394
    endloop
  endfacet
  facet normal -1 -0 0
    outer loop
      vertex -26.25 9.98858 6.06147
      vertex -26.25 9.19163 5.99174
      vertex -26.25 9.95442 6.32094
    endloop
  endfacet
  facet normal -1 0 0
    outer loop
      vertex -26.25 9.06732 5.04755
      vertex -26.25 9.81908 4.77394
      vertex -26.25 9.71892 4.53214
    endloop
  endfacet
  facet normal -1 0 0
    outer loop
      vertex -26.25 9.16658 6.18203
      vertex -26.25 9.95442 6.32094
      vertex -26.25 9.19163 5.99174
    endloop
  endfacet
  facet normal -1 0 0
    outer loop
      vertex -26.25 8.99388 4.87024
      vertex -26.25 9.71892 4.53214
      vertex -26.25 9.59808 4.3
    endloop
  endfacet
  facet normal -1 -0 0
    outer loop
      vertex -26.25 9.95442 6.32094
      vertex -26.25 9.16658 6.18203
      vertex -26.25 9.89778 6.57646
    endloop
  endfacet
  facet normal -1 0 0
    outer loop
      vertex -26.25 8.90526 4.7
      vertex -26.25 9.59808 4.3
      vertex -26.25 9.45746 4.07927
    endloop
  endfacet
  facet normal -1 0 0
    outer loop
      vertex -26.25 9.12504 6.3694
      vertex -26.25 9.89778 6.57646
      vertex -26.25 9.16658 6.18203
    endloop
  endfacet
  facet normal -1 0 0
    outer loop
      vertex -26.25 8.80213 4.53813
      vertex -26.25 9.45746 4.07927
      vertex -26.25 9.29813 3.87164
    endloop
  endfacet
  facet normal -1 -0 0
    outer loop
      vertex -26.25 9.89778 6.57646
      vertex -26.25 9.12504 6.3694
      vertex -26.25 9.81908 6.82606
    endloop
  endfacet
  facet normal -1 0 0
    outer loop
      vertex -26.25 9.06732 6.55244
      vertex -26.25 9.81908 6.82606
      vertex -26.25 9.12504 6.3694
    endloop
  endfacet
  facet normal -1 0 0
    outer loop
      vertex -26.25 9.98858 5.53853
      vertex -26.25 9.19163 5.60826
      vertex -26.25 9.2 5.8
    endloop
  endfacet
  facet normal -1 0 0
    outer loop
      vertex -26.25 9.95442 5.27905
      vertex -26.25 9.16658 5.41797
      vertex -26.25 9.19163 5.60826
    endloop
  endfacet
  facet normal -1 0 0
    outer loop
      vertex -26.25 9.89778 5.02354
      vertex -26.25 9.12504 5.2306
      vertex -26.25 9.16658 5.41797
    endloop
  endfacet
  facet normal -1 0 0
    outer loop
      vertex -26.25 8.6853 4.38587
      vertex -26.25 9.29813 3.87164
      vertex -26.25 9.12132 3.67868
    endloop
  endfacet
  facet normal -1 0 0
    outer loop
      vertex -26.25 9.81908 4.77394
      vertex -26.25 9.06732 5.04755
      vertex -26.25 9.12504 5.2306
    endloop
  endfacet
  facet normal -1 0 0
    outer loop
      vertex -26.25 9.71892 4.53214
      vertex -26.25 8.99388 4.87024
      vertex -26.25 9.06732 5.04755
    endloop
  endfacet
  facet normal -1 0 0
    outer loop
      vertex -26.25 8.55563 4.24436
      vertex -26.25 9.12132 3.67868
      vertex -26.25 8.92836 3.50187
    endloop
  endfacet
  facet normal -1 0 0
    outer loop
      vertex -26.25 9.59808 4.3
      vertex -26.25 8.90526 4.7
      vertex -26.25 8.99388 4.87024
    endloop
  endfacet
  facet normal -1 0 0
    outer loop
      vertex -26.25 9.45746 4.07927
      vertex -26.25 8.80213 4.53813
      vertex -26.25 8.90526 4.7
    endloop
  endfacet
  facet normal -1 0 0
    outer loop
      vertex -26.25 8.41413 4.1147
      vertex -26.25 8.92836 3.50187
      vertex -26.25 8.72073 3.34254
    endloop
  endfacet
  facet normal -1 0 0
    outer loop
      vertex -26.25 9.29813 3.87164
      vertex -26.25 8.6853 4.38587
      vertex -26.25 8.80213 4.53813
    endloop
  endfacet
  facet normal -1 0 0
    outer loop
      vertex -26.25 9.12132 3.67868
      vertex -26.25 8.55563 4.24436
      vertex -26.25 8.6853 4.38587
    endloop
  endfacet
  facet normal -1 0 0
    outer loop
      vertex -26.25 8.26187 3.99786
      vertex -26.25 8.72073 3.34254
      vertex -26.25 8.5 3.20192
    endloop
  endfacet
  facet normal -1 0 0
    outer loop
      vertex -26.25 8.92836 3.50187
      vertex -26.25 8.41413 4.1147
      vertex -26.25 8.55563 4.24436
    endloop
  endfacet
  facet normal -1 0 0
    outer loop
      vertex -26.25 8.1 3.89474
      vertex -26.25 8.5 3.20192
      vertex -26.25 8.26785 3.08108
    endloop
  endfacet
  facet normal -1 0 0
    outer loop
      vertex -26.25 8.72073 3.34254
      vertex -26.25 8.26187 3.99786
      vertex -26.25 8.41413 4.1147
    endloop
  endfacet
  facet normal -1 0 0
    outer loop
      vertex -26.25 8.5 3.20192
      vertex -26.25 8.1 3.89474
      vertex -26.25 8.26187 3.99786
    endloop
  endfacet
  facet normal -1 0 0
    outer loop
      vertex -26.25 7.92976 3.80612
      vertex -26.25 8.26785 3.08108
      vertex -26.25 8.02606 2.98092
    endloop
  endfacet
  facet normal -1 0 0
    outer loop
      vertex -26.25 8.26785 3.08108
      vertex -26.25 7.92976 3.80612
      vertex -26.25 8.1 3.89474
    endloop
  endfacet
  facet normal -1 0 0
    outer loop
      vertex -26.25 7.75244 3.73268
      vertex -26.25 8.02606 2.98092
      vertex -26.25 7.77646 2.90222
    endloop
  endfacet
  facet normal -1 0 0
    outer loop
      vertex -26.25 8.02606 2.98092
      vertex -26.25 7.75244 3.73268
      vertex -26.25 7.92976 3.80612
    endloop
  endfacet
  facet normal -1 0 0
    outer loop
      vertex -26.25 7.77646 2.90222
      vertex -26.25 7.5694 3.67496
      vertex -26.25 7.75244 3.73268
    endloop
  endfacet
  facet normal -1 0 0
    outer loop
      vertex -26.25 7.52094 2.84558
      vertex -26.25 7.5694 3.67496
      vertex -26.25 7.77646 2.90222
    endloop
  endfacet
  facet normal -1 0 0
    outer loop
      vertex -26.25 7.52094 2.84558
      vertex -26.25 7.38203 3.63342
      vertex -26.25 7.5694 3.67496
    endloop
  endfacet
  facet normal -1 0 0
    outer loop
      vertex -26.25 7.26147 2.81142
      vertex -26.25 7.38203 3.63342
      vertex -26.25 7.52094 2.84558
    endloop
  endfacet
  facet normal -1 0 0
    outer loop
      vertex -26.25 7.26147 2.81142
      vertex -26.25 7.19174 3.60837
      vertex -26.25 7.38203 3.63342
    endloop
  endfacet
  facet normal -1 0 0
    outer loop
      vertex -26.25 7 2.8
      vertex -26.25 7.19174 3.60837
      vertex -26.25 7.26147 2.81142
    endloop
  endfacet
  facet normal -1 0 0
    outer loop
      vertex -26.25 7 2.8
      vertex -26.25 7 3.6
      vertex -26.25 7.19174 3.60837
    endloop
  endfacet
  facet normal -1 0 0
    outer loop
      vertex -26.25 7 2.8
      vertex -26.25 6.80826 3.60837
      vertex -26.25 7 3.6
    endloop
  endfacet
  facet normal -1 0 0
    outer loop
      vertex -26.25 6.73853 2.81142
      vertex -26.25 6.80826 3.60837
      vertex -26.25 7 2.8
    endloop
  endfacet
  facet normal -1 0 0
    outer loop
      vertex -26.25 6.73853 2.81142
      vertex -26.25 6.61797 3.63342
      vertex -26.25 6.80826 3.60837
    endloop
  endfacet
  facet normal -1 0 0
    outer loop
      vertex -26.25 6.47906 2.84558
      vertex -26.25 6.61797 3.63342
      vertex -26.25 6.73853 2.81142
    endloop
  endfacet
  facet normal -1 0 0
    outer loop
      vertex -26.25 6.47906 2.84558
      vertex -26.25 6.4306 3.67496
      vertex -26.25 6.61797 3.63342
    endloop
  endfacet
  facet normal -1 0 0
    outer loop
      vertex -26.25 6.22354 2.90222
      vertex -26.25 6.4306 3.67496
      vertex -26.25 6.47906 2.84558
    endloop
  endfacet
  facet normal -1 -0 0
    outer loop
      vertex -26.25 6.4306 3.67496
      vertex -26.25 6.22354 2.90222
      vertex -26.25 6.24755 3.73268
    endloop
  endfacet
  facet normal -1 0 0
    outer loop
      vertex -26.25 5.97394 2.98092
      vertex -26.25 6.24755 3.73268
      vertex -26.25 6.22354 2.90222
    endloop
  endfacet
  facet normal -1 -0 0
    outer loop
      vertex -26.25 6.24755 3.73268
      vertex -26.25 5.97394 2.98092
      vertex -26.25 6.07024 3.80612
    endloop
  endfacet
  facet normal -1 0 0
    outer loop
      vertex -26.25 5.73214 3.08108
      vertex -26.25 6.07024 3.80612
      vertex -26.25 5.97394 2.98092
    endloop
  endfacet
  facet normal -1 -0 0
    outer loop
      vertex -26.25 6.07024 3.80612
      vertex -26.25 5.73214 3.08108
      vertex -26.25 5.9 3.89474
    endloop
  endfacet
  facet normal -1 0 0
    outer loop
      vertex -26.25 5.5 3.20192
      vertex -26.25 5.9 3.89474
      vertex -26.25 5.73214 3.08108
    endloop
  endfacet
  facet normal -1 -0 0
    outer loop
      vertex -26.25 5.9 3.89474
      vertex -26.25 5.5 3.20192
      vertex -26.25 5.73813 3.99786
    endloop
  endfacet
  facet normal -1 0 0
    outer loop
      vertex -26.25 5.27927 3.34254
      vertex -26.25 5.73813 3.99786
      vertex -26.25 5.5 3.20192
    endloop
  endfacet
  facet normal -1 -0 0
    outer loop
      vertex -26.25 5.73813 3.99786
      vertex -26.25 5.27927 3.34254
      vertex -26.25 5.58587 4.1147
    endloop
  endfacet
  facet normal -1 0 0
    outer loop
      vertex -26.25 5.07164 3.50187
      vertex -26.25 5.58587 4.1147
      vertex -26.25 5.27927 3.34254
    endloop
  endfacet
  facet normal -1 -0 0
    outer loop
      vertex -26.25 5.58587 4.1147
      vertex -26.25 5.07164 3.50187
      vertex -26.25 5.44436 4.24436
    endloop
  endfacet
  facet normal -1 0 0
    outer loop
      vertex -26.25 4.87868 3.67868
      vertex -26.25 5.44436 4.24436
      vertex -26.25 5.07164 3.50187
    endloop
  endfacet
  facet normal -1 -0 0
    outer loop
      vertex -26.25 5.44436 4.24436
      vertex -26.25 4.87868 3.67868
      vertex -26.25 5.3147 4.38587
    endloop
  endfacet
  facet normal -1 0 0
    outer loop
      vertex -26.25 4.70187 3.87164
      vertex -26.25 5.3147 4.38587
      vertex -26.25 4.87868 3.67868
    endloop
  endfacet
  facet normal -1 -0 0
    outer loop
      vertex -26.25 5.3147 4.38587
      vertex -26.25 4.70187 3.87164
      vertex -26.25 5.19787 4.53813
    endloop
  endfacet
  facet normal -1 0 0
    outer loop
      vertex -26.25 4.54254 4.07927
      vertex -26.25 5.19787 4.53813
      vertex -26.25 4.70187 3.87164
    endloop
  endfacet
  facet normal -1 -0 0
    outer loop
      vertex -26.25 5.19787 4.53813
      vertex -26.25 4.54254 4.07927
      vertex -26.25 5.09474 4.7
    endloop
  endfacet
  facet normal -1 0 0
    outer loop
      vertex -26.25 4.40192 4.3
      vertex -26.25 5.09474 4.7
      vertex -26.25 4.54254 4.07927
    endloop
  endfacet
  facet normal -1 -0 0
    outer loop
      vertex -26.25 5.09474 4.7
      vertex -26.25 4.40192 4.3
      vertex -26.25 5.00612 4.87024
    endloop
  endfacet
  facet normal -1 0 0
    outer loop
      vertex -26.25 4.28108 4.53214
      vertex -26.25 5.00612 4.87024
      vertex -26.25 4.40192 4.3
    endloop
  endfacet
  facet normal -1 -0 0
    outer loop
      vertex -26.25 5.00612 4.87024
      vertex -26.25 4.28108 4.53214
      vertex -26.25 4.93268 5.04755
    endloop
  endfacet
  facet normal -1 0 0
    outer loop
      vertex -26.25 4.18092 4.77394
      vertex -26.25 4.93268 5.04755
      vertex -26.25 4.28108 4.53214
    endloop
  endfacet
  facet normal -1 -0 0
    outer loop
      vertex -26.25 9.81908 6.82606
      vertex -26.25 9.06732 6.55244
      vertex -26.25 9.71892 7.06785
    endloop
  endfacet
  facet normal -1 0 0
    outer loop
      vertex -26.25 8.99388 6.72976
      vertex -26.25 9.71892 7.06785
      vertex -26.25 9.06732 6.55244
    endloop
  endfacet
  facet normal -1 -0 0
    outer loop
      vertex -26.25 9.71892 7.06785
      vertex -26.25 8.99388 6.72976
      vertex -26.25 9.59808 7.3
    endloop
  endfacet
  facet normal -1 0 0
    outer loop
      vertex -26.25 8.90526 6.9
      vertex -26.25 9.59808 7.3
      vertex -26.25 8.99388 6.72976
    endloop
  endfacet
  facet normal -1 -0 0
    outer loop
      vertex -26.25 9.59808 7.3
      vertex -26.25 8.90526 6.9
      vertex -26.25 9.45746 7.52073
    endloop
  endfacet
  facet normal -1 0 0
    outer loop
      vertex -26.25 8.80213 7.06187
      vertex -26.25 9.45746 7.52073
      vertex -26.25 8.90526 6.9
    endloop
  endfacet
  facet normal -1 -0 0
    outer loop
      vertex -26.25 9.45746 7.52073
      vertex -26.25 8.80213 7.06187
      vertex -26.25 9.29813 7.72836
    endloop
  endfacet
  facet normal -1 0 0
    outer loop
      vertex -26.25 8.6853 7.21413
      vertex -26.25 9.29813 7.72836
      vertex -26.25 8.80213 7.06187
    endloop
  endfacet
  facet normal -1 -0 0
    outer loop
      vertex -26.25 9.29813 7.72836
      vertex -26.25 8.6853 7.21413
      vertex -26.25 9.12132 7.92132
    endloop
  endfacet
  facet normal -1 0 0
    outer loop
      vertex -26.25 8.55563 7.35563
      vertex -26.25 9.12132 7.92132
      vertex -26.25 8.6853 7.21413
    endloop
  endfacet
  facet normal -1 -0 0
    outer loop
      vertex -26.25 9.12132 7.92132
      vertex -26.25 8.55563 7.35563
      vertex -26.25 8.92836 8.09813
    endloop
  endfacet
  facet normal -1 0 0
    outer loop
      vertex -26.25 8.41413 7.4853
      vertex -26.25 8.92836 8.09813
      vertex -26.25 8.55563 7.35563
    endloop
  endfacet
  facet normal -1 -0 0
    outer loop
      vertex -26.25 8.92836 8.09813
      vertex -26.25 8.41413 7.4853
      vertex -26.25 8.72073 8.25746
    endloop
  endfacet
  facet normal -1 0 0
    outer loop
      vertex -26.25 8.26187 7.60213
      vertex -26.25 8.72073 8.25746
      vertex -26.25 8.41413 7.4853
    endloop
  endfacet
  facet normal -1 -0 0
    outer loop
      vertex -26.25 8.72073 8.25746
      vertex -26.25 8.26187 7.60213
      vertex -26.25 8.5 8.39808
    endloop
  endfacet
  facet normal -1 0 0
    outer loop
      vertex -26.25 8.1 7.70526
      vertex -26.25 8.5 8.39808
      vertex -26.25 8.26187 7.60213
    endloop
  endfacet
  facet normal -1 -0 0
    outer loop
      vertex -26.25 8.5 8.39808
      vertex -26.25 8.1 7.70526
      vertex -26.25 8.26785 8.51892
    endloop
  endfacet
  facet normal -1 0 0
    outer loop
      vertex -26.25 7.92976 7.79388
      vertex -26.25 8.26785 8.51892
      vertex -26.25 8.1 7.70526
    endloop
  endfacet
  facet normal -1 -0 0
    outer loop
      vertex -26.25 8.26785 8.51892
      vertex -26.25 7.92976 7.79388
      vertex -26.25 8.02606 8.61908
    endloop
  endfacet
  facet normal -1 0 0
    outer loop
      vertex -26.25 7.75244 7.86732
      vertex -26.25 8.02606 8.61908
      vertex -26.25 7.92976 7.79388
    endloop
  endfacet
  facet normal -1 -0 0
    outer loop
      vertex -26.25 8.02606 8.61908
      vertex -26.25 7.75244 7.86732
      vertex -26.25 7.77646 8.69778
    endloop
  endfacet
  facet normal -1 0 0
    outer loop
      vertex -26.25 7.5694 7.92504
      vertex -26.25 7.77646 8.69778
      vertex -26.25 7.75244 7.86732
    endloop
  endfacet
  facet normal -1 0 0
    outer loop
      vertex -26.25 7.5694 7.92504
      vertex -26.25 7.52094 8.75442
      vertex -26.25 7.77646 8.69778
    endloop
  endfacet
  facet normal -1 0 0
    outer loop
      vertex -26.25 7.38203 7.96658
      vertex -26.25 7.52094 8.75442
      vertex -26.25 7.5694 7.92504
    endloop
  endfacet
  facet normal -1 0 0
    outer loop
      vertex -26.25 7.38203 7.96658
      vertex -26.25 7.26147 8.78858
      vertex -26.25 7.52094 8.75442
    endloop
  endfacet
  facet normal -1 0 0
    outer loop
      vertex -26.25 7.19174 7.99163
      vertex -26.25 7.26147 8.78858
      vertex -26.25 7.38203 7.96658
    endloop
  endfacet
  facet normal -1 0 0
    outer loop
      vertex -26.25 7 8
      vertex -26.25 7.26147 8.78858
      vertex -26.25 7.19174 7.99163
    endloop
  endfacet
  facet normal -1 0 0
    outer loop
      vertex -26.25 7 8
      vertex -26.25 7 8.8
      vertex -26.25 7.26147 8.78858
    endloop
  endfacet
  facet normal -1 0 0
    outer loop
      vertex -26.25 6.80826 7.99163
      vertex -26.25 7 8.8
      vertex -26.25 7 8
    endloop
  endfacet
  facet normal -1 0 0
    outer loop
      vertex -26.25 6.80826 7.99163
      vertex -26.25 6.73853 8.78858
      vertex -26.25 7 8.8
    endloop
  endfacet
  facet normal -1 0 0
    outer loop
      vertex -26.25 6.61797 7.96658
      vertex -26.25 6.73853 8.78858
      vertex -26.25 6.80826 7.99163
    endloop
  endfacet
  facet normal -1 0 0
    outer loop
      vertex -26.25 6.61797 7.96658
      vertex -26.25 6.47906 8.75442
      vertex -26.25 6.73853 8.78858
    endloop
  endfacet
  facet normal -1 0 0
    outer loop
      vertex -26.25 6.4306 7.92504
      vertex -26.25 6.47906 8.75442
      vertex -26.25 6.61797 7.96658
    endloop
  endfacet
  facet normal -1 0 0
    outer loop
      vertex -26.25 6.22354 8.69778
      vertex -26.25 6.4306 7.92504
      vertex -26.25 6.24755 7.86732
    endloop
  endfacet
  facet normal -1 0 0
    outer loop
      vertex -26.25 6.4306 7.92504
      vertex -26.25 6.22354 8.69778
      vertex -26.25 6.47906 8.75442
    endloop
  endfacet
  facet normal -1 0 0
    outer loop
      vertex -26.25 5.97394 8.61908
      vertex -26.25 6.24755 7.86732
      vertex -26.25 6.07024 7.79388
    endloop
  endfacet
  facet normal -1 0 0
    outer loop
      vertex -26.25 6.24755 7.86732
      vertex -26.25 5.97394 8.61908
      vertex -26.25 6.22354 8.69778
    endloop
  endfacet
  facet normal -1 0 0
    outer loop
      vertex -26.25 5.73214 8.51892
      vertex -26.25 6.07024 7.79388
      vertex -26.25 5.9 7.70526
    endloop
  endfacet
  facet normal -1 0 0
    outer loop
      vertex -26.25 5.5 8.39808
      vertex -26.25 5.9 7.70526
      vertex -26.25 5.73813 7.60213
    endloop
  endfacet
  facet normal -1 0 0
    outer loop
      vertex -26.25 6.07024 7.79388
      vertex -26.25 5.73214 8.51892
      vertex -26.25 5.97394 8.61908
    endloop
  endfacet
  facet normal -1 0 0
    outer loop
      vertex -26.25 5.27927 8.25746
      vertex -26.25 5.73813 7.60213
      vertex -26.25 5.58587 7.4853
    endloop
  endfacet
  facet normal -1 0 0
    outer loop
      vertex -26.25 5.9 7.70526
      vertex -26.25 5.5 8.39808
      vertex -26.25 5.73214 8.51892
    endloop
  endfacet
  facet normal -1 0 0
    outer loop
      vertex -26.25 5.07164 8.09813
      vertex -26.25 5.58587 7.4853
      vertex -26.25 5.44436 7.35563
    endloop
  endfacet
  facet normal -1 0 0
    outer loop
      vertex -26.25 4.87868 7.92132
      vertex -26.25 5.44436 7.35563
      vertex -26.25 5.3147 7.21413
    endloop
  endfacet
  facet normal -1 0 0
    outer loop
      vertex -26.25 5.73813 7.60213
      vertex -26.25 5.27927 8.25746
      vertex -26.25 5.5 8.39808
    endloop
  endfacet
  facet normal -1 0 0
    outer loop
      vertex -26.25 4.70187 7.72836
      vertex -26.25 5.3147 7.21413
      vertex -26.25 5.19787 7.06187
    endloop
  endfacet
  facet normal -1 0 0
    outer loop
      vertex -26.25 4.54254 7.52073
      vertex -26.25 5.19787 7.06187
      vertex -26.25 5.09474 6.9
    endloop
  endfacet
  facet normal -1 0 0
    outer loop
      vertex -26.25 5.58587 7.4853
      vertex -26.25 5.07164 8.09813
      vertex -26.25 5.27927 8.25746
    endloop
  endfacet
  facet normal -1 0 0
    outer loop
      vertex -26.25 4.40192 7.3
      vertex -26.25 5.09474 6.9
      vertex -26.25 5.00612 6.72976
    endloop
  endfacet
  facet normal -1 0 0
    outer loop
      vertex -26.25 4.28108 7.06785
      vertex -26.25 5.00612 6.72976
      vertex -26.25 4.93268 6.55244
    endloop
  endfacet
  facet normal -1 0 0
    outer loop
      vertex -26.25 5.44436 7.35563
      vertex -26.25 4.87868 7.92132
      vertex -26.25 5.07164 8.09813
    endloop
  endfacet
  facet normal -1 0 0
    outer loop
      vertex -26.25 4.18092 6.82606
      vertex -26.25 4.93268 6.55244
      vertex -26.25 4.87496 6.3694
    endloop
  endfacet
  facet normal -1 0 0
    outer loop
      vertex -26.25 4.10222 6.57646
      vertex -26.25 4.87496 6.3694
      vertex -26.25 4.83342 6.18203
    endloop
  endfacet
  facet normal -1 0 0
    outer loop
      vertex -26.25 4.04558 6.32094
      vertex -26.25 4.83342 6.18203
      vertex -26.25 4.80837 5.99174
    endloop
  endfacet
  facet normal -1 0 0
    outer loop
      vertex -26.25 4.01142 6.06147
      vertex -26.25 4.80837 5.99174
      vertex -26.25 4.8 5.8
    endloop
  endfacet
  facet normal -1 -0 0
    outer loop
      vertex -26.25 4.93268 5.04755
      vertex -26.25 4.18092 4.77394
      vertex -26.25 4.87496 5.2306
    endloop
  endfacet
  facet normal -1 0 0
    outer loop
      vertex -26.25 5.3147 7.21413
      vertex -26.25 4.70187 7.72836
      vertex -26.25 4.87868 7.92132
    endloop
  endfacet
  facet normal -1 0 0
    outer loop
      vertex -26.25 4.10222 5.02354
      vertex -26.25 4.87496 5.2306
      vertex -26.25 4.18092 4.77394
    endloop
  endfacet
  facet normal -1 0 0
    outer loop
      vertex -26.25 5.19787 7.06187
      vertex -26.25 4.54254 7.52073
      vertex -26.25 4.70187 7.72836
    endloop
  endfacet
  facet normal -1 -0 0
    outer loop
      vertex -26.25 4.87496 5.2306
      vertex -26.25 4.10222 5.02354
      vertex -26.25 4.83342 5.41797
    endloop
  endfacet
  facet normal -1 0 0
    outer loop
      vertex -26.25 5.09474 6.9
      vertex -26.25 4.40192 7.3
      vertex -26.25 4.54254 7.52073
    endloop
  endfacet
  facet normal -1 0 0
    outer loop
      vertex -26.25 4.04558 5.27905
      vertex -26.25 4.83342 5.41797
      vertex -26.25 4.10222 5.02354
    endloop
  endfacet
  facet normal -1 0 0
    outer loop
      vertex -26.25 5.00612 6.72976
      vertex -26.25 4.28108 7.06785
      vertex -26.25 4.40192 7.3
    endloop
  endfacet
  facet normal -1 -0 0
    outer loop
      vertex -26.25 4.83342 5.41797
      vertex -26.25 4.04558 5.27905
      vertex -26.25 4.80837 5.60826
    endloop
  endfacet
  facet normal -1 0 0
    outer loop
      vertex -26.25 4.93268 6.55244
      vertex -26.25 4.18092 6.82606
      vertex -26.25 4.28108 7.06785
    endloop
  endfacet
  facet normal -1 0 0
    outer loop
      vertex -26.25 4.01142 5.53853
      vertex -26.25 4.80837 5.60826
      vertex -26.25 4.04558 5.27905
    endloop
  endfacet
  facet normal -1 0 0
    outer loop
      vertex -26.25 4.87496 6.3694
      vertex -26.25 4.10222 6.57646
      vertex -26.25 4.18092 6.82606
    endloop
  endfacet
  facet normal -1 -0 0
    outer loop
      vertex -26.25 4.80837 5.60826
      vertex -26.25 4.01142 5.53853
      vertex -26.25 4.8 5.8
    endloop
  endfacet
  facet normal -1 0 0
    outer loop
      vertex -26.25 4.83342 6.18203
      vertex -26.25 4.04558 6.32094
      vertex -26.25 4.10222 6.57646
    endloop
  endfacet
  facet normal -1 0 0
    outer loop
      vertex -26.25 4 5.8
      vertex -26.25 4.8 5.8
      vertex -26.25 4.01142 5.53853
    endloop
  endfacet
  facet normal -1 0 0
    outer loop
      vertex -26.25 4.80837 5.99174
      vertex -26.25 4.01142 6.06147
      vertex -26.25 4.04558 6.32094
    endloop
  endfacet
  facet normal -1 0 0
    outer loop
      vertex -26.25 4.8 5.8
      vertex -26.25 4 5.8
      vertex -26.25 4.01142 6.06147
    endloop
  endfacet
  facet normal -0 0.0436345 0.999048
    outer loop
      vertex -26.25 7.26147 8.78858
      vertex -19 7 8.8
      vertex -19 7.26147 8.78858
    endloop
  endfacet
  facet normal 0 0.0436345 0.999048
    outer loop
      vertex -19 7 8.8
      vertex -26.25 7.26147 8.78858
      vertex -26.25 7 8.8
    endloop
  endfacet
  facet normal 0 -0.675579 -0.737287
    outer loop
      vertex -26.25 4.87868 3.67868
      vertex -19 5.07164 3.50187
      vertex -19 4.87868 3.67868
    endloop
  endfacet
  facet normal -0 -0.675579 -0.737287
    outer loop
      vertex -19 5.07164 3.50187
      vertex -26.25 4.87868 3.67868
      vertex -26.25 5.07164 3.50187
    endloop
  endfacet
  facet normal 0 -0.737287 -0.675579
    outer loop
      vertex -26.25 4.87868 3.67868
      vertex -19 4.70187 3.87164
      vertex -26.25 4.70187 3.87164
    endloop
  endfacet
  facet normal 0 -0.737287 -0.675579
    outer loop
      vertex -19 4.70187 3.87164
      vertex -26.25 4.87868 3.67868
      vertex -19 4.87868 3.67868
    endloop
  endfacet
  facet normal 0 -0.999048 -0.0436345
    outer loop
      vertex -26.25 4.01142 5.53853
      vertex -19 4 5.8
      vertex -26.25 4 5.8
    endloop
  endfacet
  facet normal 0 -0.999048 -0.0436345
    outer loop
      vertex -19 4 5.8
      vertex -26.25 4.01142 5.53853
      vertex -19 4.01142 5.53853
    endloop
  endfacet
  facet normal 0 -0.887026 0.46172
    outer loop
      vertex -26.25 4.28108 7.06785
      vertex -19 4.40192 7.3
      vertex -26.25 4.40192 7.3
    endloop
  endfacet
  facet normal 0 -0.887026 0.46172
    outer loop
      vertex -19 4.40192 7.3
      vertex -26.25 4.28108 7.06785
      vertex -19 4.28108 7.06785
    endloop
  endfacet
  facet normal 0 0.216413 -0.976302
    outer loop
      vertex 19 7.52094 2.84558
      vertex 26.25 7.77646 2.90222
      vertex 26.25 7.52094 2.84558
    endloop
  endfacet
  facet normal 0 0.216413 -0.976302
    outer loop
      vertex 26.25 7.77646 2.90222
      vertex 19 7.52094 2.84558
      vertex 19 7.77646 2.90222
    endloop
  endfacet
  facet normal 0 -0.737287 -0.675579
    outer loop
      vertex 19 4.87868 3.67868
      vertex 26.25 4.70187 3.87164
      vertex 19 4.70187 3.87164
    endloop
  endfacet
  facet normal 0 -0.737287 -0.675579
    outer loop
      vertex 26.25 4.70187 3.87164
      vertex 19 4.87868 3.67868
      vertex 26.25 4.87868 3.67868
    endloop
  endfacet
  facet normal 0 0.0436345 -0.999048
    outer loop
      vertex 19 7 2.8
      vertex 26.25 7.26147 2.81142
      vertex 26.25 7 2.8
    endloop
  endfacet
  facet normal 0 0.0436345 -0.999048
    outer loop
      vertex 26.25 7.26147 2.81142
      vertex 19 7 2.8
      vertex 19 7.26147 2.81142
    endloop
  endfacet
  facet normal 0 -0.382694 -0.923875
    outer loop
      vertex 19 5.73214 3.08108
      vertex 26.25 5.97394 2.98092
      vertex 26.25 5.73214 3.08108
    endloop
  endfacet
  facet normal -0 -0.382694 -0.923875
    outer loop
      vertex 26.25 5.97394 2.98092
      vertex 19 5.73214 3.08108
      vertex 19 5.97394 2.98092
    endloop
  endfacet
  facet normal 0 -0.976302 0.216413
    outer loop
      vertex 19 4.04558 6.32094
      vertex 26.25 4.10222 6.57646
      vertex 19 4.10222 6.57646
    endloop
  endfacet
  facet normal 0 -0.976302 0.216413
    outer loop
      vertex 26.25 4.10222 6.57646
      vertex 19 4.04558 6.32094
      vertex 26.25 4.04558 6.32094
    endloop
  endfacet
  facet normal 0 -0.843392 -0.537298
    outer loop
      vertex 19 4.54254 4.07927
      vertex 26.25 4.40192 4.3
      vertex 19 4.40192 4.3
    endloop
  endfacet
  facet normal 0 -0.843392 -0.537298
    outer loop
      vertex 26.25 4.40192 4.3
      vertex 19 4.54254 4.07927
      vertex 26.25 4.54254 4.07927
    endloop
  endfacet
  facet normal 0 -0.608785 -0.793335
    outer loop
      vertex 19 5.07164 3.50187
      vertex 26.25 5.27927 3.34254
      vertex 26.25 5.07164 3.50187
    endloop
  endfacet
  facet normal -0 -0.608785 -0.793335
    outer loop
      vertex 26.25 5.27927 3.34254
      vertex 19 5.07164 3.50187
      vertex 19 5.27927 3.34254
    endloop
  endfacet
  facet normal 0 -0.300711 0.953715
    outer loop
      vertex 19 6.22354 8.69778
      vertex 26.25 5.97394 8.61908
      vertex 26.25 6.22354 8.69778
    endloop
  endfacet
  facet normal 0 -0.300711 0.953715
    outer loop
      vertex 26.25 5.97394 8.61908
      vertex 19 6.22354 8.69778
      vertex 19 5.97394 8.61908
    endloop
  endfacet
  facet normal -0 0.537298 0.843392
    outer loop
      vertex 19 8.72073 8.25746
      vertex 26.25 8.5 8.39808
      vertex 26.25 8.72073 8.25746
    endloop
  endfacet
  facet normal 0 0.537298 0.843392
    outer loop
      vertex 26.25 8.5 8.39808
      vertex 19 8.72073 8.25746
      vertex 19 8.5 8.39808
    endloop
  endfacet
  facet normal 0 -0.92387 0.382707
    outer loop
      vertex 19 4.18092 6.82606
      vertex 26.25 4.28108 7.06785
      vertex 19 4.28108 7.06785
    endloop
  endfacet
  facet normal 0 -0.92387 0.382707
    outer loop
      vertex 26.25 4.28108 7.06785
      vertex 19 4.18092 6.82606
      vertex 26.25 4.18092 6.82606
    endloop
  endfacet
  facet normal 0 -0.130527 -0.991445
    outer loop
      vertex 19 6.47906 2.84558
      vertex 26.25 6.73853 2.81142
      vertex 26.25 6.47906 2.84558
    endloop
  endfacet
  facet normal -0 -0.130527 -0.991445
    outer loop
      vertex 26.25 6.73853 2.81142
      vertex 19 6.47906 2.84558
      vertex 19 6.73853 2.81142
    endloop
  endfacet
  facet normal 0 0.887018 -0.461735
    outer loop
      vertex 26.25 9.59808 4.3
      vertex 19 9.71892 4.53214
      vertex 26.25 9.71892 4.53214
    endloop
  endfacet
  facet normal 0 0.887018 -0.461735
    outer loop
      vertex 19 9.71892 4.53214
      vertex 26.25 9.59808 4.3
      vertex 19 9.59808 4.3
    endloop
  endfacet
  facet normal 0 -0.537298 0.843392
    outer loop
      vertex 19 5.5 8.39808
      vertex 26.25 5.27927 8.25746
      vertex 26.25 5.5 8.39808
    endloop
  endfacet
  facet normal 0 -0.537298 0.843392
    outer loop
      vertex 26.25 5.27927 8.25746
      vertex 19 5.5 8.39808
      vertex 19 5.27927 8.25746
    endloop
  endfacet
  facet normal 0 -0.382694 0.923875
    outer loop
      vertex 19 5.97394 8.61908
      vertex 26.25 5.73214 8.51892
      vertex 26.25 5.97394 8.61908
    endloop
  endfacet
  facet normal 0 -0.382694 0.923875
    outer loop
      vertex 26.25 5.73214 8.51892
      vertex 19 5.97394 8.61908
      vertex 19 5.73214 8.51892
    endloop
  endfacet
  facet normal 0 -0.216413 -0.976302
    outer loop
      vertex 19 6.22354 2.90222
      vertex 26.25 6.47906 2.84558
      vertex 26.25 6.22354 2.90222
    endloop
  endfacet
  facet normal -0 -0.216413 -0.976302
    outer loop
      vertex 26.25 6.47906 2.84558
      vertex 19 6.22354 2.90222
      vertex 19 6.47906 2.84558
    endloop
  endfacet
  facet normal 0 0.843392 -0.537298
    outer loop
      vertex 26.25 9.45746 4.07927
      vertex 19 9.59808 4.3
      vertex 26.25 9.59808 4.3
    endloop
  endfacet
  facet normal 0 0.843392 -0.537298
    outer loop
      vertex 19 9.59808 4.3
      vertex 26.25 9.45746 4.07927
      vertex 19 9.45746 4.07927
    endloop
  endfacet
  facet normal 0 0.608785 -0.793335
    outer loop
      vertex 19 8.72073 3.34254
      vertex 26.25 8.92836 3.50187
      vertex 26.25 8.72073 3.34254
    endloop
  endfacet
  facet normal 0 0.608785 -0.793335
    outer loop
      vertex 26.25 8.92836 3.50187
      vertex 19 8.72073 3.34254
      vertex 19 8.92836 3.50187
    endloop
  endfacet
  facet normal 0 0.887026 0.46172
    outer loop
      vertex 26.25 9.71892 7.06785
      vertex 19 9.59808 7.3
      vertex 26.25 9.59808 7.3
    endloop
  endfacet
  facet normal 0 0.887026 0.46172
    outer loop
      vertex 19 9.59808 7.3
      vertex 26.25 9.71892 7.06785
      vertex 19 9.71892 7.06785
    endloop
  endfacet
  facet normal 0 0.737287 0.675579
    outer loop
      vertex 26.25 9.29813 7.72836
      vertex 19 9.12132 7.92132
      vertex 26.25 9.12132 7.92132
    endloop
  endfacet
  facet normal 0 0.737287 0.675579
    outer loop
      vertex 19 9.12132 7.92132
      vertex 26.25 9.29813 7.72836
      vertex 19 9.29813 7.72836
    endloop
  endfacet
  facet normal 0 -0.461735 -0.887018
    outer loop
      vertex 19 5.5 3.20192
      vertex 26.25 5.73214 3.08108
      vertex 26.25 5.5 3.20192
    endloop
  endfacet
  facet normal -0 -0.461735 -0.887018
    outer loop
      vertex 26.25 5.73214 3.08108
      vertex 19 5.5 3.20192
      vertex 19 5.73214 3.08108
    endloop
  endfacet
  facet normal 0 -0.923875 -0.382694
    outer loop
      vertex 19 4.28108 4.53214
      vertex 26.25 4.18092 4.77394
      vertex 19 4.18092 4.77394
    endloop
  endfacet
  facet normal 0 -0.923875 -0.382694
    outer loop
      vertex 26.25 4.18092 4.77394
      vertex 19 4.28108 4.53214
      vertex 26.25 4.28108 4.53214
    endloop
  endfacet
  facet normal 0 0.92387 0.382707
    outer loop
      vertex 26.25 9.81908 6.82606
      vertex 19 9.71892 7.06785
      vertex 26.25 9.71892 7.06785
    endloop
  endfacet
  facet normal 0 0.92387 0.382707
    outer loop
      vertex 19 9.71892 7.06785
      vertex 26.25 9.81908 6.82606
      vertex 19 9.81908 6.82606
    endloop
  endfacet
  facet normal 0 -0.461735 0.887018
    outer loop
      vertex 19 5.73214 8.51892
      vertex 26.25 5.5 8.39808
      vertex 26.25 5.73214 8.51892
    endloop
  endfacet
  facet normal 0 -0.461735 0.887018
    outer loop
      vertex 26.25 5.5 8.39808
      vertex 19 5.73214 8.51892
      vertex 19 5.5 8.39808
    endloop
  endfacet
  facet normal 0 -0.216413 0.976302
    outer loop
      vertex 19 6.47906 8.75442
      vertex 26.25 6.22354 8.69778
      vertex 26.25 6.47906 8.75442
    endloop
  endfacet
  facet normal 0 -0.216413 0.976302
    outer loop
      vertex 26.25 6.22354 8.69778
      vertex 19 6.47906 8.75442
      vertex 19 6.22354 8.69778
    endloop
  endfacet
  facet normal 0 0.923875 -0.382694
    outer loop
      vertex 26.25 9.71892 4.53214
      vertex 19 9.81908 4.77394
      vertex 26.25 9.81908 4.77394
    endloop
  endfacet
  facet normal 0 0.923875 -0.382694
    outer loop
      vertex 19 9.81908 4.77394
      vertex 26.25 9.71892 4.53214
      vertex 19 9.71892 4.53214
    endloop
  endfacet
  facet normal 0 0.130527 -0.991445
    outer loop
      vertex 19 7.26147 2.81142
      vertex 26.25 7.52094 2.84558
      vertex 26.25 7.26147 2.81142
    endloop
  endfacet
  facet normal 0 0.130527 -0.991445
    outer loop
      vertex 26.25 7.52094 2.84558
      vertex 19 7.26147 2.81142
      vertex 19 7.52094 2.84558
    endloop
  endfacet
  facet normal -0 0.608785 0.793335
    outer loop
      vertex 19 8.92836 8.09813
      vertex 26.25 8.72073 8.25746
      vertex 26.25 8.92836 8.09813
    endloop
  endfacet
  facet normal 0 0.608785 0.793335
    outer loop
      vertex 26.25 8.72073 8.25746
      vertex 19 8.92836 8.09813
      vertex 19 8.72073 8.25746
    endloop
  endfacet
  facet normal 0 0.9763 -0.216421
    outer loop
      vertex 26.25 9.89778 5.02354
      vertex 19 9.95442 5.27905
      vertex 26.25 9.95442 5.27905
    endloop
  endfacet
  facet normal 0 0.9763 -0.216421
    outer loop
      vertex 19 9.95442 5.27905
      vertex 26.25 9.89778 5.02354
      vertex 19 9.89778 5.02354
    endloop
  endfacet
  facet normal 0 -0.0436345 -0.999048
    outer loop
      vertex 19 6.73853 2.81142
      vertex 26.25 7 2.8
      vertex 26.25 6.73853 2.81142
    endloop
  endfacet
  facet normal -0 -0.0436345 -0.999048
    outer loop
      vertex 26.25 7 2.8
      vertex 19 6.73853 2.81142
      vertex 19 7 2.8
    endloop
  endfacet
  facet normal 0 -0.737287 0.675579
    outer loop
      vertex 19 4.70187 7.72836
      vertex 26.25 4.87868 7.92132
      vertex 19 4.87868 7.92132
    endloop
  endfacet
  facet normal 0 -0.737287 0.675579
    outer loop
      vertex 26.25 4.87868 7.92132
      vertex 19 4.70187 7.72836
      vertex 26.25 4.70187 7.72836
    endloop
  endfacet
  facet normal 0 -0.843392 0.537298
    outer loop
      vertex 19 4.40192 7.3
      vertex 26.25 4.54254 7.52073
      vertex 19 4.54254 7.52073
    endloop
  endfacet
  facet normal 0 -0.843392 0.537298
    outer loop
      vertex 26.25 4.54254 7.52073
      vertex 19 4.40192 7.3
      vertex 26.25 4.40192 7.3
    endloop
  endfacet
  facet normal 0 -0.608785 0.793335
    outer loop
      vertex 19 5.27927 8.25746
      vertex 26.25 5.07164 8.09813
      vertex 26.25 5.27927 8.25746
    endloop
  endfacet
  facet normal 0 -0.608785 0.793335
    outer loop
      vertex 26.25 5.07164 8.09813
      vertex 19 5.27927 8.25746
      vertex 19 5.07164 8.09813
    endloop
  endfacet
  facet normal 0 0.793335 -0.608785
    outer loop
      vertex 26.25 9.29813 3.87164
      vertex 19 9.45746 4.07927
      vertex 26.25 9.45746 4.07927
    endloop
  endfacet
  facet normal 0 0.793335 -0.608785
    outer loop
      vertex 19 9.45746 4.07927
      vertex 26.25 9.29813 3.87164
      vertex 19 9.29813 3.87164
    endloop
  endfacet
  facet normal 0 -0.991445 -0.130522
    outer loop
      vertex 19 4.04558 5.27905
      vertex 26.25 4.01142 5.53853
      vertex 19 4.01142 5.53853
    endloop
  endfacet
  facet normal 0 -0.991445 -0.130522
    outer loop
      vertex 26.25 4.01142 5.53853
      vertex 19 4.04558 5.27905
      vertex 26.25 4.04558 5.27905
    endloop
  endfacet
  facet normal 0 0.300711 -0.953715
    outer loop
      vertex 19 7.77646 2.90222
      vertex 26.25 8.02606 2.98092
      vertex 26.25 7.77646 2.90222
    endloop
  endfacet
  facet normal 0 0.300711 -0.953715
    outer loop
      vertex 26.25 8.02606 2.98092
      vertex 19 7.77646 2.90222
      vertex 19 8.02606 2.98092
    endloop
  endfacet
  facet normal 0 -0.537298 -0.843392
    outer loop
      vertex 19 5.27927 3.34254
      vertex 26.25 5.5 3.20192
      vertex 26.25 5.27927 3.34254
    endloop
  endfacet
  facet normal -0 -0.537298 -0.843392
    outer loop
      vertex 26.25 5.5 3.20192
      vertex 19 5.27927 3.34254
      vertex 19 5.5 3.20192
    endloop
  endfacet
  facet normal 1 0 0
    outer loop
      vertex 26.25 9.2 5.8
      vertex 26.25 10 5.8
      vertex 26.25 9.98858 6.06147
    endloop
  endfacet
  facet normal 1 0 0
    outer loop
      vertex 26.25 9.19163 5.99174
      vertex 26.25 9.98858 6.06147
      vertex 26.25 9.95442 6.32094
    endloop
  endfacet
  facet normal 1 0 0
    outer loop
      vertex 26.25 10 5.8
      vertex 26.25 9.2 5.8
      vertex 26.25 9.98858 5.53853
    endloop
  endfacet
  facet normal 1 0 0
    outer loop
      vertex 26.25 9.16658 6.18203
      vertex 26.25 9.95442 6.32094
      vertex 26.25 9.89778 6.57646
    endloop
  endfacet
  facet normal 1 -0 0
    outer loop
      vertex 26.25 9.19163 5.60826
      vertex 26.25 9.98858 5.53853
      vertex 26.25 9.2 5.8
    endloop
  endfacet
  facet normal 1 0 0
    outer loop
      vertex 26.25 9.12504 6.3694
      vertex 26.25 9.89778 6.57646
      vertex 26.25 9.81908 6.82606
    endloop
  endfacet
  facet normal 1 0 0
    outer loop
      vertex 26.25 9.98858 5.53853
      vertex 26.25 9.19163 5.60826
      vertex 26.25 9.95442 5.27905
    endloop
  endfacet
  facet normal 1 0 0
    outer loop
      vertex 26.25 9.06732 6.55244
      vertex 26.25 9.81908 6.82606
      vertex 26.25 9.71892 7.06785
    endloop
  endfacet
  facet normal 1 -0 0
    outer loop
      vertex 26.25 9.16658 5.41797
      vertex 26.25 9.95442 5.27905
      vertex 26.25 9.19163 5.60826
    endloop
  endfacet
  facet normal 1 0 0
    outer loop
      vertex 26.25 8.99388 6.72976
      vertex 26.25 9.71892 7.06785
      vertex 26.25 9.59808 7.3
    endloop
  endfacet
  facet normal 1 0 0
    outer loop
      vertex 26.25 9.95442 5.27905
      vertex 26.25 9.16658 5.41797
      vertex 26.25 9.89778 5.02354
    endloop
  endfacet
  facet normal 1 0 0
    outer loop
      vertex 26.25 8.90526 6.9
      vertex 26.25 9.59808 7.3
      vertex 26.25 9.45746 7.52073
    endloop
  endfacet
  facet normal 1 -0 0
    outer loop
      vertex 26.25 9.12504 5.2306
      vertex 26.25 9.89778 5.02354
      vertex 26.25 9.16658 5.41797
    endloop
  endfacet
  facet normal 1 0 0
    outer loop
      vertex 26.25 8.80213 7.06187
      vertex 26.25 9.45746 7.52073
      vertex 26.25 9.29813 7.72836
    endloop
  endfacet
  facet normal 1 0 0
    outer loop
      vertex 26.25 9.89778 5.02354
      vertex 26.25 9.12504 5.2306
      vertex 26.25 9.81908 4.77394
    endloop
  endfacet
  facet normal 1 -0 0
    outer loop
      vertex 26.25 9.06732 5.04755
      vertex 26.25 9.81908 4.77394
      vertex 26.25 9.12504 5.2306
    endloop
  endfacet
  facet normal 1 0 0
    outer loop
      vertex 26.25 9.98858 6.06147
      vertex 26.25 9.19163 5.99174
      vertex 26.25 9.2 5.8
    endloop
  endfacet
  facet normal 1 0 0
    outer loop
      vertex 26.25 9.95442 6.32094
      vertex 26.25 9.16658 6.18203
      vertex 26.25 9.19163 5.99174
    endloop
  endfacet
  facet normal 1 0 0
    outer loop
      vertex 26.25 9.89778 6.57646
      vertex 26.25 9.12504 6.3694
      vertex 26.25 9.16658 6.18203
    endloop
  endfacet
  facet normal 1 0 0
    outer loop
      vertex 26.25 8.6853 7.21413
      vertex 26.25 9.29813 7.72836
      vertex 26.25 9.12132 7.92132
    endloop
  endfacet
  facet normal 1 0 0
    outer loop
      vertex 26.25 9.81908 6.82606
      vertex 26.25 9.06732 6.55244
      vertex 26.25 9.12504 6.3694
    endloop
  endfacet
  facet normal 1 0 0
    outer loop
      vertex 26.25 9.71892 7.06785
      vertex 26.25 8.99388 6.72976
      vertex 26.25 9.06732 6.55244
    endloop
  endfacet
  facet normal 1 0 0
    outer loop
      vertex 26.25 8.55563 7.35563
      vertex 26.25 9.12132 7.92132
      vertex 26.25 8.92836 8.09813
    endloop
  endfacet
  facet normal 1 0 0
    outer loop
      vertex 26.25 9.59808 7.3
      vertex 26.25 8.90526 6.9
      vertex 26.25 8.99388 6.72976
    endloop
  endfacet
  facet normal 1 0 0
    outer loop
      vertex 26.25 9.45746 7.52073
      vertex 26.25 8.80213 7.06187
      vertex 26.25 8.90526 6.9
    endloop
  endfacet
  facet normal 1 0 0
    outer loop
      vertex 26.25 8.41413 7.4853
      vertex 26.25 8.92836 8.09813
      vertex 26.25 8.72073 8.25746
    endloop
  endfacet
  facet normal 1 0 0
    outer loop
      vertex 26.25 9.29813 7.72836
      vertex 26.25 8.6853 7.21413
      vertex 26.25 8.80213 7.06187
    endloop
  endfacet
  facet normal 1 0 0
    outer loop
      vertex 26.25 9.12132 7.92132
      vertex 26.25 8.55563 7.35563
      vertex 26.25 8.6853 7.21413
    endloop
  endfacet
  facet normal 1 0 0
    outer loop
      vertex 26.25 8.26187 7.60213
      vertex 26.25 8.72073 8.25746
      vertex 26.25 8.5 8.39808
    endloop
  endfacet
  facet normal 1 0 0
    outer loop
      vertex 26.25 8.92836 8.09813
      vertex 26.25 8.41413 7.4853
      vertex 26.25 8.55563 7.35563
    endloop
  endfacet
  facet normal 1 0 0
    outer loop
      vertex 26.25 8.1 7.70526
      vertex 26.25 8.5 8.39808
      vertex 26.25 8.26785 8.51892
    endloop
  endfacet
  facet normal 1 0 0
    outer loop
      vertex 26.25 8.72073 8.25746
      vertex 26.25 8.26187 7.60213
      vertex 26.25 8.41413 7.4853
    endloop
  endfacet
  facet normal 1 0 0
    outer loop
      vertex 26.25 8.5 8.39808
      vertex 26.25 8.1 7.70526
      vertex 26.25 8.26187 7.60213
    endloop
  endfacet
  facet normal 1 0 0
    outer loop
      vertex 26.25 7.92976 7.79388
      vertex 26.25 8.26785 8.51892
      vertex 26.25 8.02606 8.61908
    endloop
  endfacet
  facet normal 1 0 0
    outer loop
      vertex 26.25 8.26785 8.51892
      vertex 26.25 7.92976 7.79388
      vertex 26.25 8.1 7.70526
    endloop
  endfacet
  facet normal 1 0 0
    outer loop
      vertex 26.25 7.75244 7.86732
      vertex 26.25 8.02606 8.61908
      vertex 26.25 7.77646 8.69778
    endloop
  endfacet
  facet normal 1 0 0
    outer loop
      vertex 26.25 8.02606 8.61908
      vertex 26.25 7.75244 7.86732
      vertex 26.25 7.92976 7.79388
    endloop
  endfacet
  facet normal 1 0 0
    outer loop
      vertex 26.25 7.77646 8.69778
      vertex 26.25 7.5694 7.92504
      vertex 26.25 7.75244 7.86732
    endloop
  endfacet
  facet normal 1 0 0
    outer loop
      vertex 26.25 7.52094 8.75442
      vertex 26.25 7.5694 7.92504
      vertex 26.25 7.77646 8.69778
    endloop
  endfacet
  facet normal 1 0 0
    outer loop
      vertex 26.25 7.52094 8.75442
      vertex 26.25 7.38203 7.96658
      vertex 26.25 7.5694 7.92504
    endloop
  endfacet
  facet normal 1 0 0
    outer loop
      vertex 26.25 7.26147 8.78858
      vertex 26.25 7.38203 7.96658
      vertex 26.25 7.52094 8.75442
    endloop
  endfacet
  facet normal 1 0 0
    outer loop
      vertex 26.25 7.26147 8.78858
      vertex 26.25 7.19174 7.99163
      vertex 26.25 7.38203 7.96658
    endloop
  endfacet
  facet normal 1 0 0
    outer loop
      vertex 26.25 7 8.8
      vertex 26.25 7.19174 7.99163
      vertex 26.25 7.26147 8.78858
    endloop
  endfacet
  facet normal 1 0 0
    outer loop
      vertex 26.25 7 8.8
      vertex 26.25 7 8
      vertex 26.25 7.19174 7.99163
    endloop
  endfacet
  facet normal 1 0 0
    outer loop
      vertex 26.25 7 8.8
      vertex 26.25 6.80826 7.99163
      vertex 26.25 7 8
    endloop
  endfacet
  facet normal 1 -0 0
    outer loop
      vertex 26.25 6.73853 8.78858
      vertex 26.25 6.80826 7.99163
      vertex 26.25 7 8.8
    endloop
  endfacet
  facet normal 1 0 0
    outer loop
      vertex 26.25 6.73853 8.78858
      vertex 26.25 6.61797 7.96658
      vertex 26.25 6.80826 7.99163
    endloop
  endfacet
  facet normal 1 -0 0
    outer loop
      vertex 26.25 6.47906 8.75442
      vertex 26.25 6.61797 7.96658
      vertex 26.25 6.73853 8.78858
    endloop
  endfacet
  facet normal 1 0 0
    outer loop
      vertex 26.25 6.47906 8.75442
      vertex 26.25 6.4306 7.92504
      vertex 26.25 6.61797 7.96658
    endloop
  endfacet
  facet normal 1 -0 0
    outer loop
      vertex 26.25 6.22354 8.69778
      vertex 26.25 6.4306 7.92504
      vertex 26.25 6.47906 8.75442
    endloop
  endfacet
  facet normal 1 0 0
    outer loop
      vertex 26.25 6.4306 7.92504
      vertex 26.25 6.22354 8.69778
      vertex 26.25 6.24755 7.86732
    endloop
  endfacet
  facet normal 1 -0 0
    outer loop
      vertex 26.25 5.97394 8.61908
      vertex 26.25 6.24755 7.86732
      vertex 26.25 6.22354 8.69778
    endloop
  endfacet
  facet normal 1 0 0
    outer loop
      vertex 26.25 6.24755 7.86732
      vertex 26.25 5.97394 8.61908
      vertex 26.25 6.07024 7.79388
    endloop
  endfacet
  facet normal 1 -0 0
    outer loop
      vertex 26.25 5.73214 8.51892
      vertex 26.25 6.07024 7.79388
      vertex 26.25 5.97394 8.61908
    endloop
  endfacet
  facet normal 1 0 0
    outer loop
      vertex 26.25 6.07024 7.79388
      vertex 26.25 5.73214 8.51892
      vertex 26.25 5.9 7.70526
    endloop
  endfacet
  facet normal 1 -0 0
    outer loop
      vertex 26.25 5.5 8.39808
      vertex 26.25 5.9 7.70526
      vertex 26.25 5.73214 8.51892
    endloop
  endfacet
  facet normal 1 0 0
    outer loop
      vertex 26.25 5.9 7.70526
      vertex 26.25 5.5 8.39808
      vertex 26.25 5.73813 7.60213
    endloop
  endfacet
  facet normal 1 -0 0
    outer loop
      vertex 26.25 5.27927 8.25746
      vertex 26.25 5.73813 7.60213
      vertex 26.25 5.5 8.39808
    endloop
  endfacet
  facet normal 1 0 0
    outer loop
      vertex 26.25 5.73813 7.60213
      vertex 26.25 5.27927 8.25746
      vertex 26.25 5.58587 7.4853
    endloop
  endfacet
  facet normal 1 -0 0
    outer loop
      vertex 26.25 5.07164 8.09813
      vertex 26.25 5.58587 7.4853
      vertex 26.25 5.27927 8.25746
    endloop
  endfacet
  facet normal 1 0 0
    outer loop
      vertex 26.25 5.58587 7.4853
      vertex 26.25 5.07164 8.09813
      vertex 26.25 5.44436 7.35563
    endloop
  endfacet
  facet normal 1 -0 0
    outer loop
      vertex 26.25 4.87868 7.92132
      vertex 26.25 5.44436 7.35563
      vertex 26.25 5.07164 8.09813
    endloop
  endfacet
  facet normal 1 0 0
    outer loop
      vertex 26.25 5.44436 7.35563
      vertex 26.25 4.87868 7.92132
      vertex 26.25 5.3147 7.21413
    endloop
  endfacet
  facet normal 1 -0 0
    outer loop
      vertex 26.25 4.70187 7.72836
      vertex 26.25 5.3147 7.21413
      vertex 26.25 4.87868 7.92132
    endloop
  endfacet
  facet normal 1 0 0
    outer loop
      vertex 26.25 5.3147 7.21413
      vertex 26.25 4.70187 7.72836
      vertex 26.25 5.19787 7.06187
    endloop
  endfacet
  facet normal 1 -0 0
    outer loop
      vertex 26.25 4.54254 7.52073
      vertex 26.25 5.19787 7.06187
      vertex 26.25 4.70187 7.72836
    endloop
  endfacet
  facet normal 1 0 0
    outer loop
      vertex 26.25 5.19787 7.06187
      vertex 26.25 4.54254 7.52073
      vertex 26.25 5.09474 6.9
    endloop
  endfacet
  facet normal 1 -0 0
    outer loop
      vertex 26.25 4.40192 7.3
      vertex 26.25 5.09474 6.9
      vertex 26.25 4.54254 7.52073
    endloop
  endfacet
  facet normal 1 0 0
    outer loop
      vertex 26.25 5.09474 6.9
      vertex 26.25 4.40192 7.3
      vertex 26.25 5.00612 6.72976
    endloop
  endfacet
  facet normal 1 -0 0
    outer loop
      vertex 26.25 4.28108 7.06785
      vertex 26.25 5.00612 6.72976
      vertex 26.25 4.40192 7.3
    endloop
  endfacet
  facet normal 1 0 0
    outer loop
      vertex 26.25 5.00612 6.72976
      vertex 26.25 4.28108 7.06785
      vertex 26.25 4.93268 6.55244
    endloop
  endfacet
  facet normal 1 -0 0
    outer loop
      vertex 26.25 4.18092 6.82606
      vertex 26.25 4.93268 6.55244
      vertex 26.25 4.28108 7.06785
    endloop
  endfacet
  facet normal 1 0 0
    outer loop
      vertex 26.25 9.81908 4.77394
      vertex 26.25 9.06732 5.04755
      vertex 26.25 9.71892 4.53214
    endloop
  endfacet
  facet normal 1 -0 0
    outer loop
      vertex 26.25 8.99388 4.87024
      vertex 26.25 9.71892 4.53214
      vertex 26.25 9.06732 5.04755
    endloop
  endfacet
  facet normal 1 0 0
    outer loop
      vertex 26.25 9.71892 4.53214
      vertex 26.25 8.99388 4.87024
      vertex 26.25 9.59808 4.3
    endloop
  endfacet
  facet normal 1 -0 0
    outer loop
      vertex 26.25 8.90526 4.7
      vertex 26.25 9.59808 4.3
      vertex 26.25 8.99388 4.87024
    endloop
  endfacet
  facet normal 1 0 0
    outer loop
      vertex 26.25 9.59808 4.3
      vertex 26.25 8.90526 4.7
      vertex 26.25 9.45746 4.07927
    endloop
  endfacet
  facet normal 1 -0 0
    outer loop
      vertex 26.25 8.80213 4.53813
      vertex 26.25 9.45746 4.07927
      vertex 26.25 8.90526 4.7
    endloop
  endfacet
  facet normal 1 0 0
    outer loop
      vertex 26.25 9.45746 4.07927
      vertex 26.25 8.80213 4.53813
      vertex 26.25 9.29813 3.87164
    endloop
  endfacet
  facet normal 1 -0 0
    outer loop
      vertex 26.25 8.6853 4.38587
      vertex 26.25 9.29813 3.87164
      vertex 26.25 8.80213 4.53813
    endloop
  endfacet
  facet normal 1 0 0
    outer loop
      vertex 26.25 9.29813 3.87164
      vertex 26.25 8.6853 4.38587
      vertex 26.25 9.12132 3.67868
    endloop
  endfacet
  facet normal 1 -0 0
    outer loop
      vertex 26.25 8.55563 4.24436
      vertex 26.25 9.12132 3.67868
      vertex 26.25 8.6853 4.38587
    endloop
  endfacet
  facet normal 1 0 0
    outer loop
      vertex 26.25 9.12132 3.67868
      vertex 26.25 8.55563 4.24436
      vertex 26.25 8.92836 3.50187
    endloop
  endfacet
  facet normal 1 -0 0
    outer loop
      vertex 26.25 8.41413 4.1147
      vertex 26.25 8.92836 3.50187
      vertex 26.25 8.55563 4.24436
    endloop
  endfacet
  facet normal 1 0 0
    outer loop
      vertex 26.25 8.92836 3.50187
      vertex 26.25 8.41413 4.1147
      vertex 26.25 8.72073 3.34254
    endloop
  endfacet
  facet normal 1 -0 0
    outer loop
      vertex 26.25 8.26187 3.99786
      vertex 26.25 8.72073 3.34254
      vertex 26.25 8.41413 4.1147
    endloop
  endfacet
  facet normal 1 0 0
    outer loop
      vertex 26.25 8.72073 3.34254
      vertex 26.25 8.26187 3.99786
      vertex 26.25 8.5 3.20192
    endloop
  endfacet
  facet normal 1 -0 0
    outer loop
      vertex 26.25 8.1 3.89474
      vertex 26.25 8.5 3.20192
      vertex 26.25 8.26187 3.99786
    endloop
  endfacet
  facet normal 1 0 0
    outer loop
      vertex 26.25 8.5 3.20192
      vertex 26.25 8.1 3.89474
      vertex 26.25 8.26785 3.08108
    endloop
  endfacet
  facet normal 1 -0 0
    outer loop
      vertex 26.25 7.92976 3.80612
      vertex 26.25 8.26785 3.08108
      vertex 26.25 8.1 3.89474
    endloop
  endfacet
  facet normal 1 0 0
    outer loop
      vertex 26.25 8.26785 3.08108
      vertex 26.25 7.92976 3.80612
      vertex 26.25 8.02606 2.98092
    endloop
  endfacet
  facet normal 1 -0 0
    outer loop
      vertex 26.25 7.75244 3.73268
      vertex 26.25 8.02606 2.98092
      vertex 26.25 7.92976 3.80612
    endloop
  endfacet
  facet normal 1 0 0
    outer loop
      vertex 26.25 8.02606 2.98092
      vertex 26.25 7.75244 3.73268
      vertex 26.25 7.77646 2.90222
    endloop
  endfacet
  facet normal 1 -0 0
    outer loop
      vertex 26.25 7.5694 3.67496
      vertex 26.25 7.77646 2.90222
      vertex 26.25 7.75244 3.73268
    endloop
  endfacet
  facet normal 1 0 0
    outer loop
      vertex 26.25 7.5694 3.67496
      vertex 26.25 7.52094 2.84558
      vertex 26.25 7.77646 2.90222
    endloop
  endfacet
  facet normal 1 -0 0
    outer loop
      vertex 26.25 7.38203 3.63342
      vertex 26.25 7.52094 2.84558
      vertex 26.25 7.5694 3.67496
    endloop
  endfacet
  facet normal 1 0 0
    outer loop
      vertex 26.25 7.38203 3.63342
      vertex 26.25 7.26147 2.81142
      vertex 26.25 7.52094 2.84558
    endloop
  endfacet
  facet normal 1 -0 0
    outer loop
      vertex 26.25 7.19174 3.60837
      vertex 26.25 7.26147 2.81142
      vertex 26.25 7.38203 3.63342
    endloop
  endfacet
  facet normal 1 -0 0
    outer loop
      vertex 26.25 7 3.6
      vertex 26.25 7.26147 2.81142
      vertex 26.25 7.19174 3.60837
    endloop
  endfacet
  facet normal 1 0 0
    outer loop
      vertex 26.25 7 3.6
      vertex 26.25 7 2.8
      vertex 26.25 7.26147 2.81142
    endloop
  endfacet
  facet normal 1 0 0
    outer loop
      vertex 26.25 6.80826 3.60837
      vertex 26.25 7 2.8
      vertex 26.25 7 3.6
    endloop
  endfacet
  facet normal 1 0 0
    outer loop
      vertex 26.25 6.80826 3.60837
      vertex 26.25 6.73853 2.81142
      vertex 26.25 7 2.8
    endloop
  endfacet
  facet normal 1 0 0
    outer loop
      vertex 26.25 6.61797 3.63342
      vertex 26.25 6.73853 2.81142
      vertex 26.25 6.80826 3.60837
    endloop
  endfacet
  facet normal 1 0 0
    outer loop
      vertex 26.25 6.61797 3.63342
      vertex 26.25 6.47906 2.84558
      vertex 26.25 6.73853 2.81142
    endloop
  endfacet
  facet normal 1 0 0
    outer loop
      vertex 26.25 6.4306 3.67496
      vertex 26.25 6.47906 2.84558
      vertex 26.25 6.61797 3.63342
    endloop
  endfacet
  facet normal 1 0 0
    outer loop
      vertex 26.25 6.22354 2.90222
      vertex 26.25 6.4306 3.67496
      vertex 26.25 6.24755 3.73268
    endloop
  endfacet
  facet normal 1 0 0
    outer loop
      vertex 26.25 6.4306 3.67496
      vertex 26.25 6.22354 2.90222
      vertex 26.25 6.47906 2.84558
    endloop
  endfacet
  facet normal 1 0 0
    outer loop
      vertex 26.25 5.97394 2.98092
      vertex 26.25 6.24755 3.73268
      vertex 26.25 6.07024 3.80612
    endloop
  endfacet
  facet normal 1 0 0
    outer loop
      vertex 26.25 6.24755 3.73268
      vertex 26.25 5.97394 2.98092
      vertex 26.25 6.22354 2.90222
    endloop
  endfacet
  facet normal 1 0 0
    outer loop
      vertex 26.25 5.73214 3.08108
      vertex 26.25 6.07024 3.80612
      vertex 26.25 5.9 3.89474
    endloop
  endfacet
  facet normal 1 0 0
    outer loop
      vertex 26.25 5.5 3.20192
      vertex 26.25 5.9 3.89474
      vertex 26.25 5.73813 3.99786
    endloop
  endfacet
  facet normal 1 0 0
    outer loop
      vertex 26.25 6.07024 3.80612
      vertex 26.25 5.73214 3.08108
      vertex 26.25 5.97394 2.98092
    endloop
  endfacet
  facet normal 1 0 0
    outer loop
      vertex 26.25 5.27927 3.34254
      vertex 26.25 5.73813 3.99786
      vertex 26.25 5.58587 4.1147
    endloop
  endfacet
  facet normal 1 0 0
    outer loop
      vertex 26.25 5.9 3.89474
      vertex 26.25 5.5 3.20192
      vertex 26.25 5.73214 3.08108
    endloop
  endfacet
  facet normal 1 0 0
    outer loop
      vertex 26.25 5.07164 3.50187
      vertex 26.25 5.58587 4.1147
      vertex 26.25 5.44436 4.24436
    endloop
  endfacet
  facet normal 1 0 0
    outer loop
      vertex 26.25 4.87868 3.67868
      vertex 26.25 5.44436 4.24436
      vertex 26.25 5.3147 4.38587
    endloop
  endfacet
  facet normal 1 0 0
    outer loop
      vertex 26.25 5.73813 3.99786
      vertex 26.25 5.27927 3.34254
      vertex 26.25 5.5 3.20192
    endloop
  endfacet
  facet normal 1 0 0
    outer loop
      vertex 26.25 4.70187 3.87164
      vertex 26.25 5.3147 4.38587
      vertex 26.25 5.19787 4.53813
    endloop
  endfacet
  facet normal 1 0 0
    outer loop
      vertex 26.25 4.54254 4.07927
      vertex 26.25 5.19787 4.53813
      vertex 26.25 5.09474 4.7
    endloop
  endfacet
  facet normal 1 0 0
    outer loop
      vertex 26.25 5.58587 4.1147
      vertex 26.25 5.07164 3.50187
      vertex 26.25 5.27927 3.34254
    endloop
  endfacet
  facet normal 1 0 0
    outer loop
      vertex 26.25 4.40192 4.3
      vertex 26.25 5.09474 4.7
      vertex 26.25 5.00612 4.87024
    endloop
  endfacet
  facet normal 1 0 0
    outer loop
      vertex 26.25 4.28108 4.53214
      vertex 26.25 5.00612 4.87024
      vertex 26.25 4.93268 5.04755
    endloop
  endfacet
  facet normal 1 0 0
    outer loop
      vertex 26.25 5.44436 4.24436
      vertex 26.25 4.87868 3.67868
      vertex 26.25 5.07164 3.50187
    endloop
  endfacet
  facet normal 1 0 0
    outer loop
      vertex 26.25 4.18092 4.77394
      vertex 26.25 4.93268 5.04755
      vertex 26.25 4.87496 5.2306
    endloop
  endfacet
  facet normal 1 0 0
    outer loop
      vertex 26.25 4.10222 5.02354
      vertex 26.25 4.87496 5.2306
      vertex 26.25 4.83342 5.41797
    endloop
  endfacet
  facet normal 1 0 0
    outer loop
      vertex 26.25 4.04558 5.27905
      vertex 26.25 4.83342 5.41797
      vertex 26.25 4.80837 5.60826
    endloop
  endfacet
  facet normal 1 0 0
    outer loop
      vertex 26.25 4.01142 5.53853
      vertex 26.25 4.80837 5.60826
      vertex 26.25 4.8 5.8
    endloop
  endfacet
  facet normal 1 0 0
    outer loop
      vertex 26.25 4.93268 6.55244
      vertex 26.25 4.18092 6.82606
      vertex 26.25 4.87496 6.3694
    endloop
  endfacet
  facet normal 1 0 0
    outer loop
      vertex 26.25 5.3147 4.38587
      vertex 26.25 4.70187 3.87164
      vertex 26.25 4.87868 3.67868
    endloop
  endfacet
  facet normal 1 -0 0
    outer loop
      vertex 26.25 4.10222 6.57646
      vertex 26.25 4.87496 6.3694
      vertex 26.25 4.18092 6.82606
    endloop
  endfacet
  facet normal 1 0 0
    outer loop
      vertex 26.25 5.19787 4.53813
      vertex 26.25 4.54254 4.07927
      vertex 26.25 4.70187 3.87164
    endloop
  endfacet
  facet normal 1 0 0
    outer loop
      vertex 26.25 4.87496 6.3694
      vertex 26.25 4.10222 6.57646
      vertex 26.25 4.83342 6.18203
    endloop
  endfacet
  facet normal 1 0 0
    outer loop
      vertex 26.25 5.09474 4.7
      vertex 26.25 4.40192 4.3
      vertex 26.25 4.54254 4.07927
    endloop
  endfacet
  facet normal 1 -0 0
    outer loop
      vertex 26.25 4.04558 6.32094
      vertex 26.25 4.83342 6.18203
      vertex 26.25 4.10222 6.57646
    endloop
  endfacet
  facet normal 1 0 0
    outer loop
      vertex 26.25 5.00612 4.87024
      vertex 26.25 4.28108 4.53214
      vertex 26.25 4.40192 4.3
    endloop
  endfacet
  facet normal 1 0 0
    outer loop
      vertex 26.25 4.83342 6.18203
      vertex 26.25 4.04558 6.32094
      vertex 26.25 4.80837 5.99174
    endloop
  endfacet
  facet normal 1 0 0
    outer loop
      vertex 26.25 4.93268 5.04755
      vertex 26.25 4.18092 4.77394
      vertex 26.25 4.28108 4.53214
    endloop
  endfacet
  facet normal 1 -0 0
    outer loop
      vertex 26.25 4.01142 6.06147
      vertex 26.25 4.80837 5.99174
      vertex 26.25 4.04558 6.32094
    endloop
  endfacet
  facet normal 1 0 0
    outer loop
      vertex 26.25 4.87496 5.2306
      vertex 26.25 4.10222 5.02354
      vertex 26.25 4.18092 4.77394
    endloop
  endfacet
  facet normal 1 0 0
    outer loop
      vertex 26.25 4.80837 5.99174
      vertex 26.25 4.01142 6.06147
      vertex 26.25 4.8 5.8
    endloop
  endfacet
  facet normal 1 0 0
    outer loop
      vertex 26.25 4.83342 5.41797
      vertex 26.25 4.04558 5.27905
      vertex 26.25 4.10222 5.02354
    endloop
  endfacet
  facet normal 1 0 0
    outer loop
      vertex 26.25 4 5.8
      vertex 26.25 4.8 5.8
      vertex 26.25 4.01142 6.06147
    endloop
  endfacet
  facet normal 1 0 0
    outer loop
      vertex 26.25 4.80837 5.60826
      vertex 26.25 4.01142 5.53853
      vertex 26.25 4.04558 5.27905
    endloop
  endfacet
  facet normal 1 0 0
    outer loop
      vertex 26.25 4.8 5.8
      vertex 26.25 4 5.8
      vertex 26.25 4.01142 5.53853
    endloop
  endfacet
  facet normal 0 -0.9763 -0.216421
    outer loop
      vertex 19 4.10222 5.02354
      vertex 26.25 4.04558 5.27905
      vertex 19 4.04558 5.27905
    endloop
  endfacet
  facet normal 0 -0.9763 -0.216421
    outer loop
      vertex 26.25 4.04558 5.27905
      vertex 19 4.10222 5.02354
      vertex 26.25 4.10222 5.02354
    endloop
  endfacet
  facet normal 0 -0.300711 -0.953715
    outer loop
      vertex 19 5.97394 2.98092
      vertex 26.25 6.22354 2.90222
      vertex 26.25 5.97394 2.98092
    endloop
  endfacet
  facet normal -0 -0.300711 -0.953715
    outer loop
      vertex 26.25 6.22354 2.90222
      vertex 19 5.97394 2.98092
      vertex 19 6.22354 2.90222
    endloop
  endfacet
  facet normal 0 0.991445 0.130527
    outer loop
      vertex 26.25 9.98858 6.06147
      vertex 19 9.95442 6.32094
      vertex 26.25 9.95442 6.32094
    endloop
  endfacet
  facet normal 0 0.991445 0.130527
    outer loop
      vertex 19 9.95442 6.32094
      vertex 26.25 9.98858 6.06147
      vertex 19 9.98858 6.06147
    endloop
  endfacet
  facet normal 0 0.737287 -0.675579
    outer loop
      vertex 26.25 9.12132 3.67868
      vertex 19 9.29813 3.87164
      vertex 26.25 9.29813 3.87164
    endloop
  endfacet
  facet normal 0 0.737287 -0.675579
    outer loop
      vertex 19 9.29813 3.87164
      vertex 26.25 9.12132 3.67868
      vertex 19 9.12132 3.67868
    endloop
  endfacet
  facet normal -0 0.382707 0.92387
    outer loop
      vertex 19 8.26785 8.51892
      vertex 26.25 8.02606 8.61908
      vertex 26.25 8.26785 8.51892
    endloop
  endfacet
  facet normal 0 0.382707 0.92387
    outer loop
      vertex 26.25 8.02606 8.61908
      vertex 19 8.26785 8.51892
      vertex 19 8.02606 8.61908
    endloop
  endfacet
  facet normal 0 0.537298 -0.843392
    outer loop
      vertex 19 8.5 3.20192
      vertex 26.25 8.72073 3.34254
      vertex 26.25 8.5 3.20192
    endloop
  endfacet
  facet normal 0 0.537298 -0.843392
    outer loop
      vertex 26.25 8.72073 3.34254
      vertex 19 8.5 3.20192
      vertex 19 8.72073 3.34254
    endloop
  endfacet
  facet normal -0 0.130527 0.991445
    outer loop
      vertex 19 7.52094 8.75442
      vertex 26.25 7.26147 8.78858
      vertex 26.25 7.52094 8.75442
    endloop
  endfacet
  facet normal 0 0.130527 0.991445
    outer loop
      vertex 26.25 7.26147 8.78858
      vertex 19 7.52094 8.75442
      vertex 19 7.26147 8.78858
    endloop
  endfacet
  facet normal -0 0.675579 0.737287
    outer loop
      vertex 19 9.12132 7.92132
      vertex 26.25 8.92836 8.09813
      vertex 26.25 9.12132 7.92132
    endloop
  endfacet
  facet normal 0 0.675579 0.737287
    outer loop
      vertex 26.25 8.92836 8.09813
      vertex 19 9.12132 7.92132
      vertex 19 8.92836 8.09813
    endloop
  endfacet
  facet normal 0 0.382707 -0.92387
    outer loop
      vertex 19 8.02606 2.98092
      vertex 26.25 8.26785 3.08108
      vertex 26.25 8.02606 2.98092
    endloop
  endfacet
  facet normal 0 0.382707 -0.92387
    outer loop
      vertex 26.25 8.26785 3.08108
      vertex 19 8.02606 2.98092
      vertex 19 8.26785 3.08108
    endloop
  endfacet
  facet normal -0 0.300711 0.953715
    outer loop
      vertex 19 8.02606 8.61908
      vertex 26.25 7.77646 8.69778
      vertex 26.25 8.02606 8.61908
    endloop
  endfacet
  facet normal 0 0.300711 0.953715
    outer loop
      vertex 26.25 7.77646 8.69778
      vertex 19 8.02606 8.61908
      vertex 19 7.77646 8.69778
    endloop
  endfacet
  facet normal 0 0.999048 0.0436345
    outer loop
      vertex 26.25 10 5.8
      vertex 19 9.98858 6.06147
      vertex 26.25 9.98858 6.06147
    endloop
  endfacet
  facet normal 0 0.999048 0.0436345
    outer loop
      vertex 19 9.98858 6.06147
      vertex 26.25 10 5.8
      vertex 19 10 5.8
    endloop
  endfacet
  facet normal 0 -0.675579 0.737287
    outer loop
      vertex 19 5.07164 8.09813
      vertex 26.25 4.87868 7.92132
      vertex 26.25 5.07164 8.09813
    endloop
  endfacet
  facet normal 0 -0.675579 0.737287
    outer loop
      vertex 26.25 4.87868 7.92132
      vertex 19 5.07164 8.09813
      vertex 19 4.87868 7.92132
    endloop
  endfacet
  facet normal 0 -0.887018 -0.461735
    outer loop
      vertex 19 4.40192 4.3
      vertex 26.25 4.28108 4.53214
      vertex 19 4.28108 4.53214
    endloop
  endfacet
  facet normal 0 -0.887018 -0.461735
    outer loop
      vertex 26.25 4.28108 4.53214
      vertex 19 4.40192 4.3
      vertex 26.25 4.40192 4.3
    endloop
  endfacet
  facet normal 0 0.999048 -0.0436345
    outer loop
      vertex 26.25 9.98858 5.53853
      vertex 19 10 5.8
      vertex 26.25 10 5.8
    endloop
  endfacet
  facet normal 0 0.999048 -0.0436345
    outer loop
      vertex 19 10 5.8
      vertex 26.25 9.98858 5.53853
      vertex 19 9.98858 5.53853
    endloop
  endfacet
  facet normal 0 -0.130527 0.991445
    outer loop
      vertex 19 6.73853 8.78858
      vertex 26.25 6.47906 8.75442
      vertex 26.25 6.73853 8.78858
    endloop
  endfacet
  facet normal 0 -0.130527 0.991445
    outer loop
      vertex 26.25 6.47906 8.75442
      vertex 19 6.73853 8.78858
      vertex 19 6.47906 8.75442
    endloop
  endfacet
  facet normal -0 0.216413 0.976302
    outer loop
      vertex 19 7.77646 8.69778
      vertex 26.25 7.52094 8.75442
      vertex 26.25 7.77646 8.69778
    endloop
  endfacet
  facet normal 0 0.216413 0.976302
    outer loop
      vertex 26.25 7.52094 8.75442
      vertex 19 7.77646 8.69778
      vertex 19 7.52094 8.75442
    endloop
  endfacet
  facet normal 0 0.46172 -0.887026
    outer loop
      vertex 19 8.26785 3.08108
      vertex 26.25 8.5 3.20192
      vertex 26.25 8.26785 3.08108
    endloop
  endfacet
  facet normal 0 0.46172 -0.887026
    outer loop
      vertex 26.25 8.5 3.20192
      vertex 19 8.26785 3.08108
      vertex 19 8.5 3.20192
    endloop
  endfacet
  facet normal 0 -0.793335 -0.608785
    outer loop
      vertex 19 4.70187 3.87164
      vertex 26.25 4.54254 4.07927
      vertex 19 4.54254 4.07927
    endloop
  endfacet
  facet normal 0 -0.793335 -0.608785
    outer loop
      vertex 26.25 4.54254 4.07927
      vertex 19 4.70187 3.87164
      vertex 26.25 4.70187 3.87164
    endloop
  endfacet
  facet normal 0 0.793335 0.608785
    outer loop
      vertex 26.25 9.45746 7.52073
      vertex 19 9.29813 7.72836
      vertex 26.25 9.29813 7.72836
    endloop
  endfacet
  facet normal 0 0.793335 0.608785
    outer loop
      vertex 19 9.29813 7.72836
      vertex 26.25 9.45746 7.52073
      vertex 19 9.45746 7.52073
    endloop
  endfacet
  facet normal 0 0.843392 0.537298
    outer loop
      vertex 26.25 9.59808 7.3
      vertex 19 9.45746 7.52073
      vertex 26.25 9.45746 7.52073
    endloop
  endfacet
  facet normal 0 0.843392 0.537298
    outer loop
      vertex 19 9.45746 7.52073
      vertex 26.25 9.59808 7.3
      vertex 19 9.59808 7.3
    endloop
  endfacet
  facet normal -0 0.46172 0.887026
    outer loop
      vertex 19 8.5 8.39808
      vertex 26.25 8.26785 8.51892
      vertex 26.25 8.5 8.39808
    endloop
  endfacet
  facet normal 0 0.46172 0.887026
    outer loop
      vertex 26.25 8.26785 8.51892
      vertex 19 8.5 8.39808
      vertex 19 8.26785 8.51892
    endloop
  endfacet
  facet normal 0 0.675579 -0.737287
    outer loop
      vertex 19 8.92836 3.50187
      vertex 26.25 9.12132 3.67868
      vertex 26.25 8.92836 3.50187
    endloop
  endfacet
  facet normal 0 0.675579 -0.737287
    outer loop
      vertex 26.25 9.12132 3.67868
      vertex 19 8.92836 3.50187
      vertex 19 9.12132 3.67868
    endloop
  endfacet
  facet normal 0 -0.793335 0.608785
    outer loop
      vertex 19 4.54254 7.52073
      vertex 26.25 4.70187 7.72836
      vertex 19 4.70187 7.72836
    endloop
  endfacet
  facet normal 0 -0.793335 0.608785
    outer loop
      vertex 26.25 4.70187 7.72836
      vertex 19 4.54254 7.52073
      vertex 26.25 4.54254 7.52073
    endloop
  endfacet
  facet normal 0 0.953715 0.300711
    outer loop
      vertex 26.25 9.89778 6.57646
      vertex 19 9.81908 6.82606
      vertex 26.25 9.81908 6.82606
    endloop
  endfacet
  facet normal 0 0.953715 0.300711
    outer loop
      vertex 19 9.81908 6.82606
      vertex 26.25 9.89778 6.57646
      vertex 19 9.89778 6.57646
    endloop
  endfacet
  facet normal 0 0.953715 -0.300711
    outer loop
      vertex 26.25 9.81908 4.77394
      vertex 19 9.89778 5.02354
      vertex 26.25 9.89778 5.02354
    endloop
  endfacet
  facet normal 0 0.953715 -0.300711
    outer loop
      vertex 19 9.89778 5.02354
      vertex 26.25 9.81908 4.77394
      vertex 19 9.81908 4.77394
    endloop
  endfacet
  facet normal 0 -0.953715 -0.300711
    outer loop
      vertex 19 4.18092 4.77394
      vertex 26.25 4.10222 5.02354
      vertex 19 4.10222 5.02354
    endloop
  endfacet
  facet normal 0 -0.953715 -0.300711
    outer loop
      vertex 26.25 4.10222 5.02354
      vertex 19 4.18092 4.77394
      vertex 26.25 4.18092 4.77394
    endloop
  endfacet
  facet normal 0 -0.0436345 0.999048
    outer loop
      vertex 19 7 8.8
      vertex 26.25 6.73853 8.78858
      vertex 26.25 7 8.8
    endloop
  endfacet
  facet normal 0 -0.0436345 0.999048
    outer loop
      vertex 26.25 6.73853 8.78858
      vertex 19 7 8.8
      vertex 19 6.73853 8.78858
    endloop
  endfacet
  facet normal 0 -0.999048 0.0436345
    outer loop
      vertex 19 4 5.8
      vertex 26.25 4.01142 6.06147
      vertex 19 4.01142 6.06147
    endloop
  endfacet
  facet normal 0 -0.999048 0.0436345
    outer loop
      vertex 26.25 4.01142 6.06147
      vertex 19 4 5.8
      vertex 26.25 4 5.8
    endloop
  endfacet
  facet normal 0 0.976302 0.216413
    outer loop
      vertex 26.25 9.95442 6.32094
      vertex 19 9.89778 6.57646
      vertex 26.25 9.89778 6.57646
    endloop
  endfacet
  facet normal 0 0.976302 0.216413
    outer loop
      vertex 19 9.89778 6.57646
      vertex 26.25 9.95442 6.32094
      vertex 19 9.95442 6.32094
    endloop
  endfacet
  facet normal 0 -0.991445 0.130527
    outer loop
      vertex 19 4.01142 6.06147
      vertex 26.25 4.04558 6.32094
      vertex 19 4.04558 6.32094
    endloop
  endfacet
  facet normal 0 -0.991445 0.130527
    outer loop
      vertex 26.25 4.04558 6.32094
      vertex 19 4.01142 6.06147
      vertex 26.25 4.01142 6.06147
    endloop
  endfacet
  facet normal 0 -0.953715 0.300711
    outer loop
      vertex 19 4.10222 6.57646
      vertex 26.25 4.18092 6.82606
      vertex 19 4.18092 6.82606
    endloop
  endfacet
  facet normal 0 -0.953715 0.300711
    outer loop
      vertex 26.25 4.18092 6.82606
      vertex 19 4.10222 6.57646
      vertex 26.25 4.10222 6.57646
    endloop
  endfacet
  facet normal -0 0.0436345 0.999048
    outer loop
      vertex 19 7.26147 8.78858
      vertex 26.25 7 8.8
      vertex 26.25 7.26147 8.78858
    endloop
  endfacet
  facet normal 0 0.0436345 0.999048
    outer loop
      vertex 26.25 7 8.8
      vertex 19 7.26147 8.78858
      vertex 19 7 8.8
    endloop
  endfacet
  facet normal 0 -0.675579 -0.737287
    outer loop
      vertex 19 4.87868 3.67868
      vertex 26.25 5.07164 3.50187
      vertex 26.25 4.87868 3.67868
    endloop
  endfacet
  facet normal -0 -0.675579 -0.737287
    outer loop
      vertex 26.25 5.07164 3.50187
      vertex 19 4.87868 3.67868
      vertex 19 5.07164 3.50187
    endloop
  endfacet
  facet normal 0 -0.999048 -0.0436345
    outer loop
      vertex 19 4.01142 5.53853
      vertex 26.25 4 5.8
      vertex 19 4 5.8
    endloop
  endfacet
  facet normal 0 -0.999048 -0.0436345
    outer loop
      vertex 26.25 4 5.8
      vertex 19 4.01142 5.53853
      vertex 26.25 4.01142 5.53853
    endloop
  endfacet
  facet normal 0 -0.887026 0.46172
    outer loop
      vertex 19 4.28108 7.06785
      vertex 26.25 4.40192 7.3
      vertex 19 4.40192 7.3
    endloop
  endfacet
  facet normal 0 -0.887026 0.46172
    outer loop
      vertex 26.25 4.40192 7.3
      vertex 19 4.28108 7.06785
      vertex 26.25 4.28108 7.06785
    endloop
  endfacet
  facet normal 0 0.991445 -0.130522
    outer loop
      vertex 26.25 9.95442 5.27905
      vertex 19 9.98858 5.53853
      vertex 26.25 9.98858 5.53853
    endloop
  endfacet
  facet normal 0 0.991445 -0.130522
    outer loop
      vertex 19 9.98858 5.53853
      vertex 26.25 9.95442 5.27905
      vertex 19 9.95442 5.27905
    endloop
  endfacet
  facet normal 0.130527 -0.991445 0
    outer loop
      vertex -0.39939 -8.23494 20
      vertex -0.200458 -8.20875 25
      vertex -0.39939 -8.23494 25
    endloop
  endfacet
  facet normal 0.130527 -0.991445 0
    outer loop
      vertex -0.200458 -8.20875 25
      vertex -0.39939 -8.23494 20
      vertex -0.200458 -8.20875 20
    endloop
  endfacet
  facet normal -0.991442 -0.130547 0
    outer loop
      vertex 2.29125 -10.2995 20
      vertex 2.26506 -10.1006 25
      vertex 2.26506 -10.1006 20
    endloop
  endfacet
  facet normal -0.991442 -0.130547 0
    outer loop
      vertex 2.26506 -10.1006 25
      vertex 2.29125 -10.2995 20
      vertex 2.29125 -10.2995 25
    endloop
  endfacet
  facet normal -0.999049 -0.0435994 0
    outer loop
      vertex 2.3 -10.5 20
      vertex 2.29125 -10.2995 25
      vertex 2.29125 -10.2995 20
    endloop
  endfacet
  facet normal -0.999049 -0.0435994 0
    outer loop
      vertex 2.29125 -10.2995 25
      vertex 2.3 -10.5 20
      vertex 2.3 -10.5 25
    endloop
  endfacet
  facet normal -0.976291 -0.216461 0
    outer loop
      vertex 2.26506 -10.1006 20
      vertex 2.22163 -9.90472 25
      vertex 2.22163 -9.90472 20
    endloop
  endfacet
  facet normal -0.976291 -0.216461 0
    outer loop
      vertex 2.22163 -9.90472 25
      vertex 2.26506 -10.1006 20
      vertex 2.26506 -10.1006 25
    endloop
  endfacet
  facet normal -0.999049 0.0435994 0
    outer loop
      vertex 2.29125 -10.7005 20
      vertex 2.3 -10.5 25
      vertex 2.3 -10.5 20
    endloop
  endfacet
  facet normal -0.999049 0.0435994 0
    outer loop
      vertex 2.3 -10.5 25
      vertex 2.29125 -10.7005 20
      vertex 2.29125 -10.7005 25
    endloop
  endfacet
  facet normal 0.608626 0.793457 -0
    outer loop
      vertex -1.31923 -12.384 20
      vertex -1.47841 -12.2619 25
      vertex -1.31923 -12.384 25
    endloop
  endfacet
  facet normal 0.608626 0.793457 0
    outer loop
      vertex -1.47841 -12.2619 25
      vertex -1.31923 -12.384 20
      vertex -1.47841 -12.2619 20
    endloop
  endfacet
  facet normal 0.953715 -0.300712 0
    outer loop
      vertex -2.22163 -9.90472 25
      vertex -2.16129 -9.71335 20
      vertex -2.16129 -9.71335 25
    endloop
  endfacet
  facet normal 0.953715 -0.300712 0
    outer loop
      vertex -2.16129 -9.71335 20
      vertex -2.22163 -9.90472 25
      vertex -2.22163 -9.90472 20
    endloop
  endfacet
  facet normal -0.675582 -0.737284 0
    outer loop
      vertex 1.47841 -8.7381 20
      vertex 1.62634 -8.87365 25
      vertex 1.47841 -8.7381 25
    endloop
  endfacet
  facet normal -0.675582 -0.737284 -0
    outer loop
      vertex 1.62634 -8.87365 25
      vertex 1.47841 -8.7381 20
      vertex 1.62634 -8.87365 20
    endloop
  endfacet
  facet normal 0.953684 0.300812 0
    outer loop
      vertex -2.16129 -11.2866 25
      vertex -2.22163 -11.0953 20
      vertex -2.22163 -11.0953 25
    endloop
  endfacet
  facet normal 0.953684 0.300812 0
    outer loop
      vertex -2.22163 -11.0953 20
      vertex -2.16129 -11.2866 25
      vertex -2.16129 -11.2866 20
    endloop
  endfacet
  facet normal 0.793374 0.608735 0
    outer loop
      vertex -1.7619 -11.9784 25
      vertex -1.88405 -11.8192 20
      vertex -1.88405 -11.8192 25
    endloop
  endfacet
  facet normal 0.793374 0.608735 0
    outer loop
      vertex -1.88405 -11.8192 20
      vertex -1.7619 -11.9784 25
      vertex -1.7619 -11.9784 20
    endloop
  endfacet
  facet normal -0.382663 -0.923888 0
    outer loop
      vertex 0.786646 -8.33871 20
      vertex 0.972021 -8.41549 25
      vertex 0.786646 -8.33871 25
    endloop
  endfacet
  facet normal -0.382663 -0.923888 -0
    outer loop
      vertex 0.972021 -8.41549 25
      vertex 0.786646 -8.33871 20
      vertex 0.972021 -8.41549 20
    endloop
  endfacet
  facet normal -0.843351 0.537362 0
    outer loop
      vertex 1.88405 -11.8192 20
      vertex 1.99186 -11.65 25
      vertex 1.99186 -11.65 20
    endloop
  endfacet
  facet normal -0.843351 0.537362 0
    outer loop
      vertex 1.99186 -11.65 25
      vertex 1.88405 -11.8192 20
      vertex 1.88405 -11.8192 25
    endloop
  endfacet
  facet normal -0.737282 -0.675585 0
    outer loop
      vertex 1.7619 -9.02159 20
      vertex 1.62634 -8.87365 25
      vertex 1.62634 -8.87365 20
    endloop
  endfacet
  facet normal -0.737282 -0.675585 0
    outer loop
      vertex 1.62634 -8.87365 25
      vertex 1.7619 -9.02159 20
      vertex 1.7619 -9.02159 25
    endloop
  endfacet
  facet normal -0.793337 -0.608783 0
    outer loop
      vertex 1.88405 -9.18077 20
      vertex 1.7619 -9.02159 25
      vertex 1.7619 -9.02159 20
    endloop
  endfacet
  facet normal -0.793337 -0.608783 0
    outer loop
      vertex 1.7619 -9.02159 25
      vertex 1.88405 -9.18077 20
      vertex 1.88405 -9.18077 25
    endloop
  endfacet
  facet normal -0.537295 -0.843395 0
    outer loop
      vertex 1.15 -8.50814 20
      vertex 1.31923 -8.61595 25
      vertex 1.15 -8.50814 25
    endloop
  endfacet
  facet normal -0.537295 -0.843395 -0
    outer loop
      vertex 1.31923 -8.61595 25
      vertex 1.15 -8.50814 20
      vertex 1.31923 -8.61595 20
    endloop
  endfacet
  facet normal -0.216446 -0.976295 0
    outer loop
      vertex 0.39939 -8.23494 20
      vertex 0.595284 -8.27837 25
      vertex 0.39939 -8.23494 25
    endloop
  endfacet
  facet normal -0.216446 -0.976295 -0
    outer loop
      vertex 0.595284 -8.27837 25
      vertex 0.39939 -8.23494 20
      vertex 0.595284 -8.27837 20
    endloop
  endfacet
  facet normal 0.0438572 0.999038 -0
    outer loop
      vertex 0 -12.8 20
      vertex -0.200458 -12.7912 25
      vertex 0 -12.8 25
    endloop
  endfacet
  facet normal 0.0438572 0.999038 0
    outer loop
      vertex -0.200458 -12.7912 25
      vertex 0 -12.8 20
      vertex -0.200458 -12.7912 20
    endloop
  endfacet
  facet normal 0.216446 -0.976295 0
    outer loop
      vertex -0.595284 -8.27837 20
      vertex -0.39939 -8.23494 25
      vertex -0.595284 -8.27837 25
    endloop
  endfacet
  facet normal 0.216446 -0.976295 0
    outer loop
      vertex -0.39939 -8.23494 25
      vertex -0.595284 -8.27837 20
      vertex -0.39939 -8.23494 20
    endloop
  endfacet
  facet normal 0.793337 -0.608783 0
    outer loop
      vertex -1.88405 -9.18077 25
      vertex -1.7619 -9.02159 20
      vertex -1.7619 -9.02159 25
    endloop
  endfacet
  facet normal 0.793337 -0.608783 0
    outer loop
      vertex -1.7619 -9.02159 20
      vertex -1.88405 -9.18077 25
      vertex -1.88405 -9.18077 20
    endloop
  endfacet
  facet normal 0.991442 0.130547 0
    outer loop
      vertex -2.26506 -10.8994 25
      vertex -2.29125 -10.7005 20
      vertex -2.29125 -10.7005 25
    endloop
  endfacet
  facet normal 0.991442 0.130547 0
    outer loop
      vertex -2.29125 -10.7005 20
      vertex -2.26506 -10.8994 25
      vertex -2.26506 -10.8994 20
    endloop
  endfacet
  facet normal 0.461749 -0.887011 0
    outer loop
      vertex -1.15 -8.50814 20
      vertex -0.972021 -8.41549 25
      vertex -1.15 -8.50814 25
    endloop
  endfacet
  facet normal 0.461749 -0.887011 0
    outer loop
      vertex -0.972021 -8.41549 25
      vertex -1.15 -8.50814 20
      vertex -0.972021 -8.41549 20
    endloop
  endfacet
  facet normal -0.461553 0.887113 0
    outer loop
      vertex 1.15 -12.4919 20
      vertex 0.972021 -12.5845 25
      vertex 1.15 -12.4919 25
    endloop
  endfacet
  facet normal -0.461553 0.887113 0
    outer loop
      vertex 0.972021 -12.5845 25
      vertex 1.15 -12.4919 20
      vertex 0.972021 -12.5845 20
    endloop
  endfacet
  facet normal -0.608783 -0.793337 0
    outer loop
      vertex 1.31923 -8.61595 20
      vertex 1.47841 -8.7381 25
      vertex 1.31923 -8.61595 25
    endloop
  endfacet
  facet normal -0.608783 -0.793337 -0
    outer loop
      vertex 1.47841 -8.7381 25
      vertex 1.31923 -8.61595 20
      vertex 1.47841 -8.7381 20
    endloop
  endfacet
  facet normal -0.991442 0.130547 0
    outer loop
      vertex 2.26506 -10.8994 20
      vertex 2.29125 -10.7005 25
      vertex 2.29125 -10.7005 20
    endloop
  endfacet
  facet normal -0.991442 0.130547 0
    outer loop
      vertex 2.29125 -10.7005 25
      vertex 2.26506 -10.8994 20
      vertex 2.26506 -10.8994 25
    endloop
  endfacet
  facet normal -0.923906 0.382619 0
    outer loop
      vertex 2.08451 -11.472 20
      vertex 2.16129 -11.2866 25
      vertex 2.16129 -11.2866 20
    endloop
  endfacet
  facet normal -0.923906 0.382619 0
    outer loop
      vertex 2.16129 -11.2866 25
      vertex 2.08451 -11.472 20
      vertex 2.08451 -11.472 25
    endloop
  endfacet
  facet normal -0.300723 -0.953712 0
    outer loop
      vertex 0.595284 -8.27837 20
      vertex 0.786646 -8.33871 25
      vertex 0.595284 -8.27837 25
    endloop
  endfacet
  facet normal -0.300723 -0.953712 -0
    outer loop
      vertex 0.786646 -8.33871 25
      vertex 0.595284 -8.27837 20
      vertex 0.786646 -8.33871 20
    endloop
  endfacet
  facet normal 0.0436085 -0.999049 0
    outer loop
      vertex -0.200458 -8.20875 20
      vertex 0 -8.2 25
      vertex -0.200458 -8.20875 25
    endloop
  endfacet
  facet normal 0.0436085 -0.999049 0
    outer loop
      vertex 0 -8.2 25
      vertex -0.200458 -8.20875 20
      vertex 0 -8.2 20
    endloop
  endfacet
  facet normal 0.737191 0.675684 0
    outer loop
      vertex -1.62634 -12.1263 25
      vertex -1.7619 -11.9784 20
      vertex -1.7619 -11.9784 25
    endloop
  endfacet
  facet normal 0.737191 0.675684 0
    outer loop
      vertex -1.7619 -11.9784 20
      vertex -1.62634 -12.1263 25
      vertex -1.62634 -12.1263 20
    endloop
  endfacet
  facet normal 0.887012 -0.461747 0
    outer loop
      vertex -2.08451 -9.52798 25
      vertex -1.99186 -9.35 20
      vertex -1.99186 -9.35 25
    endloop
  endfacet
  facet normal 0.887012 -0.461747 0
    outer loop
      vertex -1.99186 -9.35 20
      vertex -2.08451 -9.52798 25
      vertex -2.08451 -9.52798 20
    endloop
  endfacet
  facet normal -0.216778 0.976221 0
    outer loop
      vertex 0.595284 -12.7216 20
      vertex 0.39939 -12.7651 25
      vertex 0.595284 -12.7216 25
    endloop
  endfacet
  facet normal -0.216778 0.976221 0
    outer loop
      vertex 0.39939 -12.7651 25
      vertex 0.595284 -12.7216 20
      vertex 0.39939 -12.7651 20
    endloop
  endfacet
  facet normal -0.130086 0.991503 0
    outer loop
      vertex 0.39939 -12.7651 20
      vertex 0.200458 -12.7912 25
      vertex 0.39939 -12.7651 25
    endloop
  endfacet
  facet normal -0.130086 0.991503 0
    outer loop
      vertex 0.200458 -12.7912 25
      vertex 0.39939 -12.7651 20
      vertex 0.200458 -12.7912 20
    endloop
  endfacet
  facet normal -0.461749 -0.887011 0
    outer loop
      vertex 0.972021 -8.41549 20
      vertex 1.15 -8.50814 25
      vertex 0.972021 -8.41549 25
    endloop
  endfacet
  facet normal -0.461749 -0.887011 -0
    outer loop
      vertex 1.15 -8.50814 25
      vertex 0.972021 -8.41549 20
      vertex 1.15 -8.50814 20
    endloop
  endfacet
  facet normal -0.0436085 -0.999049 0
    outer loop
      vertex 0 -8.2 20
      vertex 0.200458 -8.20875 25
      vertex 0 -8.2 25
    endloop
  endfacet
  facet normal -0.0436085 -0.999049 -0
    outer loop
      vertex 0.200458 -8.20875 25
      vertex 0 -8.2 20
      vertex 0.200458 -8.20875 20
    endloop
  endfacet
  facet normal 0.300542 0.953769 -0
    outer loop
      vertex -0.595284 -12.7216 20
      vertex -0.786646 -12.6613 25
      vertex -0.595284 -12.7216 25
    endloop
  endfacet
  facet normal 0.300542 0.953769 0
    outer loop
      vertex -0.786646 -12.6613 25
      vertex -0.595284 -12.7216 20
      vertex -0.786646 -12.6613 20
    endloop
  endfacet
  facet normal -0.608626 0.793457 0
    outer loop
      vertex 1.47841 -12.2619 20
      vertex 1.31923 -12.384 25
      vertex 1.47841 -12.2619 25
    endloop
  endfacet
  facet normal -0.608626 0.793457 0
    outer loop
      vertex 1.31923 -12.384 25
      vertex 1.47841 -12.2619 20
      vertex 1.31923 -12.384 20
    endloop
  endfacet
  facet normal 0.537614 0.843191 -0
    outer loop
      vertex -1.15 -12.4919 20
      vertex -1.31923 -12.384 25
      vertex -1.15 -12.4919 25
    endloop
  endfacet
  facet normal 0.537614 0.843191 0
    outer loop
      vertex -1.31923 -12.384 25
      vertex -1.15 -12.4919 20
      vertex -1.31923 -12.384 20
    endloop
  endfacet
  facet normal -0.793374 0.608735 0
    outer loop
      vertex 1.7619 -11.9784 20
      vertex 1.88405 -11.8192 25
      vertex 1.88405 -11.8192 20
    endloop
  endfacet
  facet normal -0.793374 0.608735 0
    outer loop
      vertex 1.88405 -11.8192 25
      vertex 1.7619 -11.9784 20
      vertex 1.7619 -11.9784 25
    endloop
  endfacet
  facet normal -0.976296 0.21644 0
    outer loop
      vertex 2.22163 -11.0953 20
      vertex 2.26506 -10.8994 25
      vertex 2.26506 -10.8994 20
    endloop
  endfacet
  facet normal -0.976296 0.21644 0
    outer loop
      vertex 2.26506 -10.8994 25
      vertex 2.22163 -11.0953 20
      vertex 2.22163 -11.0953 25
    endloop
  endfacet
  facet normal 0.675582 -0.737284 0
    outer loop
      vertex -1.62634 -8.87365 20
      vertex -1.47841 -8.7381 25
      vertex -1.62634 -8.87365 25
    endloop
  endfacet
  facet normal 0.675582 -0.737284 0
    outer loop
      vertex -1.47841 -8.7381 25
      vertex -1.62634 -8.87365 20
      vertex -1.47841 -8.7381 20
    endloop
  endfacet
  facet normal 0.608783 -0.793337 0
    outer loop
      vertex -1.47841 -8.7381 20
      vertex -1.31923 -8.61595 25
      vertex -1.47841 -8.7381 25
    endloop
  endfacet
  facet normal 0.608783 -0.793337 0
    outer loop
      vertex -1.31923 -8.61595 25
      vertex -1.47841 -8.7381 20
      vertex -1.31923 -8.61595 20
    endloop
  endfacet
  facet normal -0.887012 -0.461747 0
    outer loop
      vertex 2.08451 -9.52798 20
      vertex 1.99186 -9.35 25
      vertex 1.99186 -9.35 20
    endloop
  endfacet
  facet normal -0.887012 -0.461747 0
    outer loop
      vertex 1.99186 -9.35 25
      vertex 2.08451 -9.52798 20
      vertex 2.08451 -9.52798 25
    endloop
  endfacet
  facet normal -0.843395 -0.537295 0
    outer loop
      vertex 1.99186 -9.35 20
      vertex 1.88405 -9.18077 25
      vertex 1.88405 -9.18077 20
    endloop
  endfacet
  facet normal -0.843395 -0.537295 0
    outer loop
      vertex 1.88405 -9.18077 25
      vertex 1.99186 -9.35 20
      vertex 1.99186 -9.35 25
    endloop
  endfacet
  facet normal -0.953684 0.300812 0
    outer loop
      vertex 2.16129 -11.2866 20
      vertex 2.22163 -11.0953 25
      vertex 2.22163 -11.0953 20
    endloop
  endfacet
  facet normal -0.953684 0.300812 0
    outer loop
      vertex 2.22163 -11.0953 25
      vertex 2.16129 -11.2866 20
      vertex 2.16129 -11.2866 25
    endloop
  endfacet
  facet normal 0.537295 -0.843395 0
    outer loop
      vertex -1.31923 -8.61595 20
      vertex -1.15 -8.50814 25
      vertex -1.31923 -8.61595 25
    endloop
  endfacet
  facet normal 0.537295 -0.843395 0
    outer loop
      vertex -1.15 -8.50814 25
      vertex -1.31923 -8.61595 20
      vertex -1.15 -8.50814 20
    endloop
  endfacet
  facet normal 0.130086 0.991503 -0
    outer loop
      vertex -0.200458 -12.7912 20
      vertex -0.39939 -12.7651 25
      vertex -0.200458 -12.7912 25
    endloop
  endfacet
  facet normal 0.130086 0.991503 0
    outer loop
      vertex -0.39939 -12.7651 25
      vertex -0.200458 -12.7912 20
      vertex -0.39939 -12.7651 20
    endloop
  endfacet
  facet normal 0.300723 -0.953712 0
    outer loop
      vertex -0.786646 -8.33871 20
      vertex -0.595284 -8.27837 25
      vertex -0.786646 -8.33871 25
    endloop
  endfacet
  facet normal 0.300723 -0.953712 0
    outer loop
      vertex -0.595284 -8.27837 25
      vertex -0.786646 -8.33871 20
      vertex -0.595284 -8.27837 20
    endloop
  endfacet
  facet normal -0.382748 0.923853 0
    outer loop
      vertex 0.972021 -12.5845 20
      vertex 0.786646 -12.6613 25
      vertex 0.972021 -12.5845 25
    endloop
  endfacet
  facet normal -0.382748 0.923853 0
    outer loop
      vertex 0.786646 -12.6613 25
      vertex 0.972021 -12.5845 20
      vertex 0.786646 -12.6613 20
    endloop
  endfacet
  facet normal -0.923884 -0.382672 0
    outer loop
      vertex 2.16129 -9.71335 20
      vertex 2.08451 -9.52798 25
      vertex 2.08451 -9.52798 20
    endloop
  endfacet
  facet normal -0.923884 -0.382672 0
    outer loop
      vertex 2.08451 -9.52798 25
      vertex 2.16129 -9.71335 20
      vertex 2.16129 -9.71335 25
    endloop
  endfacet
  facet normal -0.0438572 0.999038 0
    outer loop
      vertex 0.200458 -12.7912 20
      vertex 0 -12.8 25
      vertex 0.200458 -12.7912 25
    endloop
  endfacet
  facet normal -0.0438572 0.999038 0
    outer loop
      vertex 0 -12.8 25
      vertex 0.200458 -12.7912 20
      vertex 0 -12.8 20
    endloop
  endfacet
  facet normal 0.999049 0.0435994 0
    outer loop
      vertex -2.29125 -10.7005 25
      vertex -2.3 -10.5 20
      vertex -2.3 -10.5 25
    endloop
  endfacet
  facet normal 0.999049 0.0435994 0
    outer loop
      vertex -2.3 -10.5 20
      vertex -2.29125 -10.7005 25
      vertex -2.29125 -10.7005 20
    endloop
  endfacet
  facet normal 0.999049 -0.0435994 0
    outer loop
      vertex -2.3 -10.5 25
      vertex -2.29125 -10.2995 20
      vertex -2.29125 -10.2995 25
    endloop
  endfacet
  facet normal 0.999049 -0.0435994 0
    outer loop
      vertex -2.29125 -10.2995 20
      vertex -2.3 -10.5 25
      vertex -2.3 -10.5 20
    endloop
  endfacet
  facet normal -0.887033 0.461706 0
    outer loop
      vertex 1.99186 -11.65 20
      vertex 2.08451 -11.472 25
      vertex 2.08451 -11.472 20
    endloop
  endfacet
  facet normal -0.887033 0.461706 0
    outer loop
      vertex 2.08451 -11.472 25
      vertex 1.99186 -11.65 20
      vertex 1.99186 -11.65 25
    endloop
  endfacet
  facet normal 0.737282 -0.675585 0
    outer loop
      vertex -1.7619 -9.02159 25
      vertex -1.62634 -8.87365 20
      vertex -1.62634 -8.87365 25
    endloop
  endfacet
  facet normal 0.737282 -0.675585 0
    outer loop
      vertex -1.62634 -8.87365 20
      vertex -1.7619 -9.02159 25
      vertex -1.7619 -9.02159 20
    endloop
  endfacet
  facet normal 0.382663 -0.923888 0
    outer loop
      vertex -0.972021 -8.41549 20
      vertex -0.786646 -8.33871 25
      vertex -0.972021 -8.41549 25
    endloop
  endfacet
  facet normal 0.382663 -0.923888 0
    outer loop
      vertex -0.786646 -8.33871 25
      vertex -0.972021 -8.41549 20
      vertex -0.786646 -8.33871 20
    endloop
  endfacet
  facet normal -0.537614 0.843191 0
    outer loop
      vertex 1.31923 -12.384 20
      vertex 1.15 -12.4919 25
      vertex 1.31923 -12.384 25
    endloop
  endfacet
  facet normal -0.537614 0.843191 0
    outer loop
      vertex 1.15 -12.4919 25
      vertex 1.31923 -12.384 20
      vertex 1.15 -12.4919 20
    endloop
  endfacet
  facet normal 0.976291 -0.216461 0
    outer loop
      vertex -2.26506 -10.1006 25
      vertex -2.22163 -9.90472 20
      vertex -2.22163 -9.90472 25
    endloop
  endfacet
  facet normal 0.976291 -0.216461 0
    outer loop
      vertex -2.22163 -9.90472 20
      vertex -2.26506 -10.1006 25
      vertex -2.26506 -10.1006 20
    endloop
  endfacet
  facet normal 0.976296 0.21644 0
    outer loop
      vertex -2.22163 -11.0953 25
      vertex -2.26506 -10.8994 20
      vertex -2.26506 -10.8994 25
    endloop
  endfacet
  facet normal 0.976296 0.21644 0
    outer loop
      vertex -2.26506 -10.8994 20
      vertex -2.22163 -11.0953 25
      vertex -2.22163 -11.0953 20
    endloop
  endfacet
  facet normal -0.130527 -0.991445 0
    outer loop
      vertex 0.200458 -8.20875 20
      vertex 0.39939 -8.23494 25
      vertex 0.200458 -8.20875 25
    endloop
  endfacet
  facet normal -0.130527 -0.991445 -0
    outer loop
      vertex 0.39939 -8.23494 25
      vertex 0.200458 -8.20875 20
      vertex 0.39939 -8.23494 20
    endloop
  endfacet
  facet normal 0.843395 -0.537295 0
    outer loop
      vertex -1.99186 -9.35 25
      vertex -1.88405 -9.18077 20
      vertex -1.88405 -9.18077 25
    endloop
  endfacet
  facet normal 0.843395 -0.537295 0
    outer loop
      vertex -1.88405 -9.18077 20
      vertex -1.99186 -9.35 25
      vertex -1.99186 -9.35 20
    endloop
  endfacet
  facet normal -0.953715 -0.300712 0
    outer loop
      vertex 2.22163 -9.90472 20
      vertex 2.16129 -9.71335 25
      vertex 2.16129 -9.71335 20
    endloop
  endfacet
  facet normal -0.953715 -0.300712 0
    outer loop
      vertex 2.16129 -9.71335 25
      vertex 2.22163 -9.90472 20
      vertex 2.22163 -9.90472 25
    endloop
  endfacet
  facet normal 0.675718 0.73716 -0
    outer loop
      vertex -1.47841 -12.2619 20
      vertex -1.62634 -12.1263 25
      vertex -1.47841 -12.2619 25
    endloop
  endfacet
  facet normal 0.675718 0.73716 0
    outer loop
      vertex -1.62634 -12.1263 25
      vertex -1.47841 -12.2619 20
      vertex -1.62634 -12.1263 20
    endloop
  endfacet
  facet normal -0.675718 0.73716 0
    outer loop
      vertex 1.62634 -12.1263 20
      vertex 1.47841 -12.2619 25
      vertex 1.62634 -12.1263 25
    endloop
  endfacet
  facet normal -0.675718 0.73716 0
    outer loop
      vertex 1.47841 -12.2619 25
      vertex 1.62634 -12.1263 20
      vertex 1.47841 -12.2619 20
    endloop
  endfacet
  facet normal 0.216778 0.976221 -0
    outer loop
      vertex -0.39939 -12.7651 20
      vertex -0.595284 -12.7216 25
      vertex -0.39939 -12.7651 25
    endloop
  endfacet
  facet normal 0.216778 0.976221 0
    outer loop
      vertex -0.595284 -12.7216 25
      vertex -0.39939 -12.7651 20
      vertex -0.595284 -12.7216 20
    endloop
  endfacet
  facet normal 0.991442 -0.130547 0
    outer loop
      vertex -2.29125 -10.2995 25
      vertex -2.26506 -10.1006 20
      vertex -2.26506 -10.1006 25
    endloop
  endfacet
  facet normal 0.991442 -0.130547 0
    outer loop
      vertex -2.26506 -10.1006 20
      vertex -2.29125 -10.2995 25
      vertex -2.29125 -10.2995 20
    endloop
  endfacet
  facet normal -0.737191 0.675684 0
    outer loop
      vertex 1.62634 -12.1263 20
      vertex 1.7619 -11.9784 25
      vertex 1.7619 -11.9784 20
    endloop
  endfacet
  facet normal -0.737191 0.675684 0
    outer loop
      vertex 1.7619 -11.9784 25
      vertex 1.62634 -12.1263 20
      vertex 1.62634 -12.1263 25
    endloop
  endfacet
  facet normal 0.461553 0.887113 -0
    outer loop
      vertex -0.972021 -12.5845 20
      vertex -1.15 -12.4919 25
      vertex -0.972021 -12.5845 25
    endloop
  endfacet
  facet normal 0.461553 0.887113 0
    outer loop
      vertex -1.15 -12.4919 25
      vertex -0.972021 -12.5845 20
      vertex -1.15 -12.4919 20
    endloop
  endfacet
  facet normal 0 0 1
    outer loop
      vertex 2.29125 -10.2995 20
      vertex 2.29125 -10.7005 20
      vertex 2.3 -10.5 20
    endloop
  endfacet
  facet normal 0 0 1
    outer loop
      vertex 2.26506 -10.1006 20
      vertex 2.29125 -10.7005 20
      vertex 2.29125 -10.2995 20
    endloop
  endfacet
  facet normal 0 0 1
    outer loop
      vertex 2.26506 -10.1006 20
      vertex 2.26506 -10.8994 20
      vertex 2.29125 -10.7005 20
    endloop
  endfacet
  facet normal 0 0 1
    outer loop
      vertex 2.22163 -9.90472 20
      vertex 2.26506 -10.8994 20
      vertex 2.26506 -10.1006 20
    endloop
  endfacet
  facet normal 0 0 1
    outer loop
      vertex 2.22163 -9.90472 20
      vertex 2.22163 -11.0953 20
      vertex 2.26506 -10.8994 20
    endloop
  endfacet
  facet normal 0 0 1
    outer loop
      vertex 2.16129 -9.71335 20
      vertex 2.22163 -11.0953 20
      vertex 2.22163 -9.90472 20
    endloop
  endfacet
  facet normal 0 0 1
    outer loop
      vertex 2.16129 -9.71335 20
      vertex 2.16129 -11.2866 20
      vertex 2.22163 -11.0953 20
    endloop
  endfacet
  facet normal 0 0 1
    outer loop
      vertex 2.08451 -9.52798 20
      vertex 2.16129 -11.2866 20
      vertex 2.16129 -9.71335 20
    endloop
  endfacet
  facet normal 0 0 1
    outer loop
      vertex 2.08451 -9.52798 20
      vertex 2.08451 -11.472 20
      vertex 2.16129 -11.2866 20
    endloop
  endfacet
  facet normal 0 0 1
    outer loop
      vertex 1.99186 -9.35 20
      vertex 2.08451 -11.472 20
      vertex 2.08451 -9.52798 20
    endloop
  endfacet
  facet normal 0 0 1
    outer loop
      vertex 1.99186 -9.35 20
      vertex 1.99186 -11.65 20
      vertex 2.08451 -11.472 20
    endloop
  endfacet
  facet normal 0 0 1
    outer loop
      vertex 1.88405 -9.18077 20
      vertex 1.99186 -11.65 20
      vertex 1.99186 -9.35 20
    endloop
  endfacet
  facet normal 0 0 1
    outer loop
      vertex 1.88405 -9.18077 20
      vertex 1.88405 -11.8192 20
      vertex 1.99186 -11.65 20
    endloop
  endfacet
  facet normal 0 0 1
    outer loop
      vertex 1.7619 -9.02159 20
      vertex 1.88405 -11.8192 20
      vertex 1.88405 -9.18077 20
    endloop
  endfacet
  facet normal 0 0 1
    outer loop
      vertex 1.7619 -9.02159 20
      vertex 1.7619 -11.9784 20
      vertex 1.88405 -11.8192 20
    endloop
  endfacet
  facet normal 0 0 1
    outer loop
      vertex 1.62634 -8.87365 20
      vertex 1.7619 -11.9784 20
      vertex 1.7619 -9.02159 20
    endloop
  endfacet
  facet normal 0 0 1
    outer loop
      vertex 1.62634 -8.87365 20
      vertex 1.62634 -12.1263 20
      vertex 1.7619 -11.9784 20
    endloop
  endfacet
  facet normal 0 0 1
    outer loop
      vertex 1.47841 -8.7381 20
      vertex 1.62634 -12.1263 20
      vertex 1.62634 -8.87365 20
    endloop
  endfacet
  facet normal 0 0 1
    outer loop
      vertex 1.47841 -8.7381 20
      vertex 1.47841 -12.2619 20
      vertex 1.62634 -12.1263 20
    endloop
  endfacet
  facet normal 0 0 1
    outer loop
      vertex 1.31923 -8.61595 20
      vertex 1.47841 -12.2619 20
      vertex 1.47841 -8.7381 20
    endloop
  endfacet
  facet normal 0 0 1
    outer loop
      vertex 1.31923 -8.61595 20
      vertex 1.31923 -12.384 20
      vertex 1.47841 -12.2619 20
    endloop
  endfacet
  facet normal 0 0 1
    outer loop
      vertex 1.15 -8.50814 20
      vertex 1.31923 -12.384 20
      vertex 1.31923 -8.61595 20
    endloop
  endfacet
  facet normal 0 0 1
    outer loop
      vertex 1.15 -8.50814 20
      vertex 1.15 -12.4919 20
      vertex 1.31923 -12.384 20
    endloop
  endfacet
  facet normal 0 0 1
    outer loop
      vertex 0.972021 -8.41549 20
      vertex 1.15 -12.4919 20
      vertex 1.15 -8.50814 20
    endloop
  endfacet
  facet normal 0 0 1
    outer loop
      vertex 0.972021 -8.41549 20
      vertex 0.972021 -12.5845 20
      vertex 1.15 -12.4919 20
    endloop
  endfacet
  facet normal 0 0 1
    outer loop
      vertex 0.786646 -8.33871 20
      vertex 0.972021 -12.5845 20
      vertex 0.972021 -8.41549 20
    endloop
  endfacet
  facet normal 0 0 1
    outer loop
      vertex 0.786646 -8.33871 20
      vertex 0.786646 -12.6613 20
      vertex 0.972021 -12.5845 20
    endloop
  endfacet
  facet normal 0 0 1
    outer loop
      vertex 0.595284 -8.27837 20
      vertex 0.786646 -12.6613 20
      vertex 0.786646 -8.33871 20
    endloop
  endfacet
  facet normal 0 0 1
    outer loop
      vertex 0.595284 -8.27837 20
      vertex 0.595284 -12.7216 20
      vertex 0.786646 -12.6613 20
    endloop
  endfacet
  facet normal 0 0 1
    outer loop
      vertex 0.39939 -8.23494 20
      vertex 0.595284 -12.7216 20
      vertex 0.595284 -8.27837 20
    endloop
  endfacet
  facet normal 0 0 1
    outer loop
      vertex 0.39939 -8.23494 20
      vertex 0.39939 -12.7651 20
      vertex 0.595284 -12.7216 20
    endloop
  endfacet
  facet normal 0 0 1
    outer loop
      vertex 0.200458 -8.20875 20
      vertex 0.39939 -12.7651 20
      vertex 0.39939 -8.23494 20
    endloop
  endfacet
  facet normal 0 0 1
    outer loop
      vertex 0.200458 -8.20875 20
      vertex 0.200458 -12.7912 20
      vertex 0.39939 -12.7651 20
    endloop
  endfacet
  facet normal 0 0 1
    outer loop
      vertex 0 -8.2 20
      vertex 0.200458 -12.7912 20
      vertex 0.200458 -8.20875 20
    endloop
  endfacet
  facet normal 0 0 1
    outer loop
      vertex 0 -8.2 20
      vertex 0 -12.8 20
      vertex 0.200458 -12.7912 20
    endloop
  endfacet
  facet normal -0 0 1
    outer loop
      vertex -0.200458 -8.20875 20
      vertex 0 -12.8 20
      vertex 0 -8.2 20
    endloop
  endfacet
  facet normal 0 0 1
    outer loop
      vertex -0.200458 -8.20875 20
      vertex -0.200458 -12.7912 20
      vertex 0 -12.8 20
    endloop
  endfacet
  facet normal -0 0 1
    outer loop
      vertex -0.39939 -8.23494 20
      vertex -0.200458 -12.7912 20
      vertex -0.200458 -8.20875 20
    endloop
  endfacet
  facet normal 0 0 1
    outer loop
      vertex -0.39939 -8.23494 20
      vertex -0.39939 -12.7651 20
      vertex -0.200458 -12.7912 20
    endloop
  endfacet
  facet normal -0 0 1
    outer loop
      vertex -0.595284 -8.27837 20
      vertex -0.39939 -12.7651 20
      vertex -0.39939 -8.23494 20
    endloop
  endfacet
  facet normal 0 0 1
    outer loop
      vertex -0.595284 -8.27837 20
      vertex -0.595284 -12.7216 20
      vertex -0.39939 -12.7651 20
    endloop
  endfacet
  facet normal -0 0 1
    outer loop
      vertex -0.786646 -8.33871 20
      vertex -0.595284 -12.7216 20
      vertex -0.595284 -8.27837 20
    endloop
  endfacet
  facet normal 0 0 1
    outer loop
      vertex -0.786646 -8.33871 20
      vertex -0.786646 -12.6613 20
      vertex -0.595284 -12.7216 20
    endloop
  endfacet
  facet normal -0 0 1
    outer loop
      vertex -0.972021 -8.41549 20
      vertex -0.786646 -12.6613 20
      vertex -0.786646 -8.33871 20
    endloop
  endfacet
  facet normal 0 0 1
    outer loop
      vertex -0.972021 -8.41549 20
      vertex -0.972021 -12.5845 20
      vertex -0.786646 -12.6613 20
    endloop
  endfacet
  facet normal -0 0 1
    outer loop
      vertex -1.15 -8.50814 20
      vertex -0.972021 -12.5845 20
      vertex -0.972021 -8.41549 20
    endloop
  endfacet
  facet normal 0 0 1
    outer loop
      vertex -1.15 -8.50814 20
      vertex -1.15 -12.4919 20
      vertex -0.972021 -12.5845 20
    endloop
  endfacet
  facet normal -0 0 1
    outer loop
      vertex -1.31923 -8.61595 20
      vertex -1.15 -12.4919 20
      vertex -1.15 -8.50814 20
    endloop
  endfacet
  facet normal 0 0 1
    outer loop
      vertex -1.31923 -8.61595 20
      vertex -1.31923 -12.384 20
      vertex -1.15 -12.4919 20
    endloop
  endfacet
  facet normal -0 0 1
    outer loop
      vertex -1.47841 -8.7381 20
      vertex -1.31923 -12.384 20
      vertex -1.31923 -8.61595 20
    endloop
  endfacet
  facet normal 0 0 1
    outer loop
      vertex -1.47841 -8.7381 20
      vertex -1.47841 -12.2619 20
      vertex -1.31923 -12.384 20
    endloop
  endfacet
  facet normal -0 0 1
    outer loop
      vertex -1.62634 -8.87365 20
      vertex -1.47841 -12.2619 20
      vertex -1.47841 -8.7381 20
    endloop
  endfacet
  facet normal 0 0 1
    outer loop
      vertex -1.62634 -8.87365 20
      vertex -1.62634 -12.1263 20
      vertex -1.47841 -12.2619 20
    endloop
  endfacet
  facet normal -0 0 1
    outer loop
      vertex -1.7619 -9.02159 20
      vertex -1.62634 -12.1263 20
      vertex -1.62634 -8.87365 20
    endloop
  endfacet
  facet normal 0 0 1
    outer loop
      vertex -1.7619 -9.02159 20
      vertex -1.7619 -11.9784 20
      vertex -1.62634 -12.1263 20
    endloop
  endfacet
  facet normal -0 0 1
    outer loop
      vertex -1.88405 -9.18077 20
      vertex -1.7619 -11.9784 20
      vertex -1.7619 -9.02159 20
    endloop
  endfacet
  facet normal 0 0 1
    outer loop
      vertex -1.88405 -9.18077 20
      vertex -1.88405 -11.8192 20
      vertex -1.7619 -11.9784 20
    endloop
  endfacet
  facet normal -0 0 1
    outer loop
      vertex -1.99186 -9.35 20
      vertex -1.88405 -11.8192 20
      vertex -1.88405 -9.18077 20
    endloop
  endfacet
  facet normal 0 0 1
    outer loop
      vertex -1.99186 -9.35 20
      vertex -1.99186 -11.65 20
      vertex -1.88405 -11.8192 20
    endloop
  endfacet
  facet normal -0 0 1
    outer loop
      vertex -2.08451 -9.52798 20
      vertex -1.99186 -11.65 20
      vertex -1.99186 -9.35 20
    endloop
  endfacet
  facet normal 0 0 1
    outer loop
      vertex -2.08451 -9.52798 20
      vertex -2.08451 -11.472 20
      vertex -1.99186 -11.65 20
    endloop
  endfacet
  facet normal -0 0 1
    outer loop
      vertex -2.16129 -9.71335 20
      vertex -2.08451 -11.472 20
      vertex -2.08451 -9.52798 20
    endloop
  endfacet
  facet normal 0 0 1
    outer loop
      vertex -2.16129 -9.71335 20
      vertex -2.16129 -11.2866 20
      vertex -2.08451 -11.472 20
    endloop
  endfacet
  facet normal -0 0 1
    outer loop
      vertex -2.22163 -9.90472 20
      vertex -2.16129 -11.2866 20
      vertex -2.16129 -9.71335 20
    endloop
  endfacet
  facet normal 0 0 1
    outer loop
      vertex -2.22163 -9.90472 20
      vertex -2.22163 -11.0953 20
      vertex -2.16129 -11.2866 20
    endloop
  endfacet
  facet normal -0 0 1
    outer loop
      vertex -2.26506 -10.1006 20
      vertex -2.22163 -11.0953 20
      vertex -2.22163 -9.90472 20
    endloop
  endfacet
  facet normal 0 0 1
    outer loop
      vertex -2.26506 -10.1006 20
      vertex -2.26506 -10.8994 20
      vertex -2.22163 -11.0953 20
    endloop
  endfacet
  facet normal -0 0 1
    outer loop
      vertex -2.29125 -10.2995 20
      vertex -2.26506 -10.8994 20
      vertex -2.26506 -10.1006 20
    endloop
  endfacet
  facet normal 0 0 1
    outer loop
      vertex -2.29125 -10.2995 20
      vertex -2.29125 -10.7005 20
      vertex -2.26506 -10.8994 20
    endloop
  endfacet
  facet normal 0 -0 1
    outer loop
      vertex -2.29125 -10.7005 20
      vertex -2.29125 -10.2995 20
      vertex -2.3 -10.5 20
    endloop
  endfacet
  facet normal 0.923884 -0.382672 0
    outer loop
      vertex -2.16129 -9.71335 25
      vertex -2.08451 -9.52798 20
      vertex -2.08451 -9.52798 25
    endloop
  endfacet
  facet normal 0.923884 -0.382672 0
    outer loop
      vertex -2.08451 -9.52798 20
      vertex -2.16129 -9.71335 25
      vertex -2.16129 -9.71335 20
    endloop
  endfacet
  facet normal 0.843351 0.537362 0
    outer loop
      vertex -1.88405 -11.8192 25
      vertex -1.99186 -11.65 20
      vertex -1.99186 -11.65 25
    endloop
  endfacet
  facet normal 0.843351 0.537362 0
    outer loop
      vertex -1.99186 -11.65 20
      vertex -1.88405 -11.8192 25
      vertex -1.88405 -11.8192 20
    endloop
  endfacet
  facet normal 0.382748 0.923853 -0
    outer loop
      vertex -0.786646 -12.6613 20
      vertex -0.972021 -12.5845 25
      vertex -0.786646 -12.6613 25
    endloop
  endfacet
  facet normal 0.382748 0.923853 0
    outer loop
      vertex -0.972021 -12.5845 25
      vertex -0.786646 -12.6613 20
      vertex -0.972021 -12.5845 20
    endloop
  endfacet
  facet normal -0.300542 0.953769 0
    outer loop
      vertex 0.786646 -12.6613 20
      vertex 0.595284 -12.7216 25
      vertex 0.786646 -12.6613 25
    endloop
  endfacet
  facet normal -0.300542 0.953769 0
    outer loop
      vertex 0.595284 -12.7216 25
      vertex 0.786646 -12.6613 20
      vertex 0.595284 -12.7216 20
    endloop
  endfacet
  facet normal 0.923906 0.382619 0
    outer loop
      vertex -2.08451 -11.472 25
      vertex -2.16129 -11.2866 20
      vertex -2.16129 -11.2866 25
    endloop
  endfacet
  facet normal 0.923906 0.382619 0
    outer loop
      vertex -2.16129 -11.2866 20
      vertex -2.08451 -11.472 25
      vertex -2.08451 -11.472 20
    endloop
  endfacet
  facet normal 0.887033 0.461706 0
    outer loop
      vertex -1.99186 -11.65 25
      vertex -2.08451 -11.472 20
      vertex -2.08451 -11.472 25
    endloop
  endfacet
  facet normal 0.887033 0.461706 0
    outer loop
      vertex -2.08451 -11.472 20
      vertex -1.99186 -11.65 25
      vertex -1.99186 -11.65 20
    endloop
  endfacet
  facet normal -0.953684 -0.300812 0
    outer loop
      vertex 2.22163 11.0953 20
      vertex 2.16129 11.2866 25
      vertex 2.16129 11.2866 20
    endloop
  endfacet
  facet normal -0.953684 -0.300812 0
    outer loop
      vertex 2.16129 11.2866 25
      vertex 2.22163 11.0953 20
      vertex 2.22163 11.0953 25
    endloop
  endfacet
  facet normal -0.991442 -0.130547 0
    outer loop
      vertex 2.29125 10.7005 20
      vertex 2.26506 10.8994 25
      vertex 2.26506 10.8994 20
    endloop
  endfacet
  facet normal -0.991442 -0.130547 0
    outer loop
      vertex 2.26506 10.8994 25
      vertex 2.29125 10.7005 20
      vertex 2.29125 10.7005 25
    endloop
  endfacet
  facet normal -0.999049 -0.0435994 0
    outer loop
      vertex 2.3 10.5 20
      vertex 2.29125 10.7005 25
      vertex 2.29125 10.7005 20
    endloop
  endfacet
  facet normal -0.999049 -0.0435994 0
    outer loop
      vertex 2.29125 10.7005 25
      vertex 2.3 10.5 20
      vertex 2.3 10.5 25
    endloop
  endfacet
  facet normal -0.976296 -0.21644 0
    outer loop
      vertex 2.26506 10.8994 20
      vertex 2.22163 11.0953 25
      vertex 2.22163 11.0953 20
    endloop
  endfacet
  facet normal -0.976296 -0.21644 0
    outer loop
      vertex 2.22163 11.0953 25
      vertex 2.26506 10.8994 20
      vertex 2.26506 10.8994 25
    endloop
  endfacet
  facet normal 0.300723 0.953712 -0
    outer loop
      vertex -0.595284 8.27837 20
      vertex -0.786646 8.33871 25
      vertex -0.595284 8.27837 25
    endloop
  endfacet
  facet normal 0.300723 0.953712 0
    outer loop
      vertex -0.786646 8.33871 25
      vertex -0.595284 8.27837 20
      vertex -0.786646 8.33871 20
    endloop
  endfacet
  facet normal 0.216778 -0.976221 0
    outer loop
      vertex -0.595284 12.7216 20
      vertex -0.39939 12.7651 25
      vertex -0.595284 12.7216 25
    endloop
  endfacet
  facet normal 0.216778 -0.976221 0
    outer loop
      vertex -0.39939 12.7651 25
      vertex -0.595284 12.7216 20
      vertex -0.39939 12.7651 20
    endloop
  endfacet
  facet normal 0.887012 0.461747 0
    outer loop
      vertex -1.99186 9.35 25
      vertex -2.08451 9.52798 20
      vertex -2.08451 9.52798 25
    endloop
  endfacet
  facet normal 0.887012 0.461747 0
    outer loop
      vertex -2.08451 9.52798 20
      vertex -1.99186 9.35 25
      vertex -1.99186 9.35 20
    endloop
  endfacet
  facet normal -0.923906 -0.382619 0
    outer loop
      vertex 2.16129 11.2866 20
      vertex 2.08451 11.472 25
      vertex 2.08451 11.472 20
    endloop
  endfacet
  facet normal -0.923906 -0.382619 0
    outer loop
      vertex 2.08451 11.472 25
      vertex 2.16129 11.2866 20
      vertex 2.16129 11.2866 25
    endloop
  endfacet
  facet normal -0.537295 0.843395 0
    outer loop
      vertex 1.31923 8.61595 20
      vertex 1.15 8.50814 25
      vertex 1.31923 8.61595 25
    endloop
  endfacet
  facet normal -0.537295 0.843395 0
    outer loop
      vertex 1.15 8.50814 25
      vertex 1.31923 8.61595 20
      vertex 1.15 8.50814 20
    endloop
  endfacet
  facet normal 0.991442 -0.130547 0
    outer loop
      vertex -2.29125 10.7005 25
      vertex -2.26506 10.8994 20
      vertex -2.26506 10.8994 25
    endloop
  endfacet
  facet normal 0.991442 -0.130547 0
    outer loop
      vertex -2.26506 10.8994 20
      vertex -2.29125 10.7005 25
      vertex -2.29125 10.7005 20
    endloop
  endfacet
  facet normal -0.675582 0.737284 0
    outer loop
      vertex 1.62634 8.87365 20
      vertex 1.47841 8.7381 25
      vertex 1.62634 8.87365 25
    endloop
  endfacet
  facet normal -0.675582 0.737284 0
    outer loop
      vertex 1.47841 8.7381 25
      vertex 1.62634 8.87365 20
      vertex 1.47841 8.7381 20
    endloop
  endfacet
  facet normal 0.675718 -0.73716 0
    outer loop
      vertex -1.62634 12.1263 20
      vertex -1.47841 12.2619 25
      vertex -1.62634 12.1263 25
    endloop
  endfacet
  facet normal 0.675718 -0.73716 0
    outer loop
      vertex -1.47841 12.2619 25
      vertex -1.62634 12.1263 20
      vertex -1.47841 12.2619 20
    endloop
  endfacet
  facet normal -0.216446 0.976295 0
    outer loop
      vertex 0.595284 8.27837 20
      vertex 0.39939 8.23494 25
      vertex 0.595284 8.27837 25
    endloop
  endfacet
  facet normal -0.216446 0.976295 0
    outer loop
      vertex 0.39939 8.23494 25
      vertex 0.595284 8.27837 20
      vertex 0.39939 8.23494 20
    endloop
  endfacet
  facet normal 0.887033 -0.461706 0
    outer loop
      vertex -2.08451 11.472 25
      vertex -1.99186 11.65 20
      vertex -1.99186 11.65 25
    endloop
  endfacet
  facet normal 0.887033 -0.461706 0
    outer loop
      vertex -1.99186 11.65 20
      vertex -2.08451 11.472 25
      vertex -2.08451 11.472 20
    endloop
  endfacet
  facet normal -0.887033 -0.461706 0
    outer loop
      vertex 2.08451 11.472 20
      vertex 1.99186 11.65 25
      vertex 1.99186 11.65 20
    endloop
  endfacet
  facet normal -0.887033 -0.461706 0
    outer loop
      vertex 1.99186 11.65 25
      vertex 2.08451 11.472 20
      vertex 2.08451 11.472 25
    endloop
  endfacet
  facet normal -0.793337 0.608783 0
    outer loop
      vertex 1.7619 9.02159 20
      vertex 1.88405 9.18077 25
      vertex 1.88405 9.18077 20
    endloop
  endfacet
  facet normal -0.793337 0.608783 0
    outer loop
      vertex 1.88405 9.18077 25
      vertex 1.7619 9.02159 20
      vertex 1.7619 9.02159 25
    endloop
  endfacet
  facet normal 0.461749 0.887011 -0
    outer loop
      vertex -0.972021 8.41549 20
      vertex -1.15 8.50814 25
      vertex -0.972021 8.41549 25
    endloop
  endfacet
  facet normal 0.461749 0.887011 0
    outer loop
      vertex -1.15 8.50814 25
      vertex -0.972021 8.41549 20
      vertex -1.15 8.50814 20
    endloop
  endfacet
  facet normal -0.608626 -0.793457 0
    outer loop
      vertex 1.31923 12.384 20
      vertex 1.47841 12.2619 25
      vertex 1.31923 12.384 25
    endloop
  endfacet
  facet normal -0.608626 -0.793457 -0
    outer loop
      vertex 1.47841 12.2619 25
      vertex 1.31923 12.384 20
      vertex 1.47841 12.2619 20
    endloop
  endfacet
  facet normal 0.608626 -0.793457 0
    outer loop
      vertex -1.47841 12.2619 20
      vertex -1.31923 12.384 25
      vertex -1.47841 12.2619 25
    endloop
  endfacet
  facet normal 0.608626 -0.793457 0
    outer loop
      vertex -1.31923 12.384 25
      vertex -1.47841 12.2619 20
      vertex -1.31923 12.384 20
    endloop
  endfacet
  facet normal -0.0438572 -0.999038 0
    outer loop
      vertex 0 12.8 20
      vertex 0.200458 12.7912 25
      vertex 0 12.8 25
    endloop
  endfacet
  facet normal -0.0438572 -0.999038 -0
    outer loop
      vertex 0.200458 12.7912 25
      vertex 0 12.8 20
      vertex 0.200458 12.7912 20
    endloop
  endfacet
  facet normal 0.537295 0.843395 -0
    outer loop
      vertex -1.15 8.50814 20
      vertex -1.31923 8.61595 25
      vertex -1.15 8.50814 25
    endloop
  endfacet
  facet normal 0.537295 0.843395 0
    outer loop
      vertex -1.31923 8.61595 25
      vertex -1.15 8.50814 20
      vertex -1.31923 8.61595 20
    endloop
  endfacet
  facet normal -0.793374 -0.608735 0
    outer loop
      vertex 1.88405 11.8192 20
      vertex 1.7619 11.9784 25
      vertex 1.7619 11.9784 20
    endloop
  endfacet
  facet normal -0.793374 -0.608735 0
    outer loop
      vertex 1.7619 11.9784 25
      vertex 1.88405 11.8192 20
      vertex 1.88405 11.8192 25
    endloop
  endfacet
  facet normal -0.537614 -0.843191 0
    outer loop
      vertex 1.15 12.4919 20
      vertex 1.31923 12.384 25
      vertex 1.15 12.4919 25
    endloop
  endfacet
  facet normal -0.537614 -0.843191 -0
    outer loop
      vertex 1.31923 12.384 25
      vertex 1.15 12.4919 20
      vertex 1.31923 12.384 20
    endloop
  endfacet
  facet normal -0.999049 0.0435994 0
    outer loop
      vertex 2.29125 10.2995 20
      vertex 2.3 10.5 25
      vertex 2.3 10.5 20
    endloop
  endfacet
  facet normal -0.999049 0.0435994 0
    outer loop
      vertex 2.3 10.5 25
      vertex 2.29125 10.2995 20
      vertex 2.29125 10.2995 25
    endloop
  endfacet
  facet normal 0.461553 -0.887113 0
    outer loop
      vertex -1.15 12.4919 20
      vertex -0.972021 12.5845 25
      vertex -1.15 12.4919 25
    endloop
  endfacet
  facet normal 0.461553 -0.887113 0
    outer loop
      vertex -0.972021 12.5845 25
      vertex -1.15 12.4919 20
      vertex -0.972021 12.5845 20
    endloop
  endfacet
  facet normal -0.887012 0.461747 0
    outer loop
      vertex 1.99186 9.35 20
      vertex 2.08451 9.52798 25
      vertex 2.08451 9.52798 20
    endloop
  endfacet
  facet normal -0.887012 0.461747 0
    outer loop
      vertex 2.08451 9.52798 25
      vertex 1.99186 9.35 20
      vertex 1.99186 9.35 25
    endloop
  endfacet
  facet normal -0.923884 0.382672 0
    outer loop
      vertex 2.08451 9.52798 20
      vertex 2.16129 9.71335 25
      vertex 2.16129 9.71335 20
    endloop
  endfacet
  facet normal -0.923884 0.382672 0
    outer loop
      vertex 2.16129 9.71335 25
      vertex 2.08451 9.52798 20
      vertex 2.08451 9.52798 25
    endloop
  endfacet
  facet normal -0.382748 -0.923853 0
    outer loop
      vertex 0.786646 12.6613 20
      vertex 0.972021 12.5845 25
      vertex 0.786646 12.6613 25
    endloop
  endfacet
  facet normal -0.382748 -0.923853 -0
    outer loop
      vertex 0.972021 12.5845 25
      vertex 0.786646 12.6613 20
      vertex 0.972021 12.5845 20
    endloop
  endfacet
  facet normal -0.0436085 0.999049 0
    outer loop
      vertex 0.200458 8.20875 20
      vertex 0 8.2 25
      vertex 0.200458 8.20875 25
    endloop
  endfacet
  facet normal -0.0436085 0.999049 0
    outer loop
      vertex 0 8.2 25
      vertex 0.200458 8.20875 20
      vertex 0 8.2 20
    endloop
  endfacet
  facet normal -0.300542 -0.953769 0
    outer loop
      vertex 0.595284 12.7216 20
      vertex 0.786646 12.6613 25
      vertex 0.595284 12.7216 25
    endloop
  endfacet
  facet normal -0.300542 -0.953769 -0
    outer loop
      vertex 0.786646 12.6613 25
      vertex 0.595284 12.7216 20
      vertex 0.786646 12.6613 20
    endloop
  endfacet
  facet normal -0.976291 0.216461 0
    outer loop
      vertex 2.22163 9.90472 20
      vertex 2.26506 10.1006 25
      vertex 2.26506 10.1006 20
    endloop
  endfacet
  facet normal -0.976291 0.216461 0
    outer loop
      vertex 2.26506 10.1006 25
      vertex 2.22163 9.90472 20
      vertex 2.22163 9.90472 25
    endloop
  endfacet
  facet normal -0.991442 0.130547 0
    outer loop
      vertex 2.26506 10.1006 20
      vertex 2.29125 10.2995 25
      vertex 2.29125 10.2995 20
    endloop
  endfacet
  facet normal -0.991442 0.130547 0
    outer loop
      vertex 2.29125 10.2995 25
      vertex 2.26506 10.1006 20
      vertex 2.26506 10.1006 25
    endloop
  endfacet
  facet normal -0.737191 -0.675684 0
    outer loop
      vertex 1.7619 11.9784 20
      vertex 1.62634 12.1263 25
      vertex 1.62634 12.1263 20
    endloop
  endfacet
  facet normal -0.737191 -0.675684 0
    outer loop
      vertex 1.62634 12.1263 25
      vertex 1.7619 11.9784 20
      vertex 1.7619 11.9784 25
    endloop
  endfacet
  facet normal -0.382663 0.923888 0
    outer loop
      vertex 0.972021 8.41549 20
      vertex 0.786646 8.33871 25
      vertex 0.972021 8.41549 25
    endloop
  endfacet
  facet normal -0.382663 0.923888 0
    outer loop
      vertex 0.786646 8.33871 25
      vertex 0.972021 8.41549 20
      vertex 0.786646 8.33871 20
    endloop
  endfacet
  facet normal -0.130527 0.991445 0
    outer loop
      vertex 0.39939 8.23494 20
      vertex 0.200458 8.20875 25
      vertex 0.39939 8.23494 25
    endloop
  endfacet
  facet normal -0.130527 0.991445 0
    outer loop
      vertex 0.200458 8.20875 25
      vertex 0.39939 8.23494 20
      vertex 0.200458 8.20875 20
    endloop
  endfacet
  facet normal -0.843395 0.537295 0
    outer loop
      vertex 1.88405 9.18077 20
      vertex 1.99186 9.35 25
      vertex 1.99186 9.35 20
    endloop
  endfacet
  facet normal -0.843395 0.537295 0
    outer loop
      vertex 1.99186 9.35 25
      vertex 1.88405 9.18077 20
      vertex 1.88405 9.18077 25
    endloop
  endfacet
  facet normal 0.999049 -0.0435994 0
    outer loop
      vertex -2.3 10.5 25
      vertex -2.29125 10.7005 20
      vertex -2.29125 10.7005 25
    endloop
  endfacet
  facet normal 0.999049 -0.0435994 0
    outer loop
      vertex -2.29125 10.7005 20
      vertex -2.3 10.5 25
      vertex -2.3 10.5 20
    endloop
  endfacet
  facet normal 0.843351 -0.537362 0
    outer loop
      vertex -1.99186 11.65 25
      vertex -1.88405 11.8192 20
      vertex -1.88405 11.8192 25
    endloop
  endfacet
  facet normal 0.843351 -0.537362 0
    outer loop
      vertex -1.88405 11.8192 20
      vertex -1.99186 11.65 25
      vertex -1.99186 11.65 20
    endloop
  endfacet
  facet normal -0.461553 -0.887113 0
    outer loop
      vertex 0.972021 12.5845 20
      vertex 1.15 12.4919 25
      vertex 0.972021 12.5845 25
    endloop
  endfacet
  facet normal -0.461553 -0.887113 -0
    outer loop
      vertex 1.15 12.4919 25
      vertex 0.972021 12.5845 20
      vertex 1.15 12.4919 20
    endloop
  endfacet
  facet normal 0.0436085 0.999049 -0
    outer loop
      vertex 0 8.2 20
      vertex -0.200458 8.20875 25
      vertex 0 8.2 25
    endloop
  endfacet
  facet normal 0.0436085 0.999049 0
    outer loop
      vertex -0.200458 8.20875 25
      vertex 0 8.2 20
      vertex -0.200458 8.20875 20
    endloop
  endfacet
  facet normal 0.976296 -0.21644 0
    outer loop
      vertex -2.26506 10.8994 25
      vertex -2.22163 11.0953 20
      vertex -2.22163 11.0953 25
    endloop
  endfacet
  facet normal 0.976296 -0.21644 0
    outer loop
      vertex -2.22163 11.0953 20
      vertex -2.26506 10.8994 25
      vertex -2.26506 10.8994 20
    endloop
  endfacet
  facet normal 0.923906 -0.382619 0
    outer loop
      vertex -2.16129 11.2866 25
      vertex -2.08451 11.472 20
      vertex -2.08451 11.472 25
    endloop
  endfacet
  facet normal 0.923906 -0.382619 0
    outer loop
      vertex -2.08451 11.472 20
      vertex -2.16129 11.2866 25
      vertex -2.16129 11.2866 20
    endloop
  endfacet
  facet normal 0.843395 0.537295 0
    outer loop
      vertex -1.88405 9.18077 25
      vertex -1.99186 9.35 20
      vertex -1.99186 9.35 25
    endloop
  endfacet
  facet normal 0.843395 0.537295 0
    outer loop
      vertex -1.99186 9.35 20
      vertex -1.88405 9.18077 25
      vertex -1.88405 9.18077 20
    endloop
  endfacet
  facet normal 0.923884 0.382672 0
    outer loop
      vertex -2.08451 9.52798 25
      vertex -2.16129 9.71335 20
      vertex -2.16129 9.71335 25
    endloop
  endfacet
  facet normal 0.923884 0.382672 0
    outer loop
      vertex -2.16129 9.71335 20
      vertex -2.08451 9.52798 25
      vertex -2.08451 9.52798 20
    endloop
  endfacet
  facet normal -0.843351 -0.537362 0
    outer loop
      vertex 1.99186 11.65 20
      vertex 1.88405 11.8192 25
      vertex 1.88405 11.8192 20
    endloop
  endfacet
  facet normal -0.843351 -0.537362 0
    outer loop
      vertex 1.88405 11.8192 25
      vertex 1.99186 11.65 20
      vertex 1.99186 11.65 25
    endloop
  endfacet
  facet normal 0.793374 -0.608735 0
    outer loop
      vertex -1.88405 11.8192 25
      vertex -1.7619 11.9784 20
      vertex -1.7619 11.9784 25
    endloop
  endfacet
  facet normal 0.793374 -0.608735 0
    outer loop
      vertex -1.7619 11.9784 20
      vertex -1.88405 11.8192 25
      vertex -1.88405 11.8192 20
    endloop
  endfacet
  facet normal 0.0438572 -0.999038 0
    outer loop
      vertex -0.200458 12.7912 20
      vertex 0 12.8 25
      vertex -0.200458 12.7912 25
    endloop
  endfacet
  facet normal 0.0438572 -0.999038 0
    outer loop
      vertex 0 12.8 25
      vertex -0.200458 12.7912 20
      vertex 0 12.8 20
    endloop
  endfacet
  facet normal 0.999049 0.0435994 0
    outer loop
      vertex -2.29125 10.2995 25
      vertex -2.3 10.5 20
      vertex -2.3 10.5 25
    endloop
  endfacet
  facet normal 0.999049 0.0435994 0
    outer loop
      vertex -2.3 10.5 20
      vertex -2.29125 10.2995 25
      vertex -2.29125 10.2995 20
    endloop
  endfacet
  facet normal 0.953715 0.300712 0
    outer loop
      vertex -2.16129 9.71335 25
      vertex -2.22163 9.90472 20
      vertex -2.22163 9.90472 25
    endloop
  endfacet
  facet normal 0.953715 0.300712 0
    outer loop
      vertex -2.22163 9.90472 20
      vertex -2.16129 9.71335 25
      vertex -2.16129 9.71335 20
    endloop
  endfacet
  facet normal 0.737191 -0.675684 0
    outer loop
      vertex -1.7619 11.9784 25
      vertex -1.62634 12.1263 20
      vertex -1.62634 12.1263 25
    endloop
  endfacet
  facet normal 0.737191 -0.675684 0
    outer loop
      vertex -1.62634 12.1263 20
      vertex -1.7619 11.9784 25
      vertex -1.7619 11.9784 20
    endloop
  endfacet
  facet normal 0.793337 0.608783 0
    outer loop
      vertex -1.7619 9.02159 25
      vertex -1.88405 9.18077 20
      vertex -1.88405 9.18077 25
    endloop
  endfacet
  facet normal 0.793337 0.608783 0
    outer loop
      vertex -1.88405 9.18077 20
      vertex -1.7619 9.02159 25
      vertex -1.7619 9.02159 20
    endloop
  endfacet
  facet normal 0.130086 -0.991503 0
    outer loop
      vertex -0.39939 12.7651 20
      vertex -0.200458 12.7912 25
      vertex -0.39939 12.7651 25
    endloop
  endfacet
  facet normal 0.130086 -0.991503 0
    outer loop
      vertex -0.200458 12.7912 25
      vertex -0.39939 12.7651 20
      vertex -0.200458 12.7912 20
    endloop
  endfacet
  facet normal -0.300723 0.953712 0
    outer loop
      vertex 0.786646 8.33871 20
      vertex 0.595284 8.27837 25
      vertex 0.786646 8.33871 25
    endloop
  endfacet
  facet normal -0.300723 0.953712 0
    outer loop
      vertex 0.595284 8.27837 25
      vertex 0.786646 8.33871 20
      vertex 0.595284 8.27837 20
    endloop
  endfacet
  facet normal 0.976291 0.216461 0
    outer loop
      vertex -2.22163 9.90472 25
      vertex -2.26506 10.1006 20
      vertex -2.26506 10.1006 25
    endloop
  endfacet
  facet normal 0.976291 0.216461 0
    outer loop
      vertex -2.26506 10.1006 20
      vertex -2.22163 9.90472 25
      vertex -2.22163 9.90472 20
    endloop
  endfacet
  facet normal 0.216446 0.976295 -0
    outer loop
      vertex -0.39939 8.23494 20
      vertex -0.595284 8.27837 25
      vertex -0.39939 8.23494 25
    endloop
  endfacet
  facet normal 0.216446 0.976295 0
    outer loop
      vertex -0.595284 8.27837 25
      vertex -0.39939 8.23494 20
      vertex -0.595284 8.27837 20
    endloop
  endfacet
  facet normal 0.675582 0.737284 -0
    outer loop
      vertex -1.47841 8.7381 20
      vertex -1.62634 8.87365 25
      vertex -1.47841 8.7381 25
    endloop
  endfacet
  facet normal 0.675582 0.737284 0
    outer loop
      vertex -1.62634 8.87365 25
      vertex -1.47841 8.7381 20
      vertex -1.62634 8.87365 20
    endloop
  endfacet
  facet normal -0.675718 -0.73716 0
    outer loop
      vertex 1.47841 12.2619 20
      vertex 1.62634 12.1263 25
      vertex 1.47841 12.2619 25
    endloop
  endfacet
  facet normal -0.675718 -0.73716 -0
    outer loop
      vertex 1.62634 12.1263 25
      vertex 1.47841 12.2619 20
      vertex 1.62634 12.1263 20
    endloop
  endfacet
  facet normal -0.216778 -0.976221 0
    outer loop
      vertex 0.39939 12.7651 20
      vertex 0.595284 12.7216 25
      vertex 0.39939 12.7651 25
    endloop
  endfacet
  facet normal -0.216778 -0.976221 -0
    outer loop
      vertex 0.595284 12.7216 25
      vertex 0.39939 12.7651 20
      vertex 0.595284 12.7216 20
    endloop
  endfacet
  facet normal 0.737282 0.675585 0
    outer loop
      vertex -1.62634 8.87365 25
      vertex -1.7619 9.02159 20
      vertex -1.7619 9.02159 25
    endloop
  endfacet
  facet normal 0.737282 0.675585 0
    outer loop
      vertex -1.7619 9.02159 20
      vertex -1.62634 8.87365 25
      vertex -1.62634 8.87365 20
    endloop
  endfacet
  facet normal -0.461749 0.887011 0
    outer loop
      vertex 1.15 8.50814 20
      vertex 0.972021 8.41549 25
      vertex 1.15 8.50814 25
    endloop
  endfacet
  facet normal -0.461749 0.887011 0
    outer loop
      vertex 0.972021 8.41549 25
      vertex 1.15 8.50814 20
      vertex 0.972021 8.41549 20
    endloop
  endfacet
  facet normal 0.537614 -0.843191 0
    outer loop
      vertex -1.31923 12.384 20
      vertex -1.15 12.4919 25
      vertex -1.31923 12.384 25
    endloop
  endfacet
  facet normal 0.537614 -0.843191 0
    outer loop
      vertex -1.15 12.4919 25
      vertex -1.31923 12.384 20
      vertex -1.15 12.4919 20
    endloop
  endfacet
  facet normal 0.991442 0.130547 0
    outer loop
      vertex -2.26506 10.1006 25
      vertex -2.29125 10.2995 20
      vertex -2.29125 10.2995 25
    endloop
  endfacet
  facet normal 0.991442 0.130547 0
    outer loop
      vertex -2.29125 10.2995 20
      vertex -2.26506 10.1006 25
      vertex -2.26506 10.1006 20
    endloop
  endfacet
  facet normal -0.608783 0.793337 0
    outer loop
      vertex 1.47841 8.7381 20
      vertex 1.31923 8.61595 25
      vertex 1.47841 8.7381 25
    endloop
  endfacet
  facet normal -0.608783 0.793337 0
    outer loop
      vertex 1.31923 8.61595 25
      vertex 1.47841 8.7381 20
      vertex 1.31923 8.61595 20
    endloop
  endfacet
  facet normal -0.130086 -0.991503 0
    outer loop
      vertex 0.200458 12.7912 20
      vertex 0.39939 12.7651 25
      vertex 0.200458 12.7912 25
    endloop
  endfacet
  facet normal -0.130086 -0.991503 -0
    outer loop
      vertex 0.39939 12.7651 25
      vertex 0.200458 12.7912 20
      vertex 0.39939 12.7651 20
    endloop
  endfacet
  facet normal 0.608783 0.793337 -0
    outer loop
      vertex -1.31923 8.61595 20
      vertex -1.47841 8.7381 25
      vertex -1.31923 8.61595 25
    endloop
  endfacet
  facet normal 0.608783 0.793337 0
    outer loop
      vertex -1.47841 8.7381 25
      vertex -1.31923 8.61595 20
      vertex -1.47841 8.7381 20
    endloop
  endfacet
  facet normal 0.382748 -0.923853 0
    outer loop
      vertex -0.972021 12.5845 20
      vertex -0.786646 12.6613 25
      vertex -0.972021 12.5845 25
    endloop
  endfacet
  facet normal 0.382748 -0.923853 0
    outer loop
      vertex -0.786646 12.6613 25
      vertex -0.972021 12.5845 20
      vertex -0.786646 12.6613 20
    endloop
  endfacet
  facet normal 0.953684 -0.300812 0
    outer loop
      vertex -2.22163 11.0953 25
      vertex -2.16129 11.2866 20
      vertex -2.16129 11.2866 25
    endloop
  endfacet
  facet normal 0.953684 -0.300812 0
    outer loop
      vertex -2.16129 11.2866 20
      vertex -2.22163 11.0953 25
      vertex -2.22163 11.0953 20
    endloop
  endfacet
  facet normal 0.130527 0.991445 -0
    outer loop
      vertex -0.200458 8.20875 20
      vertex -0.39939 8.23494 25
      vertex -0.200458 8.20875 25
    endloop
  endfacet
  facet normal 0.130527 0.991445 0
    outer loop
      vertex -0.39939 8.23494 25
      vertex -0.200458 8.20875 20
      vertex -0.39939 8.23494 20
    endloop
  endfacet
  facet normal 0.300542 -0.953769 0
    outer loop
      vertex -0.786646 12.6613 20
      vertex -0.595284 12.7216 25
      vertex -0.786646 12.6613 25
    endloop
  endfacet
  facet normal 0.300542 -0.953769 0
    outer loop
      vertex -0.595284 12.7216 25
      vertex -0.786646 12.6613 20
      vertex -0.595284 12.7216 20
    endloop
  endfacet
  facet normal -0.953715 0.300712 0
    outer loop
      vertex 2.16129 9.71335 20
      vertex 2.22163 9.90472 25
      vertex 2.22163 9.90472 20
    endloop
  endfacet
  facet normal -0.953715 0.300712 0
    outer loop
      vertex 2.22163 9.90472 25
      vertex 2.16129 9.71335 20
      vertex 2.16129 9.71335 25
    endloop
  endfacet
  facet normal 0 0 1
    outer loop
      vertex 2.29125 10.7005 20
      vertex 2.29125 10.2995 20
      vertex 2.3 10.5 20
    endloop
  endfacet
  facet normal 0 0 1
    outer loop
      vertex 2.26506 10.8994 20
      vertex 2.29125 10.2995 20
      vertex 2.29125 10.7005 20
    endloop
  endfacet
  facet normal 0 0 1
    outer loop
      vertex 2.26506 10.8994 20
      vertex 2.26506 10.1006 20
      vertex 2.29125 10.2995 20
    endloop
  endfacet
  facet normal 0 0 1
    outer loop
      vertex 2.22163 11.0953 20
      vertex 2.26506 10.1006 20
      vertex 2.26506 10.8994 20
    endloop
  endfacet
  facet normal 0 0 1
    outer loop
      vertex 2.22163 11.0953 20
      vertex 2.22163 9.90472 20
      vertex 2.26506 10.1006 20
    endloop
  endfacet
  facet normal 0 0 1
    outer loop
      vertex 2.16129 11.2866 20
      vertex 2.22163 9.90472 20
      vertex 2.22163 11.0953 20
    endloop
  endfacet
  facet normal 0 0 1
    outer loop
      vertex 2.16129 11.2866 20
      vertex 2.16129 9.71335 20
      vertex 2.22163 9.90472 20
    endloop
  endfacet
  facet normal 0 0 1
    outer loop
      vertex 2.08451 11.472 20
      vertex 2.16129 9.71335 20
      vertex 2.16129 11.2866 20
    endloop
  endfacet
  facet normal 0 0 1
    outer loop
      vertex 2.08451 11.472 20
      vertex 2.08451 9.52798 20
      vertex 2.16129 9.71335 20
    endloop
  endfacet
  facet normal 0 0 1
    outer loop
      vertex 1.99186 11.65 20
      vertex 2.08451 9.52798 20
      vertex 2.08451 11.472 20
    endloop
  endfacet
  facet normal 0 0 1
    outer loop
      vertex 1.99186 11.65 20
      vertex 1.99186 9.35 20
      vertex 2.08451 9.52798 20
    endloop
  endfacet
  facet normal 0 0 1
    outer loop
      vertex 1.88405 11.8192 20
      vertex 1.99186 9.35 20
      vertex 1.99186 11.65 20
    endloop
  endfacet
  facet normal 0 0 1
    outer loop
      vertex 1.88405 11.8192 20
      vertex 1.88405 9.18077 20
      vertex 1.99186 9.35 20
    endloop
  endfacet
  facet normal 0 0 1
    outer loop
      vertex 1.7619 11.9784 20
      vertex 1.88405 9.18077 20
      vertex 1.88405 11.8192 20
    endloop
  endfacet
  facet normal 0 0 1
    outer loop
      vertex 1.7619 11.9784 20
      vertex 1.7619 9.02159 20
      vertex 1.88405 9.18077 20
    endloop
  endfacet
  facet normal 0 0 1
    outer loop
      vertex 1.62634 12.1263 20
      vertex 1.7619 9.02159 20
      vertex 1.7619 11.9784 20
    endloop
  endfacet
  facet normal 0 0 1
    outer loop
      vertex 1.62634 12.1263 20
      vertex 1.62634 8.87365 20
      vertex 1.7619 9.02159 20
    endloop
  endfacet
  facet normal 0 0 1
    outer loop
      vertex 1.47841 12.2619 20
      vertex 1.62634 8.87365 20
      vertex 1.62634 12.1263 20
    endloop
  endfacet
  facet normal 0 0 1
    outer loop
      vertex 1.47841 12.2619 20
      vertex 1.47841 8.7381 20
      vertex 1.62634 8.87365 20
    endloop
  endfacet
  facet normal 0 0 1
    outer loop
      vertex 1.31923 12.384 20
      vertex 1.47841 8.7381 20
      vertex 1.47841 12.2619 20
    endloop
  endfacet
  facet normal 0 0 1
    outer loop
      vertex 1.31923 12.384 20
      vertex 1.31923 8.61595 20
      vertex 1.47841 8.7381 20
    endloop
  endfacet
  facet normal 0 0 1
    outer loop
      vertex 1.15 12.4919 20
      vertex 1.31923 8.61595 20
      vertex 1.31923 12.384 20
    endloop
  endfacet
  facet normal 0 0 1
    outer loop
      vertex 1.15 12.4919 20
      vertex 1.15 8.50814 20
      vertex 1.31923 8.61595 20
    endloop
  endfacet
  facet normal 0 0 1
    outer loop
      vertex 0.972021 12.5845 20
      vertex 1.15 8.50814 20
      vertex 1.15 12.4919 20
    endloop
  endfacet
  facet normal 0 0 1
    outer loop
      vertex 0.972021 12.5845 20
      vertex 0.972021 8.41549 20
      vertex 1.15 8.50814 20
    endloop
  endfacet
  facet normal 0 0 1
    outer loop
      vertex 0.786646 12.6613 20
      vertex 0.972021 8.41549 20
      vertex 0.972021 12.5845 20
    endloop
  endfacet
  facet normal 0 0 1
    outer loop
      vertex 0.786646 12.6613 20
      vertex 0.786646 8.33871 20
      vertex 0.972021 8.41549 20
    endloop
  endfacet
  facet normal 0 0 1
    outer loop
      vertex 0.595284 12.7216 20
      vertex 0.786646 8.33871 20
      vertex 0.786646 12.6613 20
    endloop
  endfacet
  facet normal 0 0 1
    outer loop
      vertex 0.595284 12.7216 20
      vertex 0.595284 8.27837 20
      vertex 0.786646 8.33871 20
    endloop
  endfacet
  facet normal 0 0 1
    outer loop
      vertex 0.39939 12.7651 20
      vertex 0.595284 8.27837 20
      vertex 0.595284 12.7216 20
    endloop
  endfacet
  facet normal 0 0 1
    outer loop
      vertex 0.39939 12.7651 20
      vertex 0.39939 8.23494 20
      vertex 0.595284 8.27837 20
    endloop
  endfacet
  facet normal 0 0 1
    outer loop
      vertex 0.200458 12.7912 20
      vertex 0.39939 8.23494 20
      vertex 0.39939 12.7651 20
    endloop
  endfacet
  facet normal 0 0 1
    outer loop
      vertex 0.200458 12.7912 20
      vertex 0.200458 8.20875 20
      vertex 0.39939 8.23494 20
    endloop
  endfacet
  facet normal 0 0 1
    outer loop
      vertex 0 12.8 20
      vertex 0.200458 8.20875 20
      vertex 0.200458 12.7912 20
    endloop
  endfacet
  facet normal 0 0 1
    outer loop
      vertex 0 12.8 20
      vertex 0 8.2 20
      vertex 0.200458 8.20875 20
    endloop
  endfacet
  facet normal -0 0 1
    outer loop
      vertex -0.200458 12.7912 20
      vertex 0 8.2 20
      vertex 0 12.8 20
    endloop
  endfacet
  facet normal 0 0 1
    outer loop
      vertex -0.200458 12.7912 20
      vertex -0.200458 8.20875 20
      vertex 0 8.2 20
    endloop
  endfacet
  facet normal -0 0 1
    outer loop
      vertex -0.39939 12.7651 20
      vertex -0.200458 8.20875 20
      vertex -0.200458 12.7912 20
    endloop
  endfacet
  facet normal 0 0 1
    outer loop
      vertex -0.39939 12.7651 20
      vertex -0.39939 8.23494 20
      vertex -0.200458 8.20875 20
    endloop
  endfacet
  facet normal -0 0 1
    outer loop
      vertex -0.595284 12.7216 20
      vertex -0.39939 8.23494 20
      vertex -0.39939 12.7651 20
    endloop
  endfacet
  facet normal 0 0 1
    outer loop
      vertex -0.595284 12.7216 20
      vertex -0.595284 8.27837 20
      vertex -0.39939 8.23494 20
    endloop
  endfacet
  facet normal -0 0 1
    outer loop
      vertex -0.786646 12.6613 20
      vertex -0.595284 8.27837 20
      vertex -0.595284 12.7216 20
    endloop
  endfacet
  facet normal 0 0 1
    outer loop
      vertex -0.786646 12.6613 20
      vertex -0.786646 8.33871 20
      vertex -0.595284 8.27837 20
    endloop
  endfacet
  facet normal -0 0 1
    outer loop
      vertex -0.972021 12.5845 20
      vertex -0.786646 8.33871 20
      vertex -0.786646 12.6613 20
    endloop
  endfacet
  facet normal 0 0 1
    outer loop
      vertex -0.972021 12.5845 20
      vertex -0.972021 8.41549 20
      vertex -0.786646 8.33871 20
    endloop
  endfacet
  facet normal -0 0 1
    outer loop
      vertex -1.15 12.4919 20
      vertex -0.972021 8.41549 20
      vertex -0.972021 12.5845 20
    endloop
  endfacet
  facet normal 0 0 1
    outer loop
      vertex -1.15 12.4919 20
      vertex -1.15 8.50814 20
      vertex -0.972021 8.41549 20
    endloop
  endfacet
  facet normal -0 0 1
    outer loop
      vertex -1.31923 12.384 20
      vertex -1.15 8.50814 20
      vertex -1.15 12.4919 20
    endloop
  endfacet
  facet normal 0 0 1
    outer loop
      vertex -1.31923 12.384 20
      vertex -1.31923 8.61595 20
      vertex -1.15 8.50814 20
    endloop
  endfacet
  facet normal -0 0 1
    outer loop
      vertex -1.47841 12.2619 20
      vertex -1.31923 8.61595 20
      vertex -1.31923 12.384 20
    endloop
  endfacet
  facet normal 0 0 1
    outer loop
      vertex -1.47841 12.2619 20
      vertex -1.47841 8.7381 20
      vertex -1.31923 8.61595 20
    endloop
  endfacet
  facet normal -0 0 1
    outer loop
      vertex -1.62634 12.1263 20
      vertex -1.47841 8.7381 20
      vertex -1.47841 12.2619 20
    endloop
  endfacet
  facet normal 0 0 1
    outer loop
      vertex -1.62634 12.1263 20
      vertex -1.62634 8.87365 20
      vertex -1.47841 8.7381 20
    endloop
  endfacet
  facet normal -0 0 1
    outer loop
      vertex -1.7619 11.9784 20
      vertex -1.62634 8.87365 20
      vertex -1.62634 12.1263 20
    endloop
  endfacet
  facet normal 0 0 1
    outer loop
      vertex -1.7619 11.9784 20
      vertex -1.7619 9.02159 20
      vertex -1.62634 8.87365 20
    endloop
  endfacet
  facet normal -0 0 1
    outer loop
      vertex -1.88405 11.8192 20
      vertex -1.7619 9.02159 20
      vertex -1.7619 11.9784 20
    endloop
  endfacet
  facet normal 0 0 1
    outer loop
      vertex -1.88405 11.8192 20
      vertex -1.88405 9.18077 20
      vertex -1.7619 9.02159 20
    endloop
  endfacet
  facet normal -0 0 1
    outer loop
      vertex -1.99186 11.65 20
      vertex -1.88405 9.18077 20
      vertex -1.88405 11.8192 20
    endloop
  endfacet
  facet normal 0 0 1
    outer loop
      vertex -1.99186 11.65 20
      vertex -1.99186 9.35 20
      vertex -1.88405 9.18077 20
    endloop
  endfacet
  facet normal -0 0 1
    outer loop
      vertex -2.08451 11.472 20
      vertex -1.99186 9.35 20
      vertex -1.99186 11.65 20
    endloop
  endfacet
  facet normal 0 0 1
    outer loop
      vertex -2.08451 11.472 20
      vertex -2.08451 9.52798 20
      vertex -1.99186 9.35 20
    endloop
  endfacet
  facet normal -0 0 1
    outer loop
      vertex -2.16129 11.2866 20
      vertex -2.08451 9.52798 20
      vertex -2.08451 11.472 20
    endloop
  endfacet
  facet normal 0 0 1
    outer loop
      vertex -2.16129 11.2866 20
      vertex -2.16129 9.71335 20
      vertex -2.08451 9.52798 20
    endloop
  endfacet
  facet normal -0 0 1
    outer loop
      vertex -2.22163 11.0953 20
      vertex -2.16129 9.71335 20
      vertex -2.16129 11.2866 20
    endloop
  endfacet
  facet normal 0 0 1
    outer loop
      vertex -2.22163 11.0953 20
      vertex -2.22163 9.90472 20
      vertex -2.16129 9.71335 20
    endloop
  endfacet
  facet normal -0 0 1
    outer loop
      vertex -2.26506 10.8994 20
      vertex -2.22163 9.90472 20
      vertex -2.22163 11.0953 20
    endloop
  endfacet
  facet normal 0 0 1
    outer loop
      vertex -2.26506 10.8994 20
      vertex -2.26506 10.1006 20
      vertex -2.22163 9.90472 20
    endloop
  endfacet
  facet normal -0 0 1
    outer loop
      vertex -2.29125 10.7005 20
      vertex -2.26506 10.1006 20
      vertex -2.26506 10.8994 20
    endloop
  endfacet
  facet normal 0 0 1
    outer loop
      vertex -2.29125 10.7005 20
      vertex -2.29125 10.2995 20
      vertex -2.26506 10.1006 20
    endloop
  endfacet
  facet normal 0 -0 1
    outer loop
      vertex -2.29125 10.2995 20
      vertex -2.29125 10.7005 20
      vertex -2.3 10.5 20
    endloop
  endfacet
  facet normal -0.737282 0.675585 0
    outer loop
      vertex 1.62634 8.87365 20
      vertex 1.7619 9.02159 25
      vertex 1.7619 9.02159 20
    endloop
  endfacet
  facet normal -0.737282 0.675585 0
    outer loop
      vertex 1.7619 9.02159 25
      vertex 1.62634 8.87365 20
      vertex 1.62634 8.87365 25
    endloop
  endfacet
  facet normal 0.382663 0.923888 -0
    outer loop
      vertex -0.786646 8.33871 20
      vertex -0.972021 8.41549 25
      vertex -0.786646 8.33871 25
    endloop
  endfacet
  facet normal 0.382663 0.923888 0
    outer loop
      vertex -0.972021 8.41549 25
      vertex -0.786646 8.33871 20
      vertex -0.972021 8.41549 20
    endloop
  endfacet
  facet normal 0 0.976289 0.216469
    outer loop
      vertex 19 -5.67685 19.8624
      vertex -19 -5.71461 20.0327
      vertex 19 -5.71461 20.0327
    endloop
  endfacet
  facet normal 0 0.976289 0.216469
    outer loop
      vertex -19 -5.71461 20.0327
      vertex 19 -5.67685 19.8624
      vertex -19 -5.67685 19.8624
    endloop
  endfacet
  facet normal 0 -1 0
    outer loop
      vertex -19 5.745 20.38
      vertex 19 5.745 24
      vertex -19 5.745 24
    endloop
  endfacet
  facet normal 0 -1 -0
    outer loop
      vertex 19 5.745 24
      vertex -19 5.745 20.38
      vertex 19 5.745 20.38
    endloop
  endfacet
  facet normal 0 -0.793293 0.608841
    outer loop
      vertex -19 5.27708 19.0944
      vertex 19 5.3833 19.2328
      vertex -19 5.3833 19.2328
    endloop
  endfacet
  facet normal 0 -0.793293 0.608841
    outer loop
      vertex 19 5.3833 19.2328
      vertex -19 5.27708 19.0944
      vertex 19 5.27708 19.0944
    endloop
  endfacet
  facet normal 0 -0.0435591 0.999051
    outer loop
      vertex -19 3.91931 18.3876
      vertex 19 3.745 18.38
      vertex 19 3.91931 18.3876
    endloop
  endfacet
  facet normal 0 -0.0435591 0.999051
    outer loop
      vertex 19 3.745 18.38
      vertex -19 3.91931 18.3876
      vertex -19 3.745 18.38
    endloop
  endfacet
  facet normal 0 -0.216639 0.976252
    outer loop
      vertex -19 4.26263 18.4482
      vertex 19 4.09229 18.4104
      vertex 19 4.26263 18.4482
    endloop
  endfacet
  facet normal 0 -0.216639 0.976252
    outer loop
      vertex 19 4.09229 18.4104
      vertex -19 4.26263 18.4482
      vertex -19 4.09229 18.4104
    endloop
  endfacet
  facet normal -0 0.608741 0.793369
    outer loop
      vertex -19 -4.89215 18.7417
      vertex 19 -5.03056 18.8479
      vertex 19 -4.89215 18.7417
    endloop
  endfacet
  facet normal 0 0.608741 0.793369
    outer loop
      vertex 19 -5.03056 18.8479
      vertex -19 -4.89215 18.7417
      vertex -19 -5.03056 18.8479
    endloop
  endfacet
  facet normal 0 -0.382824 0.923821
    outer loop
      vertex -19 4.59023 18.5674
      vertex 19 4.42903 18.5006
      vertex 19 4.59023 18.5674
    endloop
  endfacet
  facet normal 0 -0.382824 0.923821
    outer loop
      vertex 19 4.42903 18.5006
      vertex -19 4.59023 18.5674
      vertex -19 4.42903 18.5006
    endloop
  endfacet
  facet normal -0 0.0435591 0.999051
    outer loop
      vertex -19 -3.745 18.38
      vertex 19 -3.91931 18.3876
      vertex 19 -3.745 18.38
    endloop
  endfacet
  facet normal 0 0.0435591 0.999051
    outer loop
      vertex 19 -3.91931 18.3876
      vertex -19 -3.745 18.38
      vertex -19 -3.91931 18.3876
    endloop
  endfacet
  facet normal -0 0.130677 0.991425
    outer loop
      vertex -19 -3.91931 18.3876
      vertex 19 -4.09229 18.4104
      vertex 19 -3.91931 18.3876
    endloop
  endfacet
  facet normal 0 0.130677 0.991425
    outer loop
      vertex 19 -4.09229 18.4104
      vertex -19 -3.91931 18.3876
      vertex -19 -4.09229 18.4104
    endloop
  endfacet
  facet normal 0 0.923923 0.38258
    outer loop
      vertex 19 -5.55762 19.5348
      vertex -19 -5.62437 19.696
      vertex 19 -5.62437 19.696
    endloop
  endfacet
  facet normal 0 0.923923 0.38258
    outer loop
      vertex -19 -5.62437 19.696
      vertex 19 -5.55762 19.5348
      vertex -19 -5.55762 19.5348
    endloop
  endfacet
  facet normal 0 -0.953693 0.30078
    outer loop
      vertex -19 5.62437 19.696
      vertex 19 5.67685 19.8624
      vertex -19 5.67685 19.8624
    endloop
  endfacet
  facet normal 0 -0.953693 0.30078
    outer loop
      vertex 19 5.67685 19.8624
      vertex -19 5.62437 19.696
      vertex 19 5.62437 19.696
    endloop
  endfacet
  facet normal -0 0.675634 0.737237
    outer loop
      vertex -19 -5.03056 18.8479
      vertex 19 -5.15921 18.9658
      vertex 19 -5.03056 18.8479
    endloop
  endfacet
  facet normal 0 0.675634 0.737237
    outer loop
      vertex 19 -5.15921 18.9658
      vertex -19 -5.03056 18.8479
      vertex -19 -5.15921 18.9658
    endloop
  endfacet
  facet normal -0 0 1
    outer loop
      vertex -19 3.745 18.38
      vertex 19 -3.745 18.38
      vertex 19 3.745 18.38
    endloop
  endfacet
  facet normal 0 0 1
    outer loop
      vertex 19 -3.745 18.38
      vertex -19 3.745 18.38
      vertex -19 -3.745 18.38
    endloop
  endfacet
  facet normal 0 -0.608741 0.793369
    outer loop
      vertex -19 5.03056 18.8479
      vertex 19 4.89215 18.7417
      vertex 19 5.03056 18.8479
    endloop
  endfacet
  facet normal 0 -0.608741 0.793369
    outer loop
      vertex 19 4.89215 18.7417
      vertex -19 5.03056 18.8479
      vertex -19 4.89215 18.7417
    endloop
  endfacet
  facet normal 0 -0.130677 0.991425
    outer loop
      vertex -19 4.09229 18.4104
      vertex 19 3.91931 18.3876
      vertex 19 4.09229 18.4104
    endloop
  endfacet
  facet normal 0 -0.130677 0.991425
    outer loop
      vertex 19 3.91931 18.3876
      vertex -19 4.09229 18.4104
      vertex -19 3.91931 18.3876
    endloop
  endfacet
  facet normal 0 -0.999046 0.043676
    outer loop
      vertex -19 5.73738 20.2057
      vertex 19 5.745 20.38
      vertex -19 5.745 20.38
    endloop
  endfacet
  facet normal 0 -0.999046 0.043676
    outer loop
      vertex 19 5.745 20.38
      vertex -19 5.73738 20.2057
      vertex 19 5.73738 20.2057
    endloop
  endfacet
  facet normal 0 -0.675634 0.737237
    outer loop
      vertex -19 5.15921 18.9658
      vertex 19 5.03056 18.8479
      vertex 19 5.15921 18.9658
    endloop
  endfacet
  facet normal 0 -0.675634 0.737237
    outer loop
      vertex 19 5.03056 18.8479
      vertex -19 5.15921 18.9658
      vertex -19 5.03056 18.8479
    endloop
  endfacet
  facet normal 0 1 -0
    outer loop
      vertex 19 -5.745 20.38
      vertex -19 -5.745 24
      vertex 19 -5.745 24
    endloop
  endfacet
  facet normal 0 1 0
    outer loop
      vertex -19 -5.745 24
      vertex 19 -5.745 20.38
      vertex -19 -5.745 20.38
    endloop
  endfacet
  facet normal -0 0.300363 0.953825
    outer loop
      vertex -19 -4.26263 18.4482
      vertex 19 -4.42903 18.5006
      vertex 19 -4.26263 18.4482
    endloop
  endfacet
  facet normal 0 0.300363 0.953825
    outer loop
      vertex 19 -4.42903 18.5006
      vertex -19 -4.26263 18.4482
      vertex -19 -4.42903 18.5006
    endloop
  endfacet
  facet normal 0 0.999046 0.043676
    outer loop
      vertex 19 -5.73738 20.2057
      vertex -19 -5.745 20.38
      vertex 19 -5.745 20.38
    endloop
  endfacet
  facet normal 0 0.999046 0.043676
    outer loop
      vertex -19 -5.745 20.38
      vertex 19 -5.73738 20.2057
      vertex -19 -5.73738 20.2057
    endloop
  endfacet
  facet normal 0 0.953693 0.30078
    outer loop
      vertex 19 -5.62437 19.696
      vertex -19 -5.67685 19.8624
      vertex 19 -5.67685 19.8624
    endloop
  endfacet
  facet normal 0 0.953693 0.30078
    outer loop
      vertex -19 -5.67685 19.8624
      vertex 19 -5.62437 19.696
      vertex -19 -5.62437 19.696
    endloop
  endfacet
  facet normal 0 0.991449 0.130493
    outer loop
      vertex 19 -5.71461 20.0327
      vertex -19 -5.73738 20.2057
      vertex 19 -5.73738 20.2057
    endloop
  endfacet
  facet normal 0 0.991449 0.130493
    outer loop
      vertex -19 -5.73738 20.2057
      vertex 19 -5.71461 20.0327
      vertex -19 -5.71461 20.0327
    endloop
  endfacet
  facet normal 0 -0.976289 0.216469
    outer loop
      vertex -19 5.67685 19.8624
      vertex 19 5.71461 20.0327
      vertex -19 5.71461 20.0327
    endloop
  endfacet
  facet normal 0 -0.976289 0.216469
    outer loop
      vertex 19 5.71461 20.0327
      vertex -19 5.67685 19.8624
      vertex 19 5.67685 19.8624
    endloop
  endfacet
  facet normal -0 0.382824 0.923821
    outer loop
      vertex -19 -4.42903 18.5006
      vertex 19 -4.59023 18.5674
      vertex 19 -4.42903 18.5006
    endloop
  endfacet
  facet normal 0 0.382824 0.923821
    outer loop
      vertex 19 -4.59023 18.5674
      vertex -19 -4.42903 18.5006
      vertex -19 -4.59023 18.5674
    endloop
  endfacet
  facet normal 0 -0.461441 0.887171
    outer loop
      vertex -19 4.745 18.6479
      vertex 19 4.59023 18.5674
      vertex 19 4.745 18.6479
    endloop
  endfacet
  facet normal 0 -0.461441 0.887171
    outer loop
      vertex 19 4.59023 18.5674
      vertex -19 4.745 18.6479
      vertex -19 4.59023 18.5674
    endloop
  endfacet
  facet normal 0 -0.887043 0.461686
    outer loop
      vertex -19 5.47705 19.38
      vertex 19 5.55762 19.5348
      vertex -19 5.55762 19.5348
    endloop
  endfacet
  facet normal 0 -0.887043 0.461686
    outer loop
      vertex 19 5.55762 19.5348
      vertex -19 5.47705 19.38
      vertex 19 5.47705 19.38
    endloop
  endfacet
  facet normal 0 -0.843461 0.537191
    outer loop
      vertex -19 5.3833 19.2328
      vertex 19 5.47705 19.38
      vertex -19 5.47705 19.38
    endloop
  endfacet
  facet normal 0 -0.843461 0.537191
    outer loop
      vertex 19 5.47705 19.38
      vertex -19 5.3833 19.2328
      vertex 19 5.3833 19.2328
    endloop
  endfacet
  facet normal 0 0.887043 0.461686
    outer loop
      vertex 19 -5.47705 19.38
      vertex -19 -5.55762 19.5348
      vertex 19 -5.55762 19.5348
    endloop
  endfacet
  facet normal 0 0.887043 0.461686
    outer loop
      vertex -19 -5.55762 19.5348
      vertex 19 -5.47705 19.38
      vertex -19 -5.47705 19.38
    endloop
  endfacet
  facet normal 0 -0.300363 0.953825
    outer loop
      vertex -19 4.42903 18.5006
      vertex 19 4.26263 18.4482
      vertex 19 4.42903 18.5006
    endloop
  endfacet
  facet normal 0 -0.300363 0.953825
    outer loop
      vertex 19 4.26263 18.4482
      vertex -19 4.42903 18.5006
      vertex -19 4.26263 18.4482
    endloop
  endfacet
  facet normal 0 -0.991449 0.130493
    outer loop
      vertex -19 5.71461 20.0327
      vertex 19 5.73738 20.2057
      vertex -19 5.73738 20.2057
    endloop
  endfacet
  facet normal 0 -0.991449 0.130493
    outer loop
      vertex 19 5.73738 20.2057
      vertex -19 5.71461 20.0327
      vertex 19 5.71461 20.0327
    endloop
  endfacet
  facet normal 0 0.843461 0.537191
    outer loop
      vertex 19 -5.3833 19.2328
      vertex -19 -5.47705 19.38
      vertex 19 -5.47705 19.38
    endloop
  endfacet
  facet normal 0 0.843461 0.537191
    outer loop
      vertex -19 -5.47705 19.38
      vertex 19 -5.3833 19.2328
      vertex -19 -5.3833 19.2328
    endloop
  endfacet
  facet normal 0 -0.537524 0.843248
    outer loop
      vertex -19 4.89215 18.7417
      vertex 19 4.745 18.6479
      vertex 19 4.89215 18.7417
    endloop
  endfacet
  facet normal 0 -0.537524 0.843248
    outer loop
      vertex 19 4.745 18.6479
      vertex -19 4.89215 18.7417
      vertex -19 4.745 18.6479
    endloop
  endfacet
  facet normal -0 0.216639 0.976252
    outer loop
      vertex -19 -4.09229 18.4104
      vertex 19 -4.26263 18.4482
      vertex 19 -4.09229 18.4104
    endloop
  endfacet
  facet normal 0 0.216639 0.976252
    outer loop
      vertex 19 -4.26263 18.4482
      vertex -19 -4.09229 18.4104
      vertex -19 -4.26263 18.4482
    endloop
  endfacet
  facet normal -0 0.461441 0.887171
    outer loop
      vertex -19 -4.59023 18.5674
      vertex 19 -4.745 18.6479
      vertex 19 -4.59023 18.5674
    endloop
  endfacet
  facet normal 0 0.461441 0.887171
    outer loop
      vertex 19 -4.745 18.6479
      vertex -19 -4.59023 18.5674
      vertex -19 -4.745 18.6479
    endloop
  endfacet
  facet normal 0 -0.923923 0.38258
    outer loop
      vertex -19 5.55762 19.5348
      vertex 19 5.62437 19.696
      vertex -19 5.62437 19.696
    endloop
  endfacet
  facet normal 0 -0.923923 0.38258
    outer loop
      vertex 19 5.62437 19.696
      vertex -19 5.55762 19.5348
      vertex 19 5.55762 19.5348
    endloop
  endfacet
  facet normal 0 0.793293 0.608841
    outer loop
      vertex 19 -5.27708 19.0944
      vertex -19 -5.3833 19.2328
      vertex 19 -5.3833 19.2328
    endloop
  endfacet
  facet normal 0 0.793293 0.608841
    outer loop
      vertex -19 -5.3833 19.2328
      vertex 19 -5.27708 19.0944
      vertex -19 -5.27708 19.0944
    endloop
  endfacet
  facet normal 0 -0.737192 0.675683
    outer loop
      vertex -19 5.15921 18.9658
      vertex 19 5.27708 19.0944
      vertex -19 5.27708 19.0944
    endloop
  endfacet
  facet normal 0 -0.737192 0.675683
    outer loop
      vertex 19 5.27708 19.0944
      vertex -19 5.15921 18.9658
      vertex 19 5.15921 18.9658
    endloop
  endfacet
  facet normal -0 0.537524 0.843248
    outer loop
      vertex -19 -4.745 18.6479
      vertex 19 -4.89215 18.7417
      vertex 19 -4.745 18.6479
    endloop
  endfacet
  facet normal 0 0.537524 0.843248
    outer loop
      vertex 19 -4.89215 18.7417
      vertex -19 -4.745 18.6479
      vertex -19 -4.89215 18.7417
    endloop
  endfacet
  facet normal 0 0.737192 0.675683
    outer loop
      vertex 19 -5.15921 18.9658
      vertex -19 -5.27708 19.0944
      vertex 19 -5.27708 19.0944
    endloop
  endfacet
  facet normal 0 0.737192 0.675683
    outer loop
      vertex -19 -5.27708 19.0944
      vertex 19 -5.15921 18.9658
      vertex -19 -5.15921 18.9658
    endloop
  endfacet
  facet normal -0 0 1
    outer loop
      vertex -19 -5.745 24
      vertex 19 -7.745 24
      vertex 19 -5.745 24
    endloop
  endfacet
  facet normal 0 0 1
    outer loop
      vertex 19 -7.745 24
      vertex -19 -5.745 24
      vertex -19 -7.745 24
    endloop
  endfacet
  facet normal -0 0 1
    outer loop
      vertex -19 7.745 24
      vertex 19 5.745 24
      vertex 19 7.745 24
    endloop
  endfacet
  facet normal 0 0 1
    outer loop
      vertex 19 5.745 24
      vertex -19 7.745 24
      vertex -19 5.745 24
    endloop
  endfacet
  facet normal 0 -1 0
    outer loop
      vertex -19 7.745 24
      vertex 19 7.745 25
      vertex -19 7.745 25
    endloop
  endfacet
  facet normal 0 -1 -0
    outer loop
      vertex 19 7.745 25
      vertex -19 7.745 24
      vertex 19 7.745 24
    endloop
  endfacet
  facet normal 0 1 -0
    outer loop
      vertex 19 -7.745 24
      vertex -19 -7.745 25
      vertex 19 -7.745 25
    endloop
  endfacet
  facet normal 0 1 0
    outer loop
      vertex -19 -7.745 25
      vertex 19 -7.745 24
      vertex -19 -7.745 24
    endloop
  endfacet
  facet normal 0 -0.216445 0.976295
    outer loop
      vertex -26.25 7.5694 3.67496
      vertex 26.25 7.38203 3.63342
      vertex 26.25 7.5694 3.67496
    endloop
  endfacet
  facet normal 0 -0.216445 0.976295
    outer loop
      vertex 26.25 7.38203 3.63342
      vertex -26.25 7.5694 3.67496
      vertex -26.25 7.38203 3.63342
    endloop
  endfacet
  facet normal -0 0.461743 0.887014
    outer loop
      vertex -26.25 6.07024 3.80612
      vertex 26.25 5.9 3.89474
      vertex 26.25 6.07024 3.80612
    endloop
  endfacet
  facet normal 0 0.461743 0.887014
    outer loop
      vertex 26.25 5.9 3.89474
      vertex -26.25 6.07024 3.80612
      vertex -26.25 5.9 3.89474
    endloop
  endfacet
  facet normal 0 -0.0436113 0.999049
    outer loop
      vertex -26.25 7.19174 3.60837
      vertex 26.25 7 3.6
      vertex 26.25 7.19174 3.60837
    endloop
  endfacet
  facet normal 0 -0.0436113 0.999049
    outer loop
      vertex 26.25 7 3.6
      vertex -26.25 7.19174 3.60837
      vertex -26.25 7 3.6
    endloop
  endfacet
  facet normal 0 -0.0436113 -0.999049
    outer loop
      vertex -26.25 7 8
      vertex 26.25 7.19174 7.99163
      vertex 26.25 7 8
    endloop
  endfacet
  facet normal -0 -0.0436113 -0.999049
    outer loop
      vertex 26.25 7.19174 7.99163
      vertex -26.25 7 8
      vertex -26.25 7.19174 7.99163
    endloop
  endfacet
  facet normal 0 0.999049 -0.0436113
    outer loop
      vertex 26.25 4.8 5.8
      vertex -26.25 4.80837 5.99174
      vertex 26.25 4.80837 5.99174
    endloop
  endfacet
  facet normal 0 0.999049 -0.0436113
    outer loop
      vertex -26.25 4.80837 5.99174
      vertex 26.25 4.8 5.8
      vertex -26.25 4.8 5.8
    endloop
  endfacet
  facet normal 0 -0.991446 -0.130515
    outer loop
      vertex -26.25 9.19163 5.99174
      vertex 26.25 9.16658 6.18203
      vertex -26.25 9.16658 6.18203
    endloop
  endfacet
  facet normal 0 -0.991446 -0.130515
    outer loop
      vertex 26.25 9.16658 6.18203
      vertex -26.25 9.19163 5.99174
      vertex 26.25 9.19163 5.99174
    endloop
  endfacet
  facet normal -0 0.216445 0.976295
    outer loop
      vertex -26.25 6.61797 3.63342
      vertex 26.25 6.4306 3.67496
      vertex 26.25 6.61797 3.63342
    endloop
  endfacet
  facet normal 0 0.216445 0.976295
    outer loop
      vertex 26.25 6.4306 3.67496
      vertex -26.25 6.61797 3.63342
      vertex -26.25 6.4306 3.67496
    endloop
  endfacet
  facet normal 0 -0.382646 0.923895
    outer loop
      vertex -26.25 7.92976 3.80612
      vertex 26.25 7.75244 3.73268
      vertex 26.25 7.92976 3.80612
    endloop
  endfacet
  facet normal 0 -0.382646 0.923895
    outer loop
      vertex 26.25 7.75244 3.73268
      vertex -26.25 7.92976 3.80612
      vertex -26.25 7.75244 3.73268
    endloop
  endfacet
  facet normal 0 0.991446 0.130515
    outer loop
      vertex 26.25 4.83342 5.41797
      vertex -26.25 4.80837 5.60826
      vertex 26.25 4.80837 5.60826
    endloop
  endfacet
  facet normal 0 0.991446 0.130515
    outer loop
      vertex -26.25 4.80837 5.60826
      vertex 26.25 4.83342 5.41797
      vertex -26.25 4.83342 5.41797
    endloop
  endfacet
  facet normal 0 0.923887 0.382665
    outer loop
      vertex 26.25 5.00612 4.87024
      vertex -26.25 4.93268 5.04755
      vertex 26.25 4.93268 5.04755
    endloop
  endfacet
  facet normal 0 0.923887 0.382665
    outer loop
      vertex -26.25 4.93268 5.04755
      vertex 26.25 5.00612 4.87024
      vertex -26.25 5.00612 4.87024
    endloop
  endfacet
  facet normal 0 -0.991446 0.130515
    outer loop
      vertex -26.25 9.16658 5.41797
      vertex 26.25 9.19163 5.60826
      vertex -26.25 9.19163 5.60826
    endloop
  endfacet
  facet normal 0 -0.991446 0.130515
    outer loop
      vertex 26.25 9.19163 5.60826
      vertex -26.25 9.16658 5.41797
      vertex 26.25 9.16658 5.41797
    endloop
  endfacet
  facet normal -0 0.675562 0.737303
    outer loop
      vertex -26.25 5.58587 4.1147
      vertex 26.25 5.44436 4.24436
      vertex 26.25 5.58587 4.1147
    endloop
  endfacet
  facet normal 0 0.675562 0.737303
    outer loop
      vertex 26.25 5.44436 4.24436
      vertex -26.25 5.58587 4.1147
      vertex -26.25 5.44436 4.24436
    endloop
  endfacet
  facet normal 0 -0.608784 0.793336
    outer loop
      vertex -26.25 8.41413 4.1147
      vertex 26.25 8.26187 3.99786
      vertex 26.25 8.41413 4.1147
    endloop
  endfacet
  facet normal 0 -0.608784 0.793336
    outer loop
      vertex 26.25 8.26187 3.99786
      vertex -26.25 8.41413 4.1147
      vertex -26.25 8.26187 3.99786
    endloop
  endfacet
  facet normal 0 -0.537327 -0.843374
    outer loop
      vertex -26.25 8.1 7.70526
      vertex 26.25 8.26187 7.60213
      vertex 26.25 8.1 7.70526
    endloop
  endfacet
  facet normal -0 -0.537327 -0.843374
    outer loop
      vertex 26.25 8.26187 7.60213
      vertex -26.25 8.1 7.70526
      vertex -26.25 8.26187 7.60213
    endloop
  endfacet
  facet normal 0 -0.843374 -0.537327
    outer loop
      vertex -26.25 8.90526 6.9
      vertex 26.25 8.80213 7.06187
      vertex -26.25 8.80213 7.06187
    endloop
  endfacet
  facet normal 0 -0.843374 -0.537327
    outer loop
      vertex 26.25 8.80213 7.06187
      vertex -26.25 8.90526 6.9
      vertex 26.25 8.90526 6.9
    endloop
  endfacet
  facet normal 0 -0.887014 0.461743
    outer loop
      vertex -26.25 8.90526 4.7
      vertex 26.25 8.99388 4.87024
      vertex -26.25 8.99388 4.87024
    endloop
  endfacet
  facet normal 0 -0.887014 0.461743
    outer loop
      vertex 26.25 8.99388 4.87024
      vertex -26.25 8.90526 4.7
      vertex 26.25 8.90526 4.7
    endloop
  endfacet
  facet normal 0 -0.923895 -0.382646
    outer loop
      vertex -26.25 9.06732 6.55244
      vertex 26.25 8.99388 6.72976
      vertex -26.25 8.99388 6.72976
    endloop
  endfacet
  facet normal 0 -0.923895 -0.382646
    outer loop
      vertex 26.25 8.99388 6.72976
      vertex -26.25 9.06732 6.55244
      vertex 26.25 9.06732 6.55244
    endloop
  endfacet
  facet normal 0 0.461743 -0.887014
    outer loop
      vertex -26.25 5.9 7.70526
      vertex 26.25 6.07024 7.79388
      vertex 26.25 5.9 7.70526
    endloop
  endfacet
  facet normal 0 0.461743 -0.887014
    outer loop
      vertex 26.25 6.07024 7.79388
      vertex -26.25 5.9 7.70526
      vertex -26.25 6.07024 7.79388
    endloop
  endfacet
  facet normal 0 0.976295 -0.216445
    outer loop
      vertex 26.25 4.83342 6.18203
      vertex -26.25 4.87496 6.3694
      vertex 26.25 4.87496 6.3694
    endloop
  endfacet
  facet normal 0 0.976295 -0.216445
    outer loop
      vertex -26.25 4.87496 6.3694
      vertex 26.25 4.83342 6.18203
      vertex -26.25 4.83342 6.18203
    endloop
  endfacet
  facet normal 0 0.300727 -0.95371
    outer loop
      vertex -26.25 6.24755 7.86732
      vertex 26.25 6.4306 7.92504
      vertex 26.25 6.24755 7.86732
    endloop
  endfacet
  facet normal 0 0.300727 -0.95371
    outer loop
      vertex 26.25 6.4306 7.92504
      vertex -26.25 6.24755 7.86732
      vertex -26.25 6.4306 7.92504
    endloop
  endfacet
  facet normal -0 0.300727 0.95371
    outer loop
      vertex -26.25 6.4306 3.67496
      vertex 26.25 6.24755 3.73268
      vertex 26.25 6.4306 3.67496
    endloop
  endfacet
  facet normal 0 0.300727 0.95371
    outer loop
      vertex 26.25 6.24755 3.73268
      vertex -26.25 6.4306 3.67496
      vertex -26.25 6.24755 3.73268
    endloop
  endfacet
  facet normal 0 -0.53729 0.843397
    outer loop
      vertex -26.25 8.26187 3.99786
      vertex 26.25 8.1 3.89474
      vertex 26.25 8.26187 3.99786
    endloop
  endfacet
  facet normal 0 -0.53729 0.843397
    outer loop
      vertex 26.25 8.1 3.89474
      vertex -26.25 8.26187 3.99786
      vertex -26.25 8.1 3.89474
    endloop
  endfacet
  facet normal 0 -0.953705 -0.300742
    outer loop
      vertex -26.25 9.12504 6.3694
      vertex 26.25 9.06732 6.55244
      vertex -26.25 9.06732 6.55244
    endloop
  endfacet
  facet normal 0 -0.953705 -0.300742
    outer loop
      vertex 26.25 9.06732 6.55244
      vertex -26.25 9.12504 6.3694
      vertex 26.25 9.12504 6.3694
    endloop
  endfacet
  facet normal 0 0.976295 0.216445
    outer loop
      vertex 26.25 4.87496 5.2306
      vertex -26.25 4.83342 5.41797
      vertex 26.25 4.83342 5.41797
    endloop
  endfacet
  facet normal 0 0.976295 0.216445
    outer loop
      vertex -26.25 4.83342 5.41797
      vertex 26.25 4.87496 5.2306
      vertex -26.25 4.87496 5.2306
    endloop
  endfacet
  facet normal 0 -0.976295 -0.216445
    outer loop
      vertex -26.25 9.16658 6.18203
      vertex 26.25 9.12504 6.3694
      vertex -26.25 9.12504 6.3694
    endloop
  endfacet
  facet normal 0 -0.976295 -0.216445
    outer loop
      vertex 26.25 9.12504 6.3694
      vertex -26.25 9.16658 6.18203
      vertex 26.25 9.16658 6.18203
    endloop
  endfacet
  facet normal 0 -0.887014 -0.461743
    outer loop
      vertex -26.25 8.99388 6.72976
      vertex 26.25 8.90526 6.9
      vertex -26.25 8.90526 6.9
    endloop
  endfacet
  facet normal 0 -0.887014 -0.461743
    outer loop
      vertex 26.25 8.90526 6.9
      vertex -26.25 8.99388 6.72976
      vertex 26.25 8.99388 6.72976
    endloop
  endfacet
  facet normal 0 0.0436113 -0.999049
    outer loop
      vertex -26.25 6.80826 7.99163
      vertex 26.25 7 8
      vertex 26.25 6.80826 7.99163
    endloop
  endfacet
  facet normal 0 0.0436113 -0.999049
    outer loop
      vertex 26.25 7 8
      vertex -26.25 6.80826 7.99163
      vertex -26.25 7 8
    endloop
  endfacet
  facet normal 0 -0.923887 0.382665
    outer loop
      vertex -26.25 8.99388 4.87024
      vertex 26.25 9.06732 5.04755
      vertex -26.25 9.06732 5.04755
    endloop
  endfacet
  facet normal 0 -0.923887 0.382665
    outer loop
      vertex 26.25 9.06732 5.04755
      vertex -26.25 8.99388 4.87024
      vertex 26.25 8.99388 4.87024
    endloop
  endfacet
  facet normal 0 -0.130515 0.991446
    outer loop
      vertex -26.25 7.38203 3.63342
      vertex 26.25 7.19174 3.60837
      vertex 26.25 7.38203 3.63342
    endloop
  endfacet
  facet normal 0 -0.130515 0.991446
    outer loop
      vertex 26.25 7.19174 3.60837
      vertex -26.25 7.38203 3.63342
      vertex -26.25 7.19174 3.60837
    endloop
  endfacet
  facet normal 0 -0.675588 0.73728
    outer loop
      vertex -26.25 8.55563 4.24436
      vertex 26.25 8.41413 4.1147
      vertex 26.25 8.55563 4.24436
    endloop
  endfacet
  facet normal 0 -0.675588 0.73728
    outer loop
      vertex 26.25 8.41413 4.1147
      vertex -26.25 8.55563 4.24436
      vertex -26.25 8.41413 4.1147
    endloop
  endfacet
  facet normal 0 0.130515 -0.991446
    outer loop
      vertex -26.25 6.61797 7.96658
      vertex 26.25 6.80826 7.99163
      vertex 26.25 6.61797 7.96658
    endloop
  endfacet
  facet normal 0 0.130515 -0.991446
    outer loop
      vertex 26.25 6.80826 7.99163
      vertex -26.25 6.61797 7.96658
      vertex -26.25 6.80826 7.99163
    endloop
  endfacet
  facet normal 0 0.793361 -0.608751
    outer loop
      vertex 26.25 5.19787 7.06187
      vertex -26.25 5.3147 7.21413
      vertex 26.25 5.3147 7.21413
    endloop
  endfacet
  facet normal 0 0.793361 -0.608751
    outer loop
      vertex -26.25 5.3147 7.21413
      vertex 26.25 5.19787 7.06187
      vertex -26.25 5.19787 7.06187
    endloop
  endfacet
  facet normal -0 0.0436113 0.999049
    outer loop
      vertex -26.25 7 3.6
      vertex 26.25 6.80826 3.60837
      vertex 26.25 7 3.6
    endloop
  endfacet
  facet normal 0 0.0436113 0.999049
    outer loop
      vertex 26.25 6.80826 3.60837
      vertex -26.25 7 3.6
      vertex -26.25 6.80826 3.60837
    endloop
  endfacet
  facet normal 0 -0.95371 0.300727
    outer loop
      vertex -26.25 9.06732 5.04755
      vertex 26.25 9.12504 5.2306
      vertex -26.25 9.12504 5.2306
    endloop
  endfacet
  facet normal 0 -0.95371 0.300727
    outer loop
      vertex 26.25 9.12504 5.2306
      vertex -26.25 9.06732 5.04755
      vertex 26.25 9.06732 5.04755
    endloop
  endfacet
  facet normal 0 0.67559 -0.737277
    outer loop
      vertex -26.25 5.44436 7.35563
      vertex 26.25 5.58587 7.4853
      vertex 26.25 5.44436 7.35563
    endloop
  endfacet
  facet normal 0 0.67559 -0.737277
    outer loop
      vertex 26.25 5.58587 7.4853
      vertex -26.25 5.44436 7.35563
      vertex -26.25 5.58587 7.4853
    endloop
  endfacet
  facet normal 0 -0.843374 0.537327
    outer loop
      vertex -26.25 8.80213 4.53813
      vertex 26.25 8.90526 4.7
      vertex -26.25 8.90526 4.7
    endloop
  endfacet
  facet normal 0 -0.843374 0.537327
    outer loop
      vertex 26.25 8.90526 4.7
      vertex -26.25 8.80213 4.53813
      vertex 26.25 8.80213 4.53813
    endloop
  endfacet
  facet normal 0 -0.999049 0.0436113
    outer loop
      vertex -26.25 9.19163 5.60826
      vertex 26.25 9.2 5.8
      vertex -26.25 9.2 5.8
    endloop
  endfacet
  facet normal 0 -0.999049 0.0436113
    outer loop
      vertex 26.25 9.2 5.8
      vertex -26.25 9.19163 5.60826
      vertex 26.25 9.19163 5.60826
    endloop
  endfacet
  facet normal 0 -0.737277 0.67559
    outer loop
      vertex -26.25 8.55563 4.24436
      vertex 26.25 8.6853 4.38587
      vertex -26.25 8.6853 4.38587
    endloop
  endfacet
  facet normal 0 -0.737277 0.67559
    outer loop
      vertex 26.25 8.6853 4.38587
      vertex -26.25 8.55563 4.24436
      vertex 26.25 8.55563 4.24436
    endloop
  endfacet
  facet normal 0 0.73728 -0.675588
    outer loop
      vertex 26.25 5.3147 7.21413
      vertex -26.25 5.44436 7.35563
      vertex 26.25 5.44436 7.35563
    endloop
  endfacet
  facet normal 0 0.73728 -0.675588
    outer loop
      vertex -26.25 5.44436 7.35563
      vertex 26.25 5.3147 7.21413
      vertex -26.25 5.3147 7.21413
    endloop
  endfacet
  facet normal 0 0.999049 0.0436113
    outer loop
      vertex 26.25 4.80837 5.60826
      vertex -26.25 4.8 5.8
      vertex 26.25 4.8 5.8
    endloop
  endfacet
  facet normal 0 0.999049 0.0436113
    outer loop
      vertex -26.25 4.8 5.8
      vertex 26.25 4.80837 5.60826
      vertex -26.25 4.80837 5.60826
    endloop
  endfacet
  facet normal 0 -0.300742 0.953705
    outer loop
      vertex -26.25 7.75244 3.73268
      vertex 26.25 7.5694 3.67496
      vertex 26.25 7.75244 3.73268
    endloop
  endfacet
  facet normal 0 -0.300742 0.953705
    outer loop
      vertex 26.25 7.5694 3.67496
      vertex -26.25 7.75244 3.73268
      vertex -26.25 7.5694 3.67496
    endloop
  endfacet
  facet normal -0 0.608784 0.793336
    outer loop
      vertex -26.25 5.73813 3.99786
      vertex 26.25 5.58587 4.1147
      vertex 26.25 5.73813 3.99786
    endloop
  endfacet
  facet normal 0 0.608784 0.793336
    outer loop
      vertex 26.25 5.58587 4.1147
      vertex -26.25 5.73813 3.99786
      vertex -26.25 5.58587 4.1147
    endloop
  endfacet
  facet normal 0 -0.382646 -0.923895
    outer loop
      vertex -26.25 7.75244 7.86732
      vertex 26.25 7.92976 7.79388
      vertex 26.25 7.75244 7.86732
    endloop
  endfacet
  facet normal -0 -0.382646 -0.923895
    outer loop
      vertex 26.25 7.92976 7.79388
      vertex -26.25 7.75244 7.86732
      vertex -26.25 7.92976 7.79388
    endloop
  endfacet
  facet normal -0 0.382665 0.923887
    outer loop
      vertex -26.25 6.24755 3.73268
      vertex 26.25 6.07024 3.80612
      vertex 26.25 6.24755 3.73268
    endloop
  endfacet
  facet normal 0 0.382665 0.923887
    outer loop
      vertex 26.25 6.07024 3.80612
      vertex -26.25 6.24755 3.73268
      vertex -26.25 6.07024 3.80612
    endloop
  endfacet
  facet normal 0 -0.999049 -0.0436113
    outer loop
      vertex -26.25 9.2 5.8
      vertex 26.25 9.19163 5.99174
      vertex -26.25 9.19163 5.99174
    endloop
  endfacet
  facet normal 0 -0.999049 -0.0436113
    outer loop
      vertex 26.25 9.19163 5.99174
      vertex -26.25 9.2 5.8
      vertex 26.25 9.2 5.8
    endloop
  endfacet
  facet normal 0 -0.300742 -0.953705
    outer loop
      vertex -26.25 7.5694 7.92504
      vertex 26.25 7.75244 7.86732
      vertex 26.25 7.5694 7.92504
    endloop
  endfacet
  facet normal -0 -0.300742 -0.953705
    outer loop
      vertex 26.25 7.75244 7.86732
      vertex -26.25 7.5694 7.92504
      vertex -26.25 7.75244 7.86732
    endloop
  endfacet
  facet normal 0 0.793361 0.608751
    outer loop
      vertex 26.25 5.3147 4.38587
      vertex -26.25 5.19787 4.53813
      vertex 26.25 5.19787 4.53813
    endloop
  endfacet
  facet normal 0 0.793361 0.608751
    outer loop
      vertex -26.25 5.19787 4.53813
      vertex 26.25 5.3147 4.38587
      vertex -26.25 5.3147 4.38587
    endloop
  endfacet
  facet normal 0 0.382665 -0.923887
    outer loop
      vertex -26.25 6.07024 7.79388
      vertex 26.25 6.24755 7.86732
      vertex 26.25 6.07024 7.79388
    endloop
  endfacet
  facet normal 0 0.382665 -0.923887
    outer loop
      vertex 26.25 6.24755 7.86732
      vertex -26.25 6.07024 7.79388
      vertex -26.25 6.24755 7.86732
    endloop
  endfacet
  facet normal 0 -0.793361 -0.608751
    outer loop
      vertex -26.25 8.80213 7.06187
      vertex 26.25 8.6853 7.21413
      vertex -26.25 8.6853 7.21413
    endloop
  endfacet
  facet normal 0 -0.793361 -0.608751
    outer loop
      vertex 26.25 8.6853 7.21413
      vertex -26.25 8.80213 7.06187
      vertex 26.25 8.80213 7.06187
    endloop
  endfacet
  facet normal 0 -0.461743 0.887014
    outer loop
      vertex -26.25 8.1 3.89474
      vertex 26.25 7.92976 3.80612
      vertex 26.25 8.1 3.89474
    endloop
  endfacet
  facet normal 0 -0.461743 0.887014
    outer loop
      vertex 26.25 7.92976 3.80612
      vertex -26.25 8.1 3.89474
      vertex -26.25 7.92976 3.80612
    endloop
  endfacet
  facet normal 0 -0.737254 -0.675616
    outer loop
      vertex -26.25 8.6853 7.21413
      vertex 26.25 8.55563 7.35563
      vertex -26.25 8.55563 7.35563
    endloop
  endfacet
  facet normal 0 -0.737254 -0.675616
    outer loop
      vertex 26.25 8.55563 7.35563
      vertex -26.25 8.6853 7.21413
      vertex 26.25 8.6853 7.21413
    endloop
  endfacet
  facet normal 0 0.843374 -0.537327
    outer loop
      vertex 26.25 5.09474 6.9
      vertex -26.25 5.19787 7.06187
      vertex 26.25 5.19787 7.06187
    endloop
  endfacet
  facet normal 0 0.843374 -0.537327
    outer loop
      vertex -26.25 5.19787 7.06187
      vertex 26.25 5.09474 6.9
      vertex -26.25 5.09474 6.9
    endloop
  endfacet
  facet normal 0 -0.130515 -0.991446
    outer loop
      vertex -26.25 7.19174 7.99163
      vertex 26.25 7.38203 7.96658
      vertex 26.25 7.19174 7.99163
    endloop
  endfacet
  facet normal -0 -0.130515 -0.991446
    outer loop
      vertex 26.25 7.38203 7.96658
      vertex -26.25 7.19174 7.99163
      vertex -26.25 7.38203 7.96658
    endloop
  endfacet
  facet normal 0 0.216445 -0.976295
    outer loop
      vertex -26.25 6.4306 7.92504
      vertex 26.25 6.61797 7.96658
      vertex 26.25 6.4306 7.92504
    endloop
  endfacet
  facet normal 0 0.216445 -0.976295
    outer loop
      vertex 26.25 6.61797 7.96658
      vertex -26.25 6.4306 7.92504
      vertex -26.25 6.61797 7.96658
    endloop
  endfacet
  facet normal 0 -0.608751 -0.793361
    outer loop
      vertex -26.25 8.26187 7.60213
      vertex 26.25 8.41413 7.4853
      vertex 26.25 8.26187 7.60213
    endloop
  endfacet
  facet normal -0 -0.608751 -0.793361
    outer loop
      vertex 26.25 8.41413 7.4853
      vertex -26.25 8.26187 7.60213
      vertex -26.25 8.41413 7.4853
    endloop
  endfacet
  facet normal 0 -0.793361 0.608751
    outer loop
      vertex -26.25 8.6853 4.38587
      vertex 26.25 8.80213 4.53813
      vertex -26.25 8.80213 4.53813
    endloop
  endfacet
  facet normal 0 -0.793361 0.608751
    outer loop
      vertex 26.25 8.80213 4.53813
      vertex -26.25 8.6853 4.38587
      vertex 26.25 8.6853 4.38587
    endloop
  endfacet
  facet normal 0 0.608751 -0.793361
    outer loop
      vertex -26.25 5.58587 7.4853
      vertex 26.25 5.73813 7.60213
      vertex 26.25 5.58587 7.4853
    endloop
  endfacet
  facet normal 0 0.608751 -0.793361
    outer loop
      vertex 26.25 5.73813 7.60213
      vertex -26.25 5.58587 7.4853
      vertex -26.25 5.73813 7.60213
    endloop
  endfacet
  facet normal 0 0.95371 0.300727
    outer loop
      vertex 26.25 4.93268 5.04755
      vertex -26.25 4.87496 5.2306
      vertex 26.25 4.87496 5.2306
    endloop
  endfacet
  facet normal 0 0.95371 0.300727
    outer loop
      vertex -26.25 4.87496 5.2306
      vertex 26.25 4.93268 5.04755
      vertex -26.25 4.93268 5.04755
    endloop
  endfacet
  facet normal -0 0.130515 0.991446
    outer loop
      vertex -26.25 6.80826 3.60837
      vertex 26.25 6.61797 3.63342
      vertex 26.25 6.80826 3.60837
    endloop
  endfacet
  facet normal 0 0.130515 0.991446
    outer loop
      vertex 26.25 6.61797 3.63342
      vertex -26.25 6.80826 3.60837
      vertex -26.25 6.61797 3.63342
    endloop
  endfacet
  facet normal -0 0.53729 0.843397
    outer loop
      vertex -26.25 5.9 3.89474
      vertex 26.25 5.73813 3.99786
      vertex 26.25 5.9 3.89474
    endloop
  endfacet
  facet normal 0 0.53729 0.843397
    outer loop
      vertex 26.25 5.73813 3.99786
      vertex -26.25 5.9 3.89474
      vertex -26.25 5.73813 3.99786
    endloop
  endfacet
  facet normal 0 0.887014 -0.461743
    outer loop
      vertex 26.25 5.00612 6.72976
      vertex -26.25 5.09474 6.9
      vertex 26.25 5.09474 6.9
    endloop
  endfacet
  facet normal 0 0.887014 -0.461743
    outer loop
      vertex -26.25 5.09474 6.9
      vertex 26.25 5.00612 6.72976
      vertex -26.25 5.00612 6.72976
    endloop
  endfacet
  facet normal 0 0.887014 0.461743
    outer loop
      vertex 26.25 5.09474 4.7
      vertex -26.25 5.00612 4.87024
      vertex 26.25 5.00612 4.87024
    endloop
  endfacet
  facet normal 0 0.887014 0.461743
    outer loop
      vertex -26.25 5.00612 4.87024
      vertex 26.25 5.09474 4.7
      vertex -26.25 5.09474 4.7
    endloop
  endfacet
  facet normal 0 0.537327 -0.843374
    outer loop
      vertex -26.25 5.73813 7.60213
      vertex 26.25 5.9 7.70526
      vertex 26.25 5.73813 7.60213
    endloop
  endfacet
  facet normal 0 0.537327 -0.843374
    outer loop
      vertex 26.25 5.9 7.70526
      vertex -26.25 5.73813 7.60213
      vertex -26.25 5.9 7.70526
    endloop
  endfacet
  facet normal 0 -0.675616 -0.737254
    outer loop
      vertex -26.25 8.41413 7.4853
      vertex 26.25 8.55563 7.35563
      vertex 26.25 8.41413 7.4853
    endloop
  endfacet
  facet normal -0 -0.675616 -0.737254
    outer loop
      vertex 26.25 8.55563 7.35563
      vertex -26.25 8.41413 7.4853
      vertex -26.25 8.55563 7.35563
    endloop
  endfacet
  facet normal 0 -0.216445 -0.976295
    outer loop
      vertex -26.25 7.38203 7.96658
      vertex 26.25 7.5694 7.92504
      vertex 26.25 7.38203 7.96658
    endloop
  endfacet
  facet normal -0 -0.216445 -0.976295
    outer loop
      vertex 26.25 7.5694 7.92504
      vertex -26.25 7.38203 7.96658
      vertex -26.25 7.5694 7.92504
    endloop
  endfacet
  facet normal 0 0.843374 0.537327
    outer loop
      vertex 26.25 5.19787 4.53813
      vertex -26.25 5.09474 4.7
      vertex 26.25 5.09474 4.7
    endloop
  endfacet
  facet normal 0 0.843374 0.537327
    outer loop
      vertex -26.25 5.09474 4.7
      vertex 26.25 5.19787 4.53813
      vertex -26.25 5.19787 4.53813
    endloop
  endfacet
  facet normal 0 0.991446 -0.130515
    outer loop
      vertex 26.25 4.80837 5.99174
      vertex -26.25 4.83342 6.18203
      vertex 26.25 4.83342 6.18203
    endloop
  endfacet
  facet normal 0 0.991446 -0.130515
    outer loop
      vertex -26.25 4.83342 6.18203
      vertex 26.25 4.80837 5.99174
      vertex -26.25 4.80837 5.99174
    endloop
  endfacet
  facet normal 0 0.953705 -0.300742
    outer loop
      vertex 26.25 4.87496 6.3694
      vertex -26.25 4.93268 6.55244
      vertex 26.25 4.93268 6.55244
    endloop
  endfacet
  facet normal 0 0.953705 -0.300742
    outer loop
      vertex -26.25 4.93268 6.55244
      vertex 26.25 4.87496 6.3694
      vertex -26.25 4.87496 6.3694
    endloop
  endfacet
  facet normal 0 -0.976295 0.216445
    outer loop
      vertex -26.25 9.12504 5.2306
      vertex 26.25 9.16658 5.41797
      vertex -26.25 9.16658 5.41797
    endloop
  endfacet
  facet normal 0 -0.976295 0.216445
    outer loop
      vertex 26.25 9.16658 5.41797
      vertex -26.25 9.12504 5.2306
      vertex 26.25 9.12504 5.2306
    endloop
  endfacet
  facet normal 0 0.737303 0.675562
    outer loop
      vertex 26.25 5.44436 4.24436
      vertex -26.25 5.3147 4.38587
      vertex 26.25 5.3147 4.38587
    endloop
  endfacet
  facet normal 0 0.737303 0.675562
    outer loop
      vertex -26.25 5.3147 4.38587
      vertex 26.25 5.44436 4.24436
      vertex -26.25 5.44436 4.24436
    endloop
  endfacet
  facet normal 0 -0.461743 -0.887014
    outer loop
      vertex -26.25 7.92976 7.79388
      vertex 26.25 8.1 7.70526
      vertex 26.25 7.92976 7.79388
    endloop
  endfacet
  facet normal -0 -0.461743 -0.887014
    outer loop
      vertex 26.25 8.1 7.70526
      vertex -26.25 7.92976 7.79388
      vertex -26.25 8.1 7.70526
    endloop
  endfacet
  facet normal 0 0.923895 -0.382646
    outer loop
      vertex 26.25 4.93268 6.55244
      vertex -26.25 5.00612 6.72976
      vertex 26.25 5.00612 6.72976
    endloop
  endfacet
  facet normal 0 0.923895 -0.382646
    outer loop
      vertex -26.25 5.00612 6.72976
      vertex 26.25 4.93268 6.55244
      vertex -26.25 4.93268 6.55244
    endloop
  endfacet
  facet normal 0 -0.887012 -0.461746
    outer loop
      vertex -19 9.03919 16.7509
      vertex 12.75 8.94856 16.925
      vertex -19 8.94856 16.925
    endloop
  endfacet
  facet normal 0 -0.887012 -0.461746
    outer loop
      vertex 12.75 8.94856 16.925
      vertex -19 9.03919 16.7509
      vertex 12.75 9.03919 16.7509
    endloop
  endfacet
  facet normal 0 -0.21652 0.976278
    outer loop
      vertex -19 7.58234 13.6267
      vertex 12.75 7.39071 13.5842
      vertex 12.75 7.58234 13.6267
    endloop
  endfacet
  facet normal 0 -0.21652 0.976278
    outer loop
      vertex 12.75 7.39071 13.5842
      vertex -19 7.58234 13.6267
      vertex -19 7.39071 13.5842
    endloop
  endfacet
  facet normal 0 -0.0438131 0.99904
    outer loop
      vertex -19 7.1961 13.5586
      vertex 12.75 7 13.55
      vertex 12.75 7.1961 13.5586
    endloop
  endfacet
  facet normal 0 -0.0438131 0.99904
    outer loop
      vertex 12.75 7 13.55
      vertex -19 7.1961 13.5586
      vertex -19 7 13.55
    endloop
  endfacet
  facet normal 0 -0.976282 -0.216504
    outer loop
      vertex -19 9.21582 16.1907
      vertex 12.75 9.17333 16.3823
      vertex -19 9.17333 16.3823
    endloop
  endfacet
  facet normal 0 -0.976282 -0.216504
    outer loop
      vertex 12.75 9.17333 16.3823
      vertex -19 9.21582 16.1907
      vertex 12.75 9.21582 16.1907
    endloop
  endfacet
  facet normal 0 0.923913 -0.382604
    outer loop
      vertex 12.75 4.88569 16.5695
      vertex -19 4.96081 16.7509
      vertex 12.75 4.96081 16.7509
    endloop
  endfacet
  facet normal 0 0.923913 -0.382604
    outer loop
      vertex -19 4.96081 16.7509
      vertex 12.75 4.88569 16.5695
      vertex -19 4.88569 16.5695
    endloop
  endfacet
  facet normal 0 0.953723 -0.300688
    outer loop
      vertex 12.75 4.82667 16.3823
      vertex -19 4.88569 16.5695
      vertex 12.75 4.88569 16.5695
    endloop
  endfacet
  facet normal 0 0.953723 -0.300688
    outer loop
      vertex -19 4.88569 16.5695
      vertex 12.75 4.82667 16.3823
      vertex -19 4.82667 16.3823
    endloop
  endfacet
  facet normal 0 0.843311 0.537426
    outer loop
      vertex 12.75 5.15691 14.5095
      vertex -19 5.05144 14.675
      vertex 12.75 5.05144 14.675
    endloop
  endfacet
  facet normal 0 0.843311 0.537426
    outer loop
      vertex -19 5.05144 14.675
      vertex 12.75 5.15691 14.5095
      vertex -19 5.15691 14.5095
    endloop
  endfacet
  facet normal -0 0.608799 0.793324
    outer loop
      vertex -19 5.70945 13.9569
      vertex 12.75 5.55373 14.0764
      vertex 12.75 5.70945 13.9569
    endloop
  endfacet
  facet normal 0 0.608799 0.793324
    outer loop
      vertex 12.75 5.55373 14.0764
      vertex -19 5.70945 13.9569
      vertex -19 5.55373 14.0764
    endloop
  endfacet
  facet normal 0 -0.991445 0.130528
    outer loop
      vertex -19 9.21582 15.4093
      vertex 12.75 9.24144 15.6039
      vertex -19 9.24144 15.6039
    endloop
  endfacet
  facet normal 0 -0.991445 0.130528
    outer loop
      vertex 12.75 9.24144 15.6039
      vertex -19 9.21582 15.4093
      vertex 12.75 9.21582 15.4093
    endloop
  endfacet
  facet normal 0 0.608799 -0.793324
    outer loop
      vertex -19 5.55373 17.5236
      vertex 12.75 5.70945 17.6431
      vertex 12.75 5.55373 17.5236
    endloop
  endfacet
  facet normal 0 0.608799 -0.793324
    outer loop
      vertex 12.75 5.70945 17.6431
      vertex -19 5.55373 17.5236
      vertex -19 5.70945 17.6431
    endloop
  endfacet
  facet normal 0 -0.737235 -0.675637
    outer loop
      vertex -19 8.7236 17.2463
      vertex 12.75 8.59099 17.391
      vertex -19 8.59099 17.391
    endloop
  endfacet
  facet normal 0 -0.737235 -0.675637
    outer loop
      vertex 12.75 8.59099 17.391
      vertex -19 8.7236 17.2463
      vertex 12.75 8.7236 17.2463
    endloop
  endfacet
  facet normal -0 0.130422 0.991459
    outer loop
      vertex -19 6.8039 13.5586
      vertex 12.75 6.60929 13.5842
      vertex 12.75 6.8039 13.5586
    endloop
  endfacet
  facet normal 0 0.130422 0.991459
    outer loop
      vertex 12.75 6.60929 13.5842
      vertex -19 6.8039 13.5586
      vertex -19 6.60929 13.5842
    endloop
  endfacet
  facet normal 0 0.991445 -0.130528
    outer loop
      vertex 12.75 4.75856 15.9961
      vertex -19 4.78418 16.1907
      vertex 12.75 4.78418 16.1907
    endloop
  endfacet
  facet normal 0 0.991445 -0.130528
    outer loop
      vertex -19 4.78418 16.1907
      vertex 12.75 4.75856 15.9961
      vertex -19 4.75856 15.9961
    endloop
  endfacet
  facet normal 0 0.999049 -0.0436097
    outer loop
      vertex 12.75 4.75 15.8
      vertex -19 4.75856 15.9961
      vertex 12.75 4.75856 15.9961
    endloop
  endfacet
  facet normal 0 0.999049 -0.0436097
    outer loop
      vertex -19 4.75856 15.9961
      vertex 12.75 4.75 15.8
      vertex -19 4.75 15.8
    endloop
  endfacet
  facet normal 0 -0.887012 0.461746
    outer loop
      vertex -19 8.94856 14.675
      vertex 12.75 9.03919 14.8491
      vertex -19 9.03919 14.8491
    endloop
  endfacet
  facet normal 0 -0.887012 0.461746
    outer loop
      vertex 12.75 9.03919 14.8491
      vertex -19 8.94856 14.675
      vertex 12.75 8.94856 14.675
    endloop
  endfacet
  facet normal 0 -0.0438131 -0.99904
    outer loop
      vertex -19 7 18.05
      vertex 12.75 7.1961 18.0414
      vertex 12.75 7 18.05
    endloop
  endfacet
  facet normal -0 -0.0438131 -0.99904
    outer loop
      vertex 12.75 7.1961 18.0414
      vertex -19 7 18.05
      vertex -19 7.1961 18.0414
    endloop
  endfacet
  facet normal 0 -0.21652 -0.976278
    outer loop
      vertex -19 7.39071 18.0158
      vertex 12.75 7.58234 17.9733
      vertex 12.75 7.39071 18.0158
    endloop
  endfacet
  facet normal -0 -0.21652 -0.976278
    outer loop
      vertex 12.75 7.58234 17.9733
      vertex -19 7.39071 18.0158
      vertex -19 7.58234 17.9733
    endloop
  endfacet
  facet normal -0 0.537419 0.843315
    outer loop
      vertex -19 5.875 13.8514
      vertex 12.75 5.70945 13.9569
      vertex 12.75 5.875 13.8514
    endloop
  endfacet
  facet normal 0 0.537419 0.843315
    outer loop
      vertex 12.75 5.70945 13.9569
      vertex -19 5.875 13.8514
      vertex -19 5.70945 13.9569
    endloop
  endfacet
  facet normal 0 0.999049 0.0436097
    outer loop
      vertex 12.75 4.75856 15.6039
      vertex -19 4.75 15.8
      vertex 12.75 4.75 15.8
    endloop
  endfacet
  facet normal 0 0.999049 0.0436097
    outer loop
      vertex -19 4.75 15.8
      vertex 12.75 4.75856 15.6039
      vertex -19 4.75856 15.6039
    endloop
  endfacet
  facet normal 0 0.30058 -0.953757
    outer loop
      vertex -19 6.23045 17.9143
      vertex 12.75 6.41766 17.9733
      vertex 12.75 6.23045 17.9143
    endloop
  endfacet
  facet normal 0 0.30058 -0.953757
    outer loop
      vertex 12.75 6.41766 17.9733
      vertex -19 6.23045 17.9143
      vertex -19 6.41766 17.9733
    endloop
  endfacet
  facet normal -0 0.21652 0.976278
    outer loop
      vertex -19 6.60929 13.5842
      vertex 12.75 6.41766 13.6267
      vertex 12.75 6.60929 13.5842
    endloop
  endfacet
  facet normal 0 0.21652 0.976278
    outer loop
      vertex 12.75 6.41766 13.6267
      vertex -19 6.60929 13.5842
      vertex -19 6.41766 13.6267
    endloop
  endfacet
  facet normal 0 -0.843311 0.537426
    outer loop
      vertex -19 8.84309 14.5095
      vertex 12.75 8.94856 14.675
      vertex -19 8.94856 14.675
    endloop
  endfacet
  facet normal 0 -0.843311 0.537426
    outer loop
      vertex 12.75 8.94856 14.675
      vertex -19 8.84309 14.5095
      vertex 12.75 8.84309 14.5095
    endloop
  endfacet
  facet normal 0 -0.608799 0.793324
    outer loop
      vertex -19 8.44627 14.0764
      vertex 12.75 8.29055 13.9569
      vertex 12.75 8.44627 14.0764
    endloop
  endfacet
  facet normal 0 -0.608799 0.793324
    outer loop
      vertex 12.75 8.29055 13.9569
      vertex -19 8.44627 14.0764
      vertex -19 8.29055 13.9569
    endloop
  endfacet
  facet normal 0 -0.923913 -0.382604
    outer loop
      vertex -19 9.11431 16.5695
      vertex 12.75 9.03919 16.7509
      vertex -19 9.03919 16.7509
    endloop
  endfacet
  facet normal 0 -0.923913 -0.382604
    outer loop
      vertex 12.75 9.03919 16.7509
      vertex -19 9.11431 16.5695
      vertex 12.75 9.11431 16.5695
    endloop
  endfacet
  facet normal 0 0.843311 -0.537426
    outer loop
      vertex 12.75 5.05144 16.925
      vertex -19 5.15691 17.0905
      vertex 12.75 5.15691 17.0905
    endloop
  endfacet
  facet normal 0 0.843311 -0.537426
    outer loop
      vertex -19 5.15691 17.0905
      vertex 12.75 5.05144 16.925
      vertex -19 5.05144 16.925
    endloop
  endfacet
  facet normal 0 0.923913 0.382604
    outer loop
      vertex 12.75 4.96081 14.8491
      vertex -19 4.88569 15.0305
      vertex 12.75 4.88569 15.0305
    endloop
  endfacet
  facet normal 0 0.923913 0.382604
    outer loop
      vertex -19 4.88569 15.0305
      vertex 12.75 4.96081 14.8491
      vertex -19 4.96081 14.8491
    endloop
  endfacet
  facet normal 0 -0.953723 -0.300688
    outer loop
      vertex -19 9.17333 16.3823
      vertex 12.75 9.11431 16.5695
      vertex -19 9.11431 16.5695
    endloop
  endfacet
  facet normal 0 -0.953723 -0.300688
    outer loop
      vertex 12.75 9.11431 16.5695
      vertex -19 9.17333 16.3823
      vertex 12.75 9.17333 16.3823
    endloop
  endfacet
  facet normal 0 0.382625 -0.923904
    outer loop
      vertex -19 6.04911 17.8392
      vertex 12.75 6.23045 17.9143
      vertex 12.75 6.04911 17.8392
    endloop
  endfacet
  facet normal 0 0.382625 -0.923904
    outer loop
      vertex 12.75 6.23045 17.9143
      vertex -19 6.04911 17.8392
      vertex -19 6.23045 17.9143
    endloop
  endfacet
  facet normal 0 -0.923913 0.382604
    outer loop
      vertex -19 9.03919 14.8491
      vertex 12.75 9.11431 15.0305
      vertex -19 9.11431 15.0305
    endloop
  endfacet
  facet normal 0 -0.923913 0.382604
    outer loop
      vertex 12.75 9.11431 15.0305
      vertex -19 9.03919 14.8491
      vertex 12.75 9.03919 14.8491
    endloop
  endfacet
  facet normal 0 -0.130422 0.991459
    outer loop
      vertex -19 7.39071 13.5842
      vertex 12.75 7.1961 13.5586
      vertex 12.75 7.39071 13.5842
    endloop
  endfacet
  facet normal 0 -0.130422 0.991459
    outer loop
      vertex 12.75 7.1961 13.5586
      vertex -19 7.39071 13.5842
      vertex -19 7.1961 13.5586
    endloop
  endfacet
  facet normal -0 0.0438131 0.99904
    outer loop
      vertex -19 7 13.55
      vertex 12.75 6.8039 13.5586
      vertex 12.75 7 13.55
    endloop
  endfacet
  facet normal 0 0.0438131 0.99904
    outer loop
      vertex 12.75 6.8039 13.5586
      vertex -19 7 13.55
      vertex -19 6.8039 13.5586
    endloop
  endfacet
  facet normal -0 0.382625 0.923904
    outer loop
      vertex -19 6.23045 13.6857
      vertex 12.75 6.04911 13.7608
      vertex 12.75 6.23045 13.6857
    endloop
  endfacet
  facet normal 0 0.382625 0.923904
    outer loop
      vertex 12.75 6.04911 13.7608
      vertex -19 6.23045 13.6857
      vertex -19 6.04911 13.7608
    endloop
  endfacet
  facet normal 0 0.461605 -0.887086
    outer loop
      vertex -19 5.875 17.7486
      vertex 12.75 6.04911 17.8392
      vertex 12.75 5.875 17.7486
    endloop
  endfacet
  facet normal 0 0.461605 -0.887086
    outer loop
      vertex 12.75 6.04911 17.8392
      vertex -19 5.875 17.7486
      vertex -19 6.04911 17.8392
    endloop
  endfacet
  facet normal 0 0.737235 -0.675637
    outer loop
      vertex 12.75 5.2764 17.2463
      vertex -19 5.40901 17.391
      vertex 12.75 5.40901 17.391
    endloop
  endfacet
  facet normal 0 0.737235 -0.675637
    outer loop
      vertex -19 5.40901 17.391
      vertex 12.75 5.2764 17.2463
      vertex -19 5.2764 17.2463
    endloop
  endfacet
  facet normal 0 -0.999049 0.0436097
    outer loop
      vertex -19 9.24144 15.6039
      vertex 12.75 9.25 15.8
      vertex -19 9.25 15.8
    endloop
  endfacet
  facet normal 0 -0.999049 0.0436097
    outer loop
      vertex 12.75 9.25 15.8
      vertex -19 9.24144 15.6039
      vertex 12.75 9.24144 15.6039
    endloop
  endfacet
  facet normal 0 -0.953723 0.300688
    outer loop
      vertex -19 9.11431 15.0305
      vertex 12.75 9.17333 15.2177
      vertex -19 9.17333 15.2177
    endloop
  endfacet
  facet normal 0 -0.953723 0.300688
    outer loop
      vertex 12.75 9.17333 15.2177
      vertex -19 9.11431 15.0305
      vertex 12.75 9.11431 15.0305
    endloop
  endfacet
  facet normal 0 -0.461605 -0.887086
    outer loop
      vertex -19 7.95089 17.8392
      vertex 12.75 8.125 17.7486
      vertex 12.75 7.95089 17.8392
    endloop
  endfacet
  facet normal -0 -0.461605 -0.887086
    outer loop
      vertex 12.75 8.125 17.7486
      vertex -19 7.95089 17.8392
      vertex -19 8.125 17.7486
    endloop
  endfacet
  facet normal 0 -0.7935 0.608571
    outer loop
      vertex -19 8.7236 14.3537
      vertex 12.75 8.84309 14.5095
      vertex -19 8.84309 14.5095
    endloop
  endfacet
  facet normal 0 -0.7935 0.608571
    outer loop
      vertex 12.75 8.84309 14.5095
      vertex -19 8.7236 14.3537
      vertex 12.75 8.7236 14.3537
    endloop
  endfacet
  facet normal 0 0.991445 0.130528
    outer loop
      vertex 12.75 4.78418 15.4093
      vertex -19 4.75856 15.6039
      vertex 12.75 4.75856 15.6039
    endloop
  endfacet
  facet normal 0 0.991445 0.130528
    outer loop
      vertex -19 4.75856 15.6039
      vertex 12.75 4.78418 15.4093
      vertex -19 4.78418 15.4093
    endloop
  endfacet
  facet normal 0 -0.300595 0.953752
    outer loop
      vertex -19 7.76954 13.6857
      vertex 12.75 7.58234 13.6267
      vertex 12.75 7.76954 13.6857
    endloop
  endfacet
  facet normal 0 -0.300595 0.953752
    outer loop
      vertex 12.75 7.58234 13.6267
      vertex -19 7.76954 13.6857
      vertex -19 7.58234 13.6267
    endloop
  endfacet
  facet normal 0 -0.382607 -0.923911
    outer loop
      vertex -19 7.76954 17.9143
      vertex 12.75 7.95089 17.8392
      vertex 12.75 7.76954 17.9143
    endloop
  endfacet
  facet normal -0 -0.382607 -0.923911
    outer loop
      vertex 12.75 7.95089 17.8392
      vertex -19 7.76954 17.9143
      vertex -19 7.95089 17.8392
    endloop
  endfacet
  facet normal 0 0.7935 -0.608571
    outer loop
      vertex 12.75 5.15691 17.0905
      vertex -19 5.2764 17.2463
      vertex 12.75 5.2764 17.2463
    endloop
  endfacet
  facet normal 0 0.7935 -0.608571
    outer loop
      vertex -19 5.2764 17.2463
      vertex 12.75 5.15691 17.0905
      vertex -19 5.15691 17.0905
    endloop
  endfacet
  facet normal -0 0.30058 0.953757
    outer loop
      vertex -19 6.41766 13.6267
      vertex 12.75 6.23045 13.6857
      vertex 12.75 6.41766 13.6267
    endloop
  endfacet
  facet normal 0 0.30058 0.953757
    outer loop
      vertex 12.75 6.23045 13.6857
      vertex -19 6.41766 13.6267
      vertex -19 6.23045 13.6857
    endloop
  endfacet
  facet normal 0 -0.843311 -0.537426
    outer loop
      vertex -19 8.94856 16.925
      vertex 12.75 8.84309 17.0905
      vertex -19 8.84309 17.0905
    endloop
  endfacet
  facet normal 0 -0.843311 -0.537426
    outer loop
      vertex 12.75 8.84309 17.0905
      vertex -19 8.94856 16.925
      vertex 12.75 8.94856 16.925
    endloop
  endfacet
  facet normal 0 -0.130422 -0.991459
    outer loop
      vertex -19 7.1961 18.0414
      vertex 12.75 7.39071 18.0158
      vertex 12.75 7.1961 18.0414
    endloop
  endfacet
  facet normal -0 -0.130422 -0.991459
    outer loop
      vertex 12.75 7.39071 18.0158
      vertex -19 7.1961 18.0414
      vertex -19 7.39071 18.0158
    endloop
  endfacet
  facet normal 0 -0.382607 0.923911
    outer loop
      vertex -19 7.95089 13.7608
      vertex 12.75 7.76954 13.6857
      vertex 12.75 7.95089 13.7608
    endloop
  endfacet
  facet normal 0 -0.382607 0.923911
    outer loop
      vertex 12.75 7.76954 13.6857
      vertex -19 7.95089 13.7608
      vertex -19 7.76954 13.6857
    endloop
  endfacet
  facet normal 0 -0.675559 0.737306
    outer loop
      vertex -19 8.59099 14.209
      vertex 12.75 8.44627 14.0764
      vertex 12.75 8.59099 14.209
    endloop
  endfacet
  facet normal 0 -0.675559 0.737306
    outer loop
      vertex 12.75 8.44627 14.0764
      vertex -19 8.59099 14.209
      vertex -19 8.44627 14.0764
    endloop
  endfacet
  facet normal 0 -0.537419 0.843315
    outer loop
      vertex -19 8.29055 13.9569
      vertex 12.75 8.125 13.8514
      vertex 12.75 8.29055 13.9569
    endloop
  endfacet
  facet normal 0 -0.537419 0.843315
    outer loop
      vertex 12.75 8.125 13.8514
      vertex -19 8.29055 13.9569
      vertex -19 8.125 13.8514
    endloop
  endfacet
  facet normal 0 -0.737235 0.675637
    outer loop
      vertex -19 8.59099 14.209
      vertex 12.75 8.7236 14.3537
      vertex -19 8.7236 14.3537
    endloop
  endfacet
  facet normal 0 -0.737235 0.675637
    outer loop
      vertex 12.75 8.7236 14.3537
      vertex -19 8.59099 14.209
      vertex 12.75 8.59099 14.209
    endloop
  endfacet
  facet normal 0 -0.537419 -0.843315
    outer loop
      vertex -19 8.125 17.7486
      vertex 12.75 8.29055 17.6431
      vertex 12.75 8.125 17.7486
    endloop
  endfacet
  facet normal -0 -0.537419 -0.843315
    outer loop
      vertex 12.75 8.29055 17.6431
      vertex -19 8.125 17.7486
      vertex -19 8.29055 17.6431
    endloop
  endfacet
  facet normal 0 -0.675559 -0.737306
    outer loop
      vertex -19 8.44627 17.5236
      vertex 12.75 8.59099 17.391
      vertex 12.75 8.44627 17.5236
    endloop
  endfacet
  facet normal -0 -0.675559 -0.737306
    outer loop
      vertex 12.75 8.59099 17.391
      vertex -19 8.44627 17.5236
      vertex -19 8.59099 17.391
    endloop
  endfacet
  facet normal -0 0.461605 0.887086
    outer loop
      vertex -19 6.04911 13.7608
      vertex 12.75 5.875 13.8514
      vertex 12.75 6.04911 13.7608
    endloop
  endfacet
  facet normal 0 0.461605 0.887086
    outer loop
      vertex 12.75 5.875 13.8514
      vertex -19 6.04911 13.7608
      vertex -19 5.875 13.8514
    endloop
  endfacet
  facet normal 0 -0.991445 -0.130528
    outer loop
      vertex -19 9.24144 15.9961
      vertex 12.75 9.21582 16.1907
      vertex -19 9.21582 16.1907
    endloop
  endfacet
  facet normal 0 -0.991445 -0.130528
    outer loop
      vertex 12.75 9.21582 16.1907
      vertex -19 9.24144 15.9961
      vertex 12.75 9.24144 15.9961
    endloop
  endfacet
  facet normal 0 0.21652 -0.976278
    outer loop
      vertex -19 6.41766 17.9733
      vertex 12.75 6.60929 18.0158
      vertex 12.75 6.41766 17.9733
    endloop
  endfacet
  facet normal 0 0.21652 -0.976278
    outer loop
      vertex 12.75 6.60929 18.0158
      vertex -19 6.41766 17.9733
      vertex -19 6.60929 18.0158
    endloop
  endfacet
  facet normal 0 -0.999049 -0.0436097
    outer loop
      vertex -19 9.25 15.8
      vertex 12.75 9.24144 15.9961
      vertex -19 9.24144 15.9961
    endloop
  endfacet
  facet normal 0 -0.999049 -0.0436097
    outer loop
      vertex 12.75 9.24144 15.9961
      vertex -19 9.25 15.8
      vertex 12.75 9.25 15.8
    endloop
  endfacet
  facet normal 0 -0.7935 -0.608571
    outer loop
      vertex -19 8.84309 17.0905
      vertex 12.75 8.7236 17.2463
      vertex -19 8.7236 17.2463
    endloop
  endfacet
  facet normal 0 -0.7935 -0.608571
    outer loop
      vertex 12.75 8.7236 17.2463
      vertex -19 8.84309 17.0905
      vertex 12.75 8.84309 17.0905
    endloop
  endfacet
  facet normal 0 -0.608799 -0.793324
    outer loop
      vertex -19 8.29055 17.6431
      vertex 12.75 8.44627 17.5236
      vertex 12.75 8.29055 17.6431
    endloop
  endfacet
  facet normal -0 -0.608799 -0.793324
    outer loop
      vertex 12.75 8.44627 17.5236
      vertex -19 8.29055 17.6431
      vertex -19 8.44627 17.5236
    endloop
  endfacet
  facet normal 0 0.953723 0.300688
    outer loop
      vertex 12.75 4.88569 15.0305
      vertex -19 4.82667 15.2177
      vertex 12.75 4.82667 15.2177
    endloop
  endfacet
  facet normal 0 0.953723 0.300688
    outer loop
      vertex -19 4.82667 15.2177
      vertex 12.75 4.88569 15.0305
      vertex -19 4.88569 15.0305
    endloop
  endfacet
  facet normal 0 0.675559 -0.737306
    outer loop
      vertex -19 5.40901 17.391
      vertex 12.75 5.55373 17.5236
      vertex 12.75 5.40901 17.391
    endloop
  endfacet
  facet normal 0 0.675559 -0.737306
    outer loop
      vertex 12.75 5.55373 17.5236
      vertex -19 5.40901 17.391
      vertex -19 5.55373 17.5236
    endloop
  endfacet
  facet normal 0 0.887012 0.461746
    outer loop
      vertex 12.75 5.05144 14.675
      vertex -19 4.96081 14.8491
      vertex 12.75 4.96081 14.8491
    endloop
  endfacet
  facet normal 0 0.887012 0.461746
    outer loop
      vertex -19 4.96081 14.8491
      vertex 12.75 5.05144 14.675
      vertex -19 5.05144 14.675
    endloop
  endfacet
  facet normal 0 0.130422 -0.991459
    outer loop
      vertex -19 6.60929 18.0158
      vertex 12.75 6.8039 18.0414
      vertex 12.75 6.60929 18.0158
    endloop
  endfacet
  facet normal 0 0.130422 -0.991459
    outer loop
      vertex 12.75 6.8039 18.0414
      vertex -19 6.60929 18.0158
      vertex -19 6.8039 18.0414
    endloop
  endfacet
  facet normal 0 0.537419 -0.843315
    outer loop
      vertex -19 5.70945 17.6431
      vertex 12.75 5.875 17.7486
      vertex 12.75 5.70945 17.6431
    endloop
  endfacet
  facet normal 0 0.537419 -0.843315
    outer loop
      vertex 12.75 5.875 17.7486
      vertex -19 5.70945 17.6431
      vertex -19 5.875 17.7486
    endloop
  endfacet
  facet normal 0 -0.461605 0.887086
    outer loop
      vertex -19 8.125 13.8514
      vertex 12.75 7.95089 13.7608
      vertex 12.75 8.125 13.8514
    endloop
  endfacet
  facet normal 0 -0.461605 0.887086
    outer loop
      vertex 12.75 7.95089 13.7608
      vertex -19 8.125 13.8514
      vertex -19 7.95089 13.7608
    endloop
  endfacet
  facet normal 0 0.7935 0.608571
    outer loop
      vertex 12.75 5.2764 14.3537
      vertex -19 5.15691 14.5095
      vertex 12.75 5.15691 14.5095
    endloop
  endfacet
  facet normal 0 0.7935 0.608571
    outer loop
      vertex -19 5.15691 14.5095
      vertex 12.75 5.2764 14.3537
      vertex -19 5.2764 14.3537
    endloop
  endfacet
  facet normal 0 -0.976282 0.216504
    outer loop
      vertex -19 9.17333 15.2177
      vertex 12.75 9.21582 15.4093
      vertex -19 9.21582 15.4093
    endloop
  endfacet
  facet normal 0 -0.976282 0.216504
    outer loop
      vertex 12.75 9.21582 15.4093
      vertex -19 9.17333 15.2177
      vertex 12.75 9.17333 15.2177
    endloop
  endfacet
  facet normal 0 0.0438131 -0.99904
    outer loop
      vertex -19 6.8039 18.0414
      vertex 12.75 7 18.05
      vertex 12.75 6.8039 18.0414
    endloop
  endfacet
  facet normal 0 0.0438131 -0.99904
    outer loop
      vertex 12.75 7 18.05
      vertex -19 6.8039 18.0414
      vertex -19 7 18.05
    endloop
  endfacet
  facet normal 0 0.887012 -0.461746
    outer loop
      vertex 12.75 4.96081 16.7509
      vertex -19 5.05144 16.925
      vertex 12.75 5.05144 16.925
    endloop
  endfacet
  facet normal 0 0.887012 -0.461746
    outer loop
      vertex -19 5.05144 16.925
      vertex 12.75 4.96081 16.7509
      vertex -19 4.96081 16.7509
    endloop
  endfacet
  facet normal 0 0.976282 0.216504
    outer loop
      vertex 12.75 4.82667 15.2177
      vertex -19 4.78418 15.4093
      vertex 12.75 4.78418 15.4093
    endloop
  endfacet
  facet normal 0 0.976282 0.216504
    outer loop
      vertex -19 4.78418 15.4093
      vertex 12.75 4.82667 15.2177
      vertex -19 4.82667 15.2177
    endloop
  endfacet
  facet normal -0 0.675559 0.737306
    outer loop
      vertex -19 5.55373 14.0764
      vertex 12.75 5.40901 14.209
      vertex 12.75 5.55373 14.0764
    endloop
  endfacet
  facet normal 0 0.675559 0.737306
    outer loop
      vertex 12.75 5.40901 14.209
      vertex -19 5.55373 14.0764
      vertex -19 5.40901 14.209
    endloop
  endfacet
  facet normal 0 0.737235 0.675637
    outer loop
      vertex 12.75 5.40901 14.209
      vertex -19 5.2764 14.3537
      vertex 12.75 5.2764 14.3537
    endloop
  endfacet
  facet normal 0 0.737235 0.675637
    outer loop
      vertex -19 5.2764 14.3537
      vertex 12.75 5.40901 14.209
      vertex -19 5.40901 14.209
    endloop
  endfacet
  facet normal 0 0.976282 -0.216504
    outer loop
      vertex 12.75 4.78418 16.1907
      vertex -19 4.82667 16.3823
      vertex 12.75 4.82667 16.3823
    endloop
  endfacet
  facet normal 0 0.976282 -0.216504
    outer loop
      vertex -19 4.82667 16.3823
      vertex 12.75 4.78418 16.1907
      vertex -19 4.78418 16.1907
    endloop
  endfacet
  facet normal 0 -0.300595 -0.953752
    outer loop
      vertex -19 7.58234 17.9733
      vertex 12.75 7.76954 17.9143
      vertex 12.75 7.58234 17.9733
    endloop
  endfacet
  facet normal -0 -0.300595 -0.953752
    outer loop
      vertex 12.75 7.76954 17.9143
      vertex -19 7.58234 17.9733
      vertex -19 7.76954 17.9143
    endloop
  endfacet
  facet normal 0 0.793289 0.608845
    outer loop
      vertex 19 4.81677 13.9681
      vertex 12.75 4.66542 14.1653
      vertex 19 4.66542 14.1653
    endloop
  endfacet
  facet normal 0 0.793289 0.608845
    outer loop
      vertex 12.75 4.66542 14.1653
      vertex 19 4.81677 13.9681
      vertex 12.75 4.81677 13.9681
    endloop
  endfacet
  facet normal -0 0.46173 0.88702
    outer loop
      vertex 12.75 5.79554 13.217
      vertex 19 5.575 13.3318
      vertex 19 5.79554 13.217
    endloop
  endfacet
  facet normal 0 0.46173 0.88702
    outer loop
      vertex 19 5.575 13.3318
      vertex 12.75 5.79554 13.217
      vertex 12.75 5.575 13.3318
    endloop
  endfacet
  facet normal 0 -0.216394 0.976306
    outer loop
      vertex 12.75 7.73763 13.0471
      vertex 19 7.4949 12.9933
      vertex 19 7.73763 13.0471
    endloop
  endfacet
  facet normal 0 -0.216394 0.976306
    outer loop
      vertex 19 7.4949 12.9933
      vertex 12.75 7.73763 13.0471
      vertex 12.75 7.4949 12.9933
    endloop
  endfacet
  facet normal 0 -0.300827 0.953679
    outer loop
      vertex 12.75 7.97476 13.1219
      vertex 19 7.73763 13.0471
      vertex 19 7.97476 13.1219
    endloop
  endfacet
  facet normal 0 -0.300827 0.953679
    outer loop
      vertex 19 7.73763 13.0471
      vertex 12.75 7.97476 13.1219
      vertex 12.75 7.73763 13.0471
    endloop
  endfacet
  facet normal 0 -0.675431 0.737423
    outer loop
      vertex 12.75 9.01525 13.7847
      vertex 19 8.83194 13.6168
      vertex 19 9.01525 13.7847
    endloop
  endfacet
  facet normal 0 -0.675431 0.737423
    outer loop
      vertex 19 8.83194 13.6168
      vertex 12.75 9.01525 13.7847
      vertex 12.75 8.83194 13.6168
    endloop
  endfacet
  facet normal 0 -0.382529 0.923943
    outer loop
      vertex 12.75 8.20446 13.217
      vertex 19 7.97476 13.1219
      vertex 19 8.20446 13.217
    endloop
  endfacet
  facet normal 0 -0.382529 0.923943
    outer loop
      vertex 19 7.97476 13.1219
      vertex 12.75 8.20446 13.217
      vertex 12.75 7.97476 13.1219
    endloop
  endfacet
  facet normal 0 -0.88697 0.461828
    outer loop
      vertex 12.75 9.46817 14.375
      vertex 19 9.58298 14.5955
      vertex 12.75 9.58298 14.5955
    endloop
  endfacet
  facet normal 0 -0.88697 0.461828
    outer loop
      vertex 19 9.58298 14.5955
      vertex 12.75 9.46817 14.375
      vertex 19 9.46817 14.375
    endloop
  endfacet
  facet normal -0 0.043439 0.999056
    outer loop
      vertex 12.75 7 12.95
      vertex 19 6.75161 12.9608
      vertex 19 7 12.95
    endloop
  endfacet
  facet normal 0 0.043439 0.999056
    outer loop
      vertex 19 6.75161 12.9608
      vertex 12.75 7 12.95
      vertex 12.75 6.75161 12.9608
    endloop
  endfacet
  facet normal 0 -0.976292 -0.216458
    outer loop
      vertex 12.75 9.8067 16.2949
      vertex 19 9.75289 16.5376
      vertex 12.75 9.75289 16.5376
    endloop
  endfacet
  facet normal 0 -0.976292 -0.216458
    outer loop
      vertex 19 9.75289 16.5376
      vertex 12.75 9.8067 16.2949
      vertex 19 9.8067 16.2949
    endloop
  endfacet
  facet normal 0 -0.043439 0.999056
    outer loop
      vertex 12.75 7.24839 12.9608
      vertex 19 7 12.95
      vertex 19 7.24839 12.9608
    endloop
  endfacet
  facet normal 0 -0.043439 0.999056
    outer loop
      vertex 19 7 12.95
      vertex 12.75 7.24839 12.9608
      vertex 12.75 7 12.95
    endloop
  endfacet
  facet normal 0 -0.991446 0.130517
    outer loop
      vertex 12.75 9.8067 15.3051
      vertex 19 9.83915 15.5516
      vertex 12.75 9.83915 15.5516
    endloop
  endfacet
  facet normal 0 -0.991446 0.130517
    outer loop
      vertex 19 9.83915 15.5516
      vertex 12.75 9.8067 15.3051
      vertex 19 9.8067 15.3051
    endloop
  endfacet
  facet normal 0 -0.608875 0.793266
    outer loop
      vertex 12.75 8.83194 13.6168
      vertex 19 8.63469 13.4654
      vertex 19 8.83194 13.6168
    endloop
  endfacet
  facet normal 0 -0.608875 0.793266
    outer loop
      vertex 19 8.63469 13.4654
      vertex 12.75 8.83194 13.6168
      vertex 12.75 8.63469 13.4654
    endloop
  endfacet
  facet normal 0 0.675451 -0.737405
    outer loop
      vertex 12.75 4.98475 17.8153
      vertex 19 5.16805 17.9832
      vertex 19 4.98475 17.8153
    endloop
  endfacet
  facet normal 0 0.675451 -0.737405
    outer loop
      vertex 19 5.16805 17.9832
      vertex 12.75 4.98475 17.8153
      vertex 12.75 5.16805 17.9832
    endloop
  endfacet
  facet normal 0 0.976292 0.216458
    outer loop
      vertex 19 4.24711 15.0624
      vertex 12.75 4.1933 15.3051
      vertex 19 4.1933 15.3051
    endloop
  endfacet
  facet normal 0 0.976292 0.216458
    outer loop
      vertex 12.75 4.1933 15.3051
      vertex 19 4.24711 15.0624
      vertex 12.75 4.24711 15.0624
    endloop
  endfacet
  facet normal 0 -0.130709 -0.991421
    outer loop
      vertex 12.75 7.24839 18.6392
      vertex 19 7.4949 18.6067
      vertex 19 7.24839 18.6392
    endloop
  endfacet
  facet normal -0 -0.130709 -0.991421
    outer loop
      vertex 19 7.4949 18.6067
      vertex 12.75 7.24839 18.6392
      vertex 12.75 7.4949 18.6067
    endloop
  endfacet
  facet normal 0 -0.793289 -0.608845
    outer loop
      vertex 12.75 9.33458 17.4347
      vertex 19 9.18323 17.6319
      vertex 12.75 9.18323 17.6319
    endloop
  endfacet
  facet normal 0 -0.793289 -0.608845
    outer loop
      vertex 19 9.18323 17.6319
      vertex 12.75 9.33458 17.4347
      vertex 19 9.33458 17.4347
    endloop
  endfacet
  facet normal -0 0.382529 0.923943
    outer loop
      vertex 12.75 6.02524 13.1219
      vertex 19 5.79554 13.217
      vertex 19 6.02524 13.1219
    endloop
  endfacet
  facet normal 0 0.382529 0.923943
    outer loop
      vertex 19 5.79554 13.217
      vertex 12.75 6.02524 13.1219
      vertex 12.75 5.79554 13.217
    endloop
  endfacet
  facet normal 0 0.843398 -0.537289
    outer loop
      vertex 19 4.53183 17.225
      vertex 12.75 4.66542 17.4347
      vertex 19 4.66542 17.4347
    endloop
  endfacet
  facet normal 0 0.843398 -0.537289
    outer loop
      vertex 12.75 4.66542 17.4347
      vertex 19 4.53183 17.225
      vertex 12.75 4.53183 17.225
    endloop
  endfacet
  facet normal 0 -0.300827 -0.953679
    outer loop
      vertex 12.75 7.73763 18.5529
      vertex 19 7.97476 18.4781
      vertex 19 7.73763 18.5529
    endloop
  endfacet
  facet normal -0 -0.300827 -0.953679
    outer loop
      vertex 19 7.97476 18.4781
      vertex 12.75 7.73763 18.5529
      vertex 12.75 7.97476 18.4781
    endloop
  endfacet
  facet normal -0 0.608855 0.793281
    outer loop
      vertex 12.75 5.36531 13.4654
      vertex 19 5.16805 13.6168
      vertex 19 5.36531 13.4654
    endloop
  endfacet
  facet normal 0 0.608855 0.793281
    outer loop
      vertex 19 5.16805 13.6168
      vertex 12.75 5.36531 13.4654
      vertex 12.75 5.16805 13.6168
    endloop
  endfacet
  facet normal 0 -0.999047 0.0436379
    outer loop
      vertex 12.75 9.83915 15.5516
      vertex 19 9.85 15.8
      vertex 12.75 9.85 15.8
    endloop
  endfacet
  facet normal 0 -0.999047 0.0436379
    outer loop
      vertex 19 9.85 15.8
      vertex 12.75 9.83915 15.5516
      vertex 19 9.83915 15.5516
    endloop
  endfacet
  facet normal 0 0.843398 0.537289
    outer loop
      vertex 19 4.66542 14.1653
      vertex 12.75 4.53183 14.375
      vertex 19 4.53183 14.375
    endloop
  endfacet
  facet normal 0 0.843398 0.537289
    outer loop
      vertex 12.75 4.53183 14.375
      vertex 19 4.66542 14.1653
      vertex 12.75 4.66542 14.1653
    endloop
  endfacet
  facet normal 0 0.737428 0.675426
    outer loop
      vertex 19 4.98475 13.7847
      vertex 12.75 4.81677 13.9681
      vertex 19 4.81677 13.9681
    endloop
  endfacet
  facet normal 0 0.737428 0.675426
    outer loop
      vertex 12.75 4.81677 13.9681
      vertex 19 4.98475 13.7847
      vertex 12.75 4.98475 13.7847
    endloop
  endfacet
  facet normal -0 0.675451 0.737405
    outer loop
      vertex 12.75 5.16805 13.6168
      vertex 19 4.98475 13.7847
      vertex 19 5.16805 13.6168
    endloop
  endfacet
  facet normal 0 0.675451 0.737405
    outer loop
      vertex 19 4.98475 13.7847
      vertex 12.75 5.16805 13.6168
      vertex 12.75 4.98475 13.7847
    endloop
  endfacet
  facet normal 0 0.976292 -0.216458
    outer loop
      vertex 19 4.1933 16.2949
      vertex 12.75 4.24711 16.5376
      vertex 19 4.24711 16.5376
    endloop
  endfacet
  facet normal 0 0.976292 -0.216458
    outer loop
      vertex 12.75 4.24711 16.5376
      vertex 19 4.1933 16.2949
      vertex 12.75 4.1933 16.2949
    endloop
  endfacet
  facet normal 0 -0.923886 0.382667
    outer loop
      vertex 12.75 9.58298 14.5955
      vertex 19 9.67812 14.8252
      vertex 12.75 9.67812 14.8252
    endloop
  endfacet
  facet normal 0 -0.923886 0.382667
    outer loop
      vertex 19 9.67812 14.8252
      vertex 12.75 9.58298 14.5955
      vertex 19 9.58298 14.5955
    endloop
  endfacet
  facet normal 0 0.737428 -0.675426
    outer loop
      vertex 19 4.81677 17.6319
      vertex 12.75 4.98475 17.8153
      vertex 19 4.98475 17.8153
    endloop
  endfacet
  facet normal 0 0.737428 -0.675426
    outer loop
      vertex 12.75 4.98475 17.8153
      vertex 19 4.81677 17.6319
      vertex 12.75 4.81677 17.6319
    endloop
  endfacet
  facet normal 0 0.88697 0.461828
    outer loop
      vertex 19 4.53183 14.375
      vertex 12.75 4.41702 14.5955
      vertex 19 4.41702 14.5955
    endloop
  endfacet
  facet normal 0 0.88697 0.461828
    outer loop
      vertex 12.75 4.41702 14.5955
      vertex 19 4.53183 14.375
      vertex 12.75 4.53183 14.375
    endloop
  endfacet
  facet normal 0 -0.88697 -0.461828
    outer loop
      vertex 12.75 9.58298 17.0045
      vertex 19 9.46817 17.225
      vertex 12.75 9.46817 17.225
    endloop
  endfacet
  facet normal 0 -0.88697 -0.461828
    outer loop
      vertex 19 9.46817 17.225
      vertex 12.75 9.58298 17.0045
      vertex 19 9.58298 17.0045
    endloop
  endfacet
  facet normal 0 -0.130709 0.991421
    outer loop
      vertex 12.75 7.4949 12.9933
      vertex 19 7.24839 12.9608
      vertex 19 7.4949 12.9933
    endloop
  endfacet
  facet normal 0 -0.130709 0.991421
    outer loop
      vertex 19 7.24839 12.9608
      vertex 12.75 7.4949 12.9933
      vertex 12.75 7.24839 12.9608
    endloop
  endfacet
  facet normal 0 0.382529 -0.923943
    outer loop
      vertex 12.75 5.79554 18.383
      vertex 19 6.02524 18.4781
      vertex 19 5.79554 18.383
    endloop
  endfacet
  facet normal 0 0.382529 -0.923943
    outer loop
      vertex 19 6.02524 18.4781
      vertex 12.75 5.79554 18.383
      vertex 12.75 6.02524 18.4781
    endloop
  endfacet
  facet normal 0 -0.608875 -0.793266
    outer loop
      vertex 12.75 8.63469 18.1346
      vertex 19 8.83194 17.9832
      vertex 19 8.63469 18.1346
    endloop
  endfacet
  facet normal -0 -0.608875 -0.793266
    outer loop
      vertex 19 8.83194 17.9832
      vertex 12.75 8.63469 18.1346
      vertex 12.75 8.83194 17.9832
    endloop
  endfacet
  facet normal 0 -0.46173 -0.88702
    outer loop
      vertex 12.75 8.20446 18.383
      vertex 19 8.425 18.2682
      vertex 19 8.20446 18.383
    endloop
  endfacet
  facet normal -0 -0.46173 -0.88702
    outer loop
      vertex 19 8.425 18.2682
      vertex 12.75 8.20446 18.383
      vertex 12.75 8.425 18.2682
    endloop
  endfacet
  facet normal 0 -0.737428 -0.675426
    outer loop
      vertex 12.75 9.18323 17.6319
      vertex 19 9.01525 17.8153
      vertex 12.75 9.01525 17.8153
    endloop
  endfacet
  facet normal 0 -0.737428 -0.675426
    outer loop
      vertex 19 9.01525 17.8153
      vertex 12.75 9.18323 17.6319
      vertex 19 9.18323 17.6319
    endloop
  endfacet
  facet normal 0 -0.793289 0.608845
    outer loop
      vertex 12.75 9.18323 13.9681
      vertex 19 9.33458 14.1653
      vertex 12.75 9.33458 14.1653
    endloop
  endfacet
  facet normal 0 -0.793289 0.608845
    outer loop
      vertex 19 9.33458 14.1653
      vertex 12.75 9.18323 13.9681
      vertex 19 9.18323 13.9681
    endloop
  endfacet
  facet normal 0 0.300827 -0.953679
    outer loop
      vertex 12.75 6.02524 18.4781
      vertex 19 6.26237 18.5529
      vertex 19 6.02524 18.4781
    endloop
  endfacet
  facet normal 0 0.300827 -0.953679
    outer loop
      vertex 19 6.26237 18.5529
      vertex 12.75 6.02524 18.4781
      vertex 12.75 6.26237 18.5529
    endloop
  endfacet
  facet normal 0 -0.675431 -0.737423
    outer loop
      vertex 12.75 8.83194 17.9832
      vertex 19 9.01525 17.8153
      vertex 19 8.83194 17.9832
    endloop
  endfacet
  facet normal -0 -0.675431 -0.737423
    outer loop
      vertex 19 9.01525 17.8153
      vertex 12.75 8.83194 17.9832
      vertex 12.75 9.01525 17.8153
    endloop
  endfacet
  facet normal 0 0.46173 -0.88702
    outer loop
      vertex 12.75 5.575 18.2682
      vertex 19 5.79554 18.383
      vertex 19 5.575 18.2682
    endloop
  endfacet
  facet normal 0 0.46173 -0.88702
    outer loop
      vertex 19 5.79554 18.383
      vertex 12.75 5.575 18.2682
      vertex 12.75 5.79554 18.383
    endloop
  endfacet
  facet normal 0 0.991441 -0.130556
    outer loop
      vertex 19 4.16084 16.0484
      vertex 12.75 4.1933 16.2949
      vertex 19 4.1933 16.2949
    endloop
  endfacet
  facet normal 0 0.991441 -0.130556
    outer loop
      vertex 12.75 4.1933 16.2949
      vertex 19 4.16084 16.0484
      vertex 12.75 4.16084 16.0484
    endloop
  endfacet
  facet normal 0 0.130709 -0.991421
    outer loop
      vertex 12.75 6.5051 18.6067
      vertex 19 6.75161 18.6392
      vertex 19 6.5051 18.6067
    endloop
  endfacet
  facet normal 0 0.130709 -0.991421
    outer loop
      vertex 19 6.75161 18.6392
      vertex 12.75 6.5051 18.6067
      vertex 12.75 6.75161 18.6392
    endloop
  endfacet
  facet normal 0 0.88697 -0.461828
    outer loop
      vertex 19 4.41702 17.0045
      vertex 12.75 4.53183 17.225
      vertex 19 4.53183 17.225
    endloop
  endfacet
  facet normal 0 0.88697 -0.461828
    outer loop
      vertex 12.75 4.53183 17.225
      vertex 19 4.41702 17.0045
      vertex 12.75 4.41702 17.0045
    endloop
  endfacet
  facet normal 0 0.216394 -0.976306
    outer loop
      vertex 12.75 6.26237 18.5529
      vertex 19 6.5051 18.6067
      vertex 19 6.26237 18.5529
    endloop
  endfacet
  facet normal 0 0.216394 -0.976306
    outer loop
      vertex 19 6.5051 18.6067
      vertex 12.75 6.26237 18.5529
      vertex 12.75 6.5051 18.6067
    endloop
  endfacet
  facet normal 0 0.999049 -0.0435978
    outer loop
      vertex 19 4.15 15.8
      vertex 12.75 4.16084 16.0484
      vertex 19 4.16084 16.0484
    endloop
  endfacet
  facet normal 0 0.999049 -0.0435978
    outer loop
      vertex 12.75 4.16084 16.0484
      vertex 19 4.15 15.8
      vertex 12.75 4.15 15.8
    endloop
  endfacet
  facet normal 0 0.953739 0.300637
    outer loop
      vertex 19 4.32188 14.8252
      vertex 12.75 4.24711 15.0624
      vertex 19 4.24711 15.0624
    endloop
  endfacet
  facet normal 0 0.953739 0.300637
    outer loop
      vertex 12.75 4.24711 15.0624
      vertex 19 4.32188 14.8252
      vertex 12.75 4.32188 14.8252
    endloop
  endfacet
  facet normal 0 -0.843398 0.537289
    outer loop
      vertex 12.75 9.33458 14.1653
      vertex 19 9.46817 14.375
      vertex 12.75 9.46817 14.375
    endloop
  endfacet
  facet normal 0 -0.843398 0.537289
    outer loop
      vertex 19 9.46817 14.375
      vertex 12.75 9.33458 14.1653
      vertex 19 9.33458 14.1653
    endloop
  endfacet
  facet normal 0 0.923886 0.382667
    outer loop
      vertex 19 4.41702 14.5955
      vertex 12.75 4.32188 14.8252
      vertex 19 4.32188 14.8252
    endloop
  endfacet
  facet normal 0 0.923886 0.382667
    outer loop
      vertex 12.75 4.32188 14.8252
      vertex 19 4.41702 14.5955
      vertex 12.75 4.41702 14.5955
    endloop
  endfacet
  facet normal 0 -0.843398 -0.537289
    outer loop
      vertex 12.75 9.46817 17.225
      vertex 19 9.33458 17.4347
      vertex 12.75 9.33458 17.4347
    endloop
  endfacet
  facet normal 0 -0.843398 -0.537289
    outer loop
      vertex 19 9.33458 17.4347
      vertex 12.75 9.46817 17.225
      vertex 19 9.46817 17.225
    endloop
  endfacet
  facet normal -0 0.300827 0.953679
    outer loop
      vertex 12.75 6.26237 13.0471
      vertex 19 6.02524 13.1219
      vertex 19 6.26237 13.0471
    endloop
  endfacet
  facet normal 0 0.300827 0.953679
    outer loop
      vertex 19 6.02524 13.1219
      vertex 12.75 6.26237 13.0471
      vertex 12.75 6.02524 13.1219
    endloop
  endfacet
  facet normal -0 0.216394 0.976306
    outer loop
      vertex 12.75 6.5051 12.9933
      vertex 19 6.26237 13.0471
      vertex 19 6.5051 12.9933
    endloop
  endfacet
  facet normal 0 0.216394 0.976306
    outer loop
      vertex 19 6.26237 13.0471
      vertex 12.75 6.5051 12.9933
      vertex 12.75 6.26237 13.0471
    endloop
  endfacet
  facet normal -0 0.130709 0.991421
    outer loop
      vertex 12.75 6.75161 12.9608
      vertex 19 6.5051 12.9933
      vertex 19 6.75161 12.9608
    endloop
  endfacet
  facet normal 0 0.130709 0.991421
    outer loop
      vertex 19 6.5051 12.9933
      vertex 12.75 6.75161 12.9608
      vertex 12.75 6.5051 12.9933
    endloop
  endfacet
  facet normal 0 -0.991446 -0.130517
    outer loop
      vertex 12.75 9.83915 16.0484
      vertex 19 9.8067 16.2949
      vertex 12.75 9.8067 16.2949
    endloop
  endfacet
  facet normal 0 -0.991446 -0.130517
    outer loop
      vertex 19 9.8067 16.2949
      vertex 12.75 9.83915 16.0484
      vertex 19 9.83915 16.0484
    endloop
  endfacet
  facet normal 0 -0.923886 -0.382667
    outer loop
      vertex 12.75 9.67812 16.7748
      vertex 19 9.58298 17.0045
      vertex 12.75 9.58298 17.0045
    endloop
  endfacet
  facet normal 0 -0.923886 -0.382667
    outer loop
      vertex 19 9.58298 17.0045
      vertex 12.75 9.67812 16.7748
      vertex 19 9.67812 16.7748
    endloop
  endfacet
  facet normal 0 -0.737428 0.675426
    outer loop
      vertex 12.75 9.01525 13.7847
      vertex 19 9.18323 13.9681
      vertex 12.75 9.18323 13.9681
    endloop
  endfacet
  facet normal 0 -0.737428 0.675426
    outer loop
      vertex 19 9.18323 13.9681
      vertex 12.75 9.01525 13.7847
      vertex 19 9.01525 13.7847
    endloop
  endfacet
  facet normal 0 -0.46173 0.88702
    outer loop
      vertex 12.75 8.425 13.3318
      vertex 19 8.20446 13.217
      vertex 19 8.425 13.3318
    endloop
  endfacet
  facet normal 0 -0.46173 0.88702
    outer loop
      vertex 19 8.20446 13.217
      vertex 12.75 8.425 13.3318
      vertex 12.75 8.20446 13.217
    endloop
  endfacet
  facet normal 0 0.991441 0.130556
    outer loop
      vertex 19 4.1933 15.3051
      vertex 12.75 4.16084 15.5516
      vertex 19 4.16084 15.5516
    endloop
  endfacet
  facet normal 0 0.991441 0.130556
    outer loop
      vertex 12.75 4.16084 15.5516
      vertex 19 4.1933 15.3051
      vertex 12.75 4.1933 15.3051
    endloop
  endfacet
  facet normal 0 0.793289 -0.608845
    outer loop
      vertex 19 4.66542 17.4347
      vertex 12.75 4.81677 17.6319
      vertex 19 4.81677 17.6319
    endloop
  endfacet
  facet normal 0 0.793289 -0.608845
    outer loop
      vertex 12.75 4.81677 17.6319
      vertex 19 4.66542 17.4347
      vertex 12.75 4.66542 17.4347
    endloop
  endfacet
  facet normal 0 -0.216394 -0.976306
    outer loop
      vertex 12.75 7.4949 18.6067
      vertex 19 7.73763 18.5529
      vertex 19 7.4949 18.6067
    endloop
  endfacet
  facet normal -0 -0.216394 -0.976306
    outer loop
      vertex 19 7.73763 18.5529
      vertex 12.75 7.4949 18.6067
      vertex 12.75 7.73763 18.5529
    endloop
  endfacet
  facet normal 0 0.953739 -0.300637
    outer loop
      vertex 19 4.24711 16.5376
      vertex 12.75 4.32188 16.7748
      vertex 19 4.32188 16.7748
    endloop
  endfacet
  facet normal 0 0.953739 -0.300637
    outer loop
      vertex 12.75 4.32188 16.7748
      vertex 19 4.24711 16.5376
      vertex 12.75 4.24711 16.5376
    endloop
  endfacet
  facet normal 0 -0.537336 -0.843368
    outer loop
      vertex 12.75 8.425 18.2682
      vertex 19 8.63469 18.1346
      vertex 19 8.425 18.2682
    endloop
  endfacet
  facet normal -0 -0.537336 -0.843368
    outer loop
      vertex 19 8.63469 18.1346
      vertex 12.75 8.425 18.2682
      vertex 12.75 8.63469 18.1346
    endloop
  endfacet
  facet normal 0 0.999049 0.0435978
    outer loop
      vertex 19 4.16084 15.5516
      vertex 12.75 4.15 15.8
      vertex 19 4.15 15.8
    endloop
  endfacet
  facet normal 0 0.999049 0.0435978
    outer loop
      vertex 12.75 4.15 15.8
      vertex 19 4.16084 15.5516
      vertex 12.75 4.16084 15.5516
    endloop
  endfacet
  facet normal 0 -0.537336 0.843368
    outer loop
      vertex 12.75 8.63469 13.4654
      vertex 19 8.425 13.3318
      vertex 19 8.63469 13.4654
    endloop
  endfacet
  facet normal 0 -0.537336 0.843368
    outer loop
      vertex 19 8.425 13.3318
      vertex 12.75 8.63469 13.4654
      vertex 12.75 8.425 13.3318
    endloop
  endfacet
  facet normal 0 -0.999047 -0.0436379
    outer loop
      vertex 12.75 9.85 15.8
      vertex 19 9.83915 16.0484
      vertex 12.75 9.83915 16.0484
    endloop
  endfacet
  facet normal 0 -0.999047 -0.0436379
    outer loop
      vertex 19 9.83915 16.0484
      vertex 12.75 9.85 15.8
      vertex 19 9.85 15.8
    endloop
  endfacet
  facet normal 0 0.537336 -0.843368
    outer loop
      vertex 12.75 5.36531 18.1346
      vertex 19 5.575 18.2682
      vertex 19 5.36531 18.1346
    endloop
  endfacet
  facet normal 0 0.537336 -0.843368
    outer loop
      vertex 19 5.575 18.2682
      vertex 12.75 5.36531 18.1346
      vertex 12.75 5.575 18.2682
    endloop
  endfacet
  facet normal 0 0.923886 -0.382667
    outer loop
      vertex 19 4.32188 16.7748
      vertex 12.75 4.41702 17.0045
      vertex 19 4.41702 17.0045
    endloop
  endfacet
  facet normal 0 0.923886 -0.382667
    outer loop
      vertex 12.75 4.41702 17.0045
      vertex 19 4.32188 16.7748
      vertex 12.75 4.32188 16.7748
    endloop
  endfacet
  facet normal 0 -0.953739 -0.300637
    outer loop
      vertex 12.75 9.75289 16.5376
      vertex 19 9.67812 16.7748
      vertex 12.75 9.67812 16.7748
    endloop
  endfacet
  facet normal 0 -0.953739 -0.300637
    outer loop
      vertex 19 9.67812 16.7748
      vertex 12.75 9.75289 16.5376
      vertex 19 9.75289 16.5376
    endloop
  endfacet
  facet normal -0 0.537336 0.843368
    outer loop
      vertex 12.75 5.575 13.3318
      vertex 19 5.36531 13.4654
      vertex 19 5.575 13.3318
    endloop
  endfacet
  facet normal 0 0.537336 0.843368
    outer loop
      vertex 19 5.36531 13.4654
      vertex 12.75 5.575 13.3318
      vertex 12.75 5.36531 13.4654
    endloop
  endfacet
  facet normal 0 -0.043439 -0.999056
    outer loop
      vertex 12.75 7 18.65
      vertex 19 7.24839 18.6392
      vertex 19 7 18.65
    endloop
  endfacet
  facet normal -0 -0.043439 -0.999056
    outer loop
      vertex 19 7.24839 18.6392
      vertex 12.75 7 18.65
      vertex 12.75 7.24839 18.6392
    endloop
  endfacet
  facet normal 0 -0.382529 -0.923943
    outer loop
      vertex 12.75 7.97476 18.4781
      vertex 19 8.20446 18.383
      vertex 19 7.97476 18.4781
    endloop
  endfacet
  facet normal -0 -0.382529 -0.923943
    outer loop
      vertex 19 8.20446 18.383
      vertex 12.75 7.97476 18.4781
      vertex 12.75 8.20446 18.383
    endloop
  endfacet
  facet normal 0 0.043439 -0.999056
    outer loop
      vertex 12.75 6.75161 18.6392
      vertex 19 7 18.65
      vertex 19 6.75161 18.6392
    endloop
  endfacet
  facet normal 0 0.043439 -0.999056
    outer loop
      vertex 19 7 18.65
      vertex 12.75 6.75161 18.6392
      vertex 12.75 7 18.65
    endloop
  endfacet
  facet normal 0 0.608855 -0.793281
    outer loop
      vertex 12.75 5.16805 17.9832
      vertex 19 5.36531 18.1346
      vertex 19 5.16805 17.9832
    endloop
  endfacet
  facet normal 0 0.608855 -0.793281
    outer loop
      vertex 19 5.36531 18.1346
      vertex 12.75 5.16805 17.9832
      vertex 12.75 5.36531 18.1346
    endloop
  endfacet
  facet normal 1 0 0
    outer loop
      vertex 12.75 9.25 15.8
      vertex 12.75 9.85 15.8
      vertex 12.75 9.83915 16.0484
    endloop
  endfacet
  facet normal 1 0 0
    outer loop
      vertex 12.75 9.24144 15.9961
      vertex 12.75 9.83915 16.0484
      vertex 12.75 9.8067 16.2949
    endloop
  endfacet
  facet normal 1 0 0
    outer loop
      vertex 12.75 9.85 15.8
      vertex 12.75 9.25 15.8
      vertex 12.75 9.83915 15.5516
    endloop
  endfacet
  facet normal 1 0 0
    outer loop
      vertex 12.75 9.21582 16.1907
      vertex 12.75 9.8067 16.2949
      vertex 12.75 9.75289 16.5376
    endloop
  endfacet
  facet normal 1 -0 0
    outer loop
      vertex 12.75 9.24144 15.6039
      vertex 12.75 9.83915 15.5516
      vertex 12.75 9.25 15.8
    endloop
  endfacet
  facet normal 1 0 0
    outer loop
      vertex 12.75 9.17333 16.3823
      vertex 12.75 9.75289 16.5376
      vertex 12.75 9.67812 16.7748
    endloop
  endfacet
  facet normal 1 0 0
    outer loop
      vertex 12.75 9.83915 15.5516
      vertex 12.75 9.24144 15.6039
      vertex 12.75 9.8067 15.3051
    endloop
  endfacet
  facet normal 1 0 0
    outer loop
      vertex 12.75 9.11431 16.5695
      vertex 12.75 9.67812 16.7748
      vertex 12.75 9.58298 17.0045
    endloop
  endfacet
  facet normal 1 -0 0
    outer loop
      vertex 12.75 9.21582 15.4093
      vertex 12.75 9.8067 15.3051
      vertex 12.75 9.24144 15.6039
    endloop
  endfacet
  facet normal 1 0 0
    outer loop
      vertex 12.75 9.03919 16.7509
      vertex 12.75 9.58298 17.0045
      vertex 12.75 9.46817 17.225
    endloop
  endfacet
  facet normal 1 0 0
    outer loop
      vertex 12.75 9.8067 15.3051
      vertex 12.75 9.21582 15.4093
      vertex 12.75 9.75289 15.0624
    endloop
  endfacet
  facet normal 1 0 0
    outer loop
      vertex 12.75 8.94856 16.925
      vertex 12.75 9.46817 17.225
      vertex 12.75 9.33458 17.4347
    endloop
  endfacet
  facet normal 1 -0 0
    outer loop
      vertex 12.75 9.17333 15.2177
      vertex 12.75 9.75289 15.0624
      vertex 12.75 9.21582 15.4093
    endloop
  endfacet
  facet normal 1 0 0
    outer loop
      vertex 12.75 9.75289 15.0624
      vertex 12.75 9.17333 15.2177
      vertex 12.75 9.67812 14.8252
    endloop
  endfacet
  facet normal 1 0 0
    outer loop
      vertex 12.75 9.83915 16.0484
      vertex 12.75 9.24144 15.9961
      vertex 12.75 9.25 15.8
    endloop
  endfacet
  facet normal 1 0 0
    outer loop
      vertex 12.75 9.8067 16.2949
      vertex 12.75 9.21582 16.1907
      vertex 12.75 9.24144 15.9961
    endloop
  endfacet
  facet normal 1 0 0
    outer loop
      vertex 12.75 8.84309 17.0905
      vertex 12.75 9.33458 17.4347
      vertex 12.75 9.18323 17.6319
    endloop
  endfacet
  facet normal 1 0 0
    outer loop
      vertex 12.75 9.75289 16.5376
      vertex 12.75 9.17333 16.3823
      vertex 12.75 9.21582 16.1907
    endloop
  endfacet
  facet normal 1 0 0
    outer loop
      vertex 12.75 9.67812 16.7748
      vertex 12.75 9.11431 16.5695
      vertex 12.75 9.17333 16.3823
    endloop
  endfacet
  facet normal 1 0 0
    outer loop
      vertex 12.75 9.58298 17.0045
      vertex 12.75 9.03919 16.7509
      vertex 12.75 9.11431 16.5695
    endloop
  endfacet
  facet normal 1 0 0
    outer loop
      vertex 12.75 8.7236 17.2463
      vertex 12.75 9.18323 17.6319
      vertex 12.75 9.01525 17.8153
    endloop
  endfacet
  facet normal 1 0 0
    outer loop
      vertex 12.75 9.46817 17.225
      vertex 12.75 8.94856 16.925
      vertex 12.75 9.03919 16.7509
    endloop
  endfacet
  facet normal 1 0 0
    outer loop
      vertex 12.75 9.33458 17.4347
      vertex 12.75 8.84309 17.0905
      vertex 12.75 8.94856 16.925
    endloop
  endfacet
  facet normal 1 0 0
    outer loop
      vertex 12.75 8.59099 17.391
      vertex 12.75 9.01525 17.8153
      vertex 12.75 8.83194 17.9832
    endloop
  endfacet
  facet normal 1 0 0
    outer loop
      vertex 12.75 9.18323 17.6319
      vertex 12.75 8.7236 17.2463
      vertex 12.75 8.84309 17.0905
    endloop
  endfacet
  facet normal 1 0 0
    outer loop
      vertex 12.75 8.44627 17.5236
      vertex 12.75 8.83194 17.9832
      vertex 12.75 8.63469 18.1346
    endloop
  endfacet
  facet normal 1 0 0
    outer loop
      vertex 12.75 9.01525 17.8153
      vertex 12.75 8.59099 17.391
      vertex 12.75 8.7236 17.2463
    endloop
  endfacet
  facet normal 1 0 0
    outer loop
      vertex 12.75 8.83194 17.9832
      vertex 12.75 8.44627 17.5236
      vertex 12.75 8.59099 17.391
    endloop
  endfacet
  facet normal 1 0 0
    outer loop
      vertex 12.75 8.29055 17.6431
      vertex 12.75 8.63469 18.1346
      vertex 12.75 8.425 18.2682
    endloop
  endfacet
  facet normal 1 0 0
    outer loop
      vertex 12.75 8.63469 18.1346
      vertex 12.75 8.29055 17.6431
      vertex 12.75 8.44627 17.5236
    endloop
  endfacet
  facet normal 1 0 0
    outer loop
      vertex 12.75 8.125 17.7486
      vertex 12.75 8.425 18.2682
      vertex 12.75 8.20446 18.383
    endloop
  endfacet
  facet normal 1 0 0
    outer loop
      vertex 12.75 8.425 18.2682
      vertex 12.75 8.125 17.7486
      vertex 12.75 8.29055 17.6431
    endloop
  endfacet
  facet normal 1 0 0
    outer loop
      vertex 12.75 7.95089 17.8392
      vertex 12.75 8.20446 18.383
      vertex 12.75 7.97476 18.4781
    endloop
  endfacet
  facet normal 1 0 0
    outer loop
      vertex 12.75 8.20446 18.383
      vertex 12.75 7.95089 17.8392
      vertex 12.75 8.125 17.7486
    endloop
  endfacet
  facet normal 1 0 0
    outer loop
      vertex 12.75 7.97476 18.4781
      vertex 12.75 7.76954 17.9143
      vertex 12.75 7.95089 17.8392
    endloop
  endfacet
  facet normal 1 0 0
    outer loop
      vertex 12.75 7.73763 18.5529
      vertex 12.75 7.76954 17.9143
      vertex 12.75 7.97476 18.4781
    endloop
  endfacet
  facet normal 1 0 0
    outer loop
      vertex 12.75 7.73763 18.5529
      vertex 12.75 7.58234 17.9733
      vertex 12.75 7.76954 17.9143
    endloop
  endfacet
  facet normal 1 0 0
    outer loop
      vertex 12.75 7.4949 18.6067
      vertex 12.75 7.58234 17.9733
      vertex 12.75 7.73763 18.5529
    endloop
  endfacet
  facet normal 1 0 0
    outer loop
      vertex 12.75 7.4949 18.6067
      vertex 12.75 7.39071 18.0158
      vertex 12.75 7.58234 17.9733
    endloop
  endfacet
  facet normal 1 0 0
    outer loop
      vertex 12.75 7.24839 18.6392
      vertex 12.75 7.39071 18.0158
      vertex 12.75 7.4949 18.6067
    endloop
  endfacet
  facet normal 1 0 0
    outer loop
      vertex 12.75 7.24839 18.6392
      vertex 12.75 7.1961 18.0414
      vertex 12.75 7.39071 18.0158
    endloop
  endfacet
  facet normal 1 0 0
    outer loop
      vertex 12.75 7 18.65
      vertex 12.75 7.1961 18.0414
      vertex 12.75 7.24839 18.6392
    endloop
  endfacet
  facet normal 1 0 0
    outer loop
      vertex 12.75 7 18.65
      vertex 12.75 7 18.05
      vertex 12.75 7.1961 18.0414
    endloop
  endfacet
  facet normal 1 0 0
    outer loop
      vertex 12.75 7 18.65
      vertex 12.75 6.8039 18.0414
      vertex 12.75 7 18.05
    endloop
  endfacet
  facet normal 1 -0 0
    outer loop
      vertex 12.75 6.75161 18.6392
      vertex 12.75 6.8039 18.0414
      vertex 12.75 7 18.65
    endloop
  endfacet
  facet normal 1 0 0
    outer loop
      vertex 12.75 6.75161 18.6392
      vertex 12.75 6.60929 18.0158
      vertex 12.75 6.8039 18.0414
    endloop
  endfacet
  facet normal 1 -0 0
    outer loop
      vertex 12.75 6.5051 18.6067
      vertex 12.75 6.60929 18.0158
      vertex 12.75 6.75161 18.6392
    endloop
  endfacet
  facet normal 1 0 0
    outer loop
      vertex 12.75 6.5051 18.6067
      vertex 12.75 6.41766 17.9733
      vertex 12.75 6.60929 18.0158
    endloop
  endfacet
  facet normal 1 -0 0
    outer loop
      vertex 12.75 6.26237 18.5529
      vertex 12.75 6.41766 17.9733
      vertex 12.75 6.5051 18.6067
    endloop
  endfacet
  facet normal 1 0 0
    outer loop
      vertex 12.75 6.26237 18.5529
      vertex 12.75 6.23045 17.9143
      vertex 12.75 6.41766 17.9733
    endloop
  endfacet
  facet normal 1 -0 0
    outer loop
      vertex 12.75 6.02524 18.4781
      vertex 12.75 6.23045 17.9143
      vertex 12.75 6.26237 18.5529
    endloop
  endfacet
  facet normal 1 0 0
    outer loop
      vertex 12.75 6.23045 17.9143
      vertex 12.75 6.02524 18.4781
      vertex 12.75 6.04911 17.8392
    endloop
  endfacet
  facet normal 1 -0 0
    outer loop
      vertex 12.75 5.79554 18.383
      vertex 12.75 6.04911 17.8392
      vertex 12.75 6.02524 18.4781
    endloop
  endfacet
  facet normal 1 0 0
    outer loop
      vertex 12.75 6.04911 17.8392
      vertex 12.75 5.79554 18.383
      vertex 12.75 5.875 17.7486
    endloop
  endfacet
  facet normal 1 -0 0
    outer loop
      vertex 12.75 5.575 18.2682
      vertex 12.75 5.875 17.7486
      vertex 12.75 5.79554 18.383
    endloop
  endfacet
  facet normal 1 0 0
    outer loop
      vertex 12.75 5.875 17.7486
      vertex 12.75 5.575 18.2682
      vertex 12.75 5.70945 17.6431
    endloop
  endfacet
  facet normal 1 -0 0
    outer loop
      vertex 12.75 5.36531 18.1346
      vertex 12.75 5.70945 17.6431
      vertex 12.75 5.575 18.2682
    endloop
  endfacet
  facet normal 1 0 0
    outer loop
      vertex 12.75 5.70945 17.6431
      vertex 12.75 5.36531 18.1346
      vertex 12.75 5.55373 17.5236
    endloop
  endfacet
  facet normal 1 -0 0
    outer loop
      vertex 12.75 5.16805 17.9832
      vertex 12.75 5.55373 17.5236
      vertex 12.75 5.36531 18.1346
    endloop
  endfacet
  facet normal 1 0 0
    outer loop
      vertex 12.75 5.55373 17.5236
      vertex 12.75 5.16805 17.9832
      vertex 12.75 5.40901 17.391
    endloop
  endfacet
  facet normal 1 -0 0
    outer loop
      vertex 12.75 4.98475 17.8153
      vertex 12.75 5.40901 17.391
      vertex 12.75 5.16805 17.9832
    endloop
  endfacet
  facet normal 1 0 0
    outer loop
      vertex 12.75 5.40901 17.391
      vertex 12.75 4.98475 17.8153
      vertex 12.75 5.2764 17.2463
    endloop
  endfacet
  facet normal 1 -0 0
    outer loop
      vertex 12.75 4.81677 17.6319
      vertex 12.75 5.2764 17.2463
      vertex 12.75 4.98475 17.8153
    endloop
  endfacet
  facet normal 1 0 0
    outer loop
      vertex 12.75 5.2764 17.2463
      vertex 12.75 4.81677 17.6319
      vertex 12.75 5.15691 17.0905
    endloop
  endfacet
  facet normal 1 -0 0
    outer loop
      vertex 12.75 4.66542 17.4347
      vertex 12.75 5.15691 17.0905
      vertex 12.75 4.81677 17.6319
    endloop
  endfacet
  facet normal 1 0 0
    outer loop
      vertex 12.75 5.15691 17.0905
      vertex 12.75 4.66542 17.4347
      vertex 12.75 5.05144 16.925
    endloop
  endfacet
  facet normal 1 -0 0
    outer loop
      vertex 12.75 4.53183 17.225
      vertex 12.75 5.05144 16.925
      vertex 12.75 4.66542 17.4347
    endloop
  endfacet
  facet normal 1 0 0
    outer loop
      vertex 12.75 5.05144 16.925
      vertex 12.75 4.53183 17.225
      vertex 12.75 4.96081 16.7509
    endloop
  endfacet
  facet normal 1 -0 0
    outer loop
      vertex 12.75 4.41702 17.0045
      vertex 12.75 4.96081 16.7509
      vertex 12.75 4.53183 17.225
    endloop
  endfacet
  facet normal 1 0 0
    outer loop
      vertex 12.75 4.96081 16.7509
      vertex 12.75 4.41702 17.0045
      vertex 12.75 4.88569 16.5695
    endloop
  endfacet
  facet normal 1 -0 0
    outer loop
      vertex 12.75 4.32188 16.7748
      vertex 12.75 4.88569 16.5695
      vertex 12.75 4.41702 17.0045
    endloop
  endfacet
  facet normal 1 0 0
    outer loop
      vertex 12.75 4.88569 16.5695
      vertex 12.75 4.32188 16.7748
      vertex 12.75 4.82667 16.3823
    endloop
  endfacet
  facet normal 1 -0 0
    outer loop
      vertex 12.75 9.11431 15.0305
      vertex 12.75 9.67812 14.8252
      vertex 12.75 9.17333 15.2177
    endloop
  endfacet
  facet normal 1 0 0
    outer loop
      vertex 12.75 9.67812 14.8252
      vertex 12.75 9.11431 15.0305
      vertex 12.75 9.58298 14.5955
    endloop
  endfacet
  facet normal 1 -0 0
    outer loop
      vertex 12.75 9.03919 14.8491
      vertex 12.75 9.58298 14.5955
      vertex 12.75 9.11431 15.0305
    endloop
  endfacet
  facet normal 1 0 0
    outer loop
      vertex 12.75 9.58298 14.5955
      vertex 12.75 9.03919 14.8491
      vertex 12.75 9.46817 14.375
    endloop
  endfacet
  facet normal 1 -0 0
    outer loop
      vertex 12.75 8.94856 14.675
      vertex 12.75 9.46817 14.375
      vertex 12.75 9.03919 14.8491
    endloop
  endfacet
  facet normal 1 0 0
    outer loop
      vertex 12.75 9.46817 14.375
      vertex 12.75 8.94856 14.675
      vertex 12.75 9.33458 14.1653
    endloop
  endfacet
  facet normal 1 -0 0
    outer loop
      vertex 12.75 8.84309 14.5095
      vertex 12.75 9.33458 14.1653
      vertex 12.75 8.94856 14.675
    endloop
  endfacet
  facet normal 1 0 0
    outer loop
      vertex 12.75 9.33458 14.1653
      vertex 12.75 8.84309 14.5095
      vertex 12.75 9.18323 13.9681
    endloop
  endfacet
  facet normal 1 -0 0
    outer loop
      vertex 12.75 8.7236 14.3537
      vertex 12.75 9.18323 13.9681
      vertex 12.75 8.84309 14.5095
    endloop
  endfacet
  facet normal 1 0 0
    outer loop
      vertex 12.75 9.18323 13.9681
      vertex 12.75 8.7236 14.3537
      vertex 12.75 9.01525 13.7847
    endloop
  endfacet
  facet normal 1 -0 0
    outer loop
      vertex 12.75 8.59099 14.209
      vertex 12.75 9.01525 13.7847
      vertex 12.75 8.7236 14.3537
    endloop
  endfacet
  facet normal 1 0 0
    outer loop
      vertex 12.75 9.01525 13.7847
      vertex 12.75 8.59099 14.209
      vertex 12.75 8.83194 13.6168
    endloop
  endfacet
  facet normal 1 -0 0
    outer loop
      vertex 12.75 8.44627 14.0764
      vertex 12.75 8.83194 13.6168
      vertex 12.75 8.59099 14.209
    endloop
  endfacet
  facet normal 1 0 0
    outer loop
      vertex 12.75 8.83194 13.6168
      vertex 12.75 8.44627 14.0764
      vertex 12.75 8.63469 13.4654
    endloop
  endfacet
  facet normal 1 -0 0
    outer loop
      vertex 12.75 8.29055 13.9569
      vertex 12.75 8.63469 13.4654
      vertex 12.75 8.44627 14.0764
    endloop
  endfacet
  facet normal 1 0 0
    outer loop
      vertex 12.75 8.63469 13.4654
      vertex 12.75 8.29055 13.9569
      vertex 12.75 8.425 13.3318
    endloop
  endfacet
  facet normal 1 -0 0
    outer loop
      vertex 12.75 8.125 13.8514
      vertex 12.75 8.425 13.3318
      vertex 12.75 8.29055 13.9569
    endloop
  endfacet
  facet normal 1 0 0
    outer loop
      vertex 12.75 8.425 13.3318
      vertex 12.75 8.125 13.8514
      vertex 12.75 8.20446 13.217
    endloop
  endfacet
  facet normal 1 -0 0
    outer loop
      vertex 12.75 7.95089 13.7608
      vertex 12.75 8.20446 13.217
      vertex 12.75 8.125 13.8514
    endloop
  endfacet
  facet normal 1 0 0
    outer loop
      vertex 12.75 8.20446 13.217
      vertex 12.75 7.95089 13.7608
      vertex 12.75 7.97476 13.1219
    endloop
  endfacet
  facet normal 1 -0 0
    outer loop
      vertex 12.75 7.76954 13.6857
      vertex 12.75 7.97476 13.1219
      vertex 12.75 7.95089 13.7608
    endloop
  endfacet
  facet normal 1 0 0
    outer loop
      vertex 12.75 7.76954 13.6857
      vertex 12.75 7.73763 13.0471
      vertex 12.75 7.97476 13.1219
    endloop
  endfacet
  facet normal 1 -0 0
    outer loop
      vertex 12.75 7.58234 13.6267
      vertex 12.75 7.73763 13.0471
      vertex 12.75 7.76954 13.6857
    endloop
  endfacet
  facet normal 1 0 0
    outer loop
      vertex 12.75 7.58234 13.6267
      vertex 12.75 7.4949 12.9933
      vertex 12.75 7.73763 13.0471
    endloop
  endfacet
  facet normal 1 -0 0
    outer loop
      vertex 12.75 7.39071 13.5842
      vertex 12.75 7.4949 12.9933
      vertex 12.75 7.58234 13.6267
    endloop
  endfacet
  facet normal 1 0 0
    outer loop
      vertex 12.75 7.39071 13.5842
      vertex 12.75 7.24839 12.9608
      vertex 12.75 7.4949 12.9933
    endloop
  endfacet
  facet normal 1 -0 0
    outer loop
      vertex 12.75 7.1961 13.5586
      vertex 12.75 7.24839 12.9608
      vertex 12.75 7.39071 13.5842
    endloop
  endfacet
  facet normal 1 -0 0
    outer loop
      vertex 12.75 7 13.55
      vertex 12.75 7.24839 12.9608
      vertex 12.75 7.1961 13.5586
    endloop
  endfacet
  facet normal 1 0 0
    outer loop
      vertex 12.75 7 13.55
      vertex 12.75 7 12.95
      vertex 12.75 7.24839 12.9608
    endloop
  endfacet
  facet normal 1 0 0
    outer loop
      vertex 12.75 6.8039 13.5586
      vertex 12.75 7 12.95
      vertex 12.75 7 13.55
    endloop
  endfacet
  facet normal 1 0 0
    outer loop
      vertex 12.75 6.8039 13.5586
      vertex 12.75 6.75161 12.9608
      vertex 12.75 7 12.95
    endloop
  endfacet
  facet normal 1 0 0
    outer loop
      vertex 12.75 6.60929 13.5842
      vertex 12.75 6.75161 12.9608
      vertex 12.75 6.8039 13.5586
    endloop
  endfacet
  facet normal 1 0 0
    outer loop
      vertex 12.75 6.60929 13.5842
      vertex 12.75 6.5051 12.9933
      vertex 12.75 6.75161 12.9608
    endloop
  endfacet
  facet normal 1 0 0
    outer loop
      vertex 12.75 6.41766 13.6267
      vertex 12.75 6.5051 12.9933
      vertex 12.75 6.60929 13.5842
    endloop
  endfacet
  facet normal 1 0 0
    outer loop
      vertex 12.75 6.41766 13.6267
      vertex 12.75 6.26237 13.0471
      vertex 12.75 6.5051 12.9933
    endloop
  endfacet
  facet normal 1 0 0
    outer loop
      vertex 12.75 6.23045 13.6857
      vertex 12.75 6.26237 13.0471
      vertex 12.75 6.41766 13.6267
    endloop
  endfacet
  facet normal 1 0 0
    outer loop
      vertex 12.75 6.02524 13.1219
      vertex 12.75 6.23045 13.6857
      vertex 12.75 6.04911 13.7608
    endloop
  endfacet
  facet normal 1 0 0
    outer loop
      vertex 12.75 6.23045 13.6857
      vertex 12.75 6.02524 13.1219
      vertex 12.75 6.26237 13.0471
    endloop
  endfacet
  facet normal 1 0 0
    outer loop
      vertex 12.75 5.79554 13.217
      vertex 12.75 6.04911 13.7608
      vertex 12.75 5.875 13.8514
    endloop
  endfacet
  facet normal 1 0 0
    outer loop
      vertex 12.75 6.04911 13.7608
      vertex 12.75 5.79554 13.217
      vertex 12.75 6.02524 13.1219
    endloop
  endfacet
  facet normal 1 0 0
    outer loop
      vertex 12.75 5.575 13.3318
      vertex 12.75 5.875 13.8514
      vertex 12.75 5.70945 13.9569
    endloop
  endfacet
  facet normal 1 0 0
    outer loop
      vertex 12.75 5.875 13.8514
      vertex 12.75 5.575 13.3318
      vertex 12.75 5.79554 13.217
    endloop
  endfacet
  facet normal 1 0 0
    outer loop
      vertex 12.75 5.36531 13.4654
      vertex 12.75 5.70945 13.9569
      vertex 12.75 5.55373 14.0764
    endloop
  endfacet
  facet normal 1 0 0
    outer loop
      vertex 12.75 5.16805 13.6168
      vertex 12.75 5.55373 14.0764
      vertex 12.75 5.40901 14.209
    endloop
  endfacet
  facet normal 1 0 0
    outer loop
      vertex 12.75 5.70945 13.9569
      vertex 12.75 5.36531 13.4654
      vertex 12.75 5.575 13.3318
    endloop
  endfacet
  facet normal 1 0 0
    outer loop
      vertex 12.75 4.98475 13.7847
      vertex 12.75 5.40901 14.209
      vertex 12.75 5.2764 14.3537
    endloop
  endfacet
  facet normal 1 0 0
    outer loop
      vertex 12.75 5.55373 14.0764
      vertex 12.75 5.16805 13.6168
      vertex 12.75 5.36531 13.4654
    endloop
  endfacet
  facet normal 1 0 0
    outer loop
      vertex 12.75 4.81677 13.9681
      vertex 12.75 5.2764 14.3537
      vertex 12.75 5.15691 14.5095
    endloop
  endfacet
  facet normal 1 0 0
    outer loop
      vertex 12.75 4.66542 14.1653
      vertex 12.75 5.15691 14.5095
      vertex 12.75 5.05144 14.675
    endloop
  endfacet
  facet normal 1 0 0
    outer loop
      vertex 12.75 5.40901 14.209
      vertex 12.75 4.98475 13.7847
      vertex 12.75 5.16805 13.6168
    endloop
  endfacet
  facet normal 1 0 0
    outer loop
      vertex 12.75 4.53183 14.375
      vertex 12.75 5.05144 14.675
      vertex 12.75 4.96081 14.8491
    endloop
  endfacet
  facet normal 1 0 0
    outer loop
      vertex 12.75 4.41702 14.5955
      vertex 12.75 4.96081 14.8491
      vertex 12.75 4.88569 15.0305
    endloop
  endfacet
  facet normal 1 0 0
    outer loop
      vertex 12.75 4.32188 14.8252
      vertex 12.75 4.88569 15.0305
      vertex 12.75 4.82667 15.2177
    endloop
  endfacet
  facet normal 1 0 0
    outer loop
      vertex 12.75 5.2764 14.3537
      vertex 12.75 4.81677 13.9681
      vertex 12.75 4.98475 13.7847
    endloop
  endfacet
  facet normal 1 0 0
    outer loop
      vertex 12.75 4.24711 15.0624
      vertex 12.75 4.82667 15.2177
      vertex 12.75 4.78418 15.4093
    endloop
  endfacet
  facet normal 1 0 0
    outer loop
      vertex 12.75 4.1933 15.3051
      vertex 12.75 4.78418 15.4093
      vertex 12.75 4.75856 15.6039
    endloop
  endfacet
  facet normal 1 0 0
    outer loop
      vertex 12.75 4.16084 15.5516
      vertex 12.75 4.75856 15.6039
      vertex 12.75 4.75 15.8
    endloop
  endfacet
  facet normal 1 -0 0
    outer loop
      vertex 12.75 4.24711 16.5376
      vertex 12.75 4.82667 16.3823
      vertex 12.75 4.32188 16.7748
    endloop
  endfacet
  facet normal 1 0 0
    outer loop
      vertex 12.75 5.15691 14.5095
      vertex 12.75 4.66542 14.1653
      vertex 12.75 4.81677 13.9681
    endloop
  endfacet
  facet normal 1 0 0
    outer loop
      vertex 12.75 4.82667 16.3823
      vertex 12.75 4.24711 16.5376
      vertex 12.75 4.78418 16.1907
    endloop
  endfacet
  facet normal 1 0 0
    outer loop
      vertex 12.75 5.05144 14.675
      vertex 12.75 4.53183 14.375
      vertex 12.75 4.66542 14.1653
    endloop
  endfacet
  facet normal 1 -0 0
    outer loop
      vertex 12.75 4.1933 16.2949
      vertex 12.75 4.78418 16.1907
      vertex 12.75 4.24711 16.5376
    endloop
  endfacet
  facet normal 1 0 0
    outer loop
      vertex 12.75 4.96081 14.8491
      vertex 12.75 4.41702 14.5955
      vertex 12.75 4.53183 14.375
    endloop
  endfacet
  facet normal 1 0 0
    outer loop
      vertex 12.75 4.78418 16.1907
      vertex 12.75 4.1933 16.2949
      vertex 12.75 4.75856 15.9961
    endloop
  endfacet
  facet normal 1 0 0
    outer loop
      vertex 12.75 4.88569 15.0305
      vertex 12.75 4.32188 14.8252
      vertex 12.75 4.41702 14.5955
    endloop
  endfacet
  facet normal 1 -0 0
    outer loop
      vertex 12.75 4.16084 16.0484
      vertex 12.75 4.75856 15.9961
      vertex 12.75 4.1933 16.2949
    endloop
  endfacet
  facet normal 1 0 0
    outer loop
      vertex 12.75 4.82667 15.2177
      vertex 12.75 4.24711 15.0624
      vertex 12.75 4.32188 14.8252
    endloop
  endfacet
  facet normal 1 0 0
    outer loop
      vertex 12.75 4.75856 15.9961
      vertex 12.75 4.16084 16.0484
      vertex 12.75 4.75 15.8
    endloop
  endfacet
  facet normal 1 0 0
    outer loop
      vertex 12.75 4.78418 15.4093
      vertex 12.75 4.1933 15.3051
      vertex 12.75 4.24711 15.0624
    endloop
  endfacet
  facet normal 1 0 0
    outer loop
      vertex 12.75 4.15 15.8
      vertex 12.75 4.75 15.8
      vertex 12.75 4.16084 16.0484
    endloop
  endfacet
  facet normal 1 0 0
    outer loop
      vertex 12.75 4.75856 15.6039
      vertex 12.75 4.16084 15.5516
      vertex 12.75 4.1933 15.3051
    endloop
  endfacet
  facet normal 1 0 0
    outer loop
      vertex 12.75 4.75 15.8
      vertex 12.75 4.15 15.8
      vertex 12.75 4.16084 15.5516
    endloop
  endfacet
  facet normal 0 -0.976292 0.216458
    outer loop
      vertex 12.75 9.75289 15.0624
      vertex 19 9.8067 15.3051
      vertex 12.75 9.8067 15.3051
    endloop
  endfacet
  facet normal 0 -0.976292 0.216458
    outer loop
      vertex 19 9.8067 15.3051
      vertex 12.75 9.75289 15.0624
      vertex 19 9.75289 15.0624
    endloop
  endfacet
  facet normal 0 -0.953739 0.300637
    outer loop
      vertex 12.75 9.67812 14.8252
      vertex 19 9.75289 15.0624
      vertex 12.75 9.75289 15.0624
    endloop
  endfacet
  facet normal 0 -0.953739 0.300637
    outer loop
      vertex 19 9.75289 15.0624
      vertex 12.75 9.67812 14.8252
      vertex 19 9.67812 14.8252
    endloop
  endfacet
  facet normal 0 0 -1
    outer loop
      vertex 16.5 -15 1.5
      vertex 19 -12.5 1.5
      vertex 18.9905 -12.7179 1.5
    endloop
  endfacet
  facet normal -0 0 -1
    outer loop
      vertex 19 -12.5 1.5
      vertex 16.5 -15 1.5
      vertex 19 12.5 1.5
    endloop
  endfacet
  facet normal 0 0 -1
    outer loop
      vertex 16.5 -15 1.5
      vertex 18.9905 -12.7179 1.5
      vertex 18.962 -12.9341 1.5
    endloop
  endfacet
  facet normal 0 0 -1
    outer loop
      vertex 16.5 15 1.5
      vertex 19 12.5 1.5
      vertex 16.5 -15 1.5
    endloop
  endfacet
  facet normal 0 0 -1
    outer loop
      vertex 16.5 -15 1.5
      vertex 18.962 -12.9341 1.5
      vertex 18.9148 -13.147 1.5
    endloop
  endfacet
  facet normal 0 0 -1
    outer loop
      vertex 19 12.5 1.5
      vertex 16.5 15 1.5
      vertex 18.9905 12.7179 1.5
    endloop
  endfacet
  facet normal 0 0 -1
    outer loop
      vertex 16.5 -15 1.5
      vertex 18.9148 -13.147 1.5
      vertex 18.8492 -13.3551 1.5
    endloop
  endfacet
  facet normal 0 0 -1
    outer loop
      vertex 18.9905 12.7179 1.5
      vertex 16.5 15 1.5
      vertex 18.962 12.9341 1.5
    endloop
  endfacet
  facet normal 0 0 -1
    outer loop
      vertex 16.5 -15 1.5
      vertex 18.8492 -13.3551 1.5
      vertex 18.7658 -13.5565 1.5
    endloop
  endfacet
  facet normal 0 0 -1
    outer loop
      vertex 18.962 12.9341 1.5
      vertex 16.5 15 1.5
      vertex 18.9148 13.147 1.5
    endloop
  endfacet
  facet normal 0 0 -1
    outer loop
      vertex 16.5 -15 1.5
      vertex 18.7658 -13.5565 1.5
      vertex 18.6651 -13.75 1.5
    endloop
  endfacet
  facet normal 0 0 -1
    outer loop
      vertex 18.9148 13.147 1.5
      vertex 16.5 15 1.5
      vertex 18.8492 13.3551 1.5
    endloop
  endfacet
  facet normal 0 0 -1
    outer loop
      vertex 16.5 -15 1.5
      vertex 18.6651 -13.75 1.5
      vertex 18.5479 -13.9339 1.5
    endloop
  endfacet
  facet normal 0 0 -1
    outer loop
      vertex 18.8492 13.3551 1.5
      vertex 16.5 15 1.5
      vertex 18.7658 13.5565 1.5
    endloop
  endfacet
  facet normal 0 0 -1
    outer loop
      vertex 16.5 -15 1.5
      vertex 18.5479 -13.9339 1.5
      vertex 18.4151 -14.107 1.5
    endloop
  endfacet
  facet normal 0 0 -1
    outer loop
      vertex 18.7658 13.5565 1.5
      vertex 16.5 15 1.5
      vertex 18.6651 13.75 1.5
    endloop
  endfacet
  facet normal 0 0 -1
    outer loop
      vertex 16.5 -15 1.5
      vertex 18.4151 -14.107 1.5
      vertex 18.2678 -14.2678 1.5
    endloop
  endfacet
  facet normal 0 0 -1
    outer loop
      vertex 18.6651 13.75 1.5
      vertex 16.5 15 1.5
      vertex 18.5479 13.9339 1.5
    endloop
  endfacet
  facet normal 0 0 -1
    outer loop
      vertex 16.5 -15 1.5
      vertex 18.2678 -14.2678 1.5
      vertex 18.107 -14.4151 1.5
    endloop
  endfacet
  facet normal 0 0 -1
    outer loop
      vertex 18.5479 13.9339 1.5
      vertex 16.5 15 1.5
      vertex 18.4151 14.107 1.5
    endloop
  endfacet
  facet normal 0 0 -1
    outer loop
      vertex 16.5 -15 1.5
      vertex 18.107 -14.4151 1.5
      vertex 17.9339 -14.5479 1.5
    endloop
  endfacet
  facet normal 0 0 -1
    outer loop
      vertex 18.4151 14.107 1.5
      vertex 16.5 15 1.5
      vertex 18.2678 14.2678 1.5
    endloop
  endfacet
  facet normal 0 0 -1
    outer loop
      vertex 16.5 -15 1.5
      vertex 17.9339 -14.5479 1.5
      vertex 17.75 -14.6651 1.5
    endloop
  endfacet
  facet normal 0 0 -1
    outer loop
      vertex 18.2678 14.2678 1.5
      vertex 16.5 15 1.5
      vertex 18.107 14.4151 1.5
    endloop
  endfacet
  facet normal 0 0 -1
    outer loop
      vertex 16.5 -15 1.5
      vertex 17.75 -14.6651 1.5
      vertex 17.5565 -14.7658 1.5
    endloop
  endfacet
  facet normal 0 0 -1
    outer loop
      vertex 18.107 14.4151 1.5
      vertex 16.5 15 1.5
      vertex 17.9339 14.5479 1.5
    endloop
  endfacet
  facet normal 0 0 -1
    outer loop
      vertex 16.5 -15 1.5
      vertex 17.5565 -14.7658 1.5
      vertex 17.3551 -14.8492 1.5
    endloop
  endfacet
  facet normal 0 0 -1
    outer loop
      vertex 17.9339 14.5479 1.5
      vertex 16.5 15 1.5
      vertex 17.75 14.6651 1.5
    endloop
  endfacet
  facet normal 0 0 -1
    outer loop
      vertex 16.5 -15 1.5
      vertex 17.3551 -14.8492 1.5
      vertex 17.147 -14.9148 1.5
    endloop
  endfacet
  facet normal 0 0 -1
    outer loop
      vertex 17.75 14.6651 1.5
      vertex 16.5 15 1.5
      vertex 17.5565 14.7658 1.5
    endloop
  endfacet
  facet normal 0 0 -1
    outer loop
      vertex 16.5 -15 1.5
      vertex 17.147 -14.9148 1.5
      vertex 16.9341 -14.962 1.5
    endloop
  endfacet
  facet normal 0 0 -1
    outer loop
      vertex 17.5565 14.7658 1.5
      vertex 16.5 15 1.5
      vertex 17.3551 14.8492 1.5
    endloop
  endfacet
  facet normal 0 0 -1
    outer loop
      vertex 16.5 -15 1.5
      vertex 16.9341 -14.962 1.5
      vertex 16.7179 -14.9905 1.5
    endloop
  endfacet
  facet normal 0 0 -1
    outer loop
      vertex 17.3551 14.8492 1.5
      vertex 16.5 15 1.5
      vertex 17.147 14.9148 1.5
    endloop
  endfacet
  facet normal 0 0 -1
    outer loop
      vertex 17.147 14.9148 1.5
      vertex 16.5 15 1.5
      vertex 16.9341 14.962 1.5
    endloop
  endfacet
  facet normal 0 0 -1
    outer loop
      vertex 16.9341 14.962 1.5
      vertex 16.5 15 1.5
      vertex 16.7179 14.9905 1.5
    endloop
  endfacet
  facet normal 0 0 -1
    outer loop
      vertex -16.5 -15 1.5
      vertex 16.5 15 1.5
      vertex 16.5 -15 1.5
    endloop
  endfacet
  facet normal 0 0 -1
    outer loop
      vertex -16.5 -15 1.5
      vertex -16.5 15 1.5
      vertex 16.5 15 1.5
    endloop
  endfacet
  facet normal 0 0 -1
    outer loop
      vertex -19 -12.5 1.5
      vertex -16.5 -15 1.5
      vertex -16.7179 -14.9905 1.5
    endloop
  endfacet
  facet normal 0 0 -1
    outer loop
      vertex -16.5 -15 1.5
      vertex -19 -12.5 1.5
      vertex -16.5 15 1.5
    endloop
  endfacet
  facet normal 0 0 -1
    outer loop
      vertex -19 -12.5 1.5
      vertex -16.7179 -14.9905 1.5
      vertex -16.9341 -14.962 1.5
    endloop
  endfacet
  facet normal 0 0 -1
    outer loop
      vertex -19 12.5 1.5
      vertex -16.5 15 1.5
      vertex -19 -12.5 1.5
    endloop
  endfacet
  facet normal 0 0 -1
    outer loop
      vertex -19 -12.5 1.5
      vertex -16.9341 -14.962 1.5
      vertex -17.147 -14.9148 1.5
    endloop
  endfacet
  facet normal 0 0 -1
    outer loop
      vertex -16.5 15 1.5
      vertex -19 12.5 1.5
      vertex -16.7179 14.9905 1.5
    endloop
  endfacet
  facet normal 0 0 -1
    outer loop
      vertex -19 -12.5 1.5
      vertex -17.147 -14.9148 1.5
      vertex -17.3551 -14.8492 1.5
    endloop
  endfacet
  facet normal 0 0 -1
    outer loop
      vertex -16.7179 14.9905 1.5
      vertex -19 12.5 1.5
      vertex -16.9341 14.962 1.5
    endloop
  endfacet
  facet normal 0 0 -1
    outer loop
      vertex -19 -12.5 1.5
      vertex -17.3551 -14.8492 1.5
      vertex -17.5565 -14.7658 1.5
    endloop
  endfacet
  facet normal 0 0 -1
    outer loop
      vertex -16.9341 14.962 1.5
      vertex -19 12.5 1.5
      vertex -17.147 14.9148 1.5
    endloop
  endfacet
  facet normal 0 0 -1
    outer loop
      vertex -19 -12.5 1.5
      vertex -17.5565 -14.7658 1.5
      vertex -17.75 -14.6651 1.5
    endloop
  endfacet
  facet normal 0 0 -1
    outer loop
      vertex -17.147 14.9148 1.5
      vertex -19 12.5 1.5
      vertex -17.3551 14.8492 1.5
    endloop
  endfacet
  facet normal 0 0 -1
    outer loop
      vertex -19 -12.5 1.5
      vertex -17.75 -14.6651 1.5
      vertex -17.9339 -14.5479 1.5
    endloop
  endfacet
  facet normal 0 0 -1
    outer loop
      vertex -17.3551 14.8492 1.5
      vertex -19 12.5 1.5
      vertex -17.5565 14.7658 1.5
    endloop
  endfacet
  facet normal 0 0 -1
    outer loop
      vertex -19 -12.5 1.5
      vertex -17.9339 -14.5479 1.5
      vertex -18.107 -14.4151 1.5
    endloop
  endfacet
  facet normal 0 0 -1
    outer loop
      vertex -17.5565 14.7658 1.5
      vertex -19 12.5 1.5
      vertex -17.75 14.6651 1.5
    endloop
  endfacet
  facet normal 0 0 -1
    outer loop
      vertex -19 -12.5 1.5
      vertex -18.107 -14.4151 1.5
      vertex -18.2678 -14.2678 1.5
    endloop
  endfacet
  facet normal 0 0 -1
    outer loop
      vertex -17.75 14.6651 1.5
      vertex -19 12.5 1.5
      vertex -17.9339 14.5479 1.5
    endloop
  endfacet
  facet normal 0 0 -1
    outer loop
      vertex -19 -12.5 1.5
      vertex -18.2678 -14.2678 1.5
      vertex -18.4151 -14.107 1.5
    endloop
  endfacet
  facet normal 0 0 -1
    outer loop
      vertex -17.9339 14.5479 1.5
      vertex -19 12.5 1.5
      vertex -18.107 14.4151 1.5
    endloop
  endfacet
  facet normal 0 0 -1
    outer loop
      vertex -19 -12.5 1.5
      vertex -18.4151 -14.107 1.5
      vertex -18.5479 -13.9339 1.5
    endloop
  endfacet
  facet normal 0 0 -1
    outer loop
      vertex -18.107 14.4151 1.5
      vertex -19 12.5 1.5
      vertex -18.2678 14.2678 1.5
    endloop
  endfacet
  facet normal 0 0 -1
    outer loop
      vertex -19 -12.5 1.5
      vertex -18.5479 -13.9339 1.5
      vertex -18.6651 -13.75 1.5
    endloop
  endfacet
  facet normal 0 0 -1
    outer loop
      vertex -18.2678 14.2678 1.5
      vertex -19 12.5 1.5
      vertex -18.4151 14.107 1.5
    endloop
  endfacet
  facet normal 0 0 -1
    outer loop
      vertex -19 -12.5 1.5
      vertex -18.6651 -13.75 1.5
      vertex -18.7658 -13.5565 1.5
    endloop
  endfacet
  facet normal 0 0 -1
    outer loop
      vertex -18.4151 14.107 1.5
      vertex -19 12.5 1.5
      vertex -18.5479 13.9339 1.5
    endloop
  endfacet
  facet normal 0 0 -1
    outer loop
      vertex -19 -12.5 1.5
      vertex -18.7658 -13.5565 1.5
      vertex -18.8492 -13.3551 1.5
    endloop
  endfacet
  facet normal 0 0 -1
    outer loop
      vertex -18.5479 13.9339 1.5
      vertex -19 12.5 1.5
      vertex -18.6651 13.75 1.5
    endloop
  endfacet
  facet normal 0 0 -1
    outer loop
      vertex -19 -12.5 1.5
      vertex -18.8492 -13.3551 1.5
      vertex -18.9148 -13.147 1.5
    endloop
  endfacet
  facet normal 0 0 -1
    outer loop
      vertex -18.6651 13.75 1.5
      vertex -19 12.5 1.5
      vertex -18.7658 13.5565 1.5
    endloop
  endfacet
  facet normal 0 0 -1
    outer loop
      vertex -19 -12.5 1.5
      vertex -18.9148 -13.147 1.5
      vertex -18.962 -12.9341 1.5
    endloop
  endfacet
  facet normal 0 0 -1
    outer loop
      vertex -18.7658 13.5565 1.5
      vertex -19 12.5 1.5
      vertex -18.8492 13.3551 1.5
    endloop
  endfacet
  facet normal 0 0 -1
    outer loop
      vertex -19 -12.5 1.5
      vertex -18.962 -12.9341 1.5
      vertex -18.9905 -12.7179 1.5
    endloop
  endfacet
  facet normal 0 0 -1
    outer loop
      vertex -18.8492 13.3551 1.5
      vertex -19 12.5 1.5
      vertex -18.9148 13.147 1.5
    endloop
  endfacet
  facet normal 0 0 -1
    outer loop
      vertex -18.9148 13.147 1.5
      vertex -19 12.5 1.5
      vertex -18.962 12.9341 1.5
    endloop
  endfacet
  facet normal 0 0 -1
    outer loop
      vertex -18.962 12.9341 1.5
      vertex -19 12.5 1.5
      vertex -18.9905 12.7179 1.5
    endloop
  endfacet
endsolid OpenSCAD_Model
