solid OpenSCAD_Model
  facet normal 0.216463 -0.976291 0
    outer loop
      vertex 1.84729 -9.96962 0
      vertex 2.01764 -9.93185 30
      vertex 1.84729 -9.96962 30
    endloop
  endfacet
  facet normal 0.216463 -0.976291 0
    outer loop
      vertex 2.01764 -9.93185 30
      vertex 1.84729 -9.96962 0
      vertex 2.01764 -9.93185 0
    endloop
  endfacet
  facet normal -0.67554 -0.737323 0
    outer loop
      vertex -2.91422 -9.41422 0
      vertex -2.78557 -9.53209 30
      vertex -2.91422 -9.41422 30
    endloop
  endfacet
  facet normal -0.675521 -0.73734 -1.49915e-07
    outer loop
      vertex -2.82059 -9.5 0
      vertex -2.78557 -9.53209 30
      vertex -2.91422 -9.41422 0
    endloop
  endfacet
  facet normal -0.675591 -0.737276 -0
    outer loop
      vertex -2.78557 -9.53209 30
      vertex -2.82059 -9.5 0
      vertex -2.78557 -9.53209 0
    endloop
  endfacet
  facet normal -0.976291 0.216463 0
    outer loop
      vertex -3.46962 8.34729 0
      vertex -3.43185 8.51764 12.1868
      vertex -3.43185 8.51764 0
    endloop
  endfacet
  facet normal -0.976289 0.216473 -1.47471e-07
    outer loop
      vertex -3.43185 8.51764 12.1868
      vertex -3.46962 8.34729 0
      vertex -3.45291 8.42266 12.2473
    endloop
  endfacet
  facet normal -0.976294 0.21645 0
    outer loop
      vertex -3.45291 8.42266 12.2473
      vertex -3.46962 8.34729 0
      vertex -3.46962 8.34729 12.3052
    endloop
  endfacet
  facet normal -0.976289 0.216473 0
    outer loop
      vertex -3.45291 8.42266 16.7527
      vertex -3.43185 8.51764 23.9765
      vertex -3.43185 8.51764 16.8132
    endloop
  endfacet
  facet normal -0.976294 0.21645 3.19539e-07
    outer loop
      vertex -3.46962 8.34729 16.6948
      vertex -3.43185 8.51764 23.9765
      vertex -3.45291 8.42266 16.7527
    endloop
  endfacet
  facet normal -0.976291 0.216463 0
    outer loop
      vertex -3.43185 8.51764 23.9765
      vertex -3.46962 8.34729 16.6948
      vertex -3.46962 8.34729 24.2036
    endloop
  endfacet
  facet normal 0.461712 -0.88703 0
    outer loop
      vertex 2.34523 -9.81262 0
      vertex 2.5 -9.73206 30
      vertex 2.34523 -9.81262 30
    endloop
  endfacet
  facet normal 0.461712 -0.88703 0
    outer loop
      vertex 2.5 -9.73206 30
      vertex 2.34523 -9.81262 0
      vertex 2.5 -9.73206 0
    endloop
  endfacet
  facet normal 1 -0 0
    outer loop
      vertex 3.5 2.24506 16.7451
      vertex 3.5 8 16.384
      vertex 3.5 8 24.6667
    endloop
  endfacet
  facet normal 1 -0 -0
    outer loop
      vertex 3.5 2.43219 16.5409
      vertex 3.5 8 16.384
      vertex 3.5 2.24506 16.7451
    endloop
  endfacet
  facet normal 1 0 0
    outer loop
      vertex 3.5 8 16.384
      vertex 3.5 2.43219 16.5409
      vertex 3.5 7.89338 16.2677
    endloop
  endfacet
  facet normal 1 -0 -0
    outer loop
      vertex 3.5 2.60081 16.3211
      vertex 3.5 7.89338 16.2677
      vertex 3.5 2.43219 16.5409
    endloop
  endfacet
  facet normal 1 0 0
    outer loop
      vertex 3.5 7.89338 16.2677
      vertex 3.5 2.60081 16.3211
      vertex 3.5 7.74733 16.0773
    endloop
  endfacet
  facet normal 1 -0 -0
    outer loop
      vertex 3.5 2.74963 16.0875
      vertex 3.5 7.74733 16.0773
      vertex 3.5 2.60081 16.3211
    endloop
  endfacet
  facet normal 1 0 -0
    outer loop
      vertex 3.5 2.87753 15.8418
      vertex 3.5 7.61843 15.875
      vertex 3.5 2.74963 16.0875
    endloop
  endfacet
  facet normal 1 0 0
    outer loop
      vertex 3.5 7.61843 15.875
      vertex 3.5 2.87753 15.8418
      vertex 3.5 7.50765 15.6622
    endloop
  endfacet
  facet normal 1 0 0
    outer loop
      vertex 3.5 7.74733 16.0773
      vertex 3.5 2.74963 16.0875
      vertex 3.5 7.61843 15.875
    endloop
  endfacet
  facet normal 1 0 0
    outer loop
      vertex 3.5 2.24506 16.7451
      vertex 3.5 8 24.6667
      vertex 3.5 4 30
    endloop
  endfacet
  facet normal 1 0 0
    outer loop
      vertex 3.5 2.43219 12.4591
      vertex 3.5 8 12.616
      vertex 3.5 7.89338 12.7323
    endloop
  endfacet
  facet normal 1 0 0
    outer loop
      vertex 3.5 2.60081 12.6789
      vertex 3.5 7.89338 12.7323
      vertex 3.5 7.74733 12.9227
    endloop
  endfacet
  facet normal 1 0 0
    outer loop
      vertex 3.5 2.74963 12.9125
      vertex 3.5 7.74733 12.9227
      vertex 3.5 7.61843 13.125
    endloop
  endfacet
  facet normal 1 -0 0
    outer loop
      vertex 3.5 2.87753 13.1582
      vertex 3.5 7.61843 13.125
      vertex 3.5 7.50765 13.3378
    endloop
  endfacet
  facet normal 1 -0 0
    outer loop
      vertex 3.5 2.98352 13.4141
      vertex 3.5 7.50765 13.3378
      vertex 3.5 7.41584 13.5594
    endloop
  endfacet
  facet normal 1 -0 0
    outer loop
      vertex 3.5 3.06681 13.6782
      vertex 3.5 7.41584 13.5594
      vertex 3.5 7.3437 13.7882
    endloop
  endfacet
  facet normal 1 -0 0
    outer loop
      vertex 3.5 3.12676 13.9487
      vertex 3.5 7.3437 13.7882
      vertex 3.5 7.29178 14.0225
    endloop
  endfacet
  facet normal 1 -0 0
    outer loop
      vertex 3.5 3.16292 14.2233
      vertex 3.5 7.29178 14.0225
      vertex 3.5 7.26046 14.2603
    endloop
  endfacet
  facet normal 1 0 -0
    outer loop
      vertex 3.5 2.98352 15.5859
      vertex 3.5 7.50765 15.6622
      vertex 3.5 2.87753 15.8418
    endloop
  endfacet
  facet normal 1 0 0
    outer loop
      vertex 3.5 7.50765 15.6622
      vertex 3.5 2.98352 15.5859
      vertex 3.5 7.41584 15.4406
    endloop
  endfacet
  facet normal 1 0 0
    outer loop
      vertex 3.5 7.25 14.5
      vertex 3.5 3.175 14.5
      vertex 3.5 7.26046 14.2603
    endloop
  endfacet
  facet normal 1 0 0
    outer loop
      vertex 3.5 7.29178 14.0225
      vertex 3.5 3.16292 14.2233
      vertex 3.5 3.12676 13.9487
    endloop
  endfacet
  facet normal 1 0 0
    outer loop
      vertex 3.5 7.3437 13.7882
      vertex 3.5 3.12676 13.9487
      vertex 3.5 3.06681 13.6782
    endloop
  endfacet
  facet normal 1 0 0
    outer loop
      vertex 3.5 7.41584 13.5594
      vertex 3.5 3.06681 13.6782
      vertex 3.5 2.98352 13.4141
    endloop
  endfacet
  facet normal 1 0 0
    outer loop
      vertex 3.5 7.50765 13.3378
      vertex 3.5 2.98352 13.4141
      vertex 3.5 2.87753 13.1582
    endloop
  endfacet
  facet normal 1 0 0
    outer loop
      vertex 3.5 7.61843 13.125
      vertex 3.5 2.87753 13.1582
      vertex 3.5 2.74963 12.9125
    endloop
  endfacet
  facet normal 1 0 0
    outer loop
      vertex 3.5 7.74733 12.9227
      vertex 3.5 2.74963 12.9125
      vertex 3.5 2.60081 12.6789
    endloop
  endfacet
  facet normal 1 0 0
    outer loop
      vertex 3.5 7.89338 12.7323
      vertex 3.5 2.60081 12.6789
      vertex 3.5 2.43219 12.4591
    endloop
  endfacet
  facet normal 1 0 0
    outer loop
      vertex 3.5 8 12.616
      vertex 3.5 2.43219 12.4591
      vertex 3.5 2.24506 12.2549
    endloop
  endfacet
  facet normal 1 0 0
    outer loop
      vertex 3.5 8 12.616
      vertex 3.5 2.24506 12.2549
      vertex 3.5 2.04085 12.0678
    endloop
  endfacet
  facet normal 1 0 0
    outer loop
      vertex 3.5 8 12.616
      vertex 3.5 2.04085 12.0678
      vertex 3.5 1.82111 11.8992
    endloop
  endfacet
  facet normal 1 0 0
    outer loop
      vertex 3.5 8 12.616
      vertex 3.5 1.82111 11.8992
      vertex 3.5 8 0
    endloop
  endfacet
  facet normal 1 -0 0
    outer loop
      vertex 3.5 1.5875 11.7504
      vertex 3.5 8 0
      vertex 3.5 1.82111 11.8992
    endloop
  endfacet
  facet normal 1 -0 0
    outer loop
      vertex 3.5 1.34181 11.6225
      vertex 3.5 8 0
      vertex 3.5 1.5875 11.7504
    endloop
  endfacet
  facet normal 1 -0 0
    outer loop
      vertex 3.5 1.08591 11.5165
      vertex 3.5 8 0
      vertex 3.5 1.34181 11.6225
    endloop
  endfacet
  facet normal 1 -0 0
    outer loop
      vertex 3.5 0.82175 11.4332
      vertex 3.5 8 0
      vertex 3.5 1.08591 11.5165
    endloop
  endfacet
  facet normal 1 -0 0
    outer loop
      vertex 3.5 0.551332 11.3732
      vertex 3.5 8 0
      vertex 3.5 0.82175 11.4332
    endloop
  endfacet
  facet normal 1 -0 0
    outer loop
      vertex 3.5 0.276719 11.3371
      vertex 3.5 8 0
      vertex 3.5 0.551332 11.3732
    endloop
  endfacet
  facet normal 1 -0 0
    outer loop
      vertex 3.5 0 11.325
      vertex 3.5 8 0
      vertex 3.5 0.276719 11.3371
    endloop
  endfacet
  facet normal 1 0 0
    outer loop
      vertex 3.5 -8 0
      vertex 3.5 0 11.325
      vertex 3.5 -0.276719 11.3371
    endloop
  endfacet
  facet normal 1 0 0
    outer loop
      vertex 3.5 -8 0
      vertex 3.5 -0.276719 11.3371
      vertex 3.5 -0.551332 11.3732
    endloop
  endfacet
  facet normal 1 0 0
    outer loop
      vertex 3.5 -8 0
      vertex 3.5 -0.551332 11.3732
      vertex 3.5 -0.82175 11.4332
    endloop
  endfacet
  facet normal 1 0 0
    outer loop
      vertex 3.5 -8 0
      vertex 3.5 -0.82175 11.4332
      vertex 3.5 -1.08591 11.5165
    endloop
  endfacet
  facet normal 1 0 0
    outer loop
      vertex 3.5 -8 0
      vertex 3.5 -1.08591 11.5165
      vertex 3.5 -1.34181 11.6225
    endloop
  endfacet
  facet normal 1 0 0
    outer loop
      vertex 3.5 -8 0
      vertex 3.5 -1.34181 11.6225
      vertex 3.5 -1.5875 11.7504
    endloop
  endfacet
  facet normal 1 0 0
    outer loop
      vertex 3.5 -8 0
      vertex 3.5 -1.5875 11.7504
      vertex 3.5 -1.82111 11.8992
    endloop
  endfacet
  facet normal 1 0 0
    outer loop
      vertex 3.5 -8 0
      vertex 3.5 -1.82111 11.8992
      vertex 3.5 -2.04085 12.0678
    endloop
  endfacet
  facet normal 1 0 0
    outer loop
      vertex 3.5 -8 0
      vertex 3.5 -2.04085 12.0678
      vertex 3.5 -2.24506 12.2549
    endloop
  endfacet
  facet normal 1 0 0
    outer loop
      vertex 3.5 -8 0
      vertex 3.5 -2.24506 12.2549
      vertex 3.5 -2.43219 12.4591
    endloop
  endfacet
  facet normal 1 0 0
    outer loop
      vertex 3.5 -8 0
      vertex 3.5 -3.175 14.5
      vertex 3.5 -8 30
    endloop
  endfacet
  facet normal 1 0 0
    outer loop
      vertex 3.5 -3.175 14.5
      vertex 3.5 -8 0
      vertex 3.5 -3.16292 14.2233
    endloop
  endfacet
  facet normal 1 0 0
    outer loop
      vertex 3.5 -3.16292 14.2233
      vertex 3.5 -8 0
      vertex 3.5 -3.12676 13.9487
    endloop
  endfacet
  facet normal 1 0 0
    outer loop
      vertex 3.5 0 11.325
      vertex 3.5 -8 0
      vertex 3.5 8 0
    endloop
  endfacet
  facet normal 1 0 0
    outer loop
      vertex 3.5 -2.60081 12.6789
      vertex 3.5 -8 0
      vertex 3.5 -2.43219 12.4591
    endloop
  endfacet
  facet normal 1 0 0
    outer loop
      vertex 3.5 -2.74963 12.9125
      vertex 3.5 -8 0
      vertex 3.5 -2.60081 12.6789
    endloop
  endfacet
  facet normal 1 0 0
    outer loop
      vertex 3.5 -2.87753 13.1582
      vertex 3.5 -8 0
      vertex 3.5 -2.74963 12.9125
    endloop
  endfacet
  facet normal 1 0 0
    outer loop
      vertex 3.5 -2.98352 13.4141
      vertex 3.5 -8 0
      vertex 3.5 -2.87753 13.1582
    endloop
  endfacet
  facet normal 1 0 0
    outer loop
      vertex 3.5 -3.06681 13.6782
      vertex 3.5 -8 0
      vertex 3.5 -2.98352 13.4141
    endloop
  endfacet
  facet normal 1 0 0
    outer loop
      vertex 3.5 -3.12676 13.9487
      vertex 3.5 -8 0
      vertex 3.5 -3.06681 13.6782
    endloop
  endfacet
  facet normal 1 0 0
    outer loop
      vertex 3.5 3.16292 14.2233
      vertex 3.5 7.26046 14.2603
      vertex 3.5 3.175 14.5
    endloop
  endfacet
  facet normal 1 0 -0
    outer loop
      vertex 3.5 3.175 14.5
      vertex 3.5 7.25 14.5
      vertex 3.5 3.16292 14.7767
    endloop
  endfacet
  facet normal 1 0 0
    outer loop
      vertex 3.5 7.26046 14.7397
      vertex 3.5 3.16292 14.7767
      vertex 3.5 7.25 14.5
    endloop
  endfacet
  facet normal 1 0 0
    outer loop
      vertex 3.5 7.29178 14.9775
      vertex 3.5 3.16292 14.7767
      vertex 3.5 7.26046 14.7397
    endloop
  endfacet
  facet normal 1 0 -0
    outer loop
      vertex 3.5 3.16292 14.7767
      vertex 3.5 7.29178 14.9775
      vertex 3.5 3.12676 15.0513
    endloop
  endfacet
  facet normal 1 0 0
    outer loop
      vertex 3.5 7.3437 15.2118
      vertex 3.5 3.12676 15.0513
      vertex 3.5 7.29178 14.9775
    endloop
  endfacet
  facet normal 1 0 -0
    outer loop
      vertex 3.5 3.12676 15.0513
      vertex 3.5 7.3437 15.2118
      vertex 3.5 3.06681 15.3217
    endloop
  endfacet
  facet normal 1 0 0
    outer loop
      vertex 3.5 7.41584 15.4406
      vertex 3.5 3.06681 15.3217
      vertex 3.5 7.3437 15.2118
    endloop
  endfacet
  facet normal 1 0 -0
    outer loop
      vertex 3.5 3.06681 15.3217
      vertex 3.5 7.41584 15.4406
      vertex 3.5 2.98352 15.5859
    endloop
  endfacet
  facet normal 1 0 0
    outer loop
      vertex 3.5 4 30
      vertex 3.5 2.04085 16.9322
      vertex 3.5 2.24506 16.7451
    endloop
  endfacet
  facet normal 1 0 0
    outer loop
      vertex 3.5 4 30
      vertex 3.5 1.82111 17.1008
      vertex 3.5 2.04085 16.9322
    endloop
  endfacet
  facet normal 1 0 0
    outer loop
      vertex 3.5 4 30
      vertex 3.5 1.5875 17.2496
      vertex 3.5 1.82111 17.1008
    endloop
  endfacet
  facet normal 1 0 0
    outer loop
      vertex 3.5 4 30
      vertex 3.5 1.34181 17.3775
      vertex 3.5 1.5875 17.2496
    endloop
  endfacet
  facet normal 1 0 0
    outer loop
      vertex 3.5 4 30
      vertex 3.5 1.08591 17.4835
      vertex 3.5 1.34181 17.3775
    endloop
  endfacet
  facet normal 1 0 0
    outer loop
      vertex 3.5 4 30
      vertex 3.5 0.82175 17.5668
      vertex 3.5 1.08591 17.4835
    endloop
  endfacet
  facet normal 1 0 0
    outer loop
      vertex 3.5 4 30
      vertex 3.5 0.551332 17.6268
      vertex 3.5 0.82175 17.5668
    endloop
  endfacet
  facet normal 1 0 0
    outer loop
      vertex 3.5 4 30
      vertex 3.5 0.276719 17.6629
      vertex 3.5 0.551332 17.6268
    endloop
  endfacet
  facet normal 1 0 0
    outer loop
      vertex 3.5 4 30
      vertex 3.5 0 17.675
      vertex 3.5 0.276719 17.6629
    endloop
  endfacet
  facet normal 1 0 0
    outer loop
      vertex 3.5 4 30
      vertex 3.5 -0.276719 17.6629
      vertex 3.5 0 17.675
    endloop
  endfacet
  facet normal 1 0 0
    outer loop
      vertex 3.5 4 30
      vertex 3.5 -0.551332 17.6268
      vertex 3.5 -0.276719 17.6629
    endloop
  endfacet
  facet normal 1 -0 0
    outer loop
      vertex 3.5 -8 30
      vertex 3.5 -0.551332 17.6268
      vertex 3.5 4 30
    endloop
  endfacet
  facet normal 1 0 0
    outer loop
      vertex 3.5 -0.551332 17.6268
      vertex 3.5 -8 30
      vertex 3.5 -0.82175 17.5668
    endloop
  endfacet
  facet normal 1 0 0
    outer loop
      vertex 3.5 -0.82175 17.5668
      vertex 3.5 -8 30
      vertex 3.5 -1.08591 17.4835
    endloop
  endfacet
  facet normal 1 0 0
    outer loop
      vertex 3.5 -1.08591 17.4835
      vertex 3.5 -8 30
      vertex 3.5 -1.34181 17.3775
    endloop
  endfacet
  facet normal 1 0 0
    outer loop
      vertex 3.5 -1.34181 17.3775
      vertex 3.5 -8 30
      vertex 3.5 -1.5875 17.2496
    endloop
  endfacet
  facet normal 1 0 0
    outer loop
      vertex 3.5 -1.5875 17.2496
      vertex 3.5 -8 30
      vertex 3.5 -1.82111 17.1008
    endloop
  endfacet
  facet normal 1 0 0
    outer loop
      vertex 3.5 -1.82111 17.1008
      vertex 3.5 -8 30
      vertex 3.5 -2.04085 16.9322
    endloop
  endfacet
  facet normal 1 0 0
    outer loop
      vertex 3.5 -2.04085 16.9322
      vertex 3.5 -8 30
      vertex 3.5 -2.24506 16.7451
    endloop
  endfacet
  facet normal 1 0 0
    outer loop
      vertex 3.5 -2.24506 16.7451
      vertex 3.5 -8 30
      vertex 3.5 -2.43219 16.5409
    endloop
  endfacet
  facet normal 1 0 0
    outer loop
      vertex 3.5 -2.43219 16.5409
      vertex 3.5 -8 30
      vertex 3.5 -2.60081 16.3211
    endloop
  endfacet
  facet normal 1 0 0
    outer loop
      vertex 3.5 -2.60081 16.3211
      vertex 3.5 -8 30
      vertex 3.5 -2.74963 16.0875
    endloop
  endfacet
  facet normal 1 0 0
    outer loop
      vertex 3.5 -3.16292 14.7767
      vertex 3.5 -8 30
      vertex 3.5 -3.175 14.5
    endloop
  endfacet
  facet normal 1 0 0
    outer loop
      vertex 3.5 -3.12676 15.0513
      vertex 3.5 -8 30
      vertex 3.5 -3.16292 14.7767
    endloop
  endfacet
  facet normal 1 0 0
    outer loop
      vertex 3.5 -3.06681 15.3217
      vertex 3.5 -8 30
      vertex 3.5 -3.12676 15.0513
    endloop
  endfacet
  facet normal 1 0 0
    outer loop
      vertex 3.5 -2.98352 15.5859
      vertex 3.5 -8 30
      vertex 3.5 -3.06681 15.3217
    endloop
  endfacet
  facet normal 1 0 0
    outer loop
      vertex 3.5 -2.87753 15.8418
      vertex 3.5 -8 30
      vertex 3.5 -2.98352 15.5859
    endloop
  endfacet
  facet normal 1 0 0
    outer loop
      vertex 3.5 -2.74963 16.0875
      vertex 3.5 -8 30
      vertex 3.5 -2.87753 15.8418
    endloop
  endfacet
  facet normal 0.991446 -0.130515 0
    outer loop
      vertex 3.46962 -8.34729 30
      vertex 3.49239 -8.17432 0
      vertex 3.49239 -8.17432 30
    endloop
  endfacet
  facet normal 0.991446 -0.130515 0
    outer loop
      vertex 3.49239 -8.17432 0
      vertex 3.46962 -8.34729 30
      vertex 3.46962 -8.34729 0
    endloop
  endfacet
  facet normal 0 -1 0
    outer loop
      vertex -1.5 -10 0
      vertex 1.5 -10 30
      vertex -1.5 -10 30
    endloop
  endfacet
  facet normal 0 -1 -0
    outer loop
      vertex 1.5 -10 30
      vertex -1.5 -10 0
      vertex 1.5 -10 0
    endloop
  endfacet
  facet normal -0.0436138 0.999048 0
    outer loop
      vertex -1.5 10 0
      vertex -1.67432 9.99239 11.7503
      vertex -1.5 10 11.75
    endloop
  endfacet
  facet normal -0.0436138 0.999048 0
    outer loop
      vertex -1.67432 9.99239 11.7503
      vertex -1.5 10 0
      vertex -1.67432 9.99239 0
    endloop
  endfacet
  facet normal -0.0436138 0.999048 0
    outer loop
      vertex -1.67432 9.99239 17.2497
      vertex -1.5 10 22
      vertex -1.5 10 17.25
    endloop
  endfacet
  facet normal -0.0436138 0.999048 0
    outer loop
      vertex -1.5 10 22
      vertex -1.67432 9.99239 17.2497
      vertex -1.67432 9.99239 22.0102
    endloop
  endfacet
  facet normal 0.130515 -0.991446 0
    outer loop
      vertex 1.67432 -9.99239 0
      vertex 1.84729 -9.96962 30
      vertex 1.67432 -9.99239 30
    endloop
  endfacet
  facet normal 0.130515 -0.991446 0
    outer loop
      vertex 1.84729 -9.96962 30
      vertex 1.67432 -9.99239 0
      vertex 1.84729 -9.96962 0
    endloop
  endfacet
  facet normal 0.0436138 -0.999048 0
    outer loop
      vertex 1.5 -10 0
      vertex 1.67432 -9.99239 30
      vertex 1.5 -10 30
    endloop
  endfacet
  facet normal 0.0436138 -0.999048 0
    outer loop
      vertex 1.67432 -9.99239 30
      vertex 1.5 -10 0
      vertex 1.67432 -9.99239 0
    endloop
  endfacet
  facet normal 0.608813 -0.793314 0
    outer loop
      vertex 2.64716 -9.63831 0
      vertex 2.78557 -9.53209 30
      vertex 2.64716 -9.63831 30
    endloop
  endfacet
  facet normal 0.608813 -0.793314 0
    outer loop
      vertex 2.78557 -9.53209 30
      vertex 2.64716 -9.63831 0
      vertex 2.78557 -9.53209 0
    endloop
  endfacet
  facet normal 0.537294 -0.843395 0
    outer loop
      vertex 2.5 -9.73206 0
      vertex 2.64716 -9.63831 30
      vertex 2.5 -9.73206 30
    endloop
  endfacet
  facet normal 0.537294 -0.843395 0
    outer loop
      vertex 2.64716 -9.63831 30
      vertex 2.5 -9.73206 0
      vertex 2.64716 -9.63831 0
    endloop
  endfacet
  facet normal -0.923894 0.382649 0
    outer loop
      vertex -3.37938 8.68404 0
      vertex -3.31262 8.84523 12.0046
      vertex -3.31262 8.84523 0
    endloop
  endfacet
  facet normal -0.923775 0.382936 -4.51517e-06
    outer loop
      vertex -3.31262 8.84523 12.0046
      vertex -3.37938 8.68404 0
      vertex -3.3157 8.8378 12.0077
    endloop
  endfacet
  facet normal -0.9239 0.382635 0
    outer loop
      vertex -3.3157 8.8378 12.0077
      vertex -3.37938 8.68404 0
      vertex -3.37938 8.68404 12.0877
    endloop
  endfacet
  facet normal -0.923774 0.382937 0
    outer loop
      vertex -3.3157 8.8378 16.9923
      vertex -3.31262 8.84523 23.5397
      vertex -3.31262 8.84523 16.9954
    endloop
  endfacet
  facet normal -0.9239 0.382635 4.02568e-07
    outer loop
      vertex -3.37938 8.68404 16.9123
      vertex -3.31262 8.84523 23.5397
      vertex -3.3157 8.8378 16.9923
    endloop
  endfacet
  facet normal -0.923894 0.382649 0
    outer loop
      vertex -3.31262 8.84523 23.5397
      vertex -3.37938 8.68404 16.9123
      vertex -3.37938 8.68404 23.7546
    endloop
  endfacet
  facet normal -0.461712 0.88703 0
    outer loop
      vertex -2.5 9.73206 0
      vertex -2.34523 9.81262 11.7582
      vertex -2.34523 9.81262 0
    endloop
  endfacet
  facet normal -0.461739 0.887016 4.5623e-07
    outer loop
      vertex -2.34523 9.81262 11.7582
      vertex -2.5 9.73206 0
      vertex -2.4457 9.76032 11.7605
    endloop
  endfacet
  facet normal -0.461661 0.887056 0
    outer loop
      vertex -2.4457 9.76032 11.7605
      vertex -2.5 9.73206 0
      vertex -2.5 9.73206 11.7642
    endloop
  endfacet
  facet normal -0.461739 0.887016 0
    outer loop
      vertex -2.4457 9.76032 17.2395
      vertex -2.34523 9.81262 22.2498
      vertex -2.34523 9.81262 17.2418
    endloop
  endfacet
  facet normal -0.461661 0.887056 -1.98446e-06
    outer loop
      vertex -2.5 9.73206 17.2358
      vertex -2.34523 9.81262 22.2498
      vertex -2.4457 9.76032 17.2395
    endloop
  endfacet
  facet normal -0.461712 0.88703 0
    outer loop
      vertex -2.34523 9.81262 22.2498
      vertex -2.5 9.73206 17.2358
      vertex -2.5 9.73206 22.3573
    endloop
  endfacet
  facet normal 0.843395 -0.537294 0
    outer loop
      vertex 3.13831 -9.14716 30
      vertex 3.23206 -9 0
      vertex 3.23206 -9 30
    endloop
  endfacet
  facet normal 0.843395 -0.537294 0
    outer loop
      vertex 3.23206 -9 0
      vertex 3.13831 -9.14716 30
      vertex 3.13831 -9.14716 0
    endloop
  endfacet
  facet normal -0.999048 0.0436138 0
    outer loop
      vertex -3.5 8 0
      vertex -3.49239 8.17432 12.4465
      vertex -3.49239 8.17432 0
    endloop
  endfacet
  facet normal -0.999048 0.0436231 -1.30816e-07
    outer loop
      vertex -3.49239 8.17432 12.4465
      vertex -3.5 8 0
      vertex -3.49758 8.05546 12.5555
    endloop
  endfacet
  facet normal -0.999049 0.0435936 0
    outer loop
      vertex -3.49758 8.05546 12.5555
      vertex -3.5 8 0
      vertex -3.5 8 12.616
    endloop
  endfacet
  facet normal -0.999048 0.0436232 0
    outer loop
      vertex -3.49758 8.05546 16.4445
      vertex -3.49239 8.17432 24.4342
      vertex -3.49239 8.17432 16.5535
    endloop
  endfacet
  facet normal -0.999049 0.0435931 4.49657e-07
    outer loop
      vertex -3.5 8 16.384
      vertex -3.49239 8.17432 24.4342
      vertex -3.49758 8.05546 16.4445
    endloop
  endfacet
  facet normal -0.999048 0.0436138 0
    outer loop
      vertex -3.49239 8.17432 24.4342
      vertex -3.5 8 16.384
      vertex -3.5 8 24.6667
    endloop
  endfacet
  facet normal -0.537294 -0.843395 0
    outer loop
      vertex -2.64716 -9.63831 0
      vertex -2.5 -9.73206 30
      vertex -2.64716 -9.63831 30
    endloop
  endfacet
  facet normal -0.537294 -0.843395 -0
    outer loop
      vertex -2.5 -9.73206 30
      vertex -2.64716 -9.63831 0
      vertex -2.5 -9.73206 0
    endloop
  endfacet
  facet normal 0.88703 -0.461712 0
    outer loop
      vertex 3.23206 -9 30
      vertex 3.31262 -8.84523 0
      vertex 3.31262 -8.84523 30
    endloop
  endfacet
  facet normal 0.88703 -0.461712 0
    outer loop
      vertex 3.31262 -8.84523 0
      vertex 3.23206 -9 30
      vertex 3.23206 -9 0
    endloop
  endfacet
  facet normal -0.991446 -0.130515 0
    outer loop
      vertex -3.46962 -8.34729 0
      vertex -3.49239 -8.17432 30
      vertex -3.49239 -8.17432 0
    endloop
  endfacet
  facet normal -0.991446 -0.130515 0
    outer loop
      vertex -3.49239 -8.17432 30
      vertex -3.46962 -8.34729 0
      vertex -3.46962 -8.34729 30
    endloop
  endfacet
  facet normal 0.976291 -0.216463 0
    outer loop
      vertex 3.43185 -8.51764 30
      vertex 3.46962 -8.34729 0
      vertex 3.46962 -8.34729 30
    endloop
  endfacet
  facet normal 0.976291 -0.216463 0
    outer loop
      vertex 3.46962 -8.34729 0
      vertex 3.43185 -8.51764 30
      vertex 3.43185 -8.51764 0
    endloop
  endfacet
  facet normal -0.88703 -0.461712 0
    outer loop
      vertex -3.23206 -9 0
      vertex -3.31262 -8.84523 30
      vertex -3.31262 -8.84523 0
    endloop
  endfacet
  facet normal -0.88703 -0.461712 0
    outer loop
      vertex -3.31262 -8.84523 30
      vertex -3.23206 -9 0
      vertex -3.23206 -9 30
    endloop
  endfacet
  facet normal -0.382649 -0.923894 0
    outer loop
      vertex -2.34523 -9.81262 0
      vertex -2.18404 -9.87938 30
      vertex -2.34523 -9.81262 30
    endloop
  endfacet
  facet normal -0.382649 -0.923894 -0
    outer loop
      vertex -2.18404 -9.87938 30
      vertex -2.34523 -9.81262 0
      vertex -2.18404 -9.87938 0
    endloop
  endfacet
  facet normal -0.843395 0.537294 0
    outer loop
      vertex -3.23206 9 0
      vertex -3.13831 9.14716 11.8882
      vertex -3.13831 9.14716 0
    endloop
  endfacet
  facet normal -0.843451 0.537206 1.54753e-06
    outer loop
      vertex -3.13831 9.14716 11.8882
      vertex -3.23206 9 0
      vertex -3.19418 9.05944 11.9158
    endloop
  endfacet
  facet normal -0.843311 0.537426 0
    outer loop
      vertex -3.19418 9.05944 11.9158
      vertex -3.23206 9 0
      vertex -3.23206 9 11.9405
    endloop
  endfacet
  facet normal -0.843452 0.537205 0
    outer loop
      vertex -3.19418 9.05944 17.0842
      vertex -3.13831 9.14716 23.1371
      vertex -3.13831 9.14716 17.1118
    endloop
  endfacet
  facet normal -0.84331 0.537428 -4.5295e-06
    outer loop
      vertex -3.23206 9 17.0595
      vertex -3.13831 9.14716 23.1371
      vertex -3.19418 9.05944 17.0842
    endloop
  endfacet
  facet normal -0.843395 0.537294 0
    outer loop
      vertex -3.13831 9.14716 23.1371
      vertex -3.23206 9 17.0595
      vertex -3.23206 9 23.3333
    endloop
  endfacet
  facet normal 0.99145 0.130486 4.18183e-07
    outer loop
      vertex 3.49239 8.17432 0
      vertex 3.46962 8.34729 12.3052
      vertex 3.48475 8.23233 12.3934
    endloop
  endfacet
  facet normal 0.991439 0.130574 -0
    outer loop
      vertex 3.49239 8.17432 0
      vertex 3.48475 8.23233 12.3934
      vertex 3.49239 8.17432 12.4465
    endloop
  endfacet
  facet normal 0.991446 0.130515 0
    outer loop
      vertex 3.46962 8.34729 12.3052
      vertex 3.49239 8.17432 0
      vertex 3.46962 8.34729 0
    endloop
  endfacet
  facet normal 0.99145 0.130486 0
    outer loop
      vertex 3.46962 8.34729 24.2036
      vertex 3.48475 8.23233 16.6066
      vertex 3.46962 8.34729 16.6948
    endloop
  endfacet
  facet normal 0.991446 0.130515 -0
    outer loop
      vertex 3.49239 8.17432 16.5535
      vertex 3.46962 8.34729 24.2036
      vertex 3.49239 8.17432 24.4342
    endloop
  endfacet
  facet normal 0.991438 0.130575 -1.37584e-06
    outer loop
      vertex 3.46962 8.34729 24.2036
      vertex 3.49239 8.17432 16.5535
      vertex 3.48475 8.23233 16.6066
    endloop
  endfacet
  facet normal -1 0 0
    outer loop
      vertex -3.5 1.82111 11.8992
      vertex -3.5 8 12.616
      vertex -3.5 8 0
    endloop
  endfacet
  facet normal -1 0 -0
    outer loop
      vertex -3.5 2.04085 12.0678
      vertex -3.5 8 12.616
      vertex -3.5 1.82111 11.8992
    endloop
  endfacet
  facet normal -1 0 -0
    outer loop
      vertex -3.5 2.24506 12.2549
      vertex -3.5 8 12.616
      vertex -3.5 2.04085 12.0678
    endloop
  endfacet
  facet normal -1 0 -0
    outer loop
      vertex -3.5 2.43219 12.4591
      vertex -3.5 8 12.616
      vertex -3.5 2.24506 12.2549
    endloop
  endfacet
  facet normal -1 0 -0
    outer loop
      vertex -3.5 2.60081 12.6789
      vertex -3.5 7.89338 12.7323
      vertex -3.5 2.43219 12.4591
    endloop
  endfacet
  facet normal -1 -0 0
    outer loop
      vertex -3.5 7.89338 12.7323
      vertex -3.5 2.60081 12.6789
      vertex -3.5 7.74733 12.9227
    endloop
  endfacet
  facet normal -1 0 -0
    outer loop
      vertex -3.5 2.74963 12.9125
      vertex -3.5 7.74733 12.9227
      vertex -3.5 2.60081 12.6789
    endloop
  endfacet
  facet normal -1 0 -0
    outer loop
      vertex -3.5 2.87753 13.1582
      vertex -3.5 7.61843 13.125
      vertex -3.5 2.74963 12.9125
    endloop
  endfacet
  facet normal -1 0 0
    outer loop
      vertex -3.5 3.175 14.5
      vertex -3.5 7.25 14.5
      vertex -3.5 7.26046 14.2603
    endloop
  endfacet
  facet normal -1 0 0
    outer loop
      vertex -3.5 7.61843 13.125
      vertex -3.5 2.87753 13.1582
      vertex -3.5 7.50765 13.3378
    endloop
  endfacet
  facet normal -1 0 0
    outer loop
      vertex -3.5 7.25 14.5
      vertex -3.5 3.175 14.5
      vertex -3.5 3.16292 14.7767
    endloop
  endfacet
  facet normal -1 -0 0
    outer loop
      vertex -3.5 7.26046 14.2603
      vertex -3.5 3.16292 14.2233
      vertex -3.5 3.175 14.5
    endloop
  endfacet
  facet normal -1 0 0
    outer loop
      vertex -3.5 7.29178 14.0225
      vertex -3.5 3.16292 14.2233
      vertex -3.5 7.26046 14.2603
    endloop
  endfacet
  facet normal -1 0 -0
    outer loop
      vertex -3.5 3.16292 14.2233
      vertex -3.5 7.29178 14.0225
      vertex -3.5 3.12676 13.9487
    endloop
  endfacet
  facet normal -1 0 0
    outer loop
      vertex -3.5 7.3437 13.7882
      vertex -3.5 3.12676 13.9487
      vertex -3.5 7.29178 14.0225
    endloop
  endfacet
  facet normal -1 0 -0
    outer loop
      vertex -3.5 3.12676 13.9487
      vertex -3.5 7.3437 13.7882
      vertex -3.5 3.06681 13.6782
    endloop
  endfacet
  facet normal -1 0 0
    outer loop
      vertex -3.5 7.41584 13.5594
      vertex -3.5 3.06681 13.6782
      vertex -3.5 7.3437 13.7882
    endloop
  endfacet
  facet normal -1 0 -0
    outer loop
      vertex -3.5 3.06681 13.6782
      vertex -3.5 7.41584 13.5594
      vertex -3.5 2.98352 13.4141
    endloop
  endfacet
  facet normal -1 0 0
    outer loop
      vertex -3.5 7.50765 13.3378
      vertex -3.5 2.98352 13.4141
      vertex -3.5 7.41584 13.5594
    endloop
  endfacet
  facet normal -1 0 -0
    outer loop
      vertex -3.5 2.98352 13.4141
      vertex -3.5 7.50765 13.3378
      vertex -3.5 2.87753 13.1582
    endloop
  endfacet
  facet normal -1 -0 0
    outer loop
      vertex -3.5 7.74733 12.9227
      vertex -3.5 2.74963 12.9125
      vertex -3.5 7.61843 13.125
    endloop
  endfacet
  facet normal -1 -0 0
    outer loop
      vertex -3.5 8 12.616
      vertex -3.5 2.43219 12.4591
      vertex -3.5 7.89338 12.7323
    endloop
  endfacet
  facet normal -1 0 0
    outer loop
      vertex -3.5 8 0
      vertex -3.5 1.5875 11.7504
      vertex -3.5 1.82111 11.8992
    endloop
  endfacet
  facet normal -1 0 0
    outer loop
      vertex -3.5 8 0
      vertex -3.5 1.34181 11.6225
      vertex -3.5 1.5875 11.7504
    endloop
  endfacet
  facet normal -1 0 0
    outer loop
      vertex -3.5 8 0
      vertex -3.5 1.08591 11.5165
      vertex -3.5 1.34181 11.6225
    endloop
  endfacet
  facet normal -1 0 0
    outer loop
      vertex -3.5 8 0
      vertex -3.5 0.82175 11.4332
      vertex -3.5 1.08591 11.5165
    endloop
  endfacet
  facet normal -1 0 0
    outer loop
      vertex -3.5 8 0
      vertex -3.5 0.551332 11.3732
      vertex -3.5 0.82175 11.4332
    endloop
  endfacet
  facet normal -1 0 0
    outer loop
      vertex -3.5 8 0
      vertex -3.5 0.276719 11.3371
      vertex -3.5 0.551332 11.3732
    endloop
  endfacet
  facet normal -1 0 0
    outer loop
      vertex -3.5 8 0
      vertex -3.5 0 11.325
      vertex -3.5 0.276719 11.3371
    endloop
  endfacet
  facet normal -1 0 0
    outer loop
      vertex -3.5 -8 0
      vertex -3.5 0 11.325
      vertex -3.5 8 0
    endloop
  endfacet
  facet normal -1 -0 0
    outer loop
      vertex -3.5 0 11.325
      vertex -3.5 -8 0
      vertex -3.5 -0.276719 11.3371
    endloop
  endfacet
  facet normal -1 -0 0
    outer loop
      vertex -3.5 -0.276719 11.3371
      vertex -3.5 -8 0
      vertex -3.5 -0.551332 11.3732
    endloop
  endfacet
  facet normal -1 -0 0
    outer loop
      vertex -3.5 -0.551332 11.3732
      vertex -3.5 -8 0
      vertex -3.5 -0.82175 11.4332
    endloop
  endfacet
  facet normal -1 -0 0
    outer loop
      vertex -3.5 -0.82175 11.4332
      vertex -3.5 -8 0
      vertex -3.5 -1.08591 11.5165
    endloop
  endfacet
  facet normal -1 -0 0
    outer loop
      vertex -3.5 -1.08591 11.5165
      vertex -3.5 -8 0
      vertex -3.5 -1.34181 11.6225
    endloop
  endfacet
  facet normal -1 -0 0
    outer loop
      vertex -3.5 -1.34181 11.6225
      vertex -3.5 -8 0
      vertex -3.5 -1.5875 11.7504
    endloop
  endfacet
  facet normal -1 -0 0
    outer loop
      vertex -3.5 -1.5875 11.7504
      vertex -3.5 -8 0
      vertex -3.5 -1.82111 11.8992
    endloop
  endfacet
  facet normal -1 -0 0
    outer loop
      vertex -3.5 -1.82111 11.8992
      vertex -3.5 -8 0
      vertex -3.5 -2.04085 12.0678
    endloop
  endfacet
  facet normal -1 -0 0
    outer loop
      vertex -3.5 -2.04085 12.0678
      vertex -3.5 -8 0
      vertex -3.5 -2.24506 12.2549
    endloop
  endfacet
  facet normal -1 -0 0
    outer loop
      vertex -3.5 -3.16292 14.2233
      vertex -3.5 -8 0
      vertex -3.5 -3.175 14.5
    endloop
  endfacet
  facet normal -1 -0 0
    outer loop
      vertex -3.5 -3.12676 13.9487
      vertex -3.5 -8 0
      vertex -3.5 -3.16292 14.2233
    endloop
  endfacet
  facet normal -1 -0 0
    outer loop
      vertex -3.5 -3.06681 13.6782
      vertex -3.5 -8 0
      vertex -3.5 -3.12676 13.9487
    endloop
  endfacet
  facet normal -1 -0 0
    outer loop
      vertex -3.5 -2.98352 13.4141
      vertex -3.5 -8 0
      vertex -3.5 -3.06681 13.6782
    endloop
  endfacet
  facet normal -1 -0 0
    outer loop
      vertex -3.5 -2.87753 13.1582
      vertex -3.5 -8 0
      vertex -3.5 -2.98352 13.4141
    endloop
  endfacet
  facet normal -1 -0 0
    outer loop
      vertex -3.5 -2.74963 12.9125
      vertex -3.5 -8 0
      vertex -3.5 -2.87753 13.1582
    endloop
  endfacet
  facet normal -1 -0 0
    outer loop
      vertex -3.5 -2.60081 12.6789
      vertex -3.5 -8 0
      vertex -3.5 -2.74963 12.9125
    endloop
  endfacet
  facet normal -1 -0 0
    outer loop
      vertex -3.5 -2.43219 12.4591
      vertex -3.5 -8 0
      vertex -3.5 -2.60081 12.6789
    endloop
  endfacet
  facet normal -1 -0 0
    outer loop
      vertex -3.5 -2.24506 12.2549
      vertex -3.5 -8 0
      vertex -3.5 -2.43219 12.4591
    endloop
  endfacet
  facet normal -1 0 0
    outer loop
      vertex -3.5 7.89338 16.2677
      vertex -3.5 8 24.6667
      vertex -3.5 8 16.384
    endloop
  endfacet
  facet normal -1 0 0
    outer loop
      vertex -3.5 7.74733 16.0773
      vertex -3.5 8 24.6667
      vertex -3.5 7.89338 16.2677
    endloop
  endfacet
  facet normal -1 0 0
    outer loop
      vertex -3.5 7.61843 15.875
      vertex -3.5 8 24.6667
      vertex -3.5 7.74733 16.0773
    endloop
  endfacet
  facet normal -1 0 0
    outer loop
      vertex -3.5 7.50765 15.6622
      vertex -3.5 8 24.6667
      vertex -3.5 7.61843 15.875
    endloop
  endfacet
  facet normal -1 0 0
    outer loop
      vertex -3.5 4 30
      vertex -3.5 7.50765 15.6622
      vertex -3.5 7.41584 15.4406
    endloop
  endfacet
  facet normal -1 0 0
    outer loop
      vertex -3.5 4 30
      vertex -3.5 7.41584 15.4406
      vertex -3.5 7.3437 15.2118
    endloop
  endfacet
  facet normal -1 0 0
    outer loop
      vertex -3.5 4 30
      vertex -3.5 7.3437 15.2118
      vertex -3.5 7.29178 14.9775
    endloop
  endfacet
  facet normal -1 0 0
    outer loop
      vertex -3.5 4 30
      vertex -3.5 7.29178 14.9775
      vertex -3.5 7.26046 14.7397
    endloop
  endfacet
  facet normal -1 0 0
    outer loop
      vertex -3.5 7.50765 15.6622
      vertex -3.5 4 30
      vertex -3.5 8 24.6667
    endloop
  endfacet
  facet normal -1 0 0
    outer loop
      vertex -3.5 4 30
      vertex -3.5 7.26046 14.7397
      vertex -3.5 7.25 14.5
    endloop
  endfacet
  facet normal -1 0 0
    outer loop
      vertex -3.5 7.25 14.5
      vertex -3.5 3.16292 14.7767
      vertex -3.5 3.12676 15.0513
    endloop
  endfacet
  facet normal -1 0 0
    outer loop
      vertex -3.5 7.25 14.5
      vertex -3.5 3.12676 15.0513
      vertex -3.5 3.06681 15.3217
    endloop
  endfacet
  facet normal -1 0 0
    outer loop
      vertex -3.5 7.25 14.5
      vertex -3.5 3.06681 15.3217
      vertex -3.5 2.98352 15.5859
    endloop
  endfacet
  facet normal -1 0 0
    outer loop
      vertex -3.5 7.25 14.5
      vertex -3.5 2.98352 15.5859
      vertex -3.5 2.87753 15.8418
    endloop
  endfacet
  facet normal -1 0 0
    outer loop
      vertex -3.5 7.25 14.5
      vertex -3.5 2.87753 15.8418
      vertex -3.5 2.74963 16.0875
    endloop
  endfacet
  facet normal -1 0 0
    outer loop
      vertex -3.5 7.25 14.5
      vertex -3.5 2.74963 16.0875
      vertex -3.5 2.60081 16.3211
    endloop
  endfacet
  facet normal -1 0 0
    outer loop
      vertex -3.5 7.25 14.5
      vertex -3.5 2.60081 16.3211
      vertex -3.5 2.43219 16.5409
    endloop
  endfacet
  facet normal -1 0 0
    outer loop
      vertex -3.5 7.25 14.5
      vertex -3.5 2.43219 16.5409
      vertex -3.5 2.24506 16.7451
    endloop
  endfacet
  facet normal -1 0 0
    outer loop
      vertex -3.5 7.25 14.5
      vertex -3.5 2.24506 16.7451
      vertex -3.5 4 30
    endloop
  endfacet
  facet normal -1 0 0
    outer loop
      vertex -3.5 2.04085 16.9322
      vertex -3.5 4 30
      vertex -3.5 2.24506 16.7451
    endloop
  endfacet
  facet normal -1 0 0
    outer loop
      vertex -3.5 1.82111 17.1008
      vertex -3.5 4 30
      vertex -3.5 2.04085 16.9322
    endloop
  endfacet
  facet normal -1 0 0
    outer loop
      vertex -3.5 1.5875 17.2496
      vertex -3.5 4 30
      vertex -3.5 1.82111 17.1008
    endloop
  endfacet
  facet normal -1 0 0
    outer loop
      vertex -3.5 1.34181 17.3775
      vertex -3.5 4 30
      vertex -3.5 1.5875 17.2496
    endloop
  endfacet
  facet normal -1 0 0
    outer loop
      vertex -3.5 1.08591 17.4835
      vertex -3.5 4 30
      vertex -3.5 1.34181 17.3775
    endloop
  endfacet
  facet normal -1 0 0
    outer loop
      vertex -3.5 0.82175 17.5668
      vertex -3.5 4 30
      vertex -3.5 1.08591 17.4835
    endloop
  endfacet
  facet normal -1 0 0
    outer loop
      vertex -3.5 0.551332 17.6268
      vertex -3.5 4 30
      vertex -3.5 0.82175 17.5668
    endloop
  endfacet
  facet normal -1 0 0
    outer loop
      vertex -3.5 0.276719 17.6629
      vertex -3.5 4 30
      vertex -3.5 0.551332 17.6268
    endloop
  endfacet
  facet normal -1 0 0
    outer loop
      vertex -3.5 0 17.675
      vertex -3.5 4 30
      vertex -3.5 0.276719 17.6629
    endloop
  endfacet
  facet normal -1 0 0
    outer loop
      vertex -3.5 -0.276719 17.6629
      vertex -3.5 4 30
      vertex -3.5 0 17.675
    endloop
  endfacet
  facet normal -1 0 0
    outer loop
      vertex -3.5 -0.551332 17.6268
      vertex -3.5 4 30
      vertex -3.5 -0.276719 17.6629
    endloop
  endfacet
  facet normal -1 0 0
    outer loop
      vertex -3.5 -8 30
      vertex -3.5 -0.551332 17.6268
      vertex -3.5 -0.82175 17.5668
    endloop
  endfacet
  facet normal -1 0 0
    outer loop
      vertex -3.5 -8 30
      vertex -3.5 -0.82175 17.5668
      vertex -3.5 -1.08591 17.4835
    endloop
  endfacet
  facet normal -1 0 0
    outer loop
      vertex -3.5 -8 30
      vertex -3.5 -1.08591 17.4835
      vertex -3.5 -1.34181 17.3775
    endloop
  endfacet
  facet normal -1 0 0
    outer loop
      vertex -3.5 -8 30
      vertex -3.5 -1.34181 17.3775
      vertex -3.5 -1.5875 17.2496
    endloop
  endfacet
  facet normal -1 0 0
    outer loop
      vertex -3.5 -8 30
      vertex -3.5 -1.5875 17.2496
      vertex -3.5 -1.82111 17.1008
    endloop
  endfacet
  facet normal -1 0 0
    outer loop
      vertex -3.5 -8 30
      vertex -3.5 -1.82111 17.1008
      vertex -3.5 -2.04085 16.9322
    endloop
  endfacet
  facet normal -1 0 0
    outer loop
      vertex -3.5 -8 30
      vertex -3.5 -2.04085 16.9322
      vertex -3.5 -2.24506 16.7451
    endloop
  endfacet
  facet normal -1 0 0
    outer loop
      vertex -3.5 -8 30
      vertex -3.5 -2.24506 16.7451
      vertex -3.5 -2.43219 16.5409
    endloop
  endfacet
  facet normal -1 0 0
    outer loop
      vertex -3.5 -8 30
      vertex -3.5 -2.43219 16.5409
      vertex -3.5 -2.60081 16.3211
    endloop
  endfacet
  facet normal -1 0 0
    outer loop
      vertex -3.5 -8 30
      vertex -3.5 -2.60081 16.3211
      vertex -3.5 -2.74963 16.0875
    endloop
  endfacet
  facet normal -1 0 0
    outer loop
      vertex -3.5 -8 30
      vertex -3.5 -2.74963 16.0875
      vertex -3.5 -2.87753 15.8418
    endloop
  endfacet
  facet normal -1 0 0
    outer loop
      vertex -3.5 -8 30
      vertex -3.5 -3.175 14.5
      vertex -3.5 -8 0
    endloop
  endfacet
  facet normal -1 0 0
    outer loop
      vertex -3.5 -3.175 14.5
      vertex -3.5 -8 30
      vertex -3.5 -3.16292 14.7767
    endloop
  endfacet
  facet normal -1 0 0
    outer loop
      vertex -3.5 -3.16292 14.7767
      vertex -3.5 -8 30
      vertex -3.5 -3.12676 15.0513
    endloop
  endfacet
  facet normal -1 0 0
    outer loop
      vertex -3.5 -3.12676 15.0513
      vertex -3.5 -8 30
      vertex -3.5 -3.06681 15.3217
    endloop
  endfacet
  facet normal -1 0 0
    outer loop
      vertex -3.5 -0.551332 17.6268
      vertex -3.5 -8 30
      vertex -3.5 4 30
    endloop
  endfacet
  facet normal -1 0 0
    outer loop
      vertex -3.5 -2.98352 15.5859
      vertex -3.5 -8 30
      vertex -3.5 -2.87753 15.8418
    endloop
  endfacet
  facet normal -1 0 0
    outer loop
      vertex -3.5 -3.06681 15.3217
      vertex -3.5 -8 30
      vertex -3.5 -2.98352 15.5859
    endloop
  endfacet
  facet normal -0.608813 -0.793314 0
    outer loop
      vertex -2.78557 -9.53209 0
      vertex -2.64716 -9.63831 30
      vertex -2.78557 -9.53209 30
    endloop
  endfacet
  facet normal -0.608813 -0.793314 -0
    outer loop
      vertex -2.64716 -9.63831 30
      vertex -2.78557 -9.53209 0
      vertex -2.64716 -9.63831 0
    endloop
  endfacet
  facet normal 0.300728 -0.95371 0
    outer loop
      vertex 2.01764 -9.93185 0
      vertex 2.18404 -9.87938 30
      vertex 2.01764 -9.93185 30
    endloop
  endfacet
  facet normal 0.300728 -0.95371 0
    outer loop
      vertex 2.18404 -9.87938 30
      vertex 2.01764 -9.93185 0
      vertex 2.18404 -9.87938 0
    endloop
  endfacet
  facet normal -0.95371 -0.300728 0
    outer loop
      vertex -3.37938 -8.68404 0
      vertex -3.43185 -8.51764 30
      vertex -3.43185 -8.51764 0
    endloop
  endfacet
  facet normal -0.95371 -0.300728 0
    outer loop
      vertex -3.43185 -8.51764 30
      vertex -3.37938 -8.68404 0
      vertex -3.37938 -8.68404 30
    endloop
  endfacet
  facet normal -0.999048 -0.0436138 0
    outer loop
      vertex -3.49239 -8.17432 0
      vertex -3.5 -8 30
      vertex -3.5 -8 0
    endloop
  endfacet
  facet normal -0.999048 -0.0436138 0
    outer loop
      vertex -3.5 -8 30
      vertex -3.49239 -8.17432 0
      vertex -3.49239 -8.17432 30
    endloop
  endfacet
  facet normal 0.216463 0.976291 -0
    outer loop
      vertex 2.01764 9.93185 0
      vertex 1.84729 9.96962 11.7513
      vertex 2.01764 9.93185 11.753
    endloop
  endfacet
  facet normal 0.216463 0.976291 0
    outer loop
      vertex 1.84729 9.96962 11.7513
      vertex 2.01764 9.93185 0
      vertex 1.84729 9.96962 0
    endloop
  endfacet
  facet normal 0.216463 0.976291 -0
    outer loop
      vertex 2.01764 9.93185 17.247
      vertex 1.84729 9.96962 22.0405
      vertex 2.01764 9.93185 22.0909
    endloop
  endfacet
  facet normal 0.216463 0.976291 0
    outer loop
      vertex 1.84729 9.96962 22.0405
      vertex 2.01764 9.93185 17.247
      vertex 1.84729 9.96962 17.2487
    endloop
  endfacet
  facet normal -0.461712 -0.88703 0
    outer loop
      vertex -2.5 -9.73206 0
      vertex -2.34523 -9.81262 30
      vertex -2.5 -9.73206 30
    endloop
  endfacet
  facet normal -0.461712 -0.88703 -0
    outer loop
      vertex -2.34523 -9.81262 30
      vertex -2.5 -9.73206 0
      vertex -2.34523 -9.81262 0
    endloop
  endfacet
  facet normal -0.608813 0.793314 0
    outer loop
      vertex -2.78557 9.53209 0
      vertex -2.64716 9.63831 11.7765
      vertex -2.64716 9.63831 0
    endloop
  endfacet
  facet normal -0.608813 0.793314 0
    outer loop
      vertex -2.64716 9.63831 11.7765
      vertex -2.78557 9.53209 0
      vertex -2.78557 9.53209 11.7905
    endloop
  endfacet
  facet normal -0.608813 0.793314 0
    outer loop
      vertex -2.78557 9.53209 17.2095
      vertex -2.64716 9.63831 22.4823
      vertex -2.64716 9.63831 17.2235
    endloop
  endfacet
  facet normal -0.608813 0.793314 0
    outer loop
      vertex -2.64716 9.63831 22.4823
      vertex -2.78557 9.53209 17.2095
      vertex -2.78557 9.53209 22.6239
    endloop
  endfacet
  facet normal -0.130515 0.991446 0
    outer loop
      vertex -1.67432 9.99239 0
      vertex -1.84729 9.96962 11.7513
      vertex -1.67432 9.99239 11.7503
    endloop
  endfacet
  facet normal -0.130515 0.991446 0
    outer loop
      vertex -1.84729 9.96962 11.7513
      vertex -1.67432 9.99239 0
      vertex -1.84729 9.96962 0
    endloop
  endfacet
  facet normal -0.130515 0.991446 0
    outer loop
      vertex -1.84729 9.96962 17.2487
      vertex -1.67432 9.99239 22.0102
      vertex -1.67432 9.99239 17.2497
    endloop
  endfacet
  facet normal -0.130515 0.991446 0
    outer loop
      vertex -1.67432 9.99239 22.0102
      vertex -1.84729 9.96962 17.2487
      vertex -1.84729 9.96962 22.0405
    endloop
  endfacet
  facet normal -0.216463 0.976291 0
    outer loop
      vertex -1.84729 9.96962 0
      vertex -2.01764 9.93185 11.753
      vertex -1.84729 9.96962 11.7513
    endloop
  endfacet
  facet normal -0.216463 0.976291 0
    outer loop
      vertex -2.01764 9.93185 11.753
      vertex -1.84729 9.96962 0
      vertex -2.01764 9.93185 0
    endloop
  endfacet
  facet normal -0.216463 0.976291 0
    outer loop
      vertex -2.01764 9.93185 17.247
      vertex -1.84729 9.96962 22.0405
      vertex -1.84729 9.96962 17.2487
    endloop
  endfacet
  facet normal -0.216463 0.976291 0
    outer loop
      vertex -1.84729 9.96962 22.0405
      vertex -2.01764 9.93185 17.247
      vertex -2.01764 9.93185 22.0909
    endloop
  endfacet
  facet normal 0 1 -0
    outer loop
      vertex 1.5 10 0
      vertex -1.5 10 11.75
      vertex 1.5 10 11.75
    endloop
  endfacet
  facet normal 0 1 0
    outer loop
      vertex -1.5 10 11.75
      vertex 1.5 10 0
      vertex -1.5 10 0
    endloop
  endfacet
  facet normal 0 1 -0
    outer loop
      vertex 1.5 10 17.25
      vertex -1.5 10 22
      vertex 1.5 10 22
    endloop
  endfacet
  facet normal 0 1 0
    outer loop
      vertex -1.5 10 22
      vertex 1.5 10 17.25
      vertex -1.5 10 17.25
    endloop
  endfacet
  facet normal -0.976291 -0.216463 0
    outer loop
      vertex -3.43185 -8.51764 0
      vertex -3.46962 -8.34729 30
      vertex -3.46962 -8.34729 0
    endloop
  endfacet
  facet normal -0.976291 -0.216463 0
    outer loop
      vertex -3.46962 -8.34729 30
      vertex -3.43185 -8.51764 0
      vertex -3.43185 -8.51764 30
    endloop
  endfacet
  facet normal -0.216463 -0.976291 0
    outer loop
      vertex -2.01764 -9.93185 0
      vertex -1.84729 -9.96962 30
      vertex -2.01764 -9.93185 30
    endloop
  endfacet
  facet normal -0.216463 -0.976291 -0
    outer loop
      vertex -1.84729 -9.96962 30
      vertex -2.01764 -9.93185 0
      vertex -1.84729 -9.96962 0
    endloop
  endfacet
  facet normal 0.999048 -0.0436138 0
    outer loop
      vertex 3.49239 -8.17432 30
      vertex 3.5 -8 0
      vertex 3.5 -8 30
    endloop
  endfacet
  facet normal 0.999048 -0.0436138 0
    outer loop
      vertex 3.5 -8 0
      vertex 3.49239 -8.17432 30
      vertex 3.49239 -8.17432 0
    endloop
  endfacet
  facet normal 0.793314 0.608813 -0
    outer loop
      vertex 3.13831 9.14716 0
      vertex 3.03209 9.28557 11.8445
      vertex 3.13831 9.14716 11.8882
    endloop
  endfacet
  facet normal 0.793314 0.608813 0
    outer loop
      vertex 3.03209 9.28557 11.8445
      vertex 3.13831 9.14716 0
      vertex 3.03209 9.28557 0
    endloop
  endfacet
  facet normal 0.793314 0.608813 -0
    outer loop
      vertex 3.13831 9.14716 17.1118
      vertex 3.03209 9.28557 22.9526
      vertex 3.13831 9.14716 23.1371
    endloop
  endfacet
  facet normal 0.793314 0.608813 0
    outer loop
      vertex 3.03209 9.28557 22.9526
      vertex 3.13831 9.14716 17.1118
      vertex 3.03209 9.28557 17.1555
    endloop
  endfacet
  facet normal 0.0436138 0.999048 -0
    outer loop
      vertex 1.67432 9.99239 0
      vertex 1.5 10 11.75
      vertex 1.67432 9.99239 11.7503
    endloop
  endfacet
  facet normal 0.0436138 0.999048 0
    outer loop
      vertex 1.5 10 11.75
      vertex 1.67432 9.99239 0
      vertex 1.5 10 0
    endloop
  endfacet
  facet normal 0.0436138 0.999048 -0
    outer loop
      vertex 1.67432 9.99239 17.2497
      vertex 1.5 10 22
      vertex 1.67432 9.99239 22.0102
    endloop
  endfacet
  facet normal 0.0436138 0.999048 0
    outer loop
      vertex 1.5 10 22
      vertex 1.67432 9.99239 17.2497
      vertex 1.5 10 17.25
    endloop
  endfacet
  facet normal 0.793314 -0.608813 0
    outer loop
      vertex 3.03209 -9.28557 30
      vertex 3.13831 -9.14716 0
      vertex 3.13831 -9.14716 30
    endloop
  endfacet
  facet normal 0.793314 -0.608813 0
    outer loop
      vertex 3.13831 -9.14716 0
      vertex 3.03209 -9.28557 30
      vertex 3.03209 -9.28557 0
    endloop
  endfacet
  facet normal 0.976289 0.216473 -1.47471e-07
    outer loop
      vertex 3.46962 8.34729 0
      vertex 3.43185 8.51764 12.1868
      vertex 3.45291 8.42266 12.2473
    endloop
  endfacet
  facet normal 0.976294 0.21645 -0
    outer loop
      vertex 3.46962 8.34729 0
      vertex 3.45291 8.42266 12.2473
      vertex 3.46962 8.34729 12.3052
    endloop
  endfacet
  facet normal 0.976291 0.216463 0
    outer loop
      vertex 3.43185 8.51764 12.1868
      vertex 3.46962 8.34729 0
      vertex 3.43185 8.51764 0
    endloop
  endfacet
  facet normal 0.976289 0.216473 0
    outer loop
      vertex 3.43185 8.51764 23.9765
      vertex 3.45291 8.42266 16.7527
      vertex 3.43185 8.51764 16.8132
    endloop
  endfacet
  facet normal 0.976291 0.216463 -0
    outer loop
      vertex 3.46962 8.34729 16.6948
      vertex 3.43185 8.51764 23.9765
      vertex 3.46962 8.34729 24.2036
    endloop
  endfacet
  facet normal 0.976294 0.21645 3.19539e-07
    outer loop
      vertex 3.43185 8.51764 23.9765
      vertex 3.46962 8.34729 16.6948
      vertex 3.45291 8.42266 16.7527
    endloop
  endfacet
  facet normal 0.737323 -0.67554 0
    outer loop
      vertex 2.91422 -9.41422 30
      vertex 3.03209 -9.28557 0
      vertex 3.03209 -9.28557 30
    endloop
  endfacet
  facet normal 0.737323 -0.67554 0
    outer loop
      vertex 3.03209 -9.28557 0
      vertex 2.91422 -9.41422 30
      vertex 2.91422 -9.41422 0
    endloop
  endfacet
  facet normal 0.67554 -0.737323 0
    outer loop
      vertex 2.78557 -9.53209 0
      vertex 2.91422 -9.41422 30
      vertex 2.78557 -9.53209 30
    endloop
  endfacet
  facet normal 0.675591 -0.737276 -4.00779e-07
    outer loop
      vertex 2.82059 -9.5 0
      vertex 2.91422 -9.41422 30
      vertex 2.78557 -9.53209 0
    endloop
  endfacet
  facet normal 0.675521 -0.73734 0
    outer loop
      vertex 2.91422 -9.41422 30
      vertex 2.82059 -9.5 0
      vertex 2.91422 -9.41422 0
    endloop
  endfacet
  facet normal -0.130515 -0.991446 0
    outer loop
      vertex -1.84729 -9.96962 0
      vertex -1.67432 -9.99239 30
      vertex -1.84729 -9.96962 30
    endloop
  endfacet
  facet normal -0.130515 -0.991446 -0
    outer loop
      vertex -1.67432 -9.99239 30
      vertex -1.84729 -9.96962 0
      vertex -1.67432 -9.99239 0
    endloop
  endfacet
  facet normal 0.300728 0.95371 -0
    outer loop
      vertex 2.18404 9.87938 0
      vertex 2.01764 9.93185 11.753
      vertex 2.18404 9.87938 11.7553
    endloop
  endfacet
  facet normal 0.300728 0.95371 0
    outer loop
      vertex 2.01764 9.93185 11.753
      vertex 2.18404 9.87938 0
      vertex 2.01764 9.93185 0
    endloop
  endfacet
  facet normal 0.300728 0.95371 -0
    outer loop
      vertex 2.18404 9.87938 17.2447
      vertex 2.01764 9.93185 22.0909
      vertex 2.18404 9.87938 22.1608
    endloop
  endfacet
  facet normal 0.300728 0.95371 0
    outer loop
      vertex 2.01764 9.93185 22.0909
      vertex 2.18404 9.87938 17.2447
      vertex 2.01764 9.93185 17.247
    endloop
  endfacet
  facet normal -0.843395 -0.537294 0
    outer loop
      vertex -3.13831 -9.14716 0
      vertex -3.23206 -9 30
      vertex -3.23206 -9 0
    endloop
  endfacet
  facet normal -0.843395 -0.537294 0
    outer loop
      vertex -3.23206 -9 30
      vertex -3.13831 -9.14716 0
      vertex -3.13831 -9.14716 30
    endloop
  endfacet
  facet normal -0.0436138 -0.999048 0
    outer loop
      vertex -1.67432 -9.99239 0
      vertex -1.5 -10 30
      vertex -1.67432 -9.99239 30
    endloop
  endfacet
  facet normal -0.0436138 -0.999048 -0
    outer loop
      vertex -1.5 -10 30
      vertex -1.67432 -9.99239 0
      vertex -1.5 -10 0
    endloop
  endfacet
  facet normal 0 0 -1
    outer loop
      vertex -3.43185 -8.51764 0
      vertex -3.35 -8.75498 0
      vertex -3.37938 -8.68404 0
    endloop
  endfacet
  facet normal 0 0 -1
    outer loop
      vertex 3.35 -8.75498 0
      vertex 3.5 -8 0
      vertex 3.49239 -8.17432 0
    endloop
  endfacet
  facet normal 0 0 -1
    outer loop
      vertex 3.5 -8 0
      vertex 3.35 -0.5 0
      vertex 3.5 8 0
    endloop
  endfacet
  facet normal 0 0 -1
    outer loop
      vertex 3.35 -8.75498 0
      vertex 3.49239 -8.17432 0
      vertex 3.46962 -8.34729 0
    endloop
  endfacet
  facet normal 0 0 -1
    outer loop
      vertex -3.5 8 0
      vertex 3.5 8 0
      vertex 3.35 -0.5 0
    endloop
  endfacet
  facet normal 0 0 -1
    outer loop
      vertex 3.35 -8.75498 0
      vertex 3.46962 -8.34729 0
      vertex 3.43185 -8.51764 0
    endloop
  endfacet
  facet normal 0 -0 -1
    outer loop
      vertex 1.5 10 0
      vertex 3.5 8 0
      vertex -3.5 8 0
    endloop
  endfacet
  facet normal 0 0 -1
    outer loop
      vertex 3.35 -8.75498 0
      vertex 3.43185 -8.51764 0
      vertex 3.37938 -8.68404 0
    endloop
  endfacet
  facet normal 0 0 -1
    outer loop
      vertex 3.5 8 0
      vertex 1.5 10 0
      vertex 3.49239 8.17432 0
    endloop
  endfacet
  facet normal -0 0 -1
    outer loop
      vertex 3.5 -8 0
      vertex 3.35 -8.75498 0
      vertex 3.35 -0.5 0
    endloop
  endfacet
  facet normal 0 0 -1
    outer loop
      vertex 3.49239 8.17432 0
      vertex 1.5 10 0
      vertex 3.46962 8.34729 0
    endloop
  endfacet
  facet normal 0 0 -1
    outer loop
      vertex 3.46962 8.34729 0
      vertex 1.5 10 0
      vertex 3.43185 8.51764 0
    endloop
  endfacet
  facet normal 0 0 -1
    outer loop
      vertex 3.43185 8.51764 0
      vertex 1.5 10 0
      vertex 3.37938 8.68404 0
    endloop
  endfacet
  facet normal 0 0 -1
    outer loop
      vertex 3.37938 8.68404 0
      vertex 1.5 10 0
      vertex 3.31262 8.84523 0
    endloop
  endfacet
  facet normal 0 0 -1
    outer loop
      vertex 3.31262 8.84523 0
      vertex 1.5 10 0
      vertex 3.23206 9 0
    endloop
  endfacet
  facet normal 0 0 -1
    outer loop
      vertex 3.23206 9 0
      vertex 1.5 10 0
      vertex 3.13831 9.14716 0
    endloop
  endfacet
  facet normal 0 0 -1
    outer loop
      vertex 3.13831 9.14716 0
      vertex 1.5 10 0
      vertex 3.03209 9.28557 0
    endloop
  endfacet
  facet normal 0 0 -1
    outer loop
      vertex 3.03209 9.28557 0
      vertex 1.5 10 0
      vertex 2.91422 9.41422 0
    endloop
  endfacet
  facet normal 0 0 -1
    outer loop
      vertex 2.91422 9.41422 0
      vertex 1.5 10 0
      vertex 2.78557 9.53209 0
    endloop
  endfacet
  facet normal 0 0 -1
    outer loop
      vertex 2.78557 9.53209 0
      vertex 1.5 10 0
      vertex 2.64716 9.63831 0
    endloop
  endfacet
  facet normal 0 0 -1
    outer loop
      vertex 2.64716 9.63831 0
      vertex 1.5 10 0
      vertex 2.5 9.73206 0
    endloop
  endfacet
  facet normal 0 0 -1
    outer loop
      vertex 2.34523 9.81262 0
      vertex 1.5 10 0
      vertex 2.18404 9.87938 0
    endloop
  endfacet
  facet normal 0 0 -1
    outer loop
      vertex 2.18404 9.87938 0
      vertex 1.5 10 0
      vertex 2.01764 9.93185 0
    endloop
  endfacet
  facet normal 0 0 -1
    outer loop
      vertex 2.01764 9.93185 0
      vertex 1.5 10 0
      vertex 1.84729 9.96962 0
    endloop
  endfacet
  facet normal 0 0 -1
    outer loop
      vertex 1.84729 9.96962 0
      vertex 1.5 10 0
      vertex 1.67432 9.99239 0
    endloop
  endfacet
  facet normal 0 0 -1
    outer loop
      vertex 2.5 9.73206 0
      vertex 1.5 10 0
      vertex 2.34523 9.81262 0
    endloop
  endfacet
  facet normal -0 0 -1
    outer loop
      vertex 1.5 10 0
      vertex -3.5 8 0
      vertex -1.5 10 0
    endloop
  endfacet
  facet normal 0 0 -1
    outer loop
      vertex -1.5 10 0
      vertex -3.5 8 0
      vertex -1.67432 9.99239 0
    endloop
  endfacet
  facet normal 0 0 -1
    outer loop
      vertex -1.67432 9.99239 0
      vertex -3.5 8 0
      vertex -1.84729 9.96962 0
    endloop
  endfacet
  facet normal 0 0 -1
    outer loop
      vertex -1.84729 9.96962 0
      vertex -3.5 8 0
      vertex -2.01764 9.93185 0
    endloop
  endfacet
  facet normal 0 0 -1
    outer loop
      vertex -2.01764 9.93185 0
      vertex -3.5 8 0
      vertex -2.18404 9.87938 0
    endloop
  endfacet
  facet normal 0 0 -1
    outer loop
      vertex -2.18404 9.87938 0
      vertex -3.5 8 0
      vertex -2.34523 9.81262 0
    endloop
  endfacet
  facet normal 0 0 -1
    outer loop
      vertex -2.34523 9.81262 0
      vertex -3.5 8 0
      vertex -2.5 9.73206 0
    endloop
  endfacet
  facet normal 0 0 -1
    outer loop
      vertex -2.5 9.73206 0
      vertex -3.5 8 0
      vertex -2.64716 9.63831 0
    endloop
  endfacet
  facet normal 0 0 -1
    outer loop
      vertex -2.64716 9.63831 0
      vertex -3.5 8 0
      vertex -2.78557 9.53209 0
    endloop
  endfacet
  facet normal 0 0 -1
    outer loop
      vertex -2.78557 9.53209 0
      vertex -3.5 8 0
      vertex -2.91422 9.41422 0
    endloop
  endfacet
  facet normal 0 0 -1
    outer loop
      vertex -2.91422 9.41422 0
      vertex -3.5 8 0
      vertex -3.03209 9.28557 0
    endloop
  endfacet
  facet normal 0 0 -1
    outer loop
      vertex -3.03209 9.28557 0
      vertex -3.5 8 0
      vertex -3.13831 9.14716 0
    endloop
  endfacet
  facet normal 0 0 -1
    outer loop
      vertex -3.13831 9.14716 0
      vertex -3.5 8 0
      vertex -3.23206 9 0
    endloop
  endfacet
  facet normal 0 0 -1
    outer loop
      vertex -3.5 8 0
      vertex 3.35 -0.5 0
      vertex -3.35 -0.5 0
    endloop
  endfacet
  facet normal 0 0 -1
    outer loop
      vertex -3.23206 9 0
      vertex -3.5 8 0
      vertex -3.31262 8.84523 0
    endloop
  endfacet
  facet normal 0 0 -1
    outer loop
      vertex -3.35 -8.75498 0
      vertex -3.5 -8 0
      vertex -3.35 -0.5 0
    endloop
  endfacet
  facet normal 0 0 -1
    outer loop
      vertex -3.35 -8.75498 0
      vertex -3.43185 -8.51764 0
      vertex -3.5 -8 0
    endloop
  endfacet
  facet normal 0 0 -1
    outer loop
      vertex -3.5 8 0
      vertex -3.35 -0.5 0
      vertex -3.5 -8 0
    endloop
  endfacet
  facet normal 0 0 -1
    outer loop
      vertex -3.5 -8 0
      vertex -3.43185 -8.51764 0
      vertex -3.46962 -8.34729 0
    endloop
  endfacet
  facet normal 0 0 -1
    outer loop
      vertex -3.31262 8.84523 0
      vertex -3.5 8 0
      vertex -3.37938 8.68404 0
    endloop
  endfacet
  facet normal 0 0 -1
    outer loop
      vertex -3.5 -8 0
      vertex -3.46962 -8.34729 0
      vertex -3.49239 -8.17432 0
    endloop
  endfacet
  facet normal 0 0 -1
    outer loop
      vertex -3.37938 8.68404 0
      vertex -3.5 8 0
      vertex -3.43185 8.51764 0
    endloop
  endfacet
  facet normal 0 0 -1
    outer loop
      vertex -3.43185 8.51764 0
      vertex -3.5 8 0
      vertex -3.46962 8.34729 0
    endloop
  endfacet
  facet normal 0 0 -1
    outer loop
      vertex -3.46962 8.34729 0
      vertex -3.5 8 0
      vertex -3.49239 8.17432 0
    endloop
  endfacet
  facet normal 0 0 1
    outer loop
      vertex -2.91422 -9.41422 0
      vertex -3.35 -9.5 0
      vertex -2.82059 -9.5 0
    endloop
  endfacet
  facet normal 0 0 1
    outer loop
      vertex -3.03209 -9.28557 0
      vertex -3.35 -9.5 0
      vertex -2.91422 -9.41422 0
    endloop
  endfacet
  facet normal 0 0 1
    outer loop
      vertex -3.13831 -9.14716 0
      vertex -3.35 -9.5 0
      vertex -3.03209 -9.28557 0
    endloop
  endfacet
  facet normal 0 0 1
    outer loop
      vertex -3.23206 -9 0
      vertex -3.35 -9.5 0
      vertex -3.13831 -9.14716 0
    endloop
  endfacet
  facet normal 0 0 1
    outer loop
      vertex -3.31262 -8.84523 0
      vertex -3.35 -9.5 0
      vertex -3.23206 -9 0
    endloop
  endfacet
  facet normal 0 0 1
    outer loop
      vertex -3.35 -9.5 0
      vertex -3.31262 -8.84523 0
      vertex -3.35 -8.75498 0
    endloop
  endfacet
  facet normal -0 0 1
    outer loop
      vertex 3.31262 -8.84523 0
      vertex 3.35 -9.5 0
      vertex 3.35 -8.75498 0
    endloop
  endfacet
  facet normal -0 0 1
    outer loop
      vertex 3.23206 -9 0
      vertex 3.35 -9.5 0
      vertex 3.31262 -8.84523 0
    endloop
  endfacet
  facet normal -0 0 1
    outer loop
      vertex 3.13831 -9.14716 0
      vertex 3.35 -9.5 0
      vertex 3.23206 -9 0
    endloop
  endfacet
  facet normal -0 0 1
    outer loop
      vertex 3.03209 -9.28557 0
      vertex 3.35 -9.5 0
      vertex 3.13831 -9.14716 0
    endloop
  endfacet
  facet normal -0 0 1
    outer loop
      vertex 2.91422 -9.41422 0
      vertex 3.35 -9.5 0
      vertex 3.03209 -9.28557 0
    endloop
  endfacet
  facet normal 0 0 1
    outer loop
      vertex 3.35 -9.5 0
      vertex 2.91422 -9.41422 0
      vertex 2.82059 -9.5 0
    endloop
  endfacet
  facet normal 0 0 -1
    outer loop
      vertex 2.64716 -9.63831 0
      vertex 2.82059 -9.5 0
      vertex 2.78557 -9.53209 0
    endloop
  endfacet
  facet normal 0 0 -1
    outer loop
      vertex 2.5 -9.73206 0
      vertex 2.82059 -9.5 0
      vertex 2.64716 -9.63831 0
    endloop
  endfacet
  facet normal 0 0 -1
    outer loop
      vertex 2.34523 -9.81262 0
      vertex 2.82059 -9.5 0
      vertex 2.5 -9.73206 0
    endloop
  endfacet
  facet normal 0 0 -1
    outer loop
      vertex 2.18404 -9.87938 0
      vertex 2.82059 -9.5 0
      vertex 2.34523 -9.81262 0
    endloop
  endfacet
  facet normal 0 0 -1
    outer loop
      vertex 2.01764 -9.93185 0
      vertex 2.82059 -9.5 0
      vertex 2.18404 -9.87938 0
    endloop
  endfacet
  facet normal 0 0 -1
    outer loop
      vertex 1.84729 -9.96962 0
      vertex 2.82059 -9.5 0
      vertex 2.01764 -9.93185 0
    endloop
  endfacet
  facet normal 0 0 -1
    outer loop
      vertex 1.67432 -9.99239 0
      vertex 2.82059 -9.5 0
      vertex 1.84729 -9.96962 0
    endloop
  endfacet
  facet normal 0 0 -1
    outer loop
      vertex 1.5 -10 0
      vertex 2.82059 -9.5 0
      vertex 1.67432 -9.99239 0
    endloop
  endfacet
  facet normal 0 0 -1
    outer loop
      vertex -1.5 -10 0
      vertex 2.82059 -9.5 0
      vertex 1.5 -10 0
    endloop
  endfacet
  facet normal 0 0 -1
    outer loop
      vertex -2.82059 -9.5 0
      vertex -1.5 -10 0
      vertex -1.67432 -9.99239 0
    endloop
  endfacet
  facet normal 0 0 -1
    outer loop
      vertex -2.82059 -9.5 0
      vertex -1.67432 -9.99239 0
      vertex -1.84729 -9.96962 0
    endloop
  endfacet
  facet normal 0 0 -1
    outer loop
      vertex -2.82059 -9.5 0
      vertex -1.84729 -9.96962 0
      vertex -2.01764 -9.93185 0
    endloop
  endfacet
  facet normal 0 0 -1
    outer loop
      vertex -2.82059 -9.5 0
      vertex -2.01764 -9.93185 0
      vertex -2.18404 -9.87938 0
    endloop
  endfacet
  facet normal 0 0 -1
    outer loop
      vertex -2.82059 -9.5 0
      vertex -2.18404 -9.87938 0
      vertex -2.34523 -9.81262 0
    endloop
  endfacet
  facet normal 0 0 -1
    outer loop
      vertex -2.82059 -9.5 0
      vertex -2.34523 -9.81262 0
      vertex -2.5 -9.73206 0
    endloop
  endfacet
  facet normal 0 0 -1
    outer loop
      vertex -2.82059 -9.5 0
      vertex -2.5 -9.73206 0
      vertex -2.64716 -9.63831 0
    endloop
  endfacet
  facet normal 0 0 -1
    outer loop
      vertex -2.82059 -9.5 0
      vertex -2.64716 -9.63831 0
      vertex -2.78557 -9.53209 0
    endloop
  endfacet
  facet normal 0 0 -1
    outer loop
      vertex -1.5 -10 0
      vertex -2.82059 -9.5 0
      vertex 2.82059 -9.5 0
    endloop
  endfacet
  facet normal -0.737323 0.67554 0
    outer loop
      vertex -3.03209 9.28557 0
      vertex -2.91422 9.41422 11.8158
      vertex -2.91422 9.41422 0
    endloop
  endfacet
  facet normal -0.737336 0.675526 2.90284e-07
    outer loop
      vertex -2.91422 9.41422 11.8158
      vertex -3.03209 9.28557 0
      vertex -3.02963 9.28825 11.8437
    endloop
  endfacet
  facet normal -0.736698 0.676222 0
    outer loop
      vertex -3.02963 9.28825 11.8437
      vertex -3.03209 9.28557 0
      vertex -3.03209 9.28557 11.8445
    endloop
  endfacet
  facet normal -0.737336 0.675526 0
    outer loop
      vertex -3.02963 9.28825 17.1563
      vertex -2.91422 9.41422 22.781
      vertex -2.91422 9.41422 17.1842
    endloop
  endfacet
  facet normal -0.736693 0.676227 -2.89001e-05
    outer loop
      vertex -3.03209 9.28557 17.1555
      vertex -2.91422 9.41422 22.781
      vertex -3.02963 9.28825 17.1563
    endloop
  endfacet
  facet normal -0.737323 0.67554 0
    outer loop
      vertex -2.91422 9.41422 22.781
      vertex -3.03209 9.28557 17.1555
      vertex -3.03209 9.28557 22.9526
    endloop
  endfacet
  facet normal 0.537294 0.843395 -0
    outer loop
      vertex 2.64716 9.63831 0
      vertex 2.5 9.73206 11.7642
      vertex 2.64716 9.63831 11.7765
    endloop
  endfacet
  facet normal 0.537294 0.843395 0
    outer loop
      vertex 2.5 9.73206 11.7642
      vertex 2.64716 9.63831 0
      vertex 2.5 9.73206 0
    endloop
  endfacet
  facet normal 0.537294 0.843395 -0
    outer loop
      vertex 2.64716 9.63831 17.2235
      vertex 2.5 9.73206 22.3573
      vertex 2.64716 9.63831 22.4823
    endloop
  endfacet
  facet normal 0.537294 0.843395 0
    outer loop
      vertex 2.5 9.73206 22.3573
      vertex 2.64716 9.63831 17.2235
      vertex 2.5 9.73206 17.2358
    endloop
  endfacet
  facet normal -0.300728 -0.95371 0
    outer loop
      vertex -2.18404 -9.87938 0
      vertex -2.01764 -9.93185 30
      vertex -2.18404 -9.87938 30
    endloop
  endfacet
  facet normal -0.300728 -0.95371 -0
    outer loop
      vertex -2.01764 -9.93185 30
      vertex -2.18404 -9.87938 0
      vertex -2.01764 -9.93185 0
    endloop
  endfacet
  facet normal 0.95371 -0.300728 0
    outer loop
      vertex 3.37938 -8.68404 30
      vertex 3.43185 -8.51764 0
      vertex 3.43185 -8.51764 30
    endloop
  endfacet
  facet normal 0.95371 -0.300728 0
    outer loop
      vertex 3.43185 -8.51764 0
      vertex 3.37938 -8.68404 30
      vertex 3.37938 -8.68404 0
    endloop
  endfacet
  facet normal -0.95371 0.300728 0
    outer loop
      vertex -3.43185 8.51764 0
      vertex -3.37938 8.68404 12.0877
      vertex -3.37938 8.68404 0
    endloop
  endfacet
  facet normal -0.953695 0.300775 -7.15437e-07
    outer loop
      vertex -3.37938 8.68404 12.0877
      vertex -3.43185 8.51764 0
      vertex -3.398 8.625 12.1184
    endloop
  endfacet
  facet normal -0.953718 0.300702 0
    outer loop
      vertex -3.398 8.625 12.1184
      vertex -3.43185 8.51764 0
      vertex -3.43185 8.51764 12.1868
    endloop
  endfacet
  facet normal -0.953695 0.300776 0
    outer loop
      vertex -3.398 8.625 16.8816
      vertex -3.37938 8.68404 23.7546
      vertex -3.37938 8.68404 16.9123
    endloop
  endfacet
  facet normal -0.953718 0.300702 7.00752e-07
    outer loop
      vertex -3.43185 8.51764 16.8132
      vertex -3.37938 8.68404 23.7546
      vertex -3.398 8.625 16.8816
    endloop
  endfacet
  facet normal -0.95371 0.300728 0
    outer loop
      vertex -3.37938 8.68404 23.7546
      vertex -3.43185 8.51764 16.8132
      vertex -3.43185 8.51764 23.9765
    endloop
  endfacet
  facet normal 0.843451 0.537206 1.54753e-06
    outer loop
      vertex 3.23206 9 0
      vertex 3.13831 9.14716 11.8882
      vertex 3.19418 9.05944 11.9158
    endloop
  endfacet
  facet normal 0.843311 0.537426 -0
    outer loop
      vertex 3.23206 9 0
      vertex 3.19418 9.05944 11.9158
      vertex 3.23206 9 11.9405
    endloop
  endfacet
  facet normal 0.843395 0.537294 0
    outer loop
      vertex 3.13831 9.14716 11.8882
      vertex 3.23206 9 0
      vertex 3.13831 9.14716 0
    endloop
  endfacet
  facet normal 0.843452 0.537205 0
    outer loop
      vertex 3.13831 9.14716 23.1371
      vertex 3.19418 9.05944 17.0842
      vertex 3.13831 9.14716 17.1118
    endloop
  endfacet
  facet normal 0.843395 0.537294 -0
    outer loop
      vertex 3.23206 9 17.0595
      vertex 3.13831 9.14716 23.1371
      vertex 3.23206 9 23.3333
    endloop
  endfacet
  facet normal 0.84331 0.537428 -4.5295e-06
    outer loop
      vertex 3.13831 9.14716 23.1371
      vertex 3.23206 9 17.0595
      vertex 3.19418 9.05944 17.0842
    endloop
  endfacet
  facet normal -0.300728 0.95371 0
    outer loop
      vertex -2.18404 9.87938 0
      vertex -2.01764 9.93185 11.753
      vertex -2.01764 9.93185 0
    endloop
  endfacet
  facet normal -0.300728 0.95371 0
    outer loop
      vertex -2.01764 9.93185 11.753
      vertex -2.18404 9.87938 0
      vertex -2.18404 9.87938 11.7553
    endloop
  endfacet
  facet normal -0.300728 0.95371 0
    outer loop
      vertex -2.18404 9.87938 17.2447
      vertex -2.01764 9.93185 22.0909
      vertex -2.01764 9.93185 17.247
    endloop
  endfacet
  facet normal -0.300728 0.95371 0
    outer loop
      vertex -2.01764 9.93185 22.0909
      vertex -2.18404 9.87938 17.2447
      vertex -2.18404 9.87938 22.1608
    endloop
  endfacet
  facet normal -0.67554 0.737323 0
    outer loop
      vertex -2.91422 9.41422 0
      vertex -2.78557 9.53209 11.7905
      vertex -2.78557 9.53209 0
    endloop
  endfacet
  facet normal -0.675534 0.737329 -1.30851e-07
    outer loop
      vertex -2.78557 9.53209 11.7905
      vertex -2.91422 9.41422 0
      vertex -2.79607 9.52247 11.7918
    endloop
  endfacet
  facet normal -0.675541 0.737322 0
    outer loop
      vertex -2.79607 9.52247 11.7918
      vertex -2.91422 9.41422 0
      vertex -2.91422 9.41422 11.8158
    endloop
  endfacet
  facet normal -0.675534 0.737329 0
    outer loop
      vertex -2.79607 9.52247 17.2082
      vertex -2.78557 9.53209 22.6239
      vertex -2.78557 9.53209 17.2095
    endloop
  endfacet
  facet normal -0.675541 0.737322 2.53608e-08
    outer loop
      vertex -2.91422 9.41422 17.1842
      vertex -2.78557 9.53209 22.6239
      vertex -2.79607 9.52247 17.2082
    endloop
  endfacet
  facet normal -0.67554 0.737323 0
    outer loop
      vertex -2.78557 9.53209 22.6239
      vertex -2.91422 9.41422 17.1842
      vertex -2.91422 9.41422 22.781
    endloop
  endfacet
  facet normal 0.88703 0.461712 -0
    outer loop
      vertex 3.31262 8.84523 0
      vertex 3.23206 9 11.9405
      vertex 3.31262 8.84523 12.0046
    endloop
  endfacet
  facet normal 0.88703 0.461712 0
    outer loop
      vertex 3.23206 9 11.9405
      vertex 3.31262 8.84523 0
      vertex 3.23206 9 0
    endloop
  endfacet
  facet normal 0.88703 0.461712 -0
    outer loop
      vertex 3.31262 8.84523 16.9954
      vertex 3.23206 9 23.3333
      vertex 3.31262 8.84523 23.5397
    endloop
  endfacet
  facet normal 0.88703 0.461712 0
    outer loop
      vertex 3.23206 9 23.3333
      vertex 3.31262 8.84523 16.9954
      vertex 3.23206 9 17.0595
    endloop
  endfacet
  facet normal 0.999048 0.0436231 -1.30816e-07
    outer loop
      vertex 3.5 8 0
      vertex 3.49239 8.17432 12.4465
      vertex 3.49758 8.05546 12.5555
    endloop
  endfacet
  facet normal 0.999049 0.0435936 -0
    outer loop
      vertex 3.5 8 0
      vertex 3.49758 8.05546 12.5555
      vertex 3.5 8 12.616
    endloop
  endfacet
  facet normal 0.999048 0.0436138 0
    outer loop
      vertex 3.49239 8.17432 12.4465
      vertex 3.5 8 0
      vertex 3.49239 8.17432 0
    endloop
  endfacet
  facet normal 0.999048 0.0436232 0
    outer loop
      vertex 3.49239 8.17432 24.4342
      vertex 3.49758 8.05546 16.4445
      vertex 3.49239 8.17432 16.5535
    endloop
  endfacet
  facet normal 0.999048 0.0436138 -0
    outer loop
      vertex 3.5 8 16.384
      vertex 3.49239 8.17432 24.4342
      vertex 3.5 8 24.6667
    endloop
  endfacet
  facet normal 0.999049 0.0435931 4.49657e-07
    outer loop
      vertex 3.49239 8.17432 24.4342
      vertex 3.5 8 16.384
      vertex 3.49758 8.05546 16.4445
    endloop
  endfacet
  facet normal -0.923899 -0.382636 0
    outer loop
      vertex -3.35 -8.75498 0
      vertex -3.37938 -8.68404 30
      vertex -3.37938 -8.68404 0
    endloop
  endfacet
  facet normal -0.92389 -0.382659 6.55851e-08
    outer loop
      vertex -3.31262 -8.84523 0
      vertex -3.37938 -8.68404 30
      vertex -3.35 -8.75498 0
    endloop
  endfacet
  facet normal -0.923894 -0.382649 0
    outer loop
      vertex -3.37938 -8.68404 30
      vertex -3.31262 -8.84523 0
      vertex -3.31262 -8.84523 30
    endloop
  endfacet
  facet normal 0.461661 0.887056 -0
    outer loop
      vertex 2.5 9.73206 0
      vertex 2.4457 9.76032 11.7605
      vertex 2.5 9.73206 11.7642
    endloop
  endfacet
  facet normal 0.461739 0.887016 4.5623e-07
    outer loop
      vertex 2.5 9.73206 0
      vertex 2.34523 9.81262 11.7582
      vertex 2.4457 9.76032 11.7605
    endloop
  endfacet
  facet normal 0.461712 0.88703 0
    outer loop
      vertex 2.34523 9.81262 11.7582
      vertex 2.5 9.73206 0
      vertex 2.34523 9.81262 0
    endloop
  endfacet
  facet normal 0.461712 0.88703 -0
    outer loop
      vertex 2.5 9.73206 17.2358
      vertex 2.34523 9.81262 22.2498
      vertex 2.5 9.73206 22.3573
    endloop
  endfacet
  facet normal 0.461739 0.887016 0
    outer loop
      vertex 2.34523 9.81262 22.2498
      vertex 2.4457 9.76032 17.2395
      vertex 2.34523 9.81262 17.2418
    endloop
  endfacet
  facet normal 0.461661 0.887056 -1.98446e-06
    outer loop
      vertex 2.34523 9.81262 22.2498
      vertex 2.5 9.73206 17.2358
      vertex 2.4457 9.76032 17.2395
    endloop
  endfacet
  facet normal 0.675541 0.737322 -0
    outer loop
      vertex 2.91422 9.41422 0
      vertex 2.79607 9.52247 11.7918
      vertex 2.91422 9.41422 11.8158
    endloop
  endfacet
  facet normal 0.675534 0.737329 -1.30851e-07
    outer loop
      vertex 2.91422 9.41422 0
      vertex 2.78557 9.53209 11.7905
      vertex 2.79607 9.52247 11.7918
    endloop
  endfacet
  facet normal 0.67554 0.737323 0
    outer loop
      vertex 2.78557 9.53209 11.7905
      vertex 2.91422 9.41422 0
      vertex 2.78557 9.53209 0
    endloop
  endfacet
  facet normal 0.67554 0.737323 -0
    outer loop
      vertex 2.91422 9.41422 17.1842
      vertex 2.78557 9.53209 22.6239
      vertex 2.91422 9.41422 22.781
    endloop
  endfacet
  facet normal 0.675534 0.737329 0
    outer loop
      vertex 2.78557 9.53209 22.6239
      vertex 2.79607 9.52247 17.2082
      vertex 2.78557 9.53209 17.2095
    endloop
  endfacet
  facet normal 0.675541 0.737322 2.53608e-08
    outer loop
      vertex 2.78557 9.53209 22.6239
      vertex 2.91422 9.41422 17.1842
      vertex 2.79607 9.52247 17.2082
    endloop
  endfacet
  facet normal 0.608813 0.793314 -0
    outer loop
      vertex 2.78557 9.53209 0
      vertex 2.64716 9.63831 11.7765
      vertex 2.78557 9.53209 11.7905
    endloop
  endfacet
  facet normal 0.608813 0.793314 0
    outer loop
      vertex 2.64716 9.63831 11.7765
      vertex 2.78557 9.53209 0
      vertex 2.64716 9.63831 0
    endloop
  endfacet
  facet normal 0.608813 0.793314 -0
    outer loop
      vertex 2.78557 9.53209 17.2095
      vertex 2.64716 9.63831 22.4823
      vertex 2.78557 9.53209 22.6239
    endloop
  endfacet
  facet normal 0.608813 0.793314 0
    outer loop
      vertex 2.64716 9.63831 22.4823
      vertex 2.78557 9.53209 17.2095
      vertex 2.64716 9.63831 17.2235
    endloop
  endfacet
  facet normal 0.923899 -0.382636 0
    outer loop
      vertex 3.37938 -8.68404 30
      vertex 3.35 -8.75498 0
      vertex 3.37938 -8.68404 0
    endloop
  endfacet
  facet normal 0.923894 -0.382649 3.67211e-08
    outer loop
      vertex 3.31262 -8.84523 30
      vertex 3.35 -8.75498 0
      vertex 3.37938 -8.68404 30
    endloop
  endfacet
  facet normal 0.92389 -0.382659 0
    outer loop
      vertex 3.35 -8.75498 0
      vertex 3.31262 -8.84523 30
      vertex 3.31262 -8.84523 0
    endloop
  endfacet
  facet normal 0.953695 0.300775 -7.15437e-07
    outer loop
      vertex 3.43185 8.51764 0
      vertex 3.37938 8.68404 12.0877
      vertex 3.398 8.625 12.1184
    endloop
  endfacet
  facet normal 0.953718 0.300702 -0
    outer loop
      vertex 3.43185 8.51764 0
      vertex 3.398 8.625 12.1184
      vertex 3.43185 8.51764 12.1868
    endloop
  endfacet
  facet normal 0.95371 0.300728 0
    outer loop
      vertex 3.37938 8.68404 12.0877
      vertex 3.43185 8.51764 0
      vertex 3.37938 8.68404 0
    endloop
  endfacet
  facet normal 0.953695 0.300776 0
    outer loop
      vertex 3.37938 8.68404 23.7546
      vertex 3.398 8.625 16.8816
      vertex 3.37938 8.68404 16.9123
    endloop
  endfacet
  facet normal 0.95371 0.300728 -0
    outer loop
      vertex 3.43185 8.51764 16.8132
      vertex 3.37938 8.68404 23.7546
      vertex 3.43185 8.51764 23.9765
    endloop
  endfacet
  facet normal 0.953718 0.300702 7.00752e-07
    outer loop
      vertex 3.37938 8.68404 23.7546
      vertex 3.43185 8.51764 16.8132
      vertex 3.398 8.625 16.8816
    endloop
  endfacet
  facet normal 0.923775 0.382936 -4.51517e-06
    outer loop
      vertex 3.37938 8.68404 0
      vertex 3.31262 8.84523 12.0046
      vertex 3.3157 8.8378 12.0077
    endloop
  endfacet
  facet normal 0.9239 0.382635 -0
    outer loop
      vertex 3.37938 8.68404 0
      vertex 3.3157 8.8378 12.0077
      vertex 3.37938 8.68404 12.0877
    endloop
  endfacet
  facet normal 0.923894 0.382649 0
    outer loop
      vertex 3.31262 8.84523 12.0046
      vertex 3.37938 8.68404 0
      vertex 3.31262 8.84523 0
    endloop
  endfacet
  facet normal 0.923774 0.382937 0
    outer loop
      vertex 3.31262 8.84523 23.5397
      vertex 3.3157 8.8378 16.9923
      vertex 3.31262 8.84523 16.9954
    endloop
  endfacet
  facet normal 0.923894 0.382649 -0
    outer loop
      vertex 3.37938 8.68404 16.9123
      vertex 3.31262 8.84523 23.5397
      vertex 3.37938 8.68404 23.7546
    endloop
  endfacet
  facet normal 0.9239 0.382635 4.02568e-07
    outer loop
      vertex 3.31262 8.84523 23.5397
      vertex 3.37938 8.68404 16.9123
      vertex 3.3157 8.8378 16.9923
    endloop
  endfacet
  facet normal -0.737323 -0.67554 0
    outer loop
      vertex -2.91422 -9.41422 0
      vertex -3.03209 -9.28557 30
      vertex -3.03209 -9.28557 0
    endloop
  endfacet
  facet normal -0.737323 -0.67554 0
    outer loop
      vertex -3.03209 -9.28557 30
      vertex -2.91422 -9.41422 0
      vertex -2.91422 -9.41422 30
    endloop
  endfacet
  facet normal -0.382649 0.923894 0
    outer loop
      vertex -2.34523 9.81262 0
      vertex -2.18404 9.87938 11.7553
      vertex -2.18404 9.87938 0
    endloop
  endfacet
  facet normal -0.382649 0.923894 0
    outer loop
      vertex -2.18404 9.87938 11.7553
      vertex -2.34523 9.81262 0
      vertex -2.34523 9.81262 11.7582
    endloop
  endfacet
  facet normal -0.382649 0.923894 0
    outer loop
      vertex -2.34523 9.81262 17.2418
      vertex -2.18404 9.87938 22.1608
      vertex -2.18404 9.87938 17.2447
    endloop
  endfacet
  facet normal -0.382649 0.923894 0
    outer loop
      vertex -2.18404 9.87938 22.1608
      vertex -2.34523 9.81262 17.2418
      vertex -2.34523 9.81262 22.2498
    endloop
  endfacet
  facet normal -0.537294 0.843395 0
    outer loop
      vertex -2.64716 9.63831 0
      vertex -2.5 9.73206 11.7642
      vertex -2.5 9.73206 0
    endloop
  endfacet
  facet normal -0.537294 0.843395 0
    outer loop
      vertex -2.5 9.73206 11.7642
      vertex -2.64716 9.63831 0
      vertex -2.64716 9.63831 11.7765
    endloop
  endfacet
  facet normal -0.537294 0.843395 0
    outer loop
      vertex -2.64716 9.63831 17.2235
      vertex -2.5 9.73206 22.3573
      vertex -2.5 9.73206 17.2358
    endloop
  endfacet
  facet normal -0.537294 0.843395 0
    outer loop
      vertex -2.5 9.73206 22.3573
      vertex -2.64716 9.63831 17.2235
      vertex -2.64716 9.63831 22.4823
    endloop
  endfacet
  facet normal -0.88703 0.461712 0
    outer loop
      vertex -3.31262 8.84523 0
      vertex -3.23206 9 11.9405
      vertex -3.23206 9 0
    endloop
  endfacet
  facet normal -0.88703 0.461712 0
    outer loop
      vertex -3.23206 9 11.9405
      vertex -3.31262 8.84523 0
      vertex -3.31262 8.84523 12.0046
    endloop
  endfacet
  facet normal -0.88703 0.461712 0
    outer loop
      vertex -3.31262 8.84523 16.9954
      vertex -3.23206 9 23.3333
      vertex -3.23206 9 17.0595
    endloop
  endfacet
  facet normal -0.88703 0.461712 0
    outer loop
      vertex -3.23206 9 23.3333
      vertex -3.31262 8.84523 16.9954
      vertex -3.31262 8.84523 23.5397
    endloop
  endfacet
  facet normal 0.130515 0.991446 -0
    outer loop
      vertex 1.84729 9.96962 0
      vertex 1.67432 9.99239 11.7503
      vertex 1.84729 9.96962 11.7513
    endloop
  endfacet
  facet normal 0.130515 0.991446 0
    outer loop
      vertex 1.67432 9.99239 11.7503
      vertex 1.84729 9.96962 0
      vertex 1.67432 9.99239 0
    endloop
  endfacet
  facet normal 0.130515 0.991446 -0
    outer loop
      vertex 1.84729 9.96962 17.2487
      vertex 1.67432 9.99239 22.0102
      vertex 1.84729 9.96962 22.0405
    endloop
  endfacet
  facet normal 0.130515 0.991446 0
    outer loop
      vertex 1.67432 9.99239 22.0102
      vertex 1.84729 9.96962 17.2487
      vertex 1.67432 9.99239 17.2497
    endloop
  endfacet
  facet normal -0.793314 -0.608813 0
    outer loop
      vertex -3.03209 -9.28557 0
      vertex -3.13831 -9.14716 30
      vertex -3.13831 -9.14716 0
    endloop
  endfacet
  facet normal -0.793314 -0.608813 0
    outer loop
      vertex -3.13831 -9.14716 30
      vertex -3.03209 -9.28557 0
      vertex -3.03209 -9.28557 30
    endloop
  endfacet
  facet normal -0.793314 0.608813 0
    outer loop
      vertex -3.13831 9.14716 0
      vertex -3.03209 9.28557 11.8445
      vertex -3.03209 9.28557 0
    endloop
  endfacet
  facet normal -0.793314 0.608813 0
    outer loop
      vertex -3.03209 9.28557 11.8445
      vertex -3.13831 9.14716 0
      vertex -3.13831 9.14716 11.8882
    endloop
  endfacet
  facet normal -0.793314 0.608813 0
    outer loop
      vertex -3.13831 9.14716 17.1118
      vertex -3.03209 9.28557 22.9526
      vertex -3.03209 9.28557 17.1555
    endloop
  endfacet
  facet normal -0.793314 0.608813 0
    outer loop
      vertex -3.03209 9.28557 22.9526
      vertex -3.13831 9.14716 17.1118
      vertex -3.13831 9.14716 23.1371
    endloop
  endfacet
  facet normal 0.382649 0.923894 -0
    outer loop
      vertex 2.34523 9.81262 0
      vertex 2.18404 9.87938 11.7553
      vertex 2.34523 9.81262 11.7582
    endloop
  endfacet
  facet normal 0.382649 0.923894 0
    outer loop
      vertex 2.18404 9.87938 11.7553
      vertex 2.34523 9.81262 0
      vertex 2.18404 9.87938 0
    endloop
  endfacet
  facet normal 0.382649 0.923894 -0
    outer loop
      vertex 2.34523 9.81262 17.2418
      vertex 2.18404 9.87938 22.1608
      vertex 2.34523 9.81262 22.2498
    endloop
  endfacet
  facet normal 0.382649 0.923894 0
    outer loop
      vertex 2.18404 9.87938 22.1608
      vertex 2.34523 9.81262 17.2418
      vertex 2.18404 9.87938 17.2447
    endloop
  endfacet
  facet normal -0.991446 0.130515 0
    outer loop
      vertex -3.49239 8.17432 0
      vertex -3.46962 8.34729 12.3052
      vertex -3.46962 8.34729 0
    endloop
  endfacet
  facet normal -0.99145 0.130486 4.18183e-07
    outer loop
      vertex -3.46962 8.34729 12.3052
      vertex -3.49239 8.17432 0
      vertex -3.48475 8.23233 12.3934
    endloop
  endfacet
  facet normal -0.991439 0.130574 0
    outer loop
      vertex -3.48475 8.23233 12.3934
      vertex -3.49239 8.17432 0
      vertex -3.49239 8.17432 12.4465
    endloop
  endfacet
  facet normal -0.99145 0.130486 0
    outer loop
      vertex -3.48475 8.23233 16.6066
      vertex -3.46962 8.34729 24.2036
      vertex -3.46962 8.34729 16.6948
    endloop
  endfacet
  facet normal -0.991438 0.130575 -1.37584e-06
    outer loop
      vertex -3.49239 8.17432 16.5535
      vertex -3.46962 8.34729 24.2036
      vertex -3.48475 8.23233 16.6066
    endloop
  endfacet
  facet normal -0.991446 0.130515 0
    outer loop
      vertex -3.46962 8.34729 24.2036
      vertex -3.49239 8.17432 16.5535
      vertex -3.49239 8.17432 24.4342
    endloop
  endfacet
  facet normal 0.737336 0.675526 2.90284e-07
    outer loop
      vertex 3.03209 9.28557 0
      vertex 2.91422 9.41422 11.8158
      vertex 3.02963 9.28825 11.8437
    endloop
  endfacet
  facet normal 0.736698 0.676222 -0
    outer loop
      vertex 3.03209 9.28557 0
      vertex 3.02963 9.28825 11.8437
      vertex 3.03209 9.28557 11.8445
    endloop
  endfacet
  facet normal 0.737323 0.67554 0
    outer loop
      vertex 2.91422 9.41422 11.8158
      vertex 3.03209 9.28557 0
      vertex 2.91422 9.41422 0
    endloop
  endfacet
  facet normal 0.737336 0.675526 0
    outer loop
      vertex 2.91422 9.41422 22.781
      vertex 3.02963 9.28825 17.1563
      vertex 2.91422 9.41422 17.1842
    endloop
  endfacet
  facet normal 0.737323 0.67554 -0
    outer loop
      vertex 3.03209 9.28557 17.1555
      vertex 2.91422 9.41422 22.781
      vertex 3.03209 9.28557 22.9526
    endloop
  endfacet
  facet normal 0.736693 0.676227 -2.89001e-05
    outer loop
      vertex 2.91422 9.41422 22.781
      vertex 3.03209 9.28557 17.1555
      vertex 3.02963 9.28825 17.1563
    endloop
  endfacet
  facet normal 0 0 1
    outer loop
      vertex -3.5 -8 30
      vertex 3.5 -8 30
      vertex 3.5 4 30
    endloop
  endfacet
  facet normal 0 -0 1
    outer loop
      vertex 1.5 -10 30
      vertex 3.5 -8 30
      vertex -3.5 -8 30
    endloop
  endfacet
  facet normal 0 0 1
    outer loop
      vertex 3.5 -8 30
      vertex 1.5 -10 30
      vertex 3.49239 -8.17432 30
    endloop
  endfacet
  facet normal 0 0 1
    outer loop
      vertex 3.49239 -8.17432 30
      vertex 1.5 -10 30
      vertex 3.46962 -8.34729 30
    endloop
  endfacet
  facet normal 0 0 1
    outer loop
      vertex 3.46962 -8.34729 30
      vertex 1.5 -10 30
      vertex 3.43185 -8.51764 30
    endloop
  endfacet
  facet normal 0 0 1
    outer loop
      vertex 3.43185 -8.51764 30
      vertex 1.5 -10 30
      vertex 3.37938 -8.68404 30
    endloop
  endfacet
  facet normal 0 0 1
    outer loop
      vertex 3.37938 -8.68404 30
      vertex 1.5 -10 30
      vertex 3.31262 -8.84523 30
    endloop
  endfacet
  facet normal 0 0 1
    outer loop
      vertex 3.31262 -8.84523 30
      vertex 1.5 -10 30
      vertex 3.23206 -9 30
    endloop
  endfacet
  facet normal 0 0 1
    outer loop
      vertex 3.23206 -9 30
      vertex 1.5 -10 30
      vertex 3.13831 -9.14716 30
    endloop
  endfacet
  facet normal 0 0 1
    outer loop
      vertex 3.13831 -9.14716 30
      vertex 1.5 -10 30
      vertex 3.03209 -9.28557 30
    endloop
  endfacet
  facet normal 0 0 1
    outer loop
      vertex 3.03209 -9.28557 30
      vertex 1.5 -10 30
      vertex 2.91422 -9.41422 30
    endloop
  endfacet
  facet normal 0 0 1
    outer loop
      vertex 2.91422 -9.41422 30
      vertex 1.5 -10 30
      vertex 2.78557 -9.53209 30
    endloop
  endfacet
  facet normal 0 0 1
    outer loop
      vertex 2.78557 -9.53209 30
      vertex 1.5 -10 30
      vertex 2.64716 -9.63831 30
    endloop
  endfacet
  facet normal 0 0 1
    outer loop
      vertex 2.64716 -9.63831 30
      vertex 1.5 -10 30
      vertex 2.5 -9.73206 30
    endloop
  endfacet
  facet normal 0 0 1
    outer loop
      vertex 2.5 -9.73206 30
      vertex 1.5 -10 30
      vertex 2.34523 -9.81262 30
    endloop
  endfacet
  facet normal 0 0 1
    outer loop
      vertex 2.34523 -9.81262 30
      vertex 1.5 -10 30
      vertex 2.18404 -9.87938 30
    endloop
  endfacet
  facet normal 0 0 1
    outer loop
      vertex 2.18404 -9.87938 30
      vertex 1.5 -10 30
      vertex 2.01764 -9.93185 30
    endloop
  endfacet
  facet normal 0 0 1
    outer loop
      vertex 2.01764 -9.93185 30
      vertex 1.5 -10 30
      vertex 1.84729 -9.96962 30
    endloop
  endfacet
  facet normal 0 0 1
    outer loop
      vertex 1.84729 -9.96962 30
      vertex 1.5 -10 30
      vertex 1.67432 -9.99239 30
    endloop
  endfacet
  facet normal 0 0 1
    outer loop
      vertex 1.5 -10 30
      vertex -3.5 -8 30
      vertex -1.5 -10 30
    endloop
  endfacet
  facet normal 0 0 1
    outer loop
      vertex -1.5 -10 30
      vertex -3.5 -8 30
      vertex -1.67432 -9.99239 30
    endloop
  endfacet
  facet normal 0 0 1
    outer loop
      vertex -1.67432 -9.99239 30
      vertex -3.5 -8 30
      vertex -1.84729 -9.96962 30
    endloop
  endfacet
  facet normal 0 0 1
    outer loop
      vertex -1.84729 -9.96962 30
      vertex -3.5 -8 30
      vertex -2.01764 -9.93185 30
    endloop
  endfacet
  facet normal 0 0 1
    outer loop
      vertex -2.01764 -9.93185 30
      vertex -3.5 -8 30
      vertex -2.18404 -9.87938 30
    endloop
  endfacet
  facet normal 0 0 1
    outer loop
      vertex -2.18404 -9.87938 30
      vertex -3.5 -8 30
      vertex -2.34523 -9.81262 30
    endloop
  endfacet
  facet normal 0 0 1
    outer loop
      vertex -2.34523 -9.81262 30
      vertex -3.5 -8 30
      vertex -2.5 -9.73206 30
    endloop
  endfacet
  facet normal 0 0 1
    outer loop
      vertex -2.5 -9.73206 30
      vertex -3.5 -8 30
      vertex -2.64716 -9.63831 30
    endloop
  endfacet
  facet normal 0 0 1
    outer loop
      vertex -2.64716 -9.63831 30
      vertex -3.5 -8 30
      vertex -2.78557 -9.53209 30
    endloop
  endfacet
  facet normal 0 0 1
    outer loop
      vertex -2.78557 -9.53209 30
      vertex -3.5 -8 30
      vertex -2.91422 -9.41422 30
    endloop
  endfacet
  facet normal 0 0 1
    outer loop
      vertex -2.91422 -9.41422 30
      vertex -3.5 -8 30
      vertex -3.03209 -9.28557 30
    endloop
  endfacet
  facet normal 0 0 1
    outer loop
      vertex -3.03209 -9.28557 30
      vertex -3.5 -8 30
      vertex -3.13831 -9.14716 30
    endloop
  endfacet
  facet normal 0 0 1
    outer loop
      vertex -3.13831 -9.14716 30
      vertex -3.5 -8 30
      vertex -3.23206 -9 30
    endloop
  endfacet
  facet normal 0 0 1
    outer loop
      vertex -3.23206 -9 30
      vertex -3.5 -8 30
      vertex -3.31262 -8.84523 30
    endloop
  endfacet
  facet normal 0 0 1
    outer loop
      vertex -3.31262 -8.84523 30
      vertex -3.5 -8 30
      vertex -3.37938 -8.68404 30
    endloop
  endfacet
  facet normal 0 0 1
    outer loop
      vertex -3.37938 -8.68404 30
      vertex -3.5 -8 30
      vertex -3.43185 -8.51764 30
    endloop
  endfacet
  facet normal 0 0 1
    outer loop
      vertex -3.43185 -8.51764 30
      vertex -3.5 -8 30
      vertex -3.46962 -8.34729 30
    endloop
  endfacet
  facet normal 0 0 1
    outer loop
      vertex -3.5 -8 30
      vertex 3.5 4 30
      vertex -3.5 4 30
    endloop
  endfacet
  facet normal 0 0 1
    outer loop
      vertex -3.46962 -8.34729 30
      vertex -3.5 -8 30
      vertex -3.49239 -8.17432 30
    endloop
  endfacet
  facet normal 0.382649 -0.923894 0
    outer loop
      vertex 2.18404 -9.87938 0
      vertex 2.34523 -9.81262 30
      vertex 2.18404 -9.87938 30
    endloop
  endfacet
  facet normal 0.382649 -0.923894 0
    outer loop
      vertex 2.34523 -9.81262 30
      vertex 2.18404 -9.87938 0
      vertex 2.34523 -9.81262 0
    endloop
  endfacet
  facet normal 1 -0 0
    outer loop
      vertex 3.35 -8.75498 0
      vertex 3.35 -0.5 -4
      vertex 3.35 -0.5 0
    endloop
  endfacet
  facet normal 1 0 0
    outer loop
      vertex 3.35 -9.5 -4
      vertex 3.35 -8.75498 0
      vertex 3.35 -9.5 0
    endloop
  endfacet
  facet normal 1 0 0
    outer loop
      vertex 3.35 -8.75498 0
      vertex 3.35 -9.5 -4
      vertex 3.35 -0.5 -4
    endloop
  endfacet
  facet normal 0 0 -1
    outer loop
      vertex 3.35 -9.5 -4
      vertex 2.3 -5 -4
      vertex 3.35 -0.5 -4
    endloop
  endfacet
  facet normal 0 0 -1
    outer loop
      vertex 3.35 -9.5 -4
      vertex 2.29125 -5.20046 -4
      vertex 2.3 -5 -4
    endloop
  endfacet
  facet normal 0 0 -1
    outer loop
      vertex 3.35 -9.5 -4
      vertex 2.26506 -5.39939 -4
      vertex 2.29125 -5.20046 -4
    endloop
  endfacet
  facet normal 0 0 -1
    outer loop
      vertex 3.35 -9.5 -4
      vertex 2.22163 -5.59528 -4
      vertex 2.26506 -5.39939 -4
    endloop
  endfacet
  facet normal 0 0 -1
    outer loop
      vertex 3.35 -9.5 -4
      vertex 2.16129 -5.78665 -4
      vertex 2.22163 -5.59528 -4
    endloop
  endfacet
  facet normal 0 0 -1
    outer loop
      vertex 3.35 -9.5 -4
      vertex 2.08451 -5.97202 -4
      vertex 2.16129 -5.78665 -4
    endloop
  endfacet
  facet normal 0 0 -1
    outer loop
      vertex 3.35 -9.5 -4
      vertex 1.99186 -6.15 -4
      vertex 2.08451 -5.97202 -4
    endloop
  endfacet
  facet normal 0 0 -1
    outer loop
      vertex 3.35 -9.5 -4
      vertex 1.88405 -6.31923 -4
      vertex 1.99186 -6.15 -4
    endloop
  endfacet
  facet normal 0 0 -1
    outer loop
      vertex 3.35 -9.5 -4
      vertex 1.7619 -6.47841 -4
      vertex 1.88405 -6.31923 -4
    endloop
  endfacet
  facet normal 0 0 -1
    outer loop
      vertex 3.35 -9.5 -4
      vertex 1.62634 -6.62634 -4
      vertex 1.7619 -6.47841 -4
    endloop
  endfacet
  facet normal 0 0 -1
    outer loop
      vertex 3.35 -9.5 -4
      vertex 1.47841 -6.7619 -4
      vertex 1.62634 -6.62634 -4
    endloop
  endfacet
  facet normal 0 0 -1
    outer loop
      vertex 3.35 -9.5 -4
      vertex 1.31923 -6.88405 -4
      vertex 1.47841 -6.7619 -4
    endloop
  endfacet
  facet normal 0 0 -1
    outer loop
      vertex 3.35 -9.5 -4
      vertex 1.15 -6.99186 -4
      vertex 1.31923 -6.88405 -4
    endloop
  endfacet
  facet normal 0 0 -1
    outer loop
      vertex 3.35 -9.5 -4
      vertex 0.972021 -7.08451 -4
      vertex 1.15 -6.99186 -4
    endloop
  endfacet
  facet normal 0 0 -1
    outer loop
      vertex 3.35 -9.5 -4
      vertex 0.786646 -7.16129 -4
      vertex 0.972021 -7.08451 -4
    endloop
  endfacet
  facet normal 0 0 -1
    outer loop
      vertex 3.35 -9.5 -4
      vertex 0.595284 -7.22163 -4
      vertex 0.786646 -7.16129 -4
    endloop
  endfacet
  facet normal 0 0 -1
    outer loop
      vertex 3.35 -9.5 -4
      vertex 0.39939 -7.26506 -4
      vertex 0.595284 -7.22163 -4
    endloop
  endfacet
  facet normal 0 0 -1
    outer loop
      vertex 3.35 -9.5 -4
      vertex 0.200458 -7.29125 -4
      vertex 0.39939 -7.26506 -4
    endloop
  endfacet
  facet normal 0 0 -1
    outer loop
      vertex 3.35 -9.5 -4
      vertex 0 -7.3 -4
      vertex 0.200458 -7.29125 -4
    endloop
  endfacet
  facet normal 0 0 -1
    outer loop
      vertex -3.35 -9.5 -4
      vertex 0 -7.3 -4
      vertex 3.35 -9.5 -4
    endloop
  endfacet
  facet normal -0 0 -1
    outer loop
      vertex 0 -7.3 -4
      vertex -3.35 -9.5 -4
      vertex -0.200458 -7.29125 -4
    endloop
  endfacet
  facet normal -0 0 -1
    outer loop
      vertex -0.200458 -7.29125 -4
      vertex -3.35 -9.5 -4
      vertex -0.39939 -7.26506 -4
    endloop
  endfacet
  facet normal -0 0 -1
    outer loop
      vertex -0.39939 -7.26506 -4
      vertex -3.35 -9.5 -4
      vertex -0.595284 -7.22163 -4
    endloop
  endfacet
  facet normal -0 0 -1
    outer loop
      vertex -0.595284 -7.22163 -4
      vertex -3.35 -9.5 -4
      vertex -0.786646 -7.16129 -4
    endloop
  endfacet
  facet normal -0 0 -1
    outer loop
      vertex -0.786646 -7.16129 -4
      vertex -3.35 -9.5 -4
      vertex -0.972021 -7.08451 -4
    endloop
  endfacet
  facet normal -0 0 -1
    outer loop
      vertex -2.29125 -5.20046 -4
      vertex -3.35 -9.5 -4
      vertex -2.3 -5 -4
    endloop
  endfacet
  facet normal -0 0 -1
    outer loop
      vertex -2.26506 -5.39939 -4
      vertex -3.35 -9.5 -4
      vertex -2.29125 -5.20046 -4
    endloop
  endfacet
  facet normal -0 0 -1
    outer loop
      vertex -2.22163 -5.59528 -4
      vertex -3.35 -9.5 -4
      vertex -2.26506 -5.39939 -4
    endloop
  endfacet
  facet normal -0 0 -1
    outer loop
      vertex -2.16129 -5.78665 -4
      vertex -3.35 -9.5 -4
      vertex -2.22163 -5.59528 -4
    endloop
  endfacet
  facet normal -0 0 -1
    outer loop
      vertex -2.08451 -5.97202 -4
      vertex -3.35 -9.5 -4
      vertex -2.16129 -5.78665 -4
    endloop
  endfacet
  facet normal -0 0 -1
    outer loop
      vertex -1.99186 -6.15 -4
      vertex -3.35 -9.5 -4
      vertex -2.08451 -5.97202 -4
    endloop
  endfacet
  facet normal -0 0 -1
    outer loop
      vertex -1.88405 -6.31923 -4
      vertex -3.35 -9.5 -4
      vertex -1.99186 -6.15 -4
    endloop
  endfacet
  facet normal -0 0 -1
    outer loop
      vertex -1.7619 -6.47841 -4
      vertex -3.35 -9.5 -4
      vertex -1.88405 -6.31923 -4
    endloop
  endfacet
  facet normal -0 0 -1
    outer loop
      vertex -1.62634 -6.62634 -4
      vertex -3.35 -9.5 -4
      vertex -1.7619 -6.47841 -4
    endloop
  endfacet
  facet normal -0 0 -1
    outer loop
      vertex -1.47841 -6.7619 -4
      vertex -3.35 -9.5 -4
      vertex -1.62634 -6.62634 -4
    endloop
  endfacet
  facet normal -0 0 -1
    outer loop
      vertex -1.31923 -6.88405 -4
      vertex -3.35 -9.5 -4
      vertex -1.47841 -6.7619 -4
    endloop
  endfacet
  facet normal -0 0 -1
    outer loop
      vertex -1.15 -6.99186 -4
      vertex -3.35 -9.5 -4
      vertex -1.31923 -6.88405 -4
    endloop
  endfacet
  facet normal -0 0 -1
    outer loop
      vertex -0.972021 -7.08451 -4
      vertex -3.35 -9.5 -4
      vertex -1.15 -6.99186 -4
    endloop
  endfacet
  facet normal 0 0 -1
    outer loop
      vertex 2.29125 -4.79954 -4
      vertex 3.35 -0.5 -4
      vertex 2.3 -5 -4
    endloop
  endfacet
  facet normal 0 0 -1
    outer loop
      vertex 2.26506 -4.60061 -4
      vertex 3.35 -0.5 -4
      vertex 2.29125 -4.79954 -4
    endloop
  endfacet
  facet normal 0 0 -1
    outer loop
      vertex 2.22163 -4.40472 -4
      vertex 3.35 -0.5 -4
      vertex 2.26506 -4.60061 -4
    endloop
  endfacet
  facet normal 0 0 -1
    outer loop
      vertex 2.16129 -4.21335 -4
      vertex 3.35 -0.5 -4
      vertex 2.22163 -4.40472 -4
    endloop
  endfacet
  facet normal 0 0 -1
    outer loop
      vertex 2.08451 -4.02798 -4
      vertex 3.35 -0.5 -4
      vertex 2.16129 -4.21335 -4
    endloop
  endfacet
  facet normal 0 0 -1
    outer loop
      vertex 1.99186 -3.85 -4
      vertex 3.35 -0.5 -4
      vertex 2.08451 -4.02798 -4
    endloop
  endfacet
  facet normal 0 0 -1
    outer loop
      vertex 1.88405 -3.68077 -4
      vertex 3.35 -0.5 -4
      vertex 1.99186 -3.85 -4
    endloop
  endfacet
  facet normal 0 0 -1
    outer loop
      vertex 1.7619 -3.52159 -4
      vertex 3.35 -0.5 -4
      vertex 1.88405 -3.68077 -4
    endloop
  endfacet
  facet normal 0 0 -1
    outer loop
      vertex 1.62634 -3.37365 -4
      vertex 3.35 -0.5 -4
      vertex 1.7619 -3.52159 -4
    endloop
  endfacet
  facet normal 0 0 -1
    outer loop
      vertex 1.47841 -3.2381 -4
      vertex 3.35 -0.5 -4
      vertex 1.62634 -3.37365 -4
    endloop
  endfacet
  facet normal 0 0 -1
    outer loop
      vertex 1.31923 -3.11595 -4
      vertex 3.35 -0.5 -4
      vertex 1.47841 -3.2381 -4
    endloop
  endfacet
  facet normal 0 0 -1
    outer loop
      vertex 1.15 -3.00814 -4
      vertex 3.35 -0.5 -4
      vertex 1.31923 -3.11595 -4
    endloop
  endfacet
  facet normal 0 0 -1
    outer loop
      vertex 0.972021 -2.91549 -4
      vertex 3.35 -0.5 -4
      vertex 1.15 -3.00814 -4
    endloop
  endfacet
  facet normal 0 0 -1
    outer loop
      vertex 0.786646 -2.83871 -4
      vertex 3.35 -0.5 -4
      vertex 0.972021 -2.91549 -4
    endloop
  endfacet
  facet normal 0 0 -1
    outer loop
      vertex 0.595284 -2.77837 -4
      vertex 3.35 -0.5 -4
      vertex 0.786646 -2.83871 -4
    endloop
  endfacet
  facet normal 0 0 -1
    outer loop
      vertex 0.39939 -2.73494 -4
      vertex 3.35 -0.5 -4
      vertex 0.595284 -2.77837 -4
    endloop
  endfacet
  facet normal 0 0 -1
    outer loop
      vertex 0.200458 -2.70875 -4
      vertex 3.35 -0.5 -4
      vertex 0.39939 -2.73494 -4
    endloop
  endfacet
  facet normal 0 0 -1
    outer loop
      vertex 0 -2.7 -4
      vertex 3.35 -0.5 -4
      vertex 0.200458 -2.70875 -4
    endloop
  endfacet
  facet normal 0 0 -1
    outer loop
      vertex -3.35 -0.5 -4
      vertex 0 -2.7 -4
      vertex -0.200458 -2.70875 -4
    endloop
  endfacet
  facet normal 0 0 -1
    outer loop
      vertex -3.35 -0.5 -4
      vertex -0.200458 -2.70875 -4
      vertex -0.39939 -2.73494 -4
    endloop
  endfacet
  facet normal 0 0 -1
    outer loop
      vertex -3.35 -0.5 -4
      vertex -0.39939 -2.73494 -4
      vertex -0.595284 -2.77837 -4
    endloop
  endfacet
  facet normal 0 0 -1
    outer loop
      vertex -3.35 -0.5 -4
      vertex -0.595284 -2.77837 -4
      vertex -0.786646 -2.83871 -4
    endloop
  endfacet
  facet normal 0 0 -1
    outer loop
      vertex -3.35 -0.5 -4
      vertex -0.786646 -2.83871 -4
      vertex -0.972021 -2.91549 -4
    endloop
  endfacet
  facet normal 0 0 -1
    outer loop
      vertex -3.35 -0.5 -4
      vertex -0.972021 -2.91549 -4
      vertex -1.15 -3.00814 -4
    endloop
  endfacet
  facet normal 0 0 -1
    outer loop
      vertex -3.35 -0.5 -4
      vertex -2.3 -5 -4
      vertex -3.35 -9.5 -4
    endloop
  endfacet
  facet normal 0 0 -1
    outer loop
      vertex -2.3 -5 -4
      vertex -3.35 -0.5 -4
      vertex -2.29125 -4.79954 -4
    endloop
  endfacet
  facet normal 0 0 -1
    outer loop
      vertex 0 -2.7 -4
      vertex -3.35 -0.5 -4
      vertex 3.35 -0.5 -4
    endloop
  endfacet
  facet normal 0 0 -1
    outer loop
      vertex -1.31923 -3.11595 -4
      vertex -3.35 -0.5 -4
      vertex -1.15 -3.00814 -4
    endloop
  endfacet
  facet normal 0 0 -1
    outer loop
      vertex -1.47841 -3.2381 -4
      vertex -3.35 -0.5 -4
      vertex -1.31923 -3.11595 -4
    endloop
  endfacet
  facet normal 0 0 -1
    outer loop
      vertex -1.62634 -3.37365 -4
      vertex -3.35 -0.5 -4
      vertex -1.47841 -3.2381 -4
    endloop
  endfacet
  facet normal 0 0 -1
    outer loop
      vertex -1.7619 -3.52159 -4
      vertex -3.35 -0.5 -4
      vertex -1.62634 -3.37365 -4
    endloop
  endfacet
  facet normal 0 0 -1
    outer loop
      vertex -1.88405 -3.68077 -4
      vertex -3.35 -0.5 -4
      vertex -1.7619 -3.52159 -4
    endloop
  endfacet
  facet normal 0 0 -1
    outer loop
      vertex -1.99186 -3.85 -4
      vertex -3.35 -0.5 -4
      vertex -1.88405 -3.68077 -4
    endloop
  endfacet
  facet normal 0 0 -1
    outer loop
      vertex -2.08451 -4.02798 -4
      vertex -3.35 -0.5 -4
      vertex -1.99186 -3.85 -4
    endloop
  endfacet
  facet normal 0 0 -1
    outer loop
      vertex -2.16129 -4.21335 -4
      vertex -3.35 -0.5 -4
      vertex -2.08451 -4.02798 -4
    endloop
  endfacet
  facet normal 0 0 -1
    outer loop
      vertex -2.22163 -4.40472 -4
      vertex -3.35 -0.5 -4
      vertex -2.16129 -4.21335 -4
    endloop
  endfacet
  facet normal 0 0 -1
    outer loop
      vertex -2.26506 -4.60061 -4
      vertex -3.35 -0.5 -4
      vertex -2.22163 -4.40472 -4
    endloop
  endfacet
  facet normal 0 0 -1
    outer loop
      vertex -2.29125 -4.79954 -4
      vertex -3.35 -0.5 -4
      vertex -2.26506 -4.60061 -4
    endloop
  endfacet
  facet normal -1 0 0
    outer loop
      vertex -3.35 -0.5 -4
      vertex -3.35 -8.75498 0
      vertex -3.35 -0.5 0
    endloop
  endfacet
  facet normal -1 0 0
    outer loop
      vertex -3.35 -9.5 -4
      vertex -3.35 -8.75498 0
      vertex -3.35 -0.5 -4
    endloop
  endfacet
  facet normal -1 -0 0
    outer loop
      vertex -3.35 -8.75498 0
      vertex -3.35 -9.5 -4
      vertex -3.35 -9.5 0
    endloop
  endfacet
  facet normal 0 1 -0
    outer loop
      vertex 3.35 -0.5 -4
      vertex -3.35 -0.5 0
      vertex 3.35 -0.5 0
    endloop
  endfacet
  facet normal 0 1 0
    outer loop
      vertex -3.35 -0.5 0
      vertex 3.35 -0.5 -4
      vertex -3.35 -0.5 -4
    endloop
  endfacet
  facet normal 0 -1 0
    outer loop
      vertex -3.35 -9.5 -4
      vertex -2.82059 -9.5 0
      vertex -3.35 -9.5 0
    endloop
  endfacet
  facet normal 0 -1 -0
    outer loop
      vertex -2.82059 -9.5 0
      vertex -3.35 -9.5 -4
      vertex 2.82059 -9.5 0
    endloop
  endfacet
  facet normal 0 -1 0
    outer loop
      vertex 3.35 -9.5 -4
      vertex 2.82059 -9.5 0
      vertex -3.35 -9.5 -4
    endloop
  endfacet
  facet normal 0 -1 0
    outer loop
      vertex 2.82059 -9.5 0
      vertex 3.35 -9.5 -4
      vertex 3.35 -9.5 0
    endloop
  endfacet
  facet normal 0 0.216611 -0.976258
    outer loop
      vertex -3.5 -0.82175 17.5668
      vertex 3.5 -0.551332 17.6268
      vertex 3.5 -0.82175 17.5668
    endloop
  endfacet
  facet normal 0 0.216611 -0.976258
    outer loop
      vertex 3.5 -0.551332 17.6268
      vertex -3.5 -0.82175 17.5668
      vertex -3.5 -0.551332 17.6268
    endloop
  endfacet
  facet normal 0 -0.216611 0.976258
    outer loop
      vertex -3.5 0.82175 11.4332
      vertex 3.5 0.551332 11.3732
      vertex 3.5 0.82175 11.4332
    endloop
  endfacet
  facet normal 0 -0.216611 0.976258
    outer loop
      vertex 3.5 0.551332 11.3732
      vertex -3.5 0.82175 11.4332
      vertex -3.5 0.551332 11.3732
    endloop
  endfacet
  facet normal -0 0.0436849 0.999045
    outer loop
      vertex -3.5 0 11.325
      vertex 3.5 -0.276719 11.3371
      vertex 3.5 0 11.325
    endloop
  endfacet
  facet normal 0 0.0436849 0.999045
    outer loop
      vertex 3.5 -0.276719 11.3371
      vertex -3.5 0 11.325
      vertex -3.5 -0.276719 11.3371
    endloop
  endfacet
  facet normal 0 0.843391 0.537301
    outer loop
      vertex 3.5 -2.60081 12.6789
      vertex -3.5 -2.74963 12.9125
      vertex 3.5 -2.74963 12.9125
    endloop
  endfacet
  facet normal 0 0.843391 0.537301
    outer loop
      vertex -3.5 -2.74963 12.9125
      vertex 3.5 -2.60081 12.6789
      vertex -3.5 -2.60081 12.6789
    endloop
  endfacet
  facet normal 0 -0.79342 0.608674
    outer loop
      vertex -3.5 2.43219 12.4591
      vertex 3.5 2.60081 12.6789
      vertex -3.5 2.60081 12.6789
    endloop
  endfacet
  facet normal 0 -0.79342 0.608674
    outer loop
      vertex 3.5 2.60081 12.6789
      vertex -3.5 2.43219 12.4591
      vertex 3.5 2.43219 12.4591
    endloop
  endfacet
  facet normal 0 -0.608733 -0.793375
    outer loop
      vertex -3.5 1.82111 17.1008
      vertex 3.5 2.04085 16.9322
      vertex 3.5 1.82111 17.1008
    endloop
  endfacet
  facet normal -0 -0.608733 -0.793375
    outer loop
      vertex 3.5 2.04085 16.9322
      vertex -3.5 1.82111 17.1008
      vertex -3.5 2.04085 16.9322
    endloop
  endfacet
  facet normal 0 -0.300741 0.953706
    outer loop
      vertex -3.5 1.08591 11.5165
      vertex 3.5 0.82175 11.4332
      vertex 3.5 1.08591 11.5165
    endloop
  endfacet
  facet normal 0 -0.300741 0.953706
    outer loop
      vertex 3.5 0.82175 11.4332
      vertex -3.5 1.08591 11.5165
      vertex -3.5 0.82175 11.4332
    endloop
  endfacet
  facet normal 0 0.300741 -0.953706
    outer loop
      vertex -3.5 -1.08591 17.4835
      vertex 3.5 -0.82175 17.5668
      vertex 3.5 -1.08591 17.4835
    endloop
  endfacet
  facet normal 0 0.300741 -0.953706
    outer loop
      vertex 3.5 -0.82175 17.5668
      vertex -3.5 -1.08591 17.4835
      vertex -3.5 -0.82175 17.5668
    endloop
  endfacet
  facet normal 0 0.130336 -0.99147
    outer loop
      vertex -3.5 -0.551332 17.6268
      vertex 3.5 -0.276719 17.6629
      vertex 3.5 -0.551332 17.6268
    endloop
  endfacet
  facet normal 0 0.130336 -0.99147
    outer loop
      vertex 3.5 -0.276719 17.6629
      vertex -3.5 -0.551332 17.6268
      vertex -3.5 -0.276719 17.6629
    endloop
  endfacet
  facet normal 0 -0.0436849 0.999045
    outer loop
      vertex -3.5 0.276719 11.3371
      vertex 3.5 0 11.325
      vertex 3.5 0.276719 11.3371
    endloop
  endfacet
  facet normal 0 -0.0436849 0.999045
    outer loop
      vertex 3.5 0 11.325
      vertex -3.5 0.276719 11.3371
      vertex -3.5 0 11.325
    endloop
  endfacet
  facet normal 0 -0.73725 0.67562
    outer loop
      vertex -3.5 2.24506 12.2549
      vertex 3.5 2.43219 12.4591
      vertex -3.5 2.43219 12.4591
    endloop
  endfacet
  facet normal 0 -0.73725 0.67562
    outer loop
      vertex 3.5 2.43219 12.4591
      vertex -3.5 2.24506 12.2549
      vertex 3.5 2.24506 12.2549
    endloop
  endfacet
  facet normal 0 0.976293 -0.216453
    outer loop
      vertex 3.5 -3.12676 15.0513
      vertex -3.5 -3.06681 15.3217
      vertex 3.5 -3.06681 15.3217
    endloop
  endfacet
  facet normal 0 0.976293 -0.216453
    outer loop
      vertex -3.5 -3.06681 15.3217
      vertex 3.5 -3.12676 15.0513
      vertex -3.5 -3.12676 15.0513
    endloop
  endfacet
  facet normal 0 -0.537233 -0.843434
    outer loop
      vertex -3.5 1.5875 17.2496
      vertex 3.5 1.82111 17.1008
      vertex 3.5 1.5875 17.2496
    endloop
  endfacet
  facet normal -0 -0.537233 -0.843434
    outer loop
      vertex 3.5 1.82111 17.1008
      vertex -3.5 1.5875 17.2496
      vertex -3.5 1.82111 17.1008
    endloop
  endfacet
  facet normal 0 -0.887016 -0.461739
    outer loop
      vertex -3.5 2.87753 15.8418
      vertex 3.5 2.74963 16.0875
      vertex -3.5 2.74963 16.0875
    endloop
  endfacet
  facet normal 0 -0.887016 -0.461739
    outer loop
      vertex 3.5 2.74963 16.0875
      vertex -3.5 2.87753 15.8418
      vertex 3.5 2.87753 15.8418
    endloop
  endfacet
  facet normal 0 -0.608733 0.793375
    outer loop
      vertex -3.5 2.04085 12.0678
      vertex 3.5 1.82111 11.8992
      vertex 3.5 2.04085 12.0678
    endloop
  endfacet
  facet normal 0 -0.608733 0.793375
    outer loop
      vertex 3.5 1.82111 11.8992
      vertex -3.5 2.04085 12.0678
      vertex -3.5 1.82111 11.8992
    endloop
  endfacet
  facet normal 0 0.382692 -0.923876
    outer loop
      vertex -3.5 -1.34181 17.3775
      vertex 3.5 -1.08591 17.4835
      vertex 3.5 -1.34181 17.3775
    endloop
  endfacet
  facet normal 0 0.382692 -0.923876
    outer loop
      vertex 3.5 -1.08591 17.4835
      vertex -3.5 -1.34181 17.3775
      vertex -3.5 -1.08591 17.4835
    endloop
  endfacet
  facet normal 0 -0.843391 -0.537301
    outer loop
      vertex -3.5 2.74963 16.0875
      vertex 3.5 2.60081 16.3211
      vertex -3.5 2.60081 16.3211
    endloop
  endfacet
  facet normal 0 -0.843391 -0.537301
    outer loop
      vertex 3.5 2.60081 16.3211
      vertex -3.5 2.74963 16.0875
      vertex 3.5 2.74963 16.0875
    endloop
  endfacet
  facet normal -0 0.130336 0.99147
    outer loop
      vertex -3.5 -0.276719 11.3371
      vertex 3.5 -0.551332 11.3732
      vertex 3.5 -0.276719 11.3371
    endloop
  endfacet
  facet normal 0 0.130336 0.99147
    outer loop
      vertex 3.5 -0.551332 11.3732
      vertex -3.5 -0.276719 11.3371
      vertex -3.5 -0.551332 11.3732
    endloop
  endfacet
  facet normal 0 -0.675543 -0.73732
    outer loop
      vertex -3.5 2.04085 16.9322
      vertex 3.5 2.24506 16.7451
      vertex 3.5 2.04085 16.9322
    endloop
  endfacet
  facet normal -0 -0.675543 -0.73732
    outer loop
      vertex 3.5 2.24506 16.7451
      vertex -3.5 2.04085 16.9322
      vertex -3.5 2.24506 16.7451
    endloop
  endfacet
  facet normal 0 0.991441 0.130555
    outer loop
      vertex 3.5 -3.12676 13.9487
      vertex -3.5 -3.16292 14.2233
      vertex 3.5 -3.16292 14.2233
    endloop
  endfacet
  facet normal 0 0.991441 0.130555
    outer loop
      vertex -3.5 -3.16292 14.2233
      vertex 3.5 -3.12676 13.9487
      vertex -3.5 -3.12676 13.9487
    endloop
  endfacet
  facet normal 0 -0.675543 0.73732
    outer loop
      vertex -3.5 2.24506 12.2549
      vertex 3.5 2.04085 12.0678
      vertex 3.5 2.24506 12.2549
    endloop
  endfacet
  facet normal 0 -0.675543 0.73732
    outer loop
      vertex 3.5 2.04085 12.0678
      vertex -3.5 2.24506 12.2549
      vertex -3.5 2.04085 12.0678
    endloop
  endfacet
  facet normal 0 -0.0436849 -0.999045
    outer loop
      vertex -3.5 0 17.675
      vertex 3.5 0.276719 17.6629
      vertex 3.5 0 17.675
    endloop
  endfacet
  facet normal -0 -0.0436849 -0.999045
    outer loop
      vertex 3.5 0.276719 17.6629
      vertex -3.5 0 17.675
      vertex -3.5 0.276719 17.6629
    endloop
  endfacet
  facet normal 0 0.675543 -0.73732
    outer loop
      vertex -3.5 -2.24506 16.7451
      vertex 3.5 -2.04085 16.9322
      vertex 3.5 -2.24506 16.7451
    endloop
  endfacet
  facet normal 0 0.675543 -0.73732
    outer loop
      vertex 3.5 -2.04085 16.9322
      vertex -3.5 -2.24506 16.7451
      vertex -3.5 -2.04085 16.9322
    endloop
  endfacet
  facet normal -0 0.216611 0.976258
    outer loop
      vertex -3.5 -0.551332 11.3732
      vertex 3.5 -0.82175 11.4332
      vertex 3.5 -0.551332 11.3732
    endloop
  endfacet
  facet normal 0 0.216611 0.976258
    outer loop
      vertex 3.5 -0.82175 11.4332
      vertex -3.5 -0.551332 11.3732
      vertex -3.5 -0.82175 11.4332
    endloop
  endfacet
  facet normal 0 0.999048 0.0436158
    outer loop
      vertex 3.5 -3.16292 14.2233
      vertex -3.5 -3.175 14.5
      vertex 3.5 -3.175 14.5
    endloop
  endfacet
  facet normal 0 0.999048 0.0436158
    outer loop
      vertex -3.5 -3.175 14.5
      vertex 3.5 -3.16292 14.2233
      vertex -3.5 -3.16292 14.2233
    endloop
  endfacet
  facet normal 0 0.887016 -0.461739
    outer loop
      vertex 3.5 -2.87753 15.8418
      vertex -3.5 -2.74963 16.0875
      vertex 3.5 -2.74963 16.0875
    endloop
  endfacet
  facet normal 0 0.887016 -0.461739
    outer loop
      vertex -3.5 -2.74963 16.0875
      vertex 3.5 -2.87753 15.8418
      vertex -3.5 -2.87753 15.8418
    endloop
  endfacet
  facet normal 0 -0.130336 0.99147
    outer loop
      vertex -3.5 0.551332 11.3732
      vertex 3.5 0.276719 11.3371
      vertex 3.5 0.551332 11.3732
    endloop
  endfacet
  facet normal 0 -0.130336 0.99147
    outer loop
      vertex 3.5 0.276719 11.3371
      vertex -3.5 0.551332 11.3732
      vertex -3.5 0.276719 11.3371
    endloop
  endfacet
  facet normal 0 0.461754 -0.887008
    outer loop
      vertex -3.5 -1.5875 17.2496
      vertex 3.5 -1.34181 17.3775
      vertex 3.5 -1.5875 17.2496
    endloop
  endfacet
  facet normal 0 0.461754 -0.887008
    outer loop
      vertex 3.5 -1.34181 17.3775
      vertex -3.5 -1.5875 17.2496
      vertex -3.5 -1.34181 17.3775
    endloop
  endfacet
  facet normal 0 -0.999048 -0.0436158
    outer loop
      vertex -3.5 3.175 14.5
      vertex 3.5 3.16292 14.7767
      vertex -3.5 3.16292 14.7767
    endloop
  endfacet
  facet normal 0 -0.999048 -0.0436158
    outer loop
      vertex 3.5 3.16292 14.7767
      vertex -3.5 3.175 14.5
      vertex 3.5 3.175 14.5
    endloop
  endfacet
  facet normal -0 0.461754 0.887008
    outer loop
      vertex -3.5 -1.34181 11.6225
      vertex 3.5 -1.5875 11.7504
      vertex 3.5 -1.34181 11.6225
    endloop
  endfacet
  facet normal 0 0.461754 0.887008
    outer loop
      vertex 3.5 -1.5875 11.7504
      vertex -3.5 -1.34181 11.6225
      vertex -3.5 -1.5875 11.7504
    endloop
  endfacet
  facet normal 0 0.73725 -0.67562
    outer loop
      vertex 3.5 -2.43219 16.5409
      vertex -3.5 -2.24506 16.7451
      vertex 3.5 -2.24506 16.7451
    endloop
  endfacet
  facet normal 0 0.73725 -0.67562
    outer loop
      vertex -3.5 -2.24506 16.7451
      vertex 3.5 -2.43219 16.5409
      vertex -3.5 -2.43219 16.5409
    endloop
  endfacet
  facet normal 0 0.953697 0.30077
    outer loop
      vertex 3.5 -2.98352 13.4141
      vertex -3.5 -3.06681 13.6782
      vertex 3.5 -3.06681 13.6782
    endloop
  endfacet
  facet normal 0 0.953697 0.30077
    outer loop
      vertex -3.5 -3.06681 13.6782
      vertex 3.5 -2.98352 13.4141
      vertex -3.5 -2.98352 13.4141
    endloop
  endfacet
  facet normal 0 0.608733 -0.793375
    outer loop
      vertex -3.5 -2.04085 16.9322
      vertex 3.5 -1.82111 17.1008
      vertex 3.5 -2.04085 16.9322
    endloop
  endfacet
  facet normal 0 0.608733 -0.793375
    outer loop
      vertex 3.5 -1.82111 17.1008
      vertex -3.5 -2.04085 16.9322
      vertex -3.5 -1.82111 17.1008
    endloop
  endfacet
  facet normal 0 0.97631 0.216376
    outer loop
      vertex 3.5 -3.06681 13.6782
      vertex -3.5 -3.12676 13.9487
      vertex 3.5 -3.12676 13.9487
    endloop
  endfacet
  facet normal 0 0.97631 0.216376
    outer loop
      vertex -3.5 -3.12676 13.9487
      vertex 3.5 -3.06681 13.6782
      vertex -3.5 -3.06681 13.6782
    endloop
  endfacet
  facet normal 0 0.999048 -0.0436158
    outer loop
      vertex 3.5 -3.175 14.5
      vertex -3.5 -3.16292 14.7767
      vertex 3.5 -3.16292 14.7767
    endloop
  endfacet
  facet normal 0 0.999048 -0.0436158
    outer loop
      vertex -3.5 -3.16292 14.7767
      vertex 3.5 -3.175 14.5
      vertex -3.5 -3.175 14.5
    endloop
  endfacet
  facet normal 0 0.79342 -0.608674
    outer loop
      vertex 3.5 -2.60081 16.3211
      vertex -3.5 -2.43219 16.5409
      vertex 3.5 -2.43219 16.5409
    endloop
  endfacet
  facet normal 0 0.79342 -0.608674
    outer loop
      vertex -3.5 -2.43219 16.5409
      vertex 3.5 -2.60081 16.3211
      vertex -3.5 -2.60081 16.3211
    endloop
  endfacet
  facet normal 0 -0.73725 -0.67562
    outer loop
      vertex -3.5 2.43219 16.5409
      vertex 3.5 2.24506 16.7451
      vertex -3.5 2.24506 16.7451
    endloop
  endfacet
  facet normal 0 -0.73725 -0.67562
    outer loop
      vertex 3.5 2.24506 16.7451
      vertex -3.5 2.43219 16.5409
      vertex 3.5 2.43219 16.5409
    endloop
  endfacet
  facet normal 0 -0.461754 -0.887008
    outer loop
      vertex -3.5 1.34181 17.3775
      vertex 3.5 1.5875 17.2496
      vertex 3.5 1.34181 17.3775
    endloop
  endfacet
  facet normal -0 -0.461754 -0.887008
    outer loop
      vertex 3.5 1.5875 17.2496
      vertex -3.5 1.34181 17.3775
      vertex -3.5 1.5875 17.2496
    endloop
  endfacet
  facet normal 0 -0.97631 0.216376
    outer loop
      vertex -3.5 3.06681 13.6782
      vertex 3.5 3.12676 13.9487
      vertex -3.5 3.12676 13.9487
    endloop
  endfacet
  facet normal 0 -0.97631 0.216376
    outer loop
      vertex 3.5 3.12676 13.9487
      vertex -3.5 3.06681 13.6782
      vertex 3.5 3.06681 13.6782
    endloop
  endfacet
  facet normal 0 -0.130336 -0.99147
    outer loop
      vertex -3.5 0.276719 17.6629
      vertex 3.5 0.551332 17.6268
      vertex 3.5 0.276719 17.6629
    endloop
  endfacet
  facet normal -0 -0.130336 -0.99147
    outer loop
      vertex 3.5 0.551332 17.6268
      vertex -3.5 0.276719 17.6629
      vertex -3.5 0.551332 17.6268
    endloop
  endfacet
  facet normal 0 -0.953697 0.30077
    outer loop
      vertex -3.5 2.98352 13.4141
      vertex 3.5 3.06681 13.6782
      vertex -3.5 3.06681 13.6782
    endloop
  endfacet
  facet normal 0 -0.953697 0.30077
    outer loop
      vertex 3.5 3.06681 13.6782
      vertex -3.5 2.98352 13.4141
      vertex 3.5 2.98352 13.4141
    endloop
  endfacet
  facet normal 0 -0.991441 -0.130555
    outer loop
      vertex -3.5 3.16292 14.7767
      vertex 3.5 3.12676 15.0513
      vertex -3.5 3.12676 15.0513
    endloop
  endfacet
  facet normal 0 -0.991441 -0.130555
    outer loop
      vertex 3.5 3.12676 15.0513
      vertex -3.5 3.16292 14.7767
      vertex 3.5 3.16292 14.7767
    endloop
  endfacet
  facet normal 0 0.991441 -0.130555
    outer loop
      vertex 3.5 -3.16292 14.7767
      vertex -3.5 -3.12676 15.0513
      vertex 3.5 -3.12676 15.0513
    endloop
  endfacet
  facet normal 0 0.991441 -0.130555
    outer loop
      vertex -3.5 -3.12676 15.0513
      vertex 3.5 -3.16292 14.7767
      vertex -3.5 -3.16292 14.7767
    endloop
  endfacet
  facet normal 0 -0.843391 0.537301
    outer loop
      vertex -3.5 2.60081 12.6789
      vertex 3.5 2.74963 12.9125
      vertex -3.5 2.74963 12.9125
    endloop
  endfacet
  facet normal 0 -0.843391 0.537301
    outer loop
      vertex 3.5 2.74963 12.9125
      vertex -3.5 2.60081 12.6789
      vertex 3.5 2.60081 12.6789
    endloop
  endfacet
  facet normal 0 -0.537233 0.843434
    outer loop
      vertex -3.5 1.82111 11.8992
      vertex 3.5 1.5875 11.7504
      vertex 3.5 1.82111 11.8992
    endloop
  endfacet
  facet normal 0 -0.537233 0.843434
    outer loop
      vertex 3.5 1.5875 11.7504
      vertex -3.5 1.82111 11.8992
      vertex -3.5 1.5875 11.7504
    endloop
  endfacet
  facet normal 0 -0.461754 0.887008
    outer loop
      vertex -3.5 1.5875 11.7504
      vertex 3.5 1.34181 11.6225
      vertex 3.5 1.5875 11.7504
    endloop
  endfacet
  facet normal 0 -0.461754 0.887008
    outer loop
      vertex 3.5 1.34181 11.6225
      vertex -3.5 1.5875 11.7504
      vertex -3.5 1.34181 11.6225
    endloop
  endfacet
  facet normal 0 -0.923889 0.382661
    outer loop
      vertex -3.5 2.87753 13.1582
      vertex 3.5 2.98352 13.4141
      vertex -3.5 2.98352 13.4141
    endloop
  endfacet
  facet normal 0 -0.923889 0.382661
    outer loop
      vertex 3.5 2.98352 13.4141
      vertex -3.5 2.87753 13.1582
      vertex 3.5 2.87753 13.1582
    endloop
  endfacet
  facet normal -0 0.300741 0.953706
    outer loop
      vertex -3.5 -0.82175 11.4332
      vertex 3.5 -1.08591 11.5165
      vertex 3.5 -0.82175 11.4332
    endloop
  endfacet
  facet normal 0 0.300741 0.953706
    outer loop
      vertex 3.5 -1.08591 11.5165
      vertex -3.5 -0.82175 11.4332
      vertex -3.5 -1.08591 11.5165
    endloop
  endfacet
  facet normal 0 -0.382692 0.923876
    outer loop
      vertex -3.5 1.34181 11.6225
      vertex 3.5 1.08591 11.5165
      vertex 3.5 1.34181 11.6225
    endloop
  endfacet
  facet normal 0 -0.382692 0.923876
    outer loop
      vertex 3.5 1.08591 11.5165
      vertex -3.5 1.34181 11.6225
      vertex -3.5 1.08591 11.5165
    endloop
  endfacet
  facet normal -0 0.382692 0.923876
    outer loop
      vertex -3.5 -1.08591 11.5165
      vertex 3.5 -1.34181 11.6225
      vertex 3.5 -1.08591 11.5165
    endloop
  endfacet
  facet normal 0 0.382692 0.923876
    outer loop
      vertex 3.5 -1.34181 11.6225
      vertex -3.5 -1.08591 11.5165
      vertex -3.5 -1.34181 11.6225
    endloop
  endfacet
  facet normal 0 0.887016 0.461739
    outer loop
      vertex 3.5 -2.74963 12.9125
      vertex -3.5 -2.87753 13.1582
      vertex 3.5 -2.87753 13.1582
    endloop
  endfacet
  facet normal 0 0.887016 0.461739
    outer loop
      vertex -3.5 -2.87753 13.1582
      vertex 3.5 -2.74963 12.9125
      vertex -3.5 -2.74963 12.9125
    endloop
  endfacet
  facet normal 0 -0.976293 -0.216453
    outer loop
      vertex -3.5 3.12676 15.0513
      vertex 3.5 3.06681 15.3217
      vertex -3.5 3.06681 15.3217
    endloop
  endfacet
  facet normal 0 -0.976293 -0.216453
    outer loop
      vertex 3.5 3.06681 15.3217
      vertex -3.5 3.12676 15.0513
      vertex 3.5 3.12676 15.0513
    endloop
  endfacet
  facet normal 0 -0.953729 -0.300667
    outer loop
      vertex -3.5 3.06681 15.3217
      vertex 3.5 2.98352 15.5859
      vertex -3.5 2.98352 15.5859
    endloop
  endfacet
  facet normal 0 -0.953729 -0.300667
    outer loop
      vertex 3.5 2.98352 15.5859
      vertex -3.5 3.06681 15.3217
      vertex 3.5 3.06681 15.3217
    endloop
  endfacet
  facet normal -0 0.608733 0.793375
    outer loop
      vertex -3.5 -1.82111 11.8992
      vertex 3.5 -2.04085 12.0678
      vertex 3.5 -1.82111 11.8992
    endloop
  endfacet
  facet normal 0 0.608733 0.793375
    outer loop
      vertex 3.5 -2.04085 12.0678
      vertex -3.5 -1.82111 11.8992
      vertex -3.5 -2.04085 12.0678
    endloop
  endfacet
  facet normal 0 0.843391 -0.537301
    outer loop
      vertex 3.5 -2.74963 16.0875
      vertex -3.5 -2.60081 16.3211
      vertex 3.5 -2.60081 16.3211
    endloop
  endfacet
  facet normal 0 0.843391 -0.537301
    outer loop
      vertex -3.5 -2.60081 16.3211
      vertex 3.5 -2.74963 16.0875
      vertex -3.5 -2.74963 16.0875
    endloop
  endfacet
  facet normal 0 -0.999048 0.0436158
    outer loop
      vertex -3.5 3.16292 14.2233
      vertex 3.5 3.175 14.5
      vertex -3.5 3.175 14.5
    endloop
  endfacet
  facet normal 0 -0.999048 0.0436158
    outer loop
      vertex 3.5 3.175 14.5
      vertex -3.5 3.16292 14.2233
      vertex 3.5 3.16292 14.2233
    endloop
  endfacet
  facet normal 0 0.73725 0.67562
    outer loop
      vertex 3.5 -2.24506 12.2549
      vertex -3.5 -2.43219 12.4591
      vertex 3.5 -2.43219 12.4591
    endloop
  endfacet
  facet normal 0 0.73725 0.67562
    outer loop
      vertex -3.5 -2.43219 12.4591
      vertex 3.5 -2.24506 12.2549
      vertex -3.5 -2.24506 12.2549
    endloop
  endfacet
  facet normal 0 0.923889 0.382661
    outer loop
      vertex 3.5 -2.87753 13.1582
      vertex -3.5 -2.98352 13.4141
      vertex 3.5 -2.98352 13.4141
    endloop
  endfacet
  facet normal 0 0.923889 0.382661
    outer loop
      vertex -3.5 -2.98352 13.4141
      vertex 3.5 -2.87753 13.1582
      vertex -3.5 -2.87753 13.1582
    endloop
  endfacet
  facet normal 0 -0.216611 -0.976258
    outer loop
      vertex -3.5 0.551332 17.6268
      vertex 3.5 0.82175 17.5668
      vertex 3.5 0.551332 17.6268
    endloop
  endfacet
  facet normal -0 -0.216611 -0.976258
    outer loop
      vertex 3.5 0.82175 17.5668
      vertex -3.5 0.551332 17.6268
      vertex -3.5 0.82175 17.5668
    endloop
  endfacet
  facet normal 0 -0.300741 -0.953706
    outer loop
      vertex -3.5 0.82175 17.5668
      vertex 3.5 1.08591 17.4835
      vertex 3.5 0.82175 17.5668
    endloop
  endfacet
  facet normal -0 -0.300741 -0.953706
    outer loop
      vertex 3.5 1.08591 17.4835
      vertex -3.5 0.82175 17.5668
      vertex -3.5 1.08591 17.4835
    endloop
  endfacet
  facet normal -0 0.675543 0.73732
    outer loop
      vertex -3.5 -2.04085 12.0678
      vertex 3.5 -2.24506 12.2549
      vertex 3.5 -2.04085 12.0678
    endloop
  endfacet
  facet normal 0 0.675543 0.73732
    outer loop
      vertex 3.5 -2.24506 12.2549
      vertex -3.5 -2.04085 12.0678
      vertex -3.5 -2.24506 12.2549
    endloop
  endfacet
  facet normal 0 -0.887016 0.461739
    outer loop
      vertex -3.5 2.74963 12.9125
      vertex 3.5 2.87753 13.1582
      vertex -3.5 2.87753 13.1582
    endloop
  endfacet
  facet normal 0 -0.887016 0.461739
    outer loop
      vertex 3.5 2.87753 13.1582
      vertex -3.5 2.74963 12.9125
      vertex 3.5 2.74963 12.9125
    endloop
  endfacet
  facet normal 0 0.923889 -0.382661
    outer loop
      vertex 3.5 -2.98352 15.5859
      vertex -3.5 -2.87753 15.8418
      vertex 3.5 -2.87753 15.8418
    endloop
  endfacet
  facet normal 0 0.923889 -0.382661
    outer loop
      vertex -3.5 -2.87753 15.8418
      vertex 3.5 -2.98352 15.5859
      vertex -3.5 -2.98352 15.5859
    endloop
  endfacet
  facet normal 0 -0.79342 -0.608674
    outer loop
      vertex -3.5 2.60081 16.3211
      vertex 3.5 2.43219 16.5409
      vertex -3.5 2.43219 16.5409
    endloop
  endfacet
  facet normal 0 -0.79342 -0.608674
    outer loop
      vertex 3.5 2.43219 16.5409
      vertex -3.5 2.60081 16.3211
      vertex 3.5 2.60081 16.3211
    endloop
  endfacet
  facet normal 0 0.953729 -0.300667
    outer loop
      vertex 3.5 -3.06681 15.3217
      vertex -3.5 -2.98352 15.5859
      vertex 3.5 -2.98352 15.5859
    endloop
  endfacet
  facet normal 0 0.953729 -0.300667
    outer loop
      vertex -3.5 -2.98352 15.5859
      vertex 3.5 -3.06681 15.3217
      vertex -3.5 -3.06681 15.3217
    endloop
  endfacet
  facet normal 0 0.0436849 -0.999045
    outer loop
      vertex -3.5 -0.276719 17.6629
      vertex 3.5 0 17.675
      vertex 3.5 -0.276719 17.6629
    endloop
  endfacet
  facet normal 0 0.0436849 -0.999045
    outer loop
      vertex 3.5 0 17.675
      vertex -3.5 -0.276719 17.6629
      vertex -3.5 0 17.675
    endloop
  endfacet
  facet normal 0 -0.923889 -0.382661
    outer loop
      vertex -3.5 2.98352 15.5859
      vertex 3.5 2.87753 15.8418
      vertex -3.5 2.87753 15.8418
    endloop
  endfacet
  facet normal 0 -0.923889 -0.382661
    outer loop
      vertex 3.5 2.87753 15.8418
      vertex -3.5 2.98352 15.5859
      vertex 3.5 2.98352 15.5859
    endloop
  endfacet
  facet normal -0 0.537233 0.843434
    outer loop
      vertex -3.5 -1.5875 11.7504
      vertex 3.5 -1.82111 11.8992
      vertex 3.5 -1.5875 11.7504
    endloop
  endfacet
  facet normal 0 0.537233 0.843434
    outer loop
      vertex 3.5 -1.82111 11.8992
      vertex -3.5 -1.5875 11.7504
      vertex -3.5 -1.82111 11.8992
    endloop
  endfacet
  facet normal 0 0.79342 0.608674
    outer loop
      vertex 3.5 -2.43219 12.4591
      vertex -3.5 -2.60081 12.6789
      vertex 3.5 -2.60081 12.6789
    endloop
  endfacet
  facet normal 0 0.79342 0.608674
    outer loop
      vertex -3.5 -2.60081 12.6789
      vertex 3.5 -2.43219 12.4591
      vertex -3.5 -2.43219 12.4591
    endloop
  endfacet
  facet normal 0 -0.991441 0.130555
    outer loop
      vertex -3.5 3.12676 13.9487
      vertex 3.5 3.16292 14.2233
      vertex -3.5 3.16292 14.2233
    endloop
  endfacet
  facet normal 0 -0.991441 0.130555
    outer loop
      vertex 3.5 3.16292 14.2233
      vertex -3.5 3.12676 13.9487
      vertex 3.5 3.12676 13.9487
    endloop
  endfacet
  facet normal 0 -0.382692 -0.923876
    outer loop
      vertex -3.5 1.08591 17.4835
      vertex 3.5 1.34181 17.3775
      vertex 3.5 1.08591 17.4835
    endloop
  endfacet
  facet normal -0 -0.382692 -0.923876
    outer loop
      vertex 3.5 1.34181 17.3775
      vertex -3.5 1.08591 17.4835
      vertex -3.5 1.34181 17.3775
    endloop
  endfacet
  facet normal 0 0.537233 -0.843434
    outer loop
      vertex -3.5 -1.82111 17.1008
      vertex 3.5 -1.5875 17.2496
      vertex 3.5 -1.82111 17.1008
    endloop
  endfacet
  facet normal 0 0.537233 -0.843434
    outer loop
      vertex 3.5 -1.5875 17.2496
      vertex -3.5 -1.82111 17.1008
      vertex -3.5 -1.5875 17.2496
    endloop
  endfacet
  facet normal -0.991445 -0.130528 0
    outer loop
      vertex 2.29125 -4.79954 -4
      vertex 2.26506 -4.60061 1.4
      vertex 2.26506 -4.60061 -4
    endloop
  endfacet
  facet normal -0.991445 -0.130528 0
    outer loop
      vertex 2.26506 -4.60061 1.4
      vertex 2.29125 -4.79954 -4
      vertex 2.29125 -4.79954 1.4
    endloop
  endfacet
  facet normal -0.999049 -0.0436081 0
    outer loop
      vertex 2.3 -5 -4
      vertex 2.29125 -4.79954 1.4
      vertex 2.29125 -4.79954 -4
    endloop
  endfacet
  facet normal -0.999049 -0.0436081 0
    outer loop
      vertex 2.29125 -4.79954 1.4
      vertex 2.3 -5 -4
      vertex 2.3 -5 1.4
    endloop
  endfacet
  facet normal -0.976294 -0.21645 0
    outer loop
      vertex 2.26506 -4.60061 -4
      vertex 2.22163 -4.40472 1.4
      vertex 2.22163 -4.40472 -4
    endloop
  endfacet
  facet normal -0.976294 -0.21645 0
    outer loop
      vertex 2.22163 -4.40472 1.4
      vertex 2.26506 -4.60061 -4
      vertex 2.26506 -4.60061 1.4
    endloop
  endfacet
  facet normal -0.999049 0.0436081 0
    outer loop
      vertex 2.29125 -5.20046 -4
      vertex 2.3 -5 1.4
      vertex 2.3 -5 -4
    endloop
  endfacet
  facet normal -0.999049 0.0436081 0
    outer loop
      vertex 2.3 -5 1.4
      vertex 2.29125 -5.20046 -4
      vertex 2.29125 -5.20046 1.4
    endloop
  endfacet
  facet normal -0.737282 -0.675585 0
    outer loop
      vertex 1.7619 -3.52159 -4
      vertex 1.62634 -3.37365 1.4
      vertex 1.62634 -3.37365 -4
    endloop
  endfacet
  facet normal -0.737282 -0.675585 0
    outer loop
      vertex 1.62634 -3.37365 1.4
      vertex 1.7619 -3.52159 -4
      vertex 1.7619 -3.52159 1.4
    endloop
  endfacet
  facet normal 0.999049 -0.0436081 0
    outer loop
      vertex -2.3 -5 1.4
      vertex -2.29125 -4.79954 -4
      vertex -2.29125 -4.79954 1.4
    endloop
  endfacet
  facet normal 0.999049 -0.0436081 0
    outer loop
      vertex -2.29125 -4.79954 -4
      vertex -2.3 -5 1.4
      vertex -2.3 -5 -4
    endloop
  endfacet
  facet normal 0.999049 0.0436081 0
    outer loop
      vertex -2.29125 -5.20046 1.4
      vertex -2.3 -5 -4
      vertex -2.3 -5 1.4
    endloop
  endfacet
  facet normal 0.999049 0.0436081 0
    outer loop
      vertex -2.3 -5 -4
      vertex -2.29125 -5.20046 1.4
      vertex -2.29125 -5.20046 -4
    endloop
  endfacet
  facet normal 0.793337 0.608783 0
    outer loop
      vertex -1.7619 -6.47841 1.4
      vertex -1.88405 -6.31923 -4
      vertex -1.88405 -6.31923 1.4
    endloop
  endfacet
  facet normal 0.793337 0.608783 0
    outer loop
      vertex -1.88405 -6.31923 -4
      vertex -1.7619 -6.47841 1.4
      vertex -1.7619 -6.47841 -4
    endloop
  endfacet
  facet normal -0.382663 -0.923888 0
    outer loop
      vertex 0.786646 -2.83871 -4
      vertex 0.972021 -2.91549 1.4
      vertex 0.786646 -2.83871 1.4
    endloop
  endfacet
  facet normal -0.382663 -0.923888 -0
    outer loop
      vertex 0.972021 -2.91549 1.4
      vertex 0.786646 -2.83871 -4
      vertex 0.972021 -2.91549 -4
    endloop
  endfacet
  facet normal -0.793337 -0.608783 0
    outer loop
      vertex 1.88405 -3.68077 -4
      vertex 1.7619 -3.52159 1.4
      vertex 1.7619 -3.52159 -4
    endloop
  endfacet
  facet normal -0.793337 -0.608783 0
    outer loop
      vertex 1.7619 -3.52159 1.4
      vertex 1.88405 -3.68077 -4
      vertex 1.88405 -3.68077 1.4
    endloop
  endfacet
  facet normal -0.537295 -0.843395 0
    outer loop
      vertex 1.15 -3.00814 -4
      vertex 1.31923 -3.11595 1.4
      vertex 1.15 -3.00814 1.4
    endloop
  endfacet
  facet normal -0.537295 -0.843395 -0
    outer loop
      vertex 1.31923 -3.11595 1.4
      vertex 1.15 -3.00814 -4
      vertex 1.31923 -3.11595 -4
    endloop
  endfacet
  facet normal 0.976294 -0.21645 0
    outer loop
      vertex -2.26506 -4.60061 1.4
      vertex -2.22163 -4.40472 -4
      vertex -2.22163 -4.40472 1.4
    endloop
  endfacet
  facet normal 0.976294 -0.21645 0
    outer loop
      vertex -2.22163 -4.40472 -4
      vertex -2.26506 -4.60061 1.4
      vertex -2.26506 -4.60061 -4
    endloop
  endfacet
  facet normal 0.923884 -0.382672 0
    outer loop
      vertex -2.16129 -4.21335 1.4
      vertex -2.08451 -4.02798 -4
      vertex -2.08451 -4.02798 1.4
    endloop
  endfacet
  facet normal 0.923884 -0.382672 0
    outer loop
      vertex -2.08451 -4.02798 -4
      vertex -2.16129 -4.21335 1.4
      vertex -2.16129 -4.21335 -4
    endloop
  endfacet
  facet normal -0.382663 0.923888 0
    outer loop
      vertex 0.972021 -7.08451 -4
      vertex 0.786646 -7.16129 1.4
      vertex 0.972021 -7.08451 1.4
    endloop
  endfacet
  facet normal -0.382663 0.923888 0
    outer loop
      vertex 0.786646 -7.16129 1.4
      vertex 0.972021 -7.08451 -4
      vertex 0.786646 -7.16129 -4
    endloop
  endfacet
  facet normal 0.923884 0.382672 0
    outer loop
      vertex -2.08451 -5.97202 1.4
      vertex -2.16129 -5.78665 -4
      vertex -2.16129 -5.78665 1.4
    endloop
  endfacet
  facet normal 0.923884 0.382672 0
    outer loop
      vertex -2.16129 -5.78665 -4
      vertex -2.08451 -5.97202 1.4
      vertex -2.08451 -5.97202 -4
    endloop
  endfacet
  facet normal -0.953715 -0.300712 0
    outer loop
      vertex 2.22163 -4.40472 -4
      vertex 2.16129 -4.21335 1.4
      vertex 2.16129 -4.21335 -4
    endloop
  endfacet
  facet normal -0.953715 -0.300712 0
    outer loop
      vertex 2.16129 -4.21335 1.4
      vertex 2.22163 -4.40472 -4
      vertex 2.22163 -4.40472 1.4
    endloop
  endfacet
  facet normal 0.461749 -0.887011 0
    outer loop
      vertex -1.15 -3.00814 -4
      vertex -0.972021 -2.91549 1.4
      vertex -1.15 -3.00814 1.4
    endloop
  endfacet
  facet normal 0.461749 -0.887011 0
    outer loop
      vertex -0.972021 -2.91549 1.4
      vertex -1.15 -3.00814 -4
      vertex -0.972021 -2.91549 -4
    endloop
  endfacet
  facet normal 0.887012 0.461747 0
    outer loop
      vertex -1.99186 -6.15 1.4
      vertex -2.08451 -5.97202 -4
      vertex -2.08451 -5.97202 1.4
    endloop
  endfacet
  facet normal 0.887012 0.461747 0
    outer loop
      vertex -2.08451 -5.97202 -4
      vertex -1.99186 -6.15 1.4
      vertex -1.99186 -6.15 -4
    endloop
  endfacet
  facet normal -0.461749 0.887011 0
    outer loop
      vertex 1.15 -6.99186 -4
      vertex 0.972021 -7.08451 1.4
      vertex 1.15 -6.99186 1.4
    endloop
  endfacet
  facet normal -0.461749 0.887011 0
    outer loop
      vertex 0.972021 -7.08451 1.4
      vertex 1.15 -6.99186 -4
      vertex 0.972021 -7.08451 -4
    endloop
  endfacet
  facet normal -0.608783 -0.793337 0
    outer loop
      vertex 1.31923 -3.11595 -4
      vertex 1.47841 -3.2381 1.4
      vertex 1.31923 -3.11595 1.4
    endloop
  endfacet
  facet normal -0.608783 -0.793337 -0
    outer loop
      vertex 1.47841 -3.2381 1.4
      vertex 1.31923 -3.11595 -4
      vertex 1.47841 -3.2381 -4
    endloop
  endfacet
  facet normal -0.991445 0.130528 0
    outer loop
      vertex 2.26506 -5.39939 -4
      vertex 2.29125 -5.20046 1.4
      vertex 2.29125 -5.20046 -4
    endloop
  endfacet
  facet normal -0.991445 0.130528 0
    outer loop
      vertex 2.29125 -5.20046 1.4
      vertex 2.26506 -5.39939 -4
      vertex 2.26506 -5.39939 1.4
    endloop
  endfacet
  facet normal -0.843395 0.537295 0
    outer loop
      vertex 1.88405 -6.31923 -4
      vertex 1.99186 -6.15 1.4
      vertex 1.99186 -6.15 -4
    endloop
  endfacet
  facet normal -0.843395 0.537295 0
    outer loop
      vertex 1.99186 -6.15 1.4
      vertex 1.88405 -6.31923 -4
      vertex 1.88405 -6.31923 1.4
    endloop
  endfacet
  facet normal 0.216446 -0.976295 0
    outer loop
      vertex -0.595284 -2.77837 -4
      vertex -0.39939 -2.73494 1.4
      vertex -0.595284 -2.77837 1.4
    endloop
  endfacet
  facet normal 0.216446 -0.976295 0
    outer loop
      vertex -0.39939 -2.73494 1.4
      vertex -0.595284 -2.77837 -4
      vertex -0.39939 -2.73494 -4
    endloop
  endfacet
  facet normal 0.73726 0.67561 0
    outer loop
      vertex -1.62634 -6.62634 1.4
      vertex -1.7619 -6.47841 -4
      vertex -1.7619 -6.47841 1.4
    endloop
  endfacet
  facet normal 0.73726 0.67561 0
    outer loop
      vertex -1.7619 -6.47841 -4
      vertex -1.62634 -6.62634 1.4
      vertex -1.62634 -6.62634 -4
    endloop
  endfacet
  facet normal 0.300723 0.953712 -0
    outer loop
      vertex -0.595284 -7.22163 -4
      vertex -0.786646 -7.16129 1.4
      vertex -0.595284 -7.22163 1.4
    endloop
  endfacet
  facet normal 0.300723 0.953712 0
    outer loop
      vertex -0.786646 -7.16129 1.4
      vertex -0.595284 -7.22163 -4
      vertex -0.786646 -7.16129 -4
    endloop
  endfacet
  facet normal 0.537295 -0.843395 0
    outer loop
      vertex -1.31923 -3.11595 -4
      vertex -1.15 -3.00814 1.4
      vertex -1.31923 -3.11595 1.4
    endloop
  endfacet
  facet normal 0.537295 -0.843395 0
    outer loop
      vertex -1.15 -3.00814 1.4
      vertex -1.31923 -3.11595 -4
      vertex -1.15 -3.00814 -4
    endloop
  endfacet
  facet normal -0.976294 0.21645 0
    outer loop
      vertex 2.22163 -5.59528 -4
      vertex 2.26506 -5.39939 1.4
      vertex 2.26506 -5.39939 -4
    endloop
  endfacet
  facet normal -0.976294 0.21645 0
    outer loop
      vertex 2.26506 -5.39939 1.4
      vertex 2.22163 -5.59528 -4
      vertex 2.22163 -5.59528 1.4
    endloop
  endfacet
  facet normal -0.130527 0.991445 0
    outer loop
      vertex 0.39939 -7.26506 -4
      vertex 0.200458 -7.29125 1.4
      vertex 0.39939 -7.26506 1.4
    endloop
  endfacet
  facet normal -0.130527 0.991445 0
    outer loop
      vertex 0.200458 -7.29125 1.4
      vertex 0.39939 -7.26506 -4
      vertex 0.200458 -7.29125 -4
    endloop
  endfacet
  facet normal -0.0436085 -0.999049 0
    outer loop
      vertex 0 -2.7 -4
      vertex 0.200458 -2.70875 1.4
      vertex 0 -2.7 1.4
    endloop
  endfacet
  facet normal -0.0436085 -0.999049 -0
    outer loop
      vertex 0.200458 -2.70875 1.4
      vertex 0 -2.7 -4
      vertex 0.200458 -2.70875 -4
    endloop
  endfacet
  facet normal -0.461749 -0.887011 0
    outer loop
      vertex 0.972021 -2.91549 -4
      vertex 1.15 -3.00814 1.4
      vertex 0.972021 -2.91549 1.4
    endloop
  endfacet
  facet normal -0.461749 -0.887011 -0
    outer loop
      vertex 1.15 -3.00814 1.4
      vertex 0.972021 -2.91549 -4
      vertex 1.15 -3.00814 -4
    endloop
  endfacet
  facet normal 0.976294 0.21645 0
    outer loop
      vertex -2.22163 -5.59528 1.4
      vertex -2.26506 -5.39939 -4
      vertex -2.26506 -5.39939 1.4
    endloop
  endfacet
  facet normal 0.976294 0.21645 0
    outer loop
      vertex -2.26506 -5.39939 -4
      vertex -2.22163 -5.59528 1.4
      vertex -2.22163 -5.59528 -4
    endloop
  endfacet
  facet normal -0.923884 0.382672 0
    outer loop
      vertex 2.08451 -5.97202 -4
      vertex 2.16129 -5.78665 1.4
      vertex 2.16129 -5.78665 -4
    endloop
  endfacet
  facet normal -0.923884 0.382672 0
    outer loop
      vertex 2.16129 -5.78665 1.4
      vertex 2.08451 -5.97202 -4
      vertex 2.08451 -5.97202 1.4
    endloop
  endfacet
  facet normal 0.0436085 -0.999049 0
    outer loop
      vertex -0.200458 -2.70875 -4
      vertex 0 -2.7 1.4
      vertex -0.200458 -2.70875 1.4
    endloop
  endfacet
  facet normal 0.0436085 -0.999049 0
    outer loop
      vertex 0 -2.7 1.4
      vertex -0.200458 -2.70875 -4
      vertex 0 -2.7 -4
    endloop
  endfacet
  facet normal -0.300723 0.953712 0
    outer loop
      vertex 0.786646 -7.16129 -4
      vertex 0.595284 -7.22163 1.4
      vertex 0.786646 -7.16129 1.4
    endloop
  endfacet
  facet normal -0.300723 0.953712 0
    outer loop
      vertex 0.595284 -7.22163 1.4
      vertex 0.786646 -7.16129 -4
      vertex 0.595284 -7.22163 -4
    endloop
  endfacet
  facet normal -0.537295 0.843395 0
    outer loop
      vertex 1.31923 -6.88405 -4
      vertex 1.15 -6.99186 1.4
      vertex 1.31923 -6.88405 1.4
    endloop
  endfacet
  facet normal -0.537295 0.843395 0
    outer loop
      vertex 1.15 -6.99186 1.4
      vertex 1.31923 -6.88405 -4
      vertex 1.15 -6.99186 -4
    endloop
  endfacet
  facet normal -0.923884 -0.382672 0
    outer loop
      vertex 2.16129 -4.21335 -4
      vertex 2.08451 -4.02798 1.4
      vertex 2.08451 -4.02798 -4
    endloop
  endfacet
  facet normal -0.923884 -0.382672 0
    outer loop
      vertex 2.08451 -4.02798 1.4
      vertex 2.16129 -4.21335 -4
      vertex 2.16129 -4.21335 1.4
    endloop
  endfacet
  facet normal -0.953715 0.300712 0
    outer loop
      vertex 2.16129 -5.78665 -4
      vertex 2.22163 -5.59528 1.4
      vertex 2.22163 -5.59528 -4
    endloop
  endfacet
  facet normal -0.953715 0.300712 0
    outer loop
      vertex 2.22163 -5.59528 1.4
      vertex 2.16129 -5.78665 -4
      vertex 2.16129 -5.78665 1.4
    endloop
  endfacet
  facet normal -0.793337 0.608783 0
    outer loop
      vertex 1.7619 -6.47841 -4
      vertex 1.88405 -6.31923 1.4
      vertex 1.88405 -6.31923 -4
    endloop
  endfacet
  facet normal -0.793337 0.608783 0
    outer loop
      vertex 1.88405 -6.31923 1.4
      vertex 1.7619 -6.47841 -4
      vertex 1.7619 -6.47841 1.4
    endloop
  endfacet
  facet normal 0.675582 -0.737284 0
    outer loop
      vertex -1.62634 -3.37365 -4
      vertex -1.47841 -3.2381 1.4
      vertex -1.62634 -3.37365 1.4
    endloop
  endfacet
  facet normal 0.675582 -0.737284 0
    outer loop
      vertex -1.47841 -3.2381 1.4
      vertex -1.62634 -3.37365 -4
      vertex -1.47841 -3.2381 -4
    endloop
  endfacet
  facet normal -0.887012 -0.461747 0
    outer loop
      vertex 2.08451 -4.02798 -4
      vertex 1.99186 -3.85 1.4
      vertex 1.99186 -3.85 -4
    endloop
  endfacet
  facet normal -0.887012 -0.461747 0
    outer loop
      vertex 1.99186 -3.85 1.4
      vertex 2.08451 -4.02798 -4
      vertex 2.08451 -4.02798 1.4
    endloop
  endfacet
  facet normal -0.843395 -0.537295 0
    outer loop
      vertex 1.99186 -3.85 -4
      vertex 1.88405 -3.68077 1.4
      vertex 1.88405 -3.68077 -4
    endloop
  endfacet
  facet normal -0.843395 -0.537295 0
    outer loop
      vertex 1.88405 -3.68077 1.4
      vertex 1.99186 -3.85 -4
      vertex 1.99186 -3.85 1.4
    endloop
  endfacet
  facet normal 0.67561 0.73726 -0
    outer loop
      vertex -1.47841 -6.7619 -4
      vertex -1.62634 -6.62634 1.4
      vertex -1.47841 -6.7619 1.4
    endloop
  endfacet
  facet normal 0.67561 0.73726 0
    outer loop
      vertex -1.62634 -6.62634 1.4
      vertex -1.47841 -6.7619 -4
      vertex -1.62634 -6.62634 -4
    endloop
  endfacet
  facet normal -0.0436085 0.999049 0
    outer loop
      vertex 0.200458 -7.29125 -4
      vertex 0 -7.3 1.4
      vertex 0.200458 -7.29125 1.4
    endloop
  endfacet
  facet normal -0.0436085 0.999049 0
    outer loop
      vertex 0 -7.3 1.4
      vertex 0.200458 -7.29125 -4
      vertex 0 -7.3 -4
    endloop
  endfacet
  facet normal 0.991445 -0.130528 0
    outer loop
      vertex -2.29125 -4.79954 1.4
      vertex -2.26506 -4.60061 -4
      vertex -2.26506 -4.60061 1.4
    endloop
  endfacet
  facet normal 0.991445 -0.130528 0
    outer loop
      vertex -2.26506 -4.60061 -4
      vertex -2.29125 -4.79954 1.4
      vertex -2.29125 -4.79954 -4
    endloop
  endfacet
  facet normal -0.216446 0.976295 0
    outer loop
      vertex 0.595284 -7.22163 -4
      vertex 0.39939 -7.26506 1.4
      vertex 0.595284 -7.22163 1.4
    endloop
  endfacet
  facet normal -0.216446 0.976295 0
    outer loop
      vertex 0.39939 -7.26506 1.4
      vertex 0.595284 -7.22163 -4
      vertex 0.39939 -7.26506 -4
    endloop
  endfacet
  facet normal 0.130527 -0.991445 0
    outer loop
      vertex -0.39939 -2.73494 -4
      vertex -0.200458 -2.70875 1.4
      vertex -0.39939 -2.73494 1.4
    endloop
  endfacet
  facet normal 0.130527 -0.991445 0
    outer loop
      vertex -0.200458 -2.70875 1.4
      vertex -0.39939 -2.73494 -4
      vertex -0.200458 -2.70875 -4
    endloop
  endfacet
  facet normal 0.737282 -0.675585 0
    outer loop
      vertex -1.7619 -3.52159 1.4
      vertex -1.62634 -3.37365 -4
      vertex -1.62634 -3.37365 1.4
    endloop
  endfacet
  facet normal 0.737282 -0.675585 0
    outer loop
      vertex -1.62634 -3.37365 -4
      vertex -1.7619 -3.52159 1.4
      vertex -1.7619 -3.52159 -4
    endloop
  endfacet
  facet normal -0.67561 0.73726 0
    outer loop
      vertex 1.62634 -6.62634 -4
      vertex 1.47841 -6.7619 1.4
      vertex 1.62634 -6.62634 1.4
    endloop
  endfacet
  facet normal -0.67561 0.73726 0
    outer loop
      vertex 1.47841 -6.7619 1.4
      vertex 1.62634 -6.62634 -4
      vertex 1.47841 -6.7619 -4
    endloop
  endfacet
  facet normal -0.608783 0.793337 0
    outer loop
      vertex 1.47841 -6.7619 -4
      vertex 1.31923 -6.88405 1.4
      vertex 1.47841 -6.7619 1.4
    endloop
  endfacet
  facet normal -0.608783 0.793337 0
    outer loop
      vertex 1.31923 -6.88405 1.4
      vertex 1.47841 -6.7619 -4
      vertex 1.31923 -6.88405 -4
    endloop
  endfacet
  facet normal -0.675582 -0.737284 0
    outer loop
      vertex 1.47841 -3.2381 -4
      vertex 1.62634 -3.37365 1.4
      vertex 1.47841 -3.2381 1.4
    endloop
  endfacet
  facet normal -0.675582 -0.737284 -0
    outer loop
      vertex 1.62634 -3.37365 1.4
      vertex 1.47841 -3.2381 -4
      vertex 1.62634 -3.37365 -4
    endloop
  endfacet
  facet normal -0.887012 0.461747 0
    outer loop
      vertex 1.99186 -6.15 -4
      vertex 2.08451 -5.97202 1.4
      vertex 2.08451 -5.97202 -4
    endloop
  endfacet
  facet normal -0.887012 0.461747 0
    outer loop
      vertex 2.08451 -5.97202 1.4
      vertex 1.99186 -6.15 -4
      vertex 1.99186 -6.15 1.4
    endloop
  endfacet
  facet normal 0.608783 -0.793337 0
    outer loop
      vertex -1.47841 -3.2381 -4
      vertex -1.31923 -3.11595 1.4
      vertex -1.47841 -3.2381 1.4
    endloop
  endfacet
  facet normal 0.608783 -0.793337 0
    outer loop
      vertex -1.31923 -3.11595 1.4
      vertex -1.47841 -3.2381 -4
      vertex -1.31923 -3.11595 -4
    endloop
  endfacet
  facet normal 0 0 -1
    outer loop
      vertex 2.29125 -5.20046 1.4
      vertex 2.29125 -4.79954 1.4
      vertex 2.3 -5 1.4
    endloop
  endfacet
  facet normal 0 0 -1
    outer loop
      vertex 2.26506 -5.39939 1.4
      vertex 2.29125 -4.79954 1.4
      vertex 2.29125 -5.20046 1.4
    endloop
  endfacet
  facet normal 0 0 -1
    outer loop
      vertex 2.26506 -5.39939 1.4
      vertex 2.26506 -4.60061 1.4
      vertex 2.29125 -4.79954 1.4
    endloop
  endfacet
  facet normal 0 0 -1
    outer loop
      vertex 2.22163 -5.59528 1.4
      vertex 2.26506 -4.60061 1.4
      vertex 2.26506 -5.39939 1.4
    endloop
  endfacet
  facet normal 0 0 -1
    outer loop
      vertex 2.22163 -5.59528 1.4
      vertex 2.22163 -4.40472 1.4
      vertex 2.26506 -4.60061 1.4
    endloop
  endfacet
  facet normal 0 0 -1
    outer loop
      vertex 2.16129 -5.78665 1.4
      vertex 2.22163 -4.40472 1.4
      vertex 2.22163 -5.59528 1.4
    endloop
  endfacet
  facet normal 0 0 -1
    outer loop
      vertex 2.16129 -5.78665 1.4
      vertex 2.16129 -4.21335 1.4
      vertex 2.22163 -4.40472 1.4
    endloop
  endfacet
  facet normal 0 0 -1
    outer loop
      vertex 2.08451 -5.97202 1.4
      vertex 2.16129 -4.21335 1.4
      vertex 2.16129 -5.78665 1.4
    endloop
  endfacet
  facet normal 0 0 -1
    outer loop
      vertex 2.08451 -5.97202 1.4
      vertex 2.08451 -4.02798 1.4
      vertex 2.16129 -4.21335 1.4
    endloop
  endfacet
  facet normal 0 0 -1
    outer loop
      vertex 1.99186 -6.15 1.4
      vertex 2.08451 -4.02798 1.4
      vertex 2.08451 -5.97202 1.4
    endloop
  endfacet
  facet normal 0 0 -1
    outer loop
      vertex 1.99186 -6.15 1.4
      vertex 1.99186 -3.85 1.4
      vertex 2.08451 -4.02798 1.4
    endloop
  endfacet
  facet normal 0 0 -1
    outer loop
      vertex 1.88405 -6.31923 1.4
      vertex 1.99186 -3.85 1.4
      vertex 1.99186 -6.15 1.4
    endloop
  endfacet
  facet normal 0 0 -1
    outer loop
      vertex 1.88405 -6.31923 1.4
      vertex 1.88405 -3.68077 1.4
      vertex 1.99186 -3.85 1.4
    endloop
  endfacet
  facet normal 0 0 -1
    outer loop
      vertex 1.7619 -6.47841 1.4
      vertex 1.88405 -3.68077 1.4
      vertex 1.88405 -6.31923 1.4
    endloop
  endfacet
  facet normal 0 0 -1
    outer loop
      vertex 1.7619 -6.47841 1.4
      vertex 1.7619 -3.52159 1.4
      vertex 1.88405 -3.68077 1.4
    endloop
  endfacet
  facet normal 0 0 -1
    outer loop
      vertex 1.62634 -6.62634 1.4
      vertex 1.7619 -3.52159 1.4
      vertex 1.7619 -6.47841 1.4
    endloop
  endfacet
  facet normal 0 0 -1
    outer loop
      vertex 1.62634 -6.62634 1.4
      vertex 1.62634 -3.37365 1.4
      vertex 1.7619 -3.52159 1.4
    endloop
  endfacet
  facet normal 0 0 -1
    outer loop
      vertex 1.47841 -6.7619 1.4
      vertex 1.62634 -3.37365 1.4
      vertex 1.62634 -6.62634 1.4
    endloop
  endfacet
  facet normal 0 0 -1
    outer loop
      vertex 1.47841 -6.7619 1.4
      vertex 1.47841 -3.2381 1.4
      vertex 1.62634 -3.37365 1.4
    endloop
  endfacet
  facet normal 0 0 -1
    outer loop
      vertex 1.31923 -6.88405 1.4
      vertex 1.47841 -3.2381 1.4
      vertex 1.47841 -6.7619 1.4
    endloop
  endfacet
  facet normal 0 0 -1
    outer loop
      vertex 1.31923 -6.88405 1.4
      vertex 1.31923 -3.11595 1.4
      vertex 1.47841 -3.2381 1.4
    endloop
  endfacet
  facet normal 0 0 -1
    outer loop
      vertex 1.15 -6.99186 1.4
      vertex 1.31923 -3.11595 1.4
      vertex 1.31923 -6.88405 1.4
    endloop
  endfacet
  facet normal 0 0 -1
    outer loop
      vertex 1.15 -6.99186 1.4
      vertex 1.15 -3.00814 1.4
      vertex 1.31923 -3.11595 1.4
    endloop
  endfacet
  facet normal 0 0 -1
    outer loop
      vertex 0.972021 -7.08451 1.4
      vertex 1.15 -3.00814 1.4
      vertex 1.15 -6.99186 1.4
    endloop
  endfacet
  facet normal 0 0 -1
    outer loop
      vertex 0.972021 -7.08451 1.4
      vertex 0.972021 -2.91549 1.4
      vertex 1.15 -3.00814 1.4
    endloop
  endfacet
  facet normal 0 0 -1
    outer loop
      vertex 0.786646 -7.16129 1.4
      vertex 0.972021 -2.91549 1.4
      vertex 0.972021 -7.08451 1.4
    endloop
  endfacet
  facet normal 0 0 -1
    outer loop
      vertex 0.786646 -7.16129 1.4
      vertex 0.786646 -2.83871 1.4
      vertex 0.972021 -2.91549 1.4
    endloop
  endfacet
  facet normal 0 0 -1
    outer loop
      vertex 0.595284 -7.22163 1.4
      vertex 0.786646 -2.83871 1.4
      vertex 0.786646 -7.16129 1.4
    endloop
  endfacet
  facet normal 0 0 -1
    outer loop
      vertex 0.595284 -7.22163 1.4
      vertex 0.595284 -2.77837 1.4
      vertex 0.786646 -2.83871 1.4
    endloop
  endfacet
  facet normal 0 0 -1
    outer loop
      vertex 0.39939 -7.26506 1.4
      vertex 0.595284 -2.77837 1.4
      vertex 0.595284 -7.22163 1.4
    endloop
  endfacet
  facet normal 0 0 -1
    outer loop
      vertex 0.39939 -7.26506 1.4
      vertex 0.39939 -2.73494 1.4
      vertex 0.595284 -2.77837 1.4
    endloop
  endfacet
  facet normal 0 0 -1
    outer loop
      vertex 0.200458 -7.29125 1.4
      vertex 0.39939 -2.73494 1.4
      vertex 0.39939 -7.26506 1.4
    endloop
  endfacet
  facet normal 0 0 -1
    outer loop
      vertex 0.200458 -7.29125 1.4
      vertex 0.200458 -2.70875 1.4
      vertex 0.39939 -2.73494 1.4
    endloop
  endfacet
  facet normal 0 0 -1
    outer loop
      vertex 0 -7.3 1.4
      vertex 0.200458 -2.70875 1.4
      vertex 0.200458 -7.29125 1.4
    endloop
  endfacet
  facet normal 0 0 -1
    outer loop
      vertex 0 -7.3 1.4
      vertex 0 -2.7 1.4
      vertex 0.200458 -2.70875 1.4
    endloop
  endfacet
  facet normal 0 0 -1
    outer loop
      vertex -0.200458 -7.29125 1.4
      vertex 0 -2.7 1.4
      vertex 0 -7.3 1.4
    endloop
  endfacet
  facet normal 0 0 -1
    outer loop
      vertex -0.200458 -7.29125 1.4
      vertex -0.200458 -2.70875 1.4
      vertex 0 -2.7 1.4
    endloop
  endfacet
  facet normal 0 0 -1
    outer loop
      vertex -0.39939 -7.26506 1.4
      vertex -0.200458 -2.70875 1.4
      vertex -0.200458 -7.29125 1.4
    endloop
  endfacet
  facet normal 0 0 -1
    outer loop
      vertex -0.39939 -7.26506 1.4
      vertex -0.39939 -2.73494 1.4
      vertex -0.200458 -2.70875 1.4
    endloop
  endfacet
  facet normal 0 0 -1
    outer loop
      vertex -0.595284 -7.22163 1.4
      vertex -0.39939 -2.73494 1.4
      vertex -0.39939 -7.26506 1.4
    endloop
  endfacet
  facet normal 0 0 -1
    outer loop
      vertex -0.595284 -7.22163 1.4
      vertex -0.595284 -2.77837 1.4
      vertex -0.39939 -2.73494 1.4
    endloop
  endfacet
  facet normal 0 0 -1
    outer loop
      vertex -0.786646 -7.16129 1.4
      vertex -0.595284 -2.77837 1.4
      vertex -0.595284 -7.22163 1.4
    endloop
  endfacet
  facet normal 0 0 -1
    outer loop
      vertex -0.786646 -7.16129 1.4
      vertex -0.786646 -2.83871 1.4
      vertex -0.595284 -2.77837 1.4
    endloop
  endfacet
  facet normal 0 0 -1
    outer loop
      vertex -0.972021 -7.08451 1.4
      vertex -0.786646 -2.83871 1.4
      vertex -0.786646 -7.16129 1.4
    endloop
  endfacet
  facet normal 0 0 -1
    outer loop
      vertex -0.972021 -7.08451 1.4
      vertex -0.972021 -2.91549 1.4
      vertex -0.786646 -2.83871 1.4
    endloop
  endfacet
  facet normal 0 0 -1
    outer loop
      vertex -1.15 -6.99186 1.4
      vertex -0.972021 -2.91549 1.4
      vertex -0.972021 -7.08451 1.4
    endloop
  endfacet
  facet normal 0 0 -1
    outer loop
      vertex -1.15 -6.99186 1.4
      vertex -1.15 -3.00814 1.4
      vertex -0.972021 -2.91549 1.4
    endloop
  endfacet
  facet normal 0 0 -1
    outer loop
      vertex -1.31923 -6.88405 1.4
      vertex -1.15 -3.00814 1.4
      vertex -1.15 -6.99186 1.4
    endloop
  endfacet
  facet normal 0 0 -1
    outer loop
      vertex -1.31923 -6.88405 1.4
      vertex -1.31923 -3.11595 1.4
      vertex -1.15 -3.00814 1.4
    endloop
  endfacet
  facet normal 0 0 -1
    outer loop
      vertex -1.47841 -6.7619 1.4
      vertex -1.31923 -3.11595 1.4
      vertex -1.31923 -6.88405 1.4
    endloop
  endfacet
  facet normal 0 0 -1
    outer loop
      vertex -1.47841 -6.7619 1.4
      vertex -1.47841 -3.2381 1.4
      vertex -1.31923 -3.11595 1.4
    endloop
  endfacet
  facet normal 0 0 -1
    outer loop
      vertex -1.62634 -6.62634 1.4
      vertex -1.47841 -3.2381 1.4
      vertex -1.47841 -6.7619 1.4
    endloop
  endfacet
  facet normal 0 0 -1
    outer loop
      vertex -1.62634 -6.62634 1.4
      vertex -1.62634 -3.37365 1.4
      vertex -1.47841 -3.2381 1.4
    endloop
  endfacet
  facet normal 0 0 -1
    outer loop
      vertex -1.7619 -6.47841 1.4
      vertex -1.62634 -3.37365 1.4
      vertex -1.62634 -6.62634 1.4
    endloop
  endfacet
  facet normal 0 0 -1
    outer loop
      vertex -1.7619 -6.47841 1.4
      vertex -1.7619 -3.52159 1.4
      vertex -1.62634 -3.37365 1.4
    endloop
  endfacet
  facet normal 0 0 -1
    outer loop
      vertex -1.88405 -6.31923 1.4
      vertex -1.7619 -3.52159 1.4
      vertex -1.7619 -6.47841 1.4
    endloop
  endfacet
  facet normal 0 0 -1
    outer loop
      vertex -1.88405 -6.31923 1.4
      vertex -1.88405 -3.68077 1.4
      vertex -1.7619 -3.52159 1.4
    endloop
  endfacet
  facet normal 0 0 -1
    outer loop
      vertex -1.99186 -6.15 1.4
      vertex -1.88405 -3.68077 1.4
      vertex -1.88405 -6.31923 1.4
    endloop
  endfacet
  facet normal 0 0 -1
    outer loop
      vertex -1.99186 -6.15 1.4
      vertex -1.99186 -3.85 1.4
      vertex -1.88405 -3.68077 1.4
    endloop
  endfacet
  facet normal 0 0 -1
    outer loop
      vertex -2.08451 -5.97202 1.4
      vertex -1.99186 -3.85 1.4
      vertex -1.99186 -6.15 1.4
    endloop
  endfacet
  facet normal 0 0 -1
    outer loop
      vertex -2.08451 -5.97202 1.4
      vertex -2.08451 -4.02798 1.4
      vertex -1.99186 -3.85 1.4
    endloop
  endfacet
  facet normal 0 0 -1
    outer loop
      vertex -2.16129 -5.78665 1.4
      vertex -2.08451 -4.02798 1.4
      vertex -2.08451 -5.97202 1.4
    endloop
  endfacet
  facet normal 0 0 -1
    outer loop
      vertex -2.16129 -5.78665 1.4
      vertex -2.16129 -4.21335 1.4
      vertex -2.08451 -4.02798 1.4
    endloop
  endfacet
  facet normal 0 0 -1
    outer loop
      vertex -2.22163 -5.59528 1.4
      vertex -2.16129 -4.21335 1.4
      vertex -2.16129 -5.78665 1.4
    endloop
  endfacet
  facet normal 0 0 -1
    outer loop
      vertex -2.22163 -5.59528 1.4
      vertex -2.22163 -4.40472 1.4
      vertex -2.16129 -4.21335 1.4
    endloop
  endfacet
  facet normal 0 0 -1
    outer loop
      vertex -2.26506 -5.39939 1.4
      vertex -2.22163 -4.40472 1.4
      vertex -2.22163 -5.59528 1.4
    endloop
  endfacet
  facet normal 0 0 -1
    outer loop
      vertex -2.26506 -5.39939 1.4
      vertex -2.26506 -4.60061 1.4
      vertex -2.22163 -4.40472 1.4
    endloop
  endfacet
  facet normal 0 0 -1
    outer loop
      vertex -2.29125 -5.20046 1.4
      vertex -2.26506 -4.60061 1.4
      vertex -2.26506 -5.39939 1.4
    endloop
  endfacet
  facet normal 0 0 -1
    outer loop
      vertex -2.29125 -5.20046 1.4
      vertex -2.29125 -4.79954 1.4
      vertex -2.26506 -4.60061 1.4
    endloop
  endfacet
  facet normal 0 -0 -1
    outer loop
      vertex -2.29125 -4.79954 1.4
      vertex -2.29125 -5.20046 1.4
      vertex -2.3 -5 1.4
    endloop
  endfacet
  facet normal 0.953715 -0.300712 0
    outer loop
      vertex -2.22163 -4.40472 1.4
      vertex -2.16129 -4.21335 -4
      vertex -2.16129 -4.21335 1.4
    endloop
  endfacet
  facet normal 0.953715 -0.300712 0
    outer loop
      vertex -2.16129 -4.21335 -4
      vertex -2.22163 -4.40472 1.4
      vertex -2.22163 -4.40472 -4
    endloop
  endfacet
  facet normal -0.300723 -0.953712 0
    outer loop
      vertex 0.595284 -2.77837 -4
      vertex 0.786646 -2.83871 1.4
      vertex 0.595284 -2.77837 1.4
    endloop
  endfacet
  facet normal -0.300723 -0.953712 -0
    outer loop
      vertex 0.786646 -2.83871 1.4
      vertex 0.595284 -2.77837 -4
      vertex 0.786646 -2.83871 -4
    endloop
  endfacet
  facet normal 0.537295 0.843395 -0
    outer loop
      vertex -1.15 -6.99186 -4
      vertex -1.31923 -6.88405 1.4
      vertex -1.15 -6.99186 1.4
    endloop
  endfacet
  facet normal 0.537295 0.843395 0
    outer loop
      vertex -1.31923 -6.88405 1.4
      vertex -1.15 -6.99186 -4
      vertex -1.31923 -6.88405 -4
    endloop
  endfacet
  facet normal 0.843395 -0.537295 0
    outer loop
      vertex -1.99186 -3.85 1.4
      vertex -1.88405 -3.68077 -4
      vertex -1.88405 -3.68077 1.4
    endloop
  endfacet
  facet normal 0.843395 -0.537295 0
    outer loop
      vertex -1.88405 -3.68077 -4
      vertex -1.99186 -3.85 1.4
      vertex -1.99186 -3.85 -4
    endloop
  endfacet
  facet normal 0.953715 0.300712 0
    outer loop
      vertex -2.16129 -5.78665 1.4
      vertex -2.22163 -5.59528 -4
      vertex -2.22163 -5.59528 1.4
    endloop
  endfacet
  facet normal 0.953715 0.300712 0
    outer loop
      vertex -2.22163 -5.59528 -4
      vertex -2.16129 -5.78665 1.4
      vertex -2.16129 -5.78665 -4
    endloop
  endfacet
  facet normal -0.216446 -0.976295 0
    outer loop
      vertex 0.39939 -2.73494 -4
      vertex 0.595284 -2.77837 1.4
      vertex 0.39939 -2.73494 1.4
    endloop
  endfacet
  facet normal -0.216446 -0.976295 -0
    outer loop
      vertex 0.595284 -2.77837 1.4
      vertex 0.39939 -2.73494 -4
      vertex 0.595284 -2.77837 -4
    endloop
  endfacet
  facet normal 0.0436085 0.999049 -0
    outer loop
      vertex 0 -7.3 -4
      vertex -0.200458 -7.29125 1.4
      vertex 0 -7.3 1.4
    endloop
  endfacet
  facet normal 0.0436085 0.999049 0
    outer loop
      vertex -0.200458 -7.29125 1.4
      vertex 0 -7.3 -4
      vertex -0.200458 -7.29125 -4
    endloop
  endfacet
  facet normal 0.382663 0.923888 -0
    outer loop
      vertex -0.786646 -7.16129 -4
      vertex -0.972021 -7.08451 1.4
      vertex -0.786646 -7.16129 1.4
    endloop
  endfacet
  facet normal 0.382663 0.923888 0
    outer loop
      vertex -0.972021 -7.08451 1.4
      vertex -0.786646 -7.16129 -4
      vertex -0.972021 -7.08451 -4
    endloop
  endfacet
  facet normal 0.843395 0.537295 0
    outer loop
      vertex -1.88405 -6.31923 1.4
      vertex -1.99186 -6.15 -4
      vertex -1.99186 -6.15 1.4
    endloop
  endfacet
  facet normal 0.843395 0.537295 0
    outer loop
      vertex -1.99186 -6.15 -4
      vertex -1.88405 -6.31923 1.4
      vertex -1.88405 -6.31923 -4
    endloop
  endfacet
  facet normal 0.991445 0.130528 0
    outer loop
      vertex -2.26506 -5.39939 1.4
      vertex -2.29125 -5.20046 -4
      vertex -2.29125 -5.20046 1.4
    endloop
  endfacet
  facet normal 0.991445 0.130528 0
    outer loop
      vertex -2.29125 -5.20046 -4
      vertex -2.26506 -5.39939 1.4
      vertex -2.26506 -5.39939 -4
    endloop
  endfacet
  facet normal 0.130527 0.991445 -0
    outer loop
      vertex -0.200458 -7.29125 -4
      vertex -0.39939 -7.26506 1.4
      vertex -0.200458 -7.29125 1.4
    endloop
  endfacet
  facet normal 0.130527 0.991445 0
    outer loop
      vertex -0.39939 -7.26506 1.4
      vertex -0.200458 -7.29125 -4
      vertex -0.39939 -7.26506 -4
    endloop
  endfacet
  facet normal 0.887012 -0.461747 0
    outer loop
      vertex -2.08451 -4.02798 1.4
      vertex -1.99186 -3.85 -4
      vertex -1.99186 -3.85 1.4
    endloop
  endfacet
  facet normal 0.887012 -0.461747 0
    outer loop
      vertex -1.99186 -3.85 -4
      vertex -2.08451 -4.02798 1.4
      vertex -2.08451 -4.02798 -4
    endloop
  endfacet
  facet normal -0.130527 -0.991445 0
    outer loop
      vertex 0.200458 -2.70875 -4
      vertex 0.39939 -2.73494 1.4
      vertex 0.200458 -2.70875 1.4
    endloop
  endfacet
  facet normal -0.130527 -0.991445 -0
    outer loop
      vertex 0.39939 -2.73494 1.4
      vertex 0.200458 -2.70875 -4
      vertex 0.39939 -2.73494 -4
    endloop
  endfacet
  facet normal -0.73726 0.67561 0
    outer loop
      vertex 1.62634 -6.62634 -4
      vertex 1.7619 -6.47841 1.4
      vertex 1.7619 -6.47841 -4
    endloop
  endfacet
  facet normal -0.73726 0.67561 0
    outer loop
      vertex 1.7619 -6.47841 1.4
      vertex 1.62634 -6.62634 -4
      vertex 1.62634 -6.62634 1.4
    endloop
  endfacet
  facet normal 0.216446 0.976295 -0
    outer loop
      vertex -0.39939 -7.26506 -4
      vertex -0.595284 -7.22163 1.4
      vertex -0.39939 -7.26506 1.4
    endloop
  endfacet
  facet normal 0.216446 0.976295 0
    outer loop
      vertex -0.595284 -7.22163 1.4
      vertex -0.39939 -7.26506 -4
      vertex -0.595284 -7.22163 -4
    endloop
  endfacet
  facet normal 0.793337 -0.608783 0
    outer loop
      vertex -1.88405 -3.68077 1.4
      vertex -1.7619 -3.52159 -4
      vertex -1.7619 -3.52159 1.4
    endloop
  endfacet
  facet normal 0.793337 -0.608783 0
    outer loop
      vertex -1.7619 -3.52159 -4
      vertex -1.88405 -3.68077 1.4
      vertex -1.88405 -3.68077 -4
    endloop
  endfacet
  facet normal 0.608783 0.793337 -0
    outer loop
      vertex -1.31923 -6.88405 -4
      vertex -1.47841 -6.7619 1.4
      vertex -1.31923 -6.88405 1.4
    endloop
  endfacet
  facet normal 0.608783 0.793337 0
    outer loop
      vertex -1.47841 -6.7619 1.4
      vertex -1.31923 -6.88405 -4
      vertex -1.47841 -6.7619 -4
    endloop
  endfacet
  facet normal 0.300723 -0.953712 0
    outer loop
      vertex -0.786646 -2.83871 -4
      vertex -0.595284 -2.77837 1.4
      vertex -0.786646 -2.83871 1.4
    endloop
  endfacet
  facet normal 0.300723 -0.953712 0
    outer loop
      vertex -0.595284 -2.77837 1.4
      vertex -0.786646 -2.83871 -4
      vertex -0.595284 -2.77837 -4
    endloop
  endfacet
  facet normal 0.382663 -0.923888 0
    outer loop
      vertex -0.972021 -2.91549 -4
      vertex -0.786646 -2.83871 1.4
      vertex -0.972021 -2.91549 1.4
    endloop
  endfacet
  facet normal 0.382663 -0.923888 0
    outer loop
      vertex -0.786646 -2.83871 1.4
      vertex -0.972021 -2.91549 -4
      vertex -0.786646 -2.83871 -4
    endloop
  endfacet
  facet normal 0.461749 0.887011 -0
    outer loop
      vertex -0.972021 -7.08451 -4
      vertex -1.15 -6.99186 1.4
      vertex -0.972021 -7.08451 1.4
    endloop
  endfacet
  facet normal 0.461749 0.887011 0
    outer loop
      vertex -1.15 -6.99186 1.4
      vertex -0.972021 -7.08451 -4
      vertex -1.15 -6.99186 -4
    endloop
  endfacet
  facet normal 0 0.799998 0.600002
    outer loop
      vertex 3.5 8 24.6667
      vertex -3.5 4 30
      vertex 3.5 4 30
    endloop
  endfacet
  facet normal 0 0.799998 0.600002
    outer loop
      vertex 3.5 8 24.6667
      vertex -3.5 8 24.6667
      vertex -3.5 4 30
    endloop
  endfacet
  facet normal 0.000253421 0.800095 0.599874
    outer loop
      vertex 1.5 10 22
      vertex 3.5 8 24.6667
      vertex 3.49239 8.17432 24.4342
    endloop
  endfacet
  facet normal 0 0.800004 0.599995
    outer loop
      vertex 3.5 8 24.6667
      vertex 1.5 10 22
      vertex -3.5 8 24.6667
    endloop
  endfacet
  facet normal -8.26973e-05 0.799963 0.60005
    outer loop
      vertex 1.5 10 22
      vertex 3.49239 8.17432 24.4342
      vertex 3.46962 8.34729 24.2036
    endloop
  endfacet
  facet normal -0 0.800004 0.599995
    outer loop
      vertex -1.5 10 22
      vertex -3.5 8 24.6667
      vertex 1.5 10 22
    endloop
  endfacet
  facet normal -0.000116056 0.799948 0.600069
    outer loop
      vertex 1.5 10 22
      vertex 3.46962 8.34729 24.2036
      vertex 3.43185 8.51764 23.9765
    endloop
  endfacet
  facet normal -0.000253421 0.800095 0.599874
    outer loop
      vertex -3.5 8 24.6667
      vertex -1.5 10 22
      vertex -3.49239 8.17432 24.4342
    endloop
  endfacet
  facet normal 0.000113456 0.800056 0.599925
    outer loop
      vertex 1.5 10 22
      vertex 3.43185 8.51764 23.9765
      vertex 3.37938 8.68404 23.7546
    endloop
  endfacet
  facet normal 8.26973e-05 0.799963 0.60005
    outer loop
      vertex -3.49239 8.17432 24.4342
      vertex -1.5 10 22
      vertex -3.46962 8.34729 24.2036
    endloop
  endfacet
  facet normal -6.74304e-05 0.799963 0.600049
    outer loop
      vertex 1.5 10 22
      vertex 3.37938 8.68404 23.7546
      vertex 3.31262 8.84523 23.5397
    endloop
  endfacet
  facet normal 0.000116056 0.799948 0.600069
    outer loop
      vertex -3.46962 8.34729 24.2036
      vertex -1.5 10 22
      vertex -3.43185 8.51764 23.9765
    endloop
  endfacet
  facet normal 0.000144474 0.800083 0.599889
    outer loop
      vertex 1.5 10 22
      vertex 3.31262 8.84523 23.5397
      vertex 3.23206 9 23.3333
    endloop
  endfacet
  facet normal -0.000113456 0.800056 0.599925
    outer loop
      vertex -3.43185 8.51764 23.9765
      vertex -1.5 10 22
      vertex -3.37938 8.68404 23.7546
    endloop
  endfacet
  facet normal -3.13833e-05 0.799973 0.600036
    outer loop
      vertex 1.5 10 22
      vertex 3.23206 9 23.3333
      vertex 3.13831 9.14716 23.1371
    endloop
  endfacet
  facet normal 6.74304e-05 0.799963 0.600049
    outer loop
      vertex -3.37938 8.68404 23.7546
      vertex -1.5 10 22
      vertex -3.31262 8.84523 23.5397
    endloop
  endfacet
  facet normal -0.000163211 0.799882 0.600157
    outer loop
      vertex 1.5 10 22
      vertex 3.13831 9.14716 23.1371
      vertex 3.03209 9.28557 22.9526
    endloop
  endfacet
  facet normal -0.000144474 0.800083 0.599889
    outer loop
      vertex -3.31262 8.84523 23.5397
      vertex -1.5 10 22
      vertex -3.23206 9 23.3333
    endloop
  endfacet
  facet normal 0.000234802 0.800189 0.599748
    outer loop
      vertex 1.5 10 22
      vertex 3.03209 9.28557 22.9526
      vertex 2.91422 9.41422 22.781
    endloop
  endfacet
  facet normal 3.13833e-05 0.799973 0.600036
    outer loop
      vertex -3.23206 9 23.3333
      vertex -1.5 10 22
      vertex -3.13831 9.14716 23.1371
    endloop
  endfacet
  facet normal -0.000200002 0.799811 0.600251
    outer loop
      vertex 1.5 10 22
      vertex 2.91422 9.41422 22.781
      vertex 2.78557 9.53209 22.6239
    endloop
  endfacet
  facet normal 0.000163211 0.799882 0.600157
    outer loop
      vertex -3.13831 9.14716 23.1371
      vertex -1.5 10 22
      vertex -3.03209 9.28557 22.9526
    endloop
  endfacet
  facet normal -0.00012207 0.799888 0.600149
    outer loop
      vertex 1.5 10 22
      vertex 2.78557 9.53209 22.6239
      vertex 2.64716 9.63831 22.4823
    endloop
  endfacet
  facet normal -0.000234802 0.800189 0.599748
    outer loop
      vertex -3.03209 9.28557 22.9526
      vertex -1.5 10 22
      vertex -2.91422 9.41422 22.781
    endloop
  endfacet
  facet normal -4.83277e-05 0.799973 0.600036
    outer loop
      vertex 1.5 10 22
      vertex 2.64716 9.63831 22.4823
      vertex 2.5 9.73206 22.3573
    endloop
  endfacet
  facet normal 0.000200002 0.799811 0.600251
    outer loop
      vertex -2.91422 9.41422 22.781
      vertex -1.5 10 22
      vertex -2.78557 9.53209 22.6239
    endloop
  endfacet
  facet normal 0.000298428 0.800438 0.599415
    outer loop
      vertex 1.5 10 22
      vertex 2.5 9.73206 22.3573
      vertex 2.34523 9.81262 22.2498
    endloop
  endfacet
  facet normal 0.00012207 0.799888 0.600149
    outer loop
      vertex -2.78557 9.53209 22.6239
      vertex -1.5 10 22
      vertex -2.64716 9.63831 22.4823
    endloop
  endfacet
  facet normal 3.93571e-06 0.79996 0.600053
    outer loop
      vertex 1.5 10 22
      vertex 2.34523 9.81262 22.2498
      vertex 2.18404 9.87938 22.1608
    endloop
  endfacet
  facet normal 4.83277e-05 0.799973 0.600036
    outer loop
      vertex -2.64716 9.63831 22.4823
      vertex -1.5 10 22
      vertex -2.5 9.73206 22.3573
    endloop
  endfacet
  facet normal -0.000221656 0.799499 0.600667
    outer loop
      vertex 1.5 10 22
      vertex 2.18404 9.87938 22.1608
      vertex 2.01764 9.93185 22.0909
    endloop
  endfacet
  facet normal -0.000298428 0.800438 0.599415
    outer loop
      vertex -2.5 9.73206 22.3573
      vertex -1.5 10 22
      vertex -2.34523 9.81262 22.2498
    endloop
  endfacet
  facet normal 0.000110729 0.800408 0.599455
    outer loop
      vertex 1.5 10 22
      vertex 2.01764 9.93185 22.0909
      vertex 1.84729 9.96962 22.0405
    endloop
  endfacet
  facet normal -3.93571e-06 0.79996 0.600053
    outer loop
      vertex -2.34523 9.81262 22.2498
      vertex -1.5 10 22
      vertex -2.18404 9.87938 22.1608
    endloop
  endfacet
  facet normal -0.000379266 0.798389 0.602142
    outer loop
      vertex 1.5 10 22
      vertex 1.84729 9.96962 22.0405
      vertex 1.67432 9.99239 22.0102
    endloop
  endfacet
  facet normal 0.000221656 0.799499 0.600667
    outer loop
      vertex -2.18404 9.87938 22.1608
      vertex -1.5 10 22
      vertex -2.01764 9.93185 22.0909
    endloop
  endfacet
  facet normal -0.000110729 0.800408 0.599455
    outer loop
      vertex -2.01764 9.93185 22.0909
      vertex -1.5 10 22
      vertex -1.84729 9.96962 22.0405
    endloop
  endfacet
  facet normal 0.000379266 0.798389 0.602142
    outer loop
      vertex -1.84729 9.96962 22.0405
      vertex -1.5 10 22
      vertex -1.67432 9.99239 22.0102
    endloop
  endfacet
  facet normal 0.00108889 0.0460222 0.99894
    outer loop
      vertex 2.18404 9.87938 11.7553
      vertex 2.4457 9.76032 11.7605
      vertex 2.34523 9.81262 11.7582
    endloop
  endfacet
  facet normal -0.000163272 0.0432757 0.999063
    outer loop
      vertex 2.01764 9.93185 11.753
      vertex 2.4457 9.76032 11.7605
      vertex 2.18404 9.87938 11.7553
    endloop
  endfacet
  facet normal -0.000637329 0.0420949 0.999113
    outer loop
      vertex 1.84729 9.96962 11.7513
      vertex 2.4457 9.76032 11.7605
      vertex 2.01764 9.93185 11.753
    endloop
  endfacet
  facet normal 8.14208e-06 0.0439369 0.999034
    outer loop
      vertex 1.67432 9.99239 11.7503
      vertex 2.4457 9.76032 11.7605
      vertex 1.84729 9.96962 11.7513
    endloop
  endfacet
  facet normal 0.000231117 0.0446766 0.999001
    outer loop
      vertex 1.5 10 11.75
      vertex 2.4457 9.76032 11.7605
      vertex 1.67432 9.99239 11.7503
    endloop
  endfacet
  facet normal -0 0.0437664 0.999042
    outer loop
      vertex -1.5 10 11.75
      vertex 2.4457 9.76032 11.7605
      vertex 1.5 10 11.75
    endloop
  endfacet
  facet normal -0.000231117 0.0446766 0.999001
    outer loop
      vertex -2.4457 9.76032 11.7605
      vertex -1.5 10 11.75
      vertex -1.67432 9.99239 11.7503
    endloop
  endfacet
  facet normal -8.14208e-06 0.0439369 0.999034
    outer loop
      vertex -2.4457 9.76032 11.7605
      vertex -1.67432 9.99239 11.7503
      vertex -1.84729 9.96962 11.7513
    endloop
  endfacet
  facet normal 0.000637329 0.0420949 0.999113
    outer loop
      vertex -2.4457 9.76032 11.7605
      vertex -1.84729 9.96962 11.7513
      vertex -2.01764 9.93185 11.753
    endloop
  endfacet
  facet normal 0.000163272 0.0432757 0.999063
    outer loop
      vertex -2.4457 9.76032 11.7605
      vertex -2.01764 9.93185 11.753
      vertex -2.18404 9.87938 11.7553
    endloop
  endfacet
  facet normal -0.00108889 0.0460222 0.99894
    outer loop
      vertex -2.4457 9.76032 11.7605
      vertex -2.18404 9.87938 11.7553
      vertex -2.34523 9.81262 11.7582
    endloop
  endfacet
  facet normal 0 0.0437664 0.999042
    outer loop
      vertex -1.5 10 11.75
      vertex -2.4457 9.76032 11.7605
      vertex 2.4457 9.76032 11.7605
    endloop
  endfacet
  facet normal 0 0.953717 -0.300704
    outer loop
      vertex 3.5 7.3437 15.2118
      vertex -3.5 7.41584 15.4406
      vertex 3.5 7.41584 15.4406
    endloop
  endfacet
  facet normal 0 0.953717 -0.300704
    outer loop
      vertex -3.5 7.41584 15.4406
      vertex 3.5 7.3437 15.2118
      vertex -3.5 7.3437 15.2118
    endloop
  endfacet
  facet normal -0.00134095 0.737117 -0.675764
    outer loop
      vertex 3.5 7.89338 16.2677
      vertex 3.49758 8.05546 16.4445
      vertex 3.5 8 16.384
    endloop
  endfacet
  facet normal 0 0.737126 -0.675755
    outer loop
      vertex 3.49758 8.05546 16.4445
      vertex 3.5 7.89338 16.2677
      vertex -3.49758 8.05546 16.4445
    endloop
  endfacet
  facet normal 0 0.737126 -0.675755
    outer loop
      vertex -3.5 7.89338 16.2677
      vertex -3.49758 8.05546 16.4445
      vertex 3.5 7.89338 16.2677
    endloop
  endfacet
  facet normal 0.00134095 0.737117 -0.675764
    outer loop
      vertex -3.49758 8.05546 16.4445
      vertex -3.5 7.89338 16.2677
      vertex -3.5 8 16.384
    endloop
  endfacet
  facet normal 0 0.887005 0.46176
    outer loop
      vertex 3.5 7.61843 13.125
      vertex -3.5 7.50765 13.3378
      vertex 3.5 7.50765 13.3378
    endloop
  endfacet
  facet normal 0 0.887005 0.46176
    outer loop
      vertex -3.5 7.50765 13.3378
      vertex 3.5 7.61843 13.125
      vertex -3.5 7.61843 13.125
    endloop
  endfacet
  facet normal 0.0141061 0.676143 -0.736635
    outer loop
      vertex 3.49758 8.05546 16.4445
      vertex 3.48475 8.23233 16.6066
      vertex 3.49239 8.17432 16.5535
    endloop
  endfacet
  facet normal 0 0.675655 -0.737218
    outer loop
      vertex 3.49758 8.05546 16.4445
      vertex -3.48475 8.23233 16.6066
      vertex 3.48475 8.23233 16.6066
    endloop
  endfacet
  facet normal 0 0.675655 -0.737218
    outer loop
      vertex -3.49758 8.05546 16.4445
      vertex -3.48475 8.23233 16.6066
      vertex 3.49758 8.05546 16.4445
    endloop
  endfacet
  facet normal -0.0141061 0.676143 -0.736635
    outer loop
      vertex -3.48475 8.23233 16.6066
      vertex -3.49758 8.05546 16.4445
      vertex -3.49239 8.17432 16.5535
    endloop
  endfacet
  facet normal 0 0.953717 0.300704
    outer loop
      vertex 3.5 7.41584 13.5594
      vertex -3.5 7.3437 13.7882
      vertex 3.5 7.3437 13.7882
    endloop
  endfacet
  facet normal 0 0.953717 0.300704
    outer loop
      vertex -3.5 7.3437 13.7882
      vertex 3.5 7.41584 13.5594
      vertex -3.5 7.41584 13.5594
    endloop
  endfacet
  facet normal -0.00126862 0.215133 -0.976584
    outer loop
      vertex 3.02963 9.28825 17.1563
      vertex 2.79607 9.52247 17.2082
      vertex 2.91422 9.41422 17.1842
    endloop
  endfacet
  facet normal 0 0.216339 -0.976318
    outer loop
      vertex 3.02963 9.28825 17.1563
      vertex -2.79607 9.52247 17.2082
      vertex 2.79607 9.52247 17.2082
    endloop
  endfacet
  facet normal 0 0.216339 -0.976318
    outer loop
      vertex -3.02963 9.28825 17.1563
      vertex -2.79607 9.52247 17.2082
      vertex 3.02963 9.28825 17.1563
    endloop
  endfacet
  facet normal 0.00126862 0.215133 -0.976584
    outer loop
      vertex -2.79607 9.52247 17.2082
      vertex -3.02963 9.28825 17.1563
      vertex -2.91422 9.41422 17.1842
    endloop
  endfacet
  facet normal 0.0141061 0.676143 0.736635
    outer loop
      vertex 3.48475 8.23233 12.3934
      vertex 3.49758 8.05546 12.5555
      vertex 3.49239 8.17432 12.4465
    endloop
  endfacet
  facet normal -0 0.675655 0.737218
    outer loop
      vertex -3.48475 8.23233 12.3934
      vertex 3.49758 8.05546 12.5555
      vertex 3.48475 8.23233 12.3934
    endloop
  endfacet
  facet normal -0.0141061 0.676143 0.736635
    outer loop
      vertex -3.49758 8.05546 12.5555
      vertex -3.48475 8.23233 12.3934
      vertex -3.49239 8.17432 12.4465
    endloop
  endfacet
  facet normal 0 0.675655 0.737218
    outer loop
      vertex -3.48475 8.23233 12.3934
      vertex -3.49758 8.05546 12.5555
      vertex 3.49758 8.05546 12.5555
    endloop
  endfacet
  facet normal 0 0.843352 -0.537361
    outer loop
      vertex 3.5 7.61843 15.875
      vertex -3.5 7.74733 16.0773
      vertex 3.5 7.74733 16.0773
    endloop
  endfacet
  facet normal 0 0.843352 -0.537361
    outer loop
      vertex -3.5 7.74733 16.0773
      vertex 3.5 7.61843 15.875
      vertex -3.5 7.61843 15.875
    endloop
  endfacet
  facet normal 0 0.991438 0.13058
    outer loop
      vertex 3.5 7.29178 14.0225
      vertex -3.5 7.26046 14.2603
      vertex 3.5 7.26046 14.2603
    endloop
  endfacet
  facet normal 0 0.991438 0.13058
    outer loop
      vertex -3.5 7.26046 14.2603
      vertex 3.5 7.29178 14.0225
      vertex -3.5 7.29178 14.0225
    endloop
  endfacet
  facet normal -0.00126862 0.215133 0.976584
    outer loop
      vertex 2.79607 9.52247 11.7918
      vertex 3.02963 9.28825 11.8437
      vertex 2.91422 9.41422 11.8158
    endloop
  endfacet
  facet normal -0 0.216339 0.976318
    outer loop
      vertex -2.79607 9.52247 11.7918
      vertex 3.02963 9.28825 11.8437
      vertex 2.79607 9.52247 11.7918
    endloop
  endfacet
  facet normal 0.00126862 0.215133 0.976584
    outer loop
      vertex -3.02963 9.28825 11.8437
      vertex -2.79607 9.52247 11.7918
      vertex -2.91422 9.41422 11.8158
    endloop
  endfacet
  facet normal 0 0.216339 0.976318
    outer loop
      vertex -2.79607 9.52247 11.7918
      vertex -3.02963 9.28825 11.8437
      vertex 3.02963 9.28825 11.8437
    endloop
  endfacet
  facet normal -0.00869547 0.607966 -0.793915
    outer loop
      vertex 3.48475 8.23233 16.6066
      vertex 3.45291 8.42266 16.7527
      vertex 3.46962 8.34729 16.6948
    endloop
  endfacet
  facet normal 0 0.608905 -0.793243
    outer loop
      vertex 3.48475 8.23233 16.6066
      vertex -3.45291 8.42266 16.7527
      vertex 3.45291 8.42266 16.7527
    endloop
  endfacet
  facet normal 0 0.608905 -0.793243
    outer loop
      vertex -3.48475 8.23233 16.6066
      vertex -3.45291 8.42266 16.7527
      vertex 3.48475 8.23233 16.6066
    endloop
  endfacet
  facet normal 0.00869547 0.607966 -0.793915
    outer loop
      vertex -3.45291 8.42266 16.7527
      vertex -3.48475 8.23233 16.6066
      vertex -3.46962 8.34729 16.6948
    endloop
  endfacet
  facet normal -0.00273996 0.460661 0.887572
    outer loop
      vertex 3.3157 8.8378 12.0077
      vertex 3.398 8.625 12.1184
      vertex 3.37938 8.68404 12.0877
    endloop
  endfacet
  facet normal -0 0.461497 0.887142
    outer loop
      vertex -3.3157 8.8378 12.0077
      vertex 3.398 8.625 12.1184
      vertex 3.3157 8.8378 12.0077
    endloop
  endfacet
  facet normal 0.00273996 0.460661 0.887572
    outer loop
      vertex -3.398 8.625 12.1184
      vertex -3.3157 8.8378 12.0077
      vertex -3.37938 8.68404 12.0877
    endloop
  endfacet
  facet normal 0 0.461497 0.887142
    outer loop
      vertex -3.3157 8.8378 12.0077
      vertex -3.398 8.625 12.1184
      vertex 3.398 8.625 12.1184
    endloop
  endfacet
  facet normal 0 0.976316 -0.216348
    outer loop
      vertex 3.5 7.29178 14.9775
      vertex -3.5 7.3437 15.2118
      vertex 3.5 7.3437 15.2118
    endloop
  endfacet
  facet normal 0 0.976316 -0.216348
    outer loop
      vertex -3.5 7.3437 15.2118
      vertex 3.5 7.29178 14.9775
      vertex -3.5 7.29178 14.9775
    endloop
  endfacet
  facet normal 0 0.92385 0.382756
    outer loop
      vertex 3.5 7.50765 13.3378
      vertex -3.5 7.41584 13.5594
      vertex 3.5 7.41584 13.5594
    endloop
  endfacet
  facet normal 0 0.92385 0.382756
    outer loop
      vertex -3.5 7.41584 13.5594
      vertex 3.5 7.50765 13.3378
      vertex -3.5 7.50765 13.3378
    endloop
  endfacet
  facet normal 0 0.976316 0.216348
    outer loop
      vertex 3.5 7.3437 13.7882
      vertex -3.5 7.29178 14.0225
      vertex 3.5 7.29178 14.0225
    endloop
  endfacet
  facet normal 0 0.976316 0.216348
    outer loop
      vertex -3.5 7.29178 14.0225
      vertex 3.5 7.3437 13.7882
      vertex -3.5 7.3437 13.7882
    endloop
  endfacet
  facet normal 0.0155728 0.150575 0.988476
    outer loop
      vertex 2.64716 9.63831 11.7765
      vertex 2.79607 9.52247 11.7918
      vertex 2.78557 9.53209 11.7905
    endloop
  endfacet
  facet normal 0.000769134 0.131272 0.991346
    outer loop
      vertex 2.4457 9.76032 11.7605
      vertex 2.64716 9.63831 11.7765
      vertex 2.5 9.73206 11.7642
    endloop
  endfacet
  facet normal 0.00255244 0.134165 0.990956
    outer loop
      vertex 2.64716 9.63831 11.7765
      vertex 2.4457 9.76032 11.7605
      vertex 2.79607 9.52247 11.7918
    endloop
  endfacet
  facet normal -0 0.130471 0.991452
    outer loop
      vertex -2.4457 9.76032 11.7605
      vertex 2.79607 9.52247 11.7918
      vertex 2.4457 9.76032 11.7605
    endloop
  endfacet
  facet normal -0.000769134 0.131272 0.991346
    outer loop
      vertex -2.64716 9.63831 11.7765
      vertex -2.4457 9.76032 11.7605
      vertex -2.5 9.73206 11.7642
    endloop
  endfacet
  facet normal -0.00255244 0.134165 0.990956
    outer loop
      vertex -2.4457 9.76032 11.7605
      vertex -2.64716 9.63831 11.7765
      vertex -2.79607 9.52247 11.7918
    endloop
  endfacet
  facet normal -0.0155728 0.150575 0.988476
    outer loop
      vertex -2.79607 9.52247 11.7918
      vertex -2.64716 9.63831 11.7765
      vertex -2.78557 9.53209 11.7905
    endloop
  endfacet
  facet normal 0 0.130471 0.991452
    outer loop
      vertex -2.4457 9.76032 11.7605
      vertex -2.79607 9.52247 11.7918
      vertex 2.79607 9.52247 11.7918
    endloop
  endfacet
  facet normal -0.00869547 0.607966 0.793915
    outer loop
      vertex 3.45291 8.42266 12.2473
      vertex 3.48475 8.23233 12.3934
      vertex 3.46962 8.34729 12.3052
    endloop
  endfacet
  facet normal -0 0.608905 0.793243
    outer loop
      vertex -3.45291 8.42266 12.2473
      vertex 3.48475 8.23233 12.3934
      vertex 3.45291 8.42266 12.2473
    endloop
  endfacet
  facet normal 0.00869547 0.607966 0.793915
    outer loop
      vertex -3.48475 8.23233 12.3934
      vertex -3.45291 8.42266 12.2473
      vertex -3.46962 8.34729 12.3052
    endloop
  endfacet
  facet normal 0 0.608905 0.793243
    outer loop
      vertex -3.45291 8.42266 12.2473
      vertex -3.48475 8.23233 12.3934
      vertex 3.48475 8.23233 12.3934
    endloop
  endfacet
  facet normal 0 0.999049 0.0435964
    outer loop
      vertex 3.5 7.26046 14.2603
      vertex -3.5 7.25 14.5
      vertex 3.5 7.25 14.5
    endloop
  endfacet
  facet normal 0 0.999049 0.0435964
    outer loop
      vertex -3.5 7.25 14.5
      vertex 3.5 7.26046 14.2603
      vertex -3.5 7.26046 14.2603
    endloop
  endfacet
  facet normal 0.0265627 0.394279 -0.918607
    outer loop
      vertex 3.3157 8.8378 16.9923
      vertex 3.23206 9 17.0595
      vertex 3.31262 8.84523 16.9954
    endloop
  endfacet
  facet normal -0.0094496 0.378574 -0.925523
    outer loop
      vertex 3.3157 8.8378 16.9923
      vertex 3.19418 9.05944 17.0842
      vertex 3.23206 9 17.0595
    endloop
  endfacet
  facet normal 0 0.383017 -0.923741
    outer loop
      vertex 3.3157 8.8378 16.9923
      vertex -3.19418 9.05944 17.0842
      vertex 3.19418 9.05944 17.0842
    endloop
  endfacet
  facet normal 0 0.383017 -0.923741
    outer loop
      vertex -3.3157 8.8378 16.9923
      vertex -3.19418 9.05944 17.0842
      vertex 3.3157 8.8378 16.9923
    endloop
  endfacet
  facet normal 0.0094496 0.378574 -0.925523
    outer loop
      vertex -3.19418 9.05944 17.0842
      vertex -3.3157 8.8378 16.9923
      vertex -3.23206 9 17.0595
    endloop
  endfacet
  facet normal -0.0265627 0.394279 -0.918607
    outer loop
      vertex -3.23206 9 17.0595
      vertex -3.3157 8.8378 16.9923
      vertex -3.31262 8.84523 16.9954
    endloop
  endfacet
  facet normal 0 0.793452 -0.608633
    outer loop
      vertex 3.5 7.74733 16.0773
      vertex -3.5 7.89338 16.2677
      vertex 3.5 7.89338 16.2677
    endloop
  endfacet
  facet normal 0 0.793452 -0.608633
    outer loop
      vertex -3.5 7.89338 16.2677
      vertex 3.5 7.74733 16.0773
      vertex -3.5 7.74733 16.0773
    endloop
  endfacet
  facet normal 0 0.793452 0.608633
    outer loop
      vertex 3.5 7.89338 12.7323
      vertex -3.5 7.74733 12.9227
      vertex 3.5 7.74733 12.9227
    endloop
  endfacet
  facet normal 0 0.793452 0.608633
    outer loop
      vertex -3.5 7.74733 12.9227
      vertex 3.5 7.89338 12.7323
      vertex -3.5 7.89338 12.7323
    endloop
  endfacet
  facet normal 0.0265627 0.394279 0.918607
    outer loop
      vertex 3.23206 9 11.9405
      vertex 3.3157 8.8378 12.0077
      vertex 3.31262 8.84523 12.0046
    endloop
  endfacet
  facet normal -0.0094496 0.378574 0.925523
    outer loop
      vertex 3.19418 9.05944 11.9158
      vertex 3.3157 8.8378 12.0077
      vertex 3.23206 9 11.9405
    endloop
  endfacet
  facet normal -0 0.383017 0.923741
    outer loop
      vertex -3.19418 9.05944 11.9158
      vertex 3.3157 8.8378 12.0077
      vertex 3.19418 9.05944 11.9158
    endloop
  endfacet
  facet normal 0.0094496 0.378574 0.925523
    outer loop
      vertex -3.3157 8.8378 12.0077
      vertex -3.19418 9.05944 11.9158
      vertex -3.23206 9 11.9405
    endloop
  endfacet
  facet normal -0.0265627 0.394279 0.918607
    outer loop
      vertex -3.3157 8.8378 12.0077
      vertex -3.23206 9 11.9405
      vertex -3.31262 8.84523 12.0046
    endloop
  endfacet
  facet normal 0 0.383017 0.923741
    outer loop
      vertex -3.19418 9.05944 11.9158
      vertex -3.3157 8.8378 12.0077
      vertex 3.3157 8.8378 12.0077
    endloop
  endfacet
  facet normal 0 0.92385 -0.382756
    outer loop
      vertex 3.5 7.41584 15.4406
      vertex -3.5 7.50765 15.6622
      vertex 3.5 7.50765 15.6622
    endloop
  endfacet
  facet normal 0 0.92385 -0.382756
    outer loop
      vertex -3.5 7.50765 15.6622
      vertex 3.5 7.41584 15.4406
      vertex -3.5 7.41584 15.4406
    endloop
  endfacet
  facet normal -0.00546995 0.296956 -0.954876
    outer loop
      vertex 3.02963 9.28825 17.1563
      vertex 3.13831 9.14716 17.1118
      vertex 3.19418 9.05944 17.0842
    endloop
  endfacet
  facet normal 0.105533 0.372141 -0.922157
    outer loop
      vertex 3.13831 9.14716 17.1118
      vertex 3.02963 9.28825 17.1563
      vertex 3.03209 9.28557 17.1555
    endloop
  endfacet
  facet normal 0 0.300541 -0.953769
    outer loop
      vertex 3.19418 9.05944 17.0842
      vertex -3.02963 9.28825 17.1563
      vertex 3.02963 9.28825 17.1563
    endloop
  endfacet
  facet normal 0 0.300541 -0.953769
    outer loop
      vertex -3.19418 9.05944 17.0842
      vertex -3.02963 9.28825 17.1563
      vertex 3.19418 9.05944 17.0842
    endloop
  endfacet
  facet normal 0.00546995 0.296956 -0.954876
    outer loop
      vertex -3.13831 9.14716 17.1118
      vertex -3.02963 9.28825 17.1563
      vertex -3.19418 9.05944 17.0842
    endloop
  endfacet
  facet normal -0.105533 0.372141 -0.922157
    outer loop
      vertex -3.02963 9.28825 17.1563
      vertex -3.13831 9.14716 17.1118
      vertex -3.03209 9.28557 17.1555
    endloop
  endfacet
  facet normal 0 0.999049 -0.0435964
    outer loop
      vertex 3.5 7.25 14.5
      vertex -3.5 7.26046 14.7397
      vertex 3.5 7.26046 14.7397
    endloop
  endfacet
  facet normal 0 0.999049 -0.0435964
    outer loop
      vertex -3.5 7.26046 14.7397
      vertex 3.5 7.25 14.5
      vertex -3.5 7.25 14.5
    endloop
  endfacet
  facet normal -0.00119538 0.537054 -0.843547
    outer loop
      vertex 3.45291 8.42266 16.7527
      vertex 3.398 8.625 16.8816
      vertex 3.43185 8.51764 16.8132
    endloop
  endfacet
  facet normal 0 0.537285 -0.843401
    outer loop
      vertex 3.45291 8.42266 16.7527
      vertex -3.398 8.625 16.8816
      vertex 3.398 8.625 16.8816
    endloop
  endfacet
  facet normal 0 0.537285 -0.843401
    outer loop
      vertex -3.45291 8.42266 16.7527
      vertex -3.398 8.625 16.8816
      vertex 3.45291 8.42266 16.7527
    endloop
  endfacet
  facet normal 0.00119538 0.537054 -0.843547
    outer loop
      vertex -3.398 8.625 16.8816
      vertex -3.45291 8.42266 16.7527
      vertex -3.43185 8.51764 16.8132
    endloop
  endfacet
  facet normal -0.00134095 0.737117 0.675764
    outer loop
      vertex 3.49758 8.05546 12.5555
      vertex 3.5 7.89338 12.7323
      vertex 3.5 8 12.616
    endloop
  endfacet
  facet normal 0 0.737126 0.675755
    outer loop
      vertex 3.5 7.89338 12.7323
      vertex 3.49758 8.05546 12.5555
      vertex -3.5 7.89338 12.7323
    endloop
  endfacet
  facet normal -0 0.737126 0.675755
    outer loop
      vertex -3.49758 8.05546 12.5555
      vertex -3.5 7.89338 12.7323
      vertex 3.49758 8.05546 12.5555
    endloop
  endfacet
  facet normal 0.00134095 0.737117 0.675764
    outer loop
      vertex -3.5 7.89338 12.7323
      vertex -3.49758 8.05546 12.5555
      vertex -3.5 8 12.616
    endloop
  endfacet
  facet normal 0.105533 0.372141 0.922157
    outer loop
      vertex 3.02963 9.28825 11.8437
      vertex 3.13831 9.14716 11.8882
      vertex 3.03209 9.28557 11.8445
    endloop
  endfacet
  facet normal -0.00546995 0.296956 0.954876
    outer loop
      vertex 3.13831 9.14716 11.8882
      vertex 3.02963 9.28825 11.8437
      vertex 3.19418 9.05944 11.9158
    endloop
  endfacet
  facet normal -0 0.300541 0.953769
    outer loop
      vertex -3.02963 9.28825 11.8437
      vertex 3.19418 9.05944 11.9158
      vertex 3.02963 9.28825 11.8437
    endloop
  endfacet
  facet normal -0.105533 0.372141 0.922157
    outer loop
      vertex -3.13831 9.14716 11.8882
      vertex -3.02963 9.28825 11.8437
      vertex -3.03209 9.28557 11.8445
    endloop
  endfacet
  facet normal 0.00546995 0.296956 0.954876
    outer loop
      vertex -3.02963 9.28825 11.8437
      vertex -3.13831 9.14716 11.8882
      vertex -3.19418 9.05944 11.9158
    endloop
  endfacet
  facet normal 0 0.300541 0.953769
    outer loop
      vertex -3.02963 9.28825 11.8437
      vertex -3.19418 9.05944 11.9158
      vertex 3.19418 9.05944 11.9158
    endloop
  endfacet
  facet normal 0 0.991438 -0.13058
    outer loop
      vertex 3.5 7.26046 14.7397
      vertex -3.5 7.29178 14.9775
      vertex 3.5 7.29178 14.9775
    endloop
  endfacet
  facet normal 0 0.991438 -0.13058
    outer loop
      vertex -3.5 7.29178 14.9775
      vertex 3.5 7.26046 14.7397
      vertex -3.5 7.26046 14.7397
    endloop
  endfacet
  facet normal 0 0.887005 -0.46176
    outer loop
      vertex 3.5 7.50765 15.6622
      vertex -3.5 7.61843 15.875
      vertex 3.5 7.61843 15.875
    endloop
  endfacet
  facet normal 0 0.887005 -0.46176
    outer loop
      vertex -3.5 7.61843 15.875
      vertex 3.5 7.50765 15.6622
      vertex -3.5 7.50765 15.6622
    endloop
  endfacet
  facet normal 0.0155728 0.150575 -0.988476
    outer loop
      vertex 2.79607 9.52247 17.2082
      vertex 2.64716 9.63831 17.2235
      vertex 2.78557 9.53209 17.2095
    endloop
  endfacet
  facet normal 0.00255244 0.134165 -0.990956
    outer loop
      vertex 2.4457 9.76032 17.2395
      vertex 2.64716 9.63831 17.2235
      vertex 2.79607 9.52247 17.2082
    endloop
  endfacet
  facet normal 0.000769134 0.131272 -0.991346
    outer loop
      vertex 2.64716 9.63831 17.2235
      vertex 2.4457 9.76032 17.2395
      vertex 2.5 9.73206 17.2358
    endloop
  endfacet
  facet normal 0 0.130471 -0.991452
    outer loop
      vertex 2.79607 9.52247 17.2082
      vertex -2.4457 9.76032 17.2395
      vertex 2.4457 9.76032 17.2395
    endloop
  endfacet
  facet normal 0 0.130471 -0.991452
    outer loop
      vertex -2.79607 9.52247 17.2082
      vertex -2.4457 9.76032 17.2395
      vertex 2.79607 9.52247 17.2082
    endloop
  endfacet
  facet normal -0.00255244 0.134165 -0.990956
    outer loop
      vertex -2.64716 9.63831 17.2235
      vertex -2.4457 9.76032 17.2395
      vertex -2.79607 9.52247 17.2082
    endloop
  endfacet
  facet normal -0.000769134 0.131272 -0.991346
    outer loop
      vertex -2.4457 9.76032 17.2395
      vertex -2.64716 9.63831 17.2235
      vertex -2.5 9.73206 17.2358
    endloop
  endfacet
  facet normal -0.0155728 0.150575 -0.988476
    outer loop
      vertex -2.64716 9.63831 17.2235
      vertex -2.79607 9.52247 17.2082
      vertex -2.78557 9.53209 17.2095
    endloop
  endfacet
  facet normal 0.00108889 0.0460222 -0.99894
    outer loop
      vertex 2.4457 9.76032 17.2395
      vertex 2.18404 9.87938 17.2447
      vertex 2.34523 9.81262 17.2418
    endloop
  endfacet
  facet normal -0.000163272 0.0432757 -0.999063
    outer loop
      vertex 2.4457 9.76032 17.2395
      vertex 2.01764 9.93185 17.247
      vertex 2.18404 9.87938 17.2447
    endloop
  endfacet
  facet normal -0.000637329 0.0420949 -0.999113
    outer loop
      vertex 2.4457 9.76032 17.2395
      vertex 1.84729 9.96962 17.2487
      vertex 2.01764 9.93185 17.247
    endloop
  endfacet
  facet normal 8.14208e-06 0.0439369 -0.999034
    outer loop
      vertex 2.4457 9.76032 17.2395
      vertex 1.67432 9.99239 17.2497
      vertex 1.84729 9.96962 17.2487
    endloop
  endfacet
  facet normal 0.000231117 0.0446766 -0.999001
    outer loop
      vertex 2.4457 9.76032 17.2395
      vertex 1.5 10 17.25
      vertex 1.67432 9.99239 17.2497
    endloop
  endfacet
  facet normal 0 0.0437664 -0.999042
    outer loop
      vertex 2.4457 9.76032 17.2395
      vertex -1.5 10 17.25
      vertex 1.5 10 17.25
    endloop
  endfacet
  facet normal 0 0.0437664 -0.999042
    outer loop
      vertex -2.4457 9.76032 17.2395
      vertex -1.5 10 17.25
      vertex 2.4457 9.76032 17.2395
    endloop
  endfacet
  facet normal -0.000231117 0.0446766 -0.999001
    outer loop
      vertex -1.5 10 17.25
      vertex -2.4457 9.76032 17.2395
      vertex -1.67432 9.99239 17.2497
    endloop
  endfacet
  facet normal -8.14208e-06 0.0439369 -0.999034
    outer loop
      vertex -1.67432 9.99239 17.2497
      vertex -2.4457 9.76032 17.2395
      vertex -1.84729 9.96962 17.2487
    endloop
  endfacet
  facet normal 0.000637329 0.0420949 -0.999113
    outer loop
      vertex -1.84729 9.96962 17.2487
      vertex -2.4457 9.76032 17.2395
      vertex -2.01764 9.93185 17.247
    endloop
  endfacet
  facet normal 0.000163272 0.0432757 -0.999063
    outer loop
      vertex -2.01764 9.93185 17.247
      vertex -2.4457 9.76032 17.2395
      vertex -2.18404 9.87938 17.2447
    endloop
  endfacet
  facet normal -0.00108889 0.0460222 -0.99894
    outer loop
      vertex -2.18404 9.87938 17.2447
      vertex -2.4457 9.76032 17.2395
      vertex -2.34523 9.81262 17.2418
    endloop
  endfacet
  facet normal -0.00273996 0.460661 -0.887572
    outer loop
      vertex 3.398 8.625 16.8816
      vertex 3.3157 8.8378 16.9923
      vertex 3.37938 8.68404 16.9123
    endloop
  endfacet
  facet normal 0 0.461497 -0.887142
    outer loop
      vertex 3.398 8.625 16.8816
      vertex -3.3157 8.8378 16.9923
      vertex 3.3157 8.8378 16.9923
    endloop
  endfacet
  facet normal 0 0.461497 -0.887142
    outer loop
      vertex -3.398 8.625 16.8816
      vertex -3.3157 8.8378 16.9923
      vertex 3.398 8.625 16.8816
    endloop
  endfacet
  facet normal 0.00273996 0.460661 -0.887572
    outer loop
      vertex -3.3157 8.8378 16.9923
      vertex -3.398 8.625 16.8816
      vertex -3.37938 8.68404 16.9123
    endloop
  endfacet
  facet normal 0 0.843352 0.537361
    outer loop
      vertex 3.5 7.74733 12.9227
      vertex -3.5 7.61843 13.125
      vertex 3.5 7.61843 13.125
    endloop
  endfacet
  facet normal 0 0.843352 0.537361
    outer loop
      vertex -3.5 7.61843 13.125
      vertex 3.5 7.74733 12.9227
      vertex -3.5 7.74733 12.9227
    endloop
  endfacet
  facet normal -0.00119538 0.537054 0.843547
    outer loop
      vertex 3.398 8.625 12.1184
      vertex 3.45291 8.42266 12.2473
      vertex 3.43185 8.51764 12.1868
    endloop
  endfacet
  facet normal -0 0.537285 0.843401
    outer loop
      vertex -3.398 8.625 12.1184
      vertex 3.45291 8.42266 12.2473
      vertex 3.398 8.625 12.1184
    endloop
  endfacet
  facet normal 0.00119538 0.537054 0.843547
    outer loop
      vertex -3.45291 8.42266 12.2473
      vertex -3.398 8.625 12.1184
      vertex -3.43185 8.51764 12.1868
    endloop
  endfacet
  facet normal 0 0.537285 0.843401
    outer loop
      vertex -3.398 8.625 12.1184
      vertex -3.45291 8.42266 12.2473
      vertex 3.45291 8.42266 12.2473
    endloop
  endfacet
endsolid OpenSCAD_Model
