solid OpenSCAD_Model
  facet normal -0.461641 -0.887067 0
    outer loop
      vertex -17.75 -14.6651 0
      vertex -17.5565 -14.7658 4
      vertex -17.75 -14.6651 4
    endloop
  endfacet
  facet normal -0.461641 -0.887067 -0
    outer loop
      vertex -17.5565 -14.7658 4
      vertex -17.75 -14.6651 0
      vertex -17.5565 -14.7658 0
    endloop
  endfacet
  facet normal 0.0435566 -0.999051 0
    outer loop
      vertex 16.5 -15 0
      vertex 16.7179 -14.9905 4
      vertex 16.5 -15 4
    endloop
  endfacet
  facet normal 0.0435566 -0.999051 0
    outer loop
      vertex 16.7179 -14.9905 4
      vertex 16.5 -15 0
      vertex 16.7179 -14.9905 0
    endloop
  endfacet
  facet normal 0 -1 0
    outer loop
      vertex -16.5 -15 0
      vertex 16.5 -15 4
      vertex -16.5 -15 4
    endloop
  endfacet
  facet normal 0 -1 -0
    outer loop
      vertex 16.5 -15 4
      vertex -16.5 -15 0
      vertex 16.5 -15 0
    endloop
  endfacet
  facet normal 0 1 -0
    outer loop
      vertex 16.5 15 0
      vertex -16.5 15 4
      vertex 16.5 15 4
    endloop
  endfacet
  facet normal 0 1 0
    outer loop
      vertex -16.5 15 4
      vertex 16.5 15 0
      vertex -16.5 15 0
    endloop
  endfacet
  facet normal -0.300649 -0.953735 0
    outer loop
      vertex -17.3551 -14.8492 0
      vertex -17.147 -14.9148 4
      vertex -17.3551 -14.8492 4
    endloop
  endfacet
  facet normal -0.300649 -0.953735 -0
    outer loop
      vertex -17.147 -14.9148 4
      vertex -17.3551 -14.8492 0
      vertex -17.147 -14.9148 0
    endloop
  endfacet
  facet normal -0.976295 -0.216445 0
    outer loop
      vertex -18.9148 -13.147 0
      vertex -18.962 -12.9341 4
      vertex -18.962 -12.9341 0
    endloop
  endfacet
  facet normal -0.976295 -0.216445 0
    outer loop
      vertex -18.962 -12.9341 4
      vertex -18.9148 -13.147 0
      vertex -18.9148 -13.147 4
    endloop
  endfacet
  facet normal -0.737383 -0.675475 0
    outer loop
      vertex -18.2678 -14.2678 0
      vertex -18.4151 -14.107 4
      vertex -18.4151 -14.107 0
    endloop
  endfacet
  facet normal -0.737383 -0.675475 0
    outer loop
      vertex -18.4151 -14.107 4
      vertex -18.2678 -14.2678 0
      vertex -18.2678 -14.2678 4
    endloop
  endfacet
  facet normal 0.608691 0.793407 -0
    outer loop
      vertex 18.107 14.4151 0
      vertex 17.9339 14.5479 4
      vertex 18.107 14.4151 4
    endloop
  endfacet
  facet normal 0.608691 0.793407 0
    outer loop
      vertex 17.9339 14.5479 4
      vertex 18.107 14.4151 0
      vertex 17.9339 14.5479 0
    endloop
  endfacet
  facet normal 0.953735 0.300649 0
    outer loop
      vertex 18.9148 13.147 4
      vertex 18.8492 13.3551 0
      vertex 18.8492 13.3551 4
    endloop
  endfacet
  facet normal 0.953735 0.300649 0
    outer loop
      vertex 18.8492 13.3551 0
      vertex 18.9148 13.147 4
      vertex 18.9148 13.147 0
    endloop
  endfacet
  facet normal -0.382595 -0.923916 0
    outer loop
      vertex -17.5565 -14.7658 0
      vertex -17.3551 -14.8492 4
      vertex -17.5565 -14.7658 4
    endloop
  endfacet
  facet normal -0.382595 -0.923916 -0
    outer loop
      vertex -17.3551 -14.8492 4
      vertex -17.5565 -14.7658 0
      vertex -17.3551 -14.8492 0
    endloop
  endfacet
  facet normal -0.675475 -0.737383 0
    outer loop
      vertex -18.2678 -14.2678 0
      vertex -18.107 -14.4151 4
      vertex -18.2678 -14.2678 4
    endloop
  endfacet
  facet normal -0.675475 -0.737383 -0
    outer loop
      vertex -18.107 -14.4151 4
      vertex -18.2678 -14.2678 0
      vertex -18.107 -14.4151 0
    endloop
  endfacet
  facet normal -0.887067 0.461641 0
    outer loop
      vertex -18.7658 13.5565 0
      vertex -18.6651 13.75 4
      vertex -18.6651 13.75 0
    endloop
  endfacet
  facet normal -0.887067 0.461641 0
    outer loop
      vertex -18.6651 13.75 4
      vertex -18.7658 13.5565 0
      vertex -18.7658 13.5565 4
    endloop
  endfacet
  facet normal -0.130692 0.991423 0
    outer loop
      vertex -16.7179 14.9905 0
      vertex -16.9341 14.962 4
      vertex -16.7179 14.9905 4
    endloop
  endfacet
  facet normal -0.130692 0.991423 0
    outer loop
      vertex -16.9341 14.962 4
      vertex -16.7179 14.9905 0
      vertex -16.9341 14.962 0
    endloop
  endfacet
  facet normal 0.976295 0.216445 0
    outer loop
      vertex 18.962 12.9341 4
      vertex 18.9148 13.147 0
      vertex 18.9148 13.147 4
    endloop
  endfacet
  facet normal 0.976295 0.216445 0
    outer loop
      vertex 18.9148 13.147 0
      vertex 18.962 12.9341 4
      vertex 18.962 12.9341 0
    endloop
  endfacet
  facet normal 0.999051 0.0435566 0
    outer loop
      vertex 19 12.5 4
      vertex 18.9905 12.7179 0
      vertex 18.9905 12.7179 4
    endloop
  endfacet
  facet normal 0.999051 0.0435566 0
    outer loop
      vertex 18.9905 12.7179 0
      vertex 19 12.5 4
      vertex 19 12.5 0
    endloop
  endfacet
  facet normal 0.923916 0.382595 0
    outer loop
      vertex 18.8492 13.3551 4
      vertex 18.7658 13.5565 0
      vertex 18.7658 13.5565 4
    endloop
  endfacet
  facet normal 0.923916 0.382595 0
    outer loop
      vertex 18.7658 13.5565 0
      vertex 18.8492 13.3551 4
      vertex 18.8492 13.3551 0
    endloop
  endfacet
  facet normal -0.887067 -0.461641 0
    outer loop
      vertex -18.6651 -13.75 0
      vertex -18.7658 -13.5565 4
      vertex -18.7658 -13.5565 0
    endloop
  endfacet
  facet normal -0.887067 -0.461641 0
    outer loop
      vertex -18.7658 -13.5565 4
      vertex -18.6651 -13.75 0
      vertex -18.6651 -13.75 4
    endloop
  endfacet
  facet normal 0.216445 -0.976295 0
    outer loop
      vertex 16.9341 -14.962 0
      vertex 17.147 -14.9148 4
      vertex 16.9341 -14.962 4
    endloop
  endfacet
  facet normal 0.216445 -0.976295 0
    outer loop
      vertex 17.147 -14.9148 4
      vertex 16.9341 -14.962 0
      vertex 17.147 -14.9148 0
    endloop
  endfacet
  facet normal -0.953735 -0.300649 0
    outer loop
      vertex -18.8492 -13.3551 0
      vertex -18.9148 -13.147 4
      vertex -18.9148 -13.147 0
    endloop
  endfacet
  facet normal -0.953735 -0.300649 0
    outer loop
      vertex -18.9148 -13.147 4
      vertex -18.8492 -13.3551 0
      vertex -18.8492 -13.3551 4
    endloop
  endfacet
  facet normal -0.675475 0.737383 0
    outer loop
      vertex -18.107 14.4151 0
      vertex -18.2678 14.2678 4
      vertex -18.107 14.4151 4
    endloop
  endfacet
  facet normal -0.675475 0.737383 0
    outer loop
      vertex -18.2678 14.2678 4
      vertex -18.107 14.4151 0
      vertex -18.2678 14.2678 0
    endloop
  endfacet
  facet normal 0.843303 0.537439 0
    outer loop
      vertex 18.6651 13.75 4
      vertex 18.5479 13.9339 0
      vertex 18.5479 13.9339 4
    endloop
  endfacet
  facet normal 0.843303 0.537439 0
    outer loop
      vertex 18.5479 13.9339 0
      vertex 18.6651 13.75 4
      vertex 18.6651 13.75 0
    endloop
  endfacet
  facet normal 0.130692 -0.991423 0
    outer loop
      vertex 16.7179 -14.9905 0
      vertex 16.9341 -14.962 4
      vertex 16.7179 -14.9905 4
    endloop
  endfacet
  facet normal 0.130692 -0.991423 0
    outer loop
      vertex 16.9341 -14.962 4
      vertex 16.7179 -14.9905 0
      vertex 16.9341 -14.962 0
    endloop
  endfacet
  facet normal -0.0435566 0.999051 0
    outer loop
      vertex -16.5 15 0
      vertex -16.7179 14.9905 4
      vertex -16.5 15 4
    endloop
  endfacet
  facet normal -0.0435566 0.999051 0
    outer loop
      vertex -16.7179 14.9905 4
      vertex -16.5 15 0
      vertex -16.7179 14.9905 0
    endloop
  endfacet
  facet normal 0.737383 -0.675475 0
    outer loop
      vertex 18.2678 -14.2678 4
      vertex 18.4151 -14.107 0
      vertex 18.4151 -14.107 4
    endloop
  endfacet
  facet normal 0.737383 -0.675475 0
    outer loop
      vertex 18.4151 -14.107 0
      vertex 18.2678 -14.2678 4
      vertex 18.2678 -14.2678 0
    endloop
  endfacet
  facet normal 0 0 1
    outer loop
      vertex 16.5 15 4
      vertex 19 12.5 4
      vertex 18.9905 12.7179 4
    endloop
  endfacet
  facet normal 0 0 1
    outer loop
      vertex 16.5 15 4
      vertex 18.9905 12.7179 4
      vertex 18.962 12.9341 4
    endloop
  endfacet
  facet normal 0 0 1
    outer loop
      vertex 16.5 15 4
      vertex 18.962 12.9341 4
      vertex 18.9148 13.147 4
    endloop
  endfacet
  facet normal 0 0 1
    outer loop
      vertex 16.5 15 4
      vertex 18.9148 13.147 4
      vertex 18.8492 13.3551 4
    endloop
  endfacet
  facet normal 0 0 1
    outer loop
      vertex 16.5 15 4
      vertex 18.8492 13.3551 4
      vertex 18.7658 13.5565 4
    endloop
  endfacet
  facet normal 0 0 1
    outer loop
      vertex 16.5 15 4
      vertex 18.7658 13.5565 4
      vertex 18.6651 13.75 4
    endloop
  endfacet
  facet normal 0 0 1
    outer loop
      vertex 16.5 15 4
      vertex 18.6651 13.75 4
      vertex 18.5479 13.9339 4
    endloop
  endfacet
  facet normal 0 0 1
    outer loop
      vertex 16.5 15 4
      vertex 18.5479 13.9339 4
      vertex 18.4151 14.107 4
    endloop
  endfacet
  facet normal 0 0 1
    outer loop
      vertex 16.5 15 4
      vertex 18.4151 14.107 4
      vertex 18.2678 14.2678 4
    endloop
  endfacet
  facet normal 0 0 1
    outer loop
      vertex 16.5 15 4
      vertex 18.2678 14.2678 4
      vertex 18.107 14.4151 4
    endloop
  endfacet
  facet normal 0 0 1
    outer loop
      vertex 19 12.5 4
      vertex 18 5.19056 4
      vertex 19 5.19056 4
    endloop
  endfacet
  facet normal 0 0 1
    outer loop
      vertex 19 12.5 4
      vertex 16.5 15 4
      vertex 18 5.19056 4
    endloop
  endfacet
  facet normal 0 0 1
    outer loop
      vertex 16.5 15 4
      vertex 18.107 14.4151 4
      vertex 17.9339 14.5479 4
    endloop
  endfacet
  facet normal -0 0 1
    outer loop
      vertex 18 -5.19056 4
      vertex 19 -12.5 4
      vertex 19 -5.19056 4
    endloop
  endfacet
  facet normal 0 0 1
    outer loop
      vertex 16.5 -15 4
      vertex 19 -12.5 4
      vertex 18 -5.19056 4
    endloop
  endfacet
  facet normal 0 0 1
    outer loop
      vertex 19 -12.5 4
      vertex 16.5 -15 4
      vertex 18.9905 -12.7179 4
    endloop
  endfacet
  facet normal 0 0 1
    outer loop
      vertex 18.9905 -12.7179 4
      vertex 16.5 -15 4
      vertex 18.962 -12.9341 4
    endloop
  endfacet
  facet normal 0 0 1
    outer loop
      vertex 18.962 -12.9341 4
      vertex 16.5 -15 4
      vertex 18.9148 -13.147 4
    endloop
  endfacet
  facet normal 0 0 1
    outer loop
      vertex 18.9148 -13.147 4
      vertex 16.5 -15 4
      vertex 18.8492 -13.3551 4
    endloop
  endfacet
  facet normal 0 0 1
    outer loop
      vertex 18.8492 -13.3551 4
      vertex 16.5 -15 4
      vertex 18.7658 -13.5565 4
    endloop
  endfacet
  facet normal 0 0 1
    outer loop
      vertex 18.7658 -13.5565 4
      vertex 16.5 -15 4
      vertex 18.6651 -13.75 4
    endloop
  endfacet
  facet normal 0 0 1
    outer loop
      vertex 18.6651 -13.75 4
      vertex 16.5 -15 4
      vertex 18.5479 -13.9339 4
    endloop
  endfacet
  facet normal 0 0 1
    outer loop
      vertex 18.5479 -13.9339 4
      vertex 16.5 -15 4
      vertex 18.4151 -14.107 4
    endloop
  endfacet
  facet normal 0 0 1
    outer loop
      vertex 18.4151 -14.107 4
      vertex 16.5 -15 4
      vertex 18.2678 -14.2678 4
    endloop
  endfacet
  facet normal 0 0 1
    outer loop
      vertex 18.2678 -14.2678 4
      vertex 16.5 -15 4
      vertex 18.107 -14.4151 4
    endloop
  endfacet
  facet normal -0 0 1
    outer loop
      vertex 3.13801 10.2255 4
      vertex 18 5.19056 4
      vertex 16.5 15 4
    endloop
  endfacet
  facet normal 0 0 1
    outer loop
      vertex 16.5 15 4
      vertex 17.9339 14.5479 4
      vertex 17.75 14.6651 4
    endloop
  endfacet
  facet normal -0 0 1
    outer loop
      vertex 2.22739 8.27261 4
      vertex 18 5.19056 4
      vertex 2.41304 8.47522 4
    endloop
  endfacet
  facet normal 0 0 1
    outer loop
      vertex 16.5 15 4
      vertex 17.75 14.6651 4
      vertex 17.5565 14.7658 4
    endloop
  endfacet
  facet normal 0 -0 1
    outer loop
      vertex 2.72798 -8.925 4
      vertex 18 -5.19056 4
      vertex 2.58033 -8.69323 4
    endloop
  endfacet
  facet normal 0 0 1
    outer loop
      vertex 16.5 15 4
      vertex 17.5565 14.7658 4
      vertex 17.3551 14.8492 4
    endloop
  endfacet
  facet normal 0 -0 1
    outer loop
      vertex 2.85487 -9.16875 4
      vertex 18 -5.19056 4
      vertex 2.72798 -8.925 4
    endloop
  endfacet
  facet normal 0 0 1
    outer loop
      vertex 16.5 15 4
      vertex 17.3551 14.8492 4
      vertex 17.147 14.9148 4
    endloop
  endfacet
  facet normal -0 0 1
    outer loop
      vertex 2.72798 8.925 4
      vertex 18 5.19056 4
      vertex 2.85487 9.16875 4
    endloop
  endfacet
  facet normal 0 0 1
    outer loop
      vertex 16.5 15 4
      vertex 17.147 14.9148 4
      vertex 16.9341 14.962 4
    endloop
  endfacet
  facet normal 0 0 1
    outer loop
      vertex 18.107 -14.4151 4
      vertex 16.5 -15 4
      vertex 17.9339 -14.5479 4
    endloop
  endfacet
  facet normal 0 0 1
    outer loop
      vertex 16.5 15 4
      vertex 16.9341 14.962 4
      vertex 16.7179 14.9905 4
    endloop
  endfacet
  facet normal 0 0 1
    outer loop
      vertex 17.3551 -14.8492 4
      vertex 16.5 -15 4
      vertex 17.147 -14.9148 4
    endloop
  endfacet
  facet normal 0 0 1
    outer loop
      vertex 17.147 -14.9148 4
      vertex 16.5 -15 4
      vertex 16.9341 -14.962 4
    endloop
  endfacet
  facet normal 0 0 1
    outer loop
      vertex 16.9341 -14.962 4
      vertex 16.5 -15 4
      vertex 16.7179 -14.9905 4
    endloop
  endfacet
  facet normal 0 0 1
    outer loop
      vertex 3.13801 10.2255 4
      vertex 16.5 15 4
      vertex 3.15 10.5 4
    endloop
  endfacet
  facet normal 0 0 1
    outer loop
      vertex 16.5 15 4
      vertex 3.13801 10.7745 4
      vertex 3.15 10.5 4
    endloop
  endfacet
  facet normal 0 0 1
    outer loop
      vertex 16.5 15 4
      vertex 3.10214 11.047 4
      vertex 3.13801 10.7745 4
    endloop
  endfacet
  facet normal 0 0 1
    outer loop
      vertex 16.5 15 4
      vertex 3.04267 11.3153 4
      vertex 3.10214 11.047 4
    endloop
  endfacet
  facet normal 0 0 1
    outer loop
      vertex 16.5 15 4
      vertex 2.96003 11.5774 4
      vertex 3.04267 11.3153 4
    endloop
  endfacet
  facet normal 0 0 1
    outer loop
      vertex 16.5 15 4
      vertex 2.85487 11.8312 4
      vertex 2.96003 11.5774 4
    endloop
  endfacet
  facet normal 0 0 1
    outer loop
      vertex 16.5 15 4
      vertex 2.72798 12.075 4
      vertex 2.85487 11.8312 4
    endloop
  endfacet
  facet normal 0 0 1
    outer loop
      vertex 16.5 15 4
      vertex 2.58033 12.3068 4
      vertex 2.72798 12.075 4
    endloop
  endfacet
  facet normal 0 0 1
    outer loop
      vertex 16.5 15 4
      vertex 2.41304 12.5248 4
      vertex 2.58033 12.3068 4
    endloop
  endfacet
  facet normal 0 0 1
    outer loop
      vertex 16.5 15 4
      vertex 2.22739 12.7274 4
      vertex 2.41304 12.5248 4
    endloop
  endfacet
  facet normal 0 0 1
    outer loop
      vertex 16.5 15 4
      vertex 2.02478 12.913 4
      vertex 2.22739 12.7274 4
    endloop
  endfacet
  facet normal 0 0 1
    outer loop
      vertex 16.5 15 4
      vertex 1.80677 13.0803 4
      vertex 2.02478 12.913 4
    endloop
  endfacet
  facet normal 0 0 1
    outer loop
      vertex 16.5 15 4
      vertex 1.575 13.228 4
      vertex 1.80677 13.0803 4
    endloop
  endfacet
  facet normal 0 0 1
    outer loop
      vertex 16.5 15 4
      vertex 1.33125 13.3549 4
      vertex 1.575 13.228 4
    endloop
  endfacet
  facet normal 0 0 1
    outer loop
      vertex 16.5 15 4
      vertex 1.07736 13.46 4
      vertex 1.33125 13.3549 4
    endloop
  endfacet
  facet normal 0 0 1
    outer loop
      vertex 16.5 15 4
      vertex 0.81528 13.5427 4
      vertex 1.07736 13.46 4
    endloop
  endfacet
  facet normal 0 0 1
    outer loop
      vertex 16.5 15 4
      vertex 0.546991 13.6021 4
      vertex 0.81528 13.5427 4
    endloop
  endfacet
  facet normal 0 0 1
    outer loop
      vertex 16.5 15 4
      vertex 0.27454 13.638 4
      vertex 0.546991 13.6021 4
    endloop
  endfacet
  facet normal 0 0 1
    outer loop
      vertex 16.5 15 4
      vertex 0 13.65 4
      vertex 0.27454 13.638 4
    endloop
  endfacet
  facet normal -0 0 1
    outer loop
      vertex -16.5 15 4
      vertex 0 13.65 4
      vertex 16.5 15 4
    endloop
  endfacet
  facet normal 0 0 1
    outer loop
      vertex -3.04267 -9.68472 4
      vertex -18 -5.19056 4
      vertex -3.10214 -9.95301 4
    endloop
  endfacet
  facet normal 0 0 1
    outer loop
      vertex -3.13801 10.7745 4
      vertex -16.5 15 4
      vertex -3.15 10.5 4
    endloop
  endfacet
  facet normal 0 0 1
    outer loop
      vertex -3.10214 11.047 4
      vertex -16.5 15 4
      vertex -3.13801 10.7745 4
    endloop
  endfacet
  facet normal 0 0 1
    outer loop
      vertex -3.04267 11.3153 4
      vertex -16.5 15 4
      vertex -3.10214 11.047 4
    endloop
  endfacet
  facet normal 0 0 1
    outer loop
      vertex -2.96003 11.5774 4
      vertex -16.5 15 4
      vertex -3.04267 11.3153 4
    endloop
  endfacet
  facet normal 0 0 1
    outer loop
      vertex -2.85487 11.8312 4
      vertex -16.5 15 4
      vertex -2.96003 11.5774 4
    endloop
  endfacet
  facet normal 0 0 1
    outer loop
      vertex -2.72798 12.075 4
      vertex -16.5 15 4
      vertex -2.85487 11.8312 4
    endloop
  endfacet
  facet normal 0 0 1
    outer loop
      vertex -2.58033 12.3068 4
      vertex -16.5 15 4
      vertex -2.72798 12.075 4
    endloop
  endfacet
  facet normal 0 0 1
    outer loop
      vertex -2.41304 12.5248 4
      vertex -16.5 15 4
      vertex -2.58033 12.3068 4
    endloop
  endfacet
  facet normal 0 0 1
    outer loop
      vertex -2.22739 12.7274 4
      vertex -16.5 15 4
      vertex -2.41304 12.5248 4
    endloop
  endfacet
  facet normal 0 0 1
    outer loop
      vertex -2.02478 12.913 4
      vertex -16.5 15 4
      vertex -2.22739 12.7274 4
    endloop
  endfacet
  facet normal 0 0 1
    outer loop
      vertex -1.80677 13.0803 4
      vertex -16.5 15 4
      vertex -2.02478 12.913 4
    endloop
  endfacet
  facet normal 0 0 1
    outer loop
      vertex -1.575 13.228 4
      vertex -16.5 15 4
      vertex -1.80677 13.0803 4
    endloop
  endfacet
  facet normal 0 0 1
    outer loop
      vertex -1.33125 13.3549 4
      vertex -16.5 15 4
      vertex -1.575 13.228 4
    endloop
  endfacet
  facet normal 0 0 1
    outer loop
      vertex -1.07736 13.46 4
      vertex -16.5 15 4
      vertex -1.33125 13.3549 4
    endloop
  endfacet
  facet normal 0 0 1
    outer loop
      vertex -0.81528 13.5427 4
      vertex -16.5 15 4
      vertex -1.07736 13.46 4
    endloop
  endfacet
  facet normal 0 0 1
    outer loop
      vertex -0.546991 13.6021 4
      vertex -16.5 15 4
      vertex -0.81528 13.5427 4
    endloop
  endfacet
  facet normal 0 0 1
    outer loop
      vertex -0.27454 13.638 4
      vertex -16.5 15 4
      vertex -0.546991 13.6021 4
    endloop
  endfacet
  facet normal 0 0 1
    outer loop
      vertex 0 13.65 4
      vertex -16.5 15 4
      vertex -0.27454 13.638 4
    endloop
  endfacet
  facet normal -0 0 1
    outer loop
      vertex -19 -12.5 4
      vertex -16.5 -15 4
      vertex -18 -5.19056 4
    endloop
  endfacet
  facet normal 0 0 1
    outer loop
      vertex -16.5 -15 4
      vertex -19 -12.5 4
      vertex -17.9339 -14.5479 4
    endloop
  endfacet
  facet normal 0 0 1
    outer loop
      vertex -17.9339 -14.5479 4
      vertex -19 -12.5 4
      vertex -18.107 -14.4151 4
    endloop
  endfacet
  facet normal 0 0 1
    outer loop
      vertex -18.107 -14.4151 4
      vertex -19 -12.5 4
      vertex -18.2678 -14.2678 4
    endloop
  endfacet
  facet normal 0 0 1
    outer loop
      vertex -18.2678 -14.2678 4
      vertex -19 -12.5 4
      vertex -18.4151 -14.107 4
    endloop
  endfacet
  facet normal 0 0 1
    outer loop
      vertex -18.4151 -14.107 4
      vertex -19 -12.5 4
      vertex -18.5479 -13.9339 4
    endloop
  endfacet
  facet normal 0 0 1
    outer loop
      vertex -18.5479 -13.9339 4
      vertex -19 -12.5 4
      vertex -18.6651 -13.75 4
    endloop
  endfacet
  facet normal 0 0 1
    outer loop
      vertex -18.6651 -13.75 4
      vertex -19 -12.5 4
      vertex -18.7658 -13.5565 4
    endloop
  endfacet
  facet normal 0 0 1
    outer loop
      vertex -18.7658 -13.5565 4
      vertex -19 -12.5 4
      vertex -18.8492 -13.3551 4
    endloop
  endfacet
  facet normal 0 0 1
    outer loop
      vertex -18.8492 -13.3551 4
      vertex -19 -12.5 4
      vertex -18.9148 -13.147 4
    endloop
  endfacet
  facet normal 0 0 1
    outer loop
      vertex -18.9148 -13.147 4
      vertex -19 -12.5 4
      vertex -18.962 -12.9341 4
    endloop
  endfacet
  facet normal 0 0 1
    outer loop
      vertex -19 -12.5 4
      vertex -18 -5.19056 4
      vertex -19 -5.19056 4
    endloop
  endfacet
  facet normal 0 0 1
    outer loop
      vertex -18.962 -12.9341 4
      vertex -19 -12.5 4
      vertex -18.9905 -12.7179 4
    endloop
  endfacet
  facet normal 0 0 1
    outer loop
      vertex 18 5.19056 4
      vertex 3.10214 9.95301 4
      vertex 3.04267 9.68472 4
    endloop
  endfacet
  facet normal 0 0 1
    outer loop
      vertex 16.5 -15 4
      vertex 3.13801 -10.2255 4
      vertex 3.15 -10.5 4
    endloop
  endfacet
  facet normal 0 0 1
    outer loop
      vertex 18 5.19056 4
      vertex 3.04267 9.68472 4
      vertex 2.96003 9.42264 4
    endloop
  endfacet
  facet normal 0 0 1
    outer loop
      vertex 18 -5.19056 4
      vertex 3.13801 -10.2255 4
      vertex 16.5 -15 4
    endloop
  endfacet
  facet normal 0 0 1
    outer loop
      vertex 18 5.19056 4
      vertex 2.96003 9.42264 4
      vertex 2.85487 9.16875 4
    endloop
  endfacet
  facet normal 0 -0 1
    outer loop
      vertex 3.13801 -10.2255 4
      vertex 18 -5.19056 4
      vertex 3.10214 -9.95301 4
    endloop
  endfacet
  facet normal -0 0 1
    outer loop
      vertex 2.58033 8.69323 4
      vertex 18 5.19056 4
      vertex 2.72798 8.925 4
    endloop
  endfacet
  facet normal 0 -0 1
    outer loop
      vertex 3.10214 -9.95301 4
      vertex 18 -5.19056 4
      vertex 3.04267 -9.68472 4
    endloop
  endfacet
  facet normal -0 0 1
    outer loop
      vertex 2.41304 8.47522 4
      vertex 18 5.19056 4
      vertex 2.58033 8.69323 4
    endloop
  endfacet
  facet normal 0 -0 1
    outer loop
      vertex 3.04267 -9.68472 4
      vertex 18 -5.19056 4
      vertex 2.96003 -9.42264 4
    endloop
  endfacet
  facet normal 0 0 1
    outer loop
      vertex 17.9339 -14.5479 4
      vertex 16.5 -15 4
      vertex 17.75 -14.6651 4
    endloop
  endfacet
  facet normal 0 -0 1
    outer loop
      vertex 2.96003 -9.42264 4
      vertex 18 -5.19056 4
      vertex 2.85487 -9.16875 4
    endloop
  endfacet
  facet normal 0 0 1
    outer loop
      vertex 17.5565 -14.7658 4
      vertex 16.5 -15 4
      vertex 17.3551 -14.8492 4
    endloop
  endfacet
  facet normal 0 0 1
    outer loop
      vertex 17.75 -14.6651 4
      vertex 16.5 -15 4
      vertex 17.5565 -14.7658 4
    endloop
  endfacet
  facet normal -0 0 1
    outer loop
      vertex 2.02478 8.08696 4
      vertex 18 5.19056 4
      vertex 2.22739 8.27261 4
    endloop
  endfacet
  facet normal 0 0 1
    outer loop
      vertex 18 -5.19056 4
      vertex 2.41304 -8.47522 4
      vertex 2.58033 -8.69323 4
    endloop
  endfacet
  facet normal 0 0 1
    outer loop
      vertex 18 5.19056 4
      vertex 2.02478 8.08696 4
      vertex 18 -5.19056 4
    endloop
  endfacet
  facet normal 0 0 1
    outer loop
      vertex 18 -5.19056 4
      vertex 2.22739 -8.27261 4
      vertex 2.41304 -8.47522 4
    endloop
  endfacet
  facet normal 0 0 1
    outer loop
      vertex 2.02478 -8.08696 4
      vertex 18 -5.19056 4
      vertex 2.02478 8.08696 4
    endloop
  endfacet
  facet normal 0 0 1
    outer loop
      vertex 18 -5.19056 4
      vertex 2.02478 -8.08696 4
      vertex 2.22739 -8.27261 4
    endloop
  endfacet
  facet normal -0 0 1
    outer loop
      vertex 1.80677 7.91967 4
      vertex 2.02478 -8.08696 4
      vertex 2.02478 8.08696 4
    endloop
  endfacet
  facet normal 0 0 1
    outer loop
      vertex 1.80677 7.91967 4
      vertex 1.80677 -7.91967 4
      vertex 2.02478 -8.08696 4
    endloop
  endfacet
  facet normal -0 0 1
    outer loop
      vertex 1.575 7.77202 4
      vertex 1.80677 -7.91967 4
      vertex 1.80677 7.91967 4
    endloop
  endfacet
  facet normal 0 0 1
    outer loop
      vertex 1.575 7.77202 4
      vertex 1.575 -7.77202 4
      vertex 1.80677 -7.91967 4
    endloop
  endfacet
  facet normal -0 0 1
    outer loop
      vertex 1.33125 7.64513 4
      vertex 1.575 -7.77202 4
      vertex 1.575 7.77202 4
    endloop
  endfacet
  facet normal 0 0 1
    outer loop
      vertex 1.33125 7.64513 4
      vertex 1.33125 -7.64513 4
      vertex 1.575 -7.77202 4
    endloop
  endfacet
  facet normal -0 0 1
    outer loop
      vertex 1.07736 7.53997 4
      vertex 1.33125 -7.64513 4
      vertex 1.33125 7.64513 4
    endloop
  endfacet
  facet normal 0 0 1
    outer loop
      vertex 1.07736 7.53997 4
      vertex 1.07736 -7.53997 4
      vertex 1.33125 -7.64513 4
    endloop
  endfacet
  facet normal -0 0 1
    outer loop
      vertex 0.81528 7.45733 4
      vertex 1.07736 -7.53997 4
      vertex 1.07736 7.53997 4
    endloop
  endfacet
  facet normal 0 0 1
    outer loop
      vertex 0.81528 7.45733 4
      vertex 0.81528 -7.45733 4
      vertex 1.07736 -7.53997 4
    endloop
  endfacet
  facet normal -0 0 1
    outer loop
      vertex 0.546991 7.39785 4
      vertex 0.81528 -7.45733 4
      vertex 0.81528 7.45733 4
    endloop
  endfacet
  facet normal 0 0 1
    outer loop
      vertex 0.546991 7.39785 4
      vertex 0.546991 -7.39785 4
      vertex 0.81528 -7.45733 4
    endloop
  endfacet
  facet normal -0 0 1
    outer loop
      vertex 0.27454 7.36199 4
      vertex 0.546991 -7.39785 4
      vertex 0.546991 7.39785 4
    endloop
  endfacet
  facet normal 0 0 1
    outer loop
      vertex 0.27454 7.36199 4
      vertex 0.27454 -7.36199 4
      vertex 0.546991 -7.39785 4
    endloop
  endfacet
  facet normal -0 0 1
    outer loop
      vertex 0 7.35 4
      vertex 0.27454 -7.36199 4
      vertex 0.27454 7.36199 4
    endloop
  endfacet
  facet normal 0 0 1
    outer loop
      vertex 0 7.35 4
      vertex 0 -7.35 4
      vertex 0.27454 -7.36199 4
    endloop
  endfacet
  facet normal 0 0 1
    outer loop
      vertex -0.27454 7.36199 4
      vertex 0 -7.35 4
      vertex 0 7.35 4
    endloop
  endfacet
  facet normal 0 0 1
    outer loop
      vertex -0.27454 7.36199 4
      vertex -0.27454 -7.36199 4
      vertex 0 -7.35 4
    endloop
  endfacet
  facet normal 0 0 1
    outer loop
      vertex -0.546991 7.39785 4
      vertex -0.27454 -7.36199 4
      vertex -0.27454 7.36199 4
    endloop
  endfacet
  facet normal 0 0 1
    outer loop
      vertex -0.546991 7.39785 4
      vertex -0.546991 -7.39785 4
      vertex -0.27454 -7.36199 4
    endloop
  endfacet
  facet normal 0 0 1
    outer loop
      vertex -0.81528 7.45733 4
      vertex -0.546991 -7.39785 4
      vertex -0.546991 7.39785 4
    endloop
  endfacet
  facet normal 0 0 1
    outer loop
      vertex -0.81528 7.45733 4
      vertex -0.81528 -7.45733 4
      vertex -0.546991 -7.39785 4
    endloop
  endfacet
  facet normal 0 0 1
    outer loop
      vertex -1.07736 7.53997 4
      vertex -0.81528 -7.45733 4
      vertex -0.81528 7.45733 4
    endloop
  endfacet
  facet normal 0 0 1
    outer loop
      vertex -1.07736 7.53997 4
      vertex -1.07736 -7.53997 4
      vertex -0.81528 -7.45733 4
    endloop
  endfacet
  facet normal 0 0 1
    outer loop
      vertex -1.33125 7.64513 4
      vertex -1.07736 -7.53997 4
      vertex -1.07736 7.53997 4
    endloop
  endfacet
  facet normal 0 0 1
    outer loop
      vertex -1.33125 7.64513 4
      vertex -1.33125 -7.64513 4
      vertex -1.07736 -7.53997 4
    endloop
  endfacet
  facet normal 0 0 1
    outer loop
      vertex -1.575 7.77202 4
      vertex -1.33125 -7.64513 4
      vertex -1.33125 7.64513 4
    endloop
  endfacet
  facet normal 0 0 1
    outer loop
      vertex -1.575 7.77202 4
      vertex -1.575 -7.77202 4
      vertex -1.33125 -7.64513 4
    endloop
  endfacet
  facet normal 0 0 1
    outer loop
      vertex -1.80677 7.91967 4
      vertex -1.575 -7.77202 4
      vertex -1.575 7.77202 4
    endloop
  endfacet
  facet normal 0 0 1
    outer loop
      vertex -1.80677 7.91967 4
      vertex -1.80677 -7.91967 4
      vertex -1.575 -7.77202 4
    endloop
  endfacet
  facet normal 0 0 1
    outer loop
      vertex -2.02478 8.08696 4
      vertex -1.80677 -7.91967 4
      vertex -1.80677 7.91967 4
    endloop
  endfacet
  facet normal 0 0 1
    outer loop
      vertex -2.02478 8.08696 4
      vertex -2.02478 -8.08696 4
      vertex -1.80677 -7.91967 4
    endloop
  endfacet
  facet normal 0 0 1
    outer loop
      vertex -18 5.19056 4
      vertex -2.02478 8.08696 4
      vertex -2.22739 8.27261 4
    endloop
  endfacet
  facet normal 0 0 1
    outer loop
      vertex -2.02478 8.08696 4
      vertex -18 5.19056 4
      vertex -2.02478 -8.08696 4
    endloop
  endfacet
  facet normal 0 0 1
    outer loop
      vertex -18 5.19056 4
      vertex -2.22739 8.27261 4
      vertex -2.41304 8.47522 4
    endloop
  endfacet
  facet normal -0 0 1
    outer loop
      vertex -18 -5.19056 4
      vertex -2.02478 -8.08696 4
      vertex -18 5.19056 4
    endloop
  endfacet
  facet normal 0 0 1
    outer loop
      vertex -18 5.19056 4
      vertex -2.41304 8.47522 4
      vertex -2.58033 8.69323 4
    endloop
  endfacet
  facet normal 0 0 1
    outer loop
      vertex -2.02478 -8.08696 4
      vertex -18 -5.19056 4
      vertex -2.22739 -8.27261 4
    endloop
  endfacet
  facet normal 0 0 1
    outer loop
      vertex -2.85487 9.16875 4
      vertex -18 5.19056 4
      vertex -2.72798 8.925 4
    endloop
  endfacet
  facet normal 0 0 1
    outer loop
      vertex -2.72798 8.925 4
      vertex -18 5.19056 4
      vertex -2.58033 8.69323 4
    endloop
  endfacet
  facet normal 0 0 1
    outer loop
      vertex -2.96003 9.42264 4
      vertex -18 5.19056 4
      vertex -2.85487 9.16875 4
    endloop
  endfacet
  facet normal 0 0 1
    outer loop
      vertex -2.22739 -8.27261 4
      vertex -18 -5.19056 4
      vertex -2.41304 -8.47522 4
    endloop
  endfacet
  facet normal 0 0 1
    outer loop
      vertex -3.04267 9.68472 4
      vertex -18 5.19056 4
      vertex -2.96003 9.42264 4
    endloop
  endfacet
  facet normal 0 0 1
    outer loop
      vertex -2.41304 -8.47522 4
      vertex -18 -5.19056 4
      vertex -2.58033 -8.69323 4
    endloop
  endfacet
  facet normal 0 0 1
    outer loop
      vertex -3.10214 9.95301 4
      vertex -18 5.19056 4
      vertex -3.04267 9.68472 4
    endloop
  endfacet
  facet normal 0 0 1
    outer loop
      vertex -2.58033 -8.69323 4
      vertex -18 -5.19056 4
      vertex -2.72798 -8.925 4
    endloop
  endfacet
  facet normal 0 0 1
    outer loop
      vertex -3.13801 10.2255 4
      vertex -18 5.19056 4
      vertex -3.10214 9.95301 4
    endloop
  endfacet
  facet normal 0 0 1
    outer loop
      vertex -2.72798 -8.925 4
      vertex -18 -5.19056 4
      vertex -2.85487 -9.16875 4
    endloop
  endfacet
  facet normal 0 0 1
    outer loop
      vertex -18 5.19056 4
      vertex -3.13801 10.2255 4
      vertex -16.5 15 4
    endloop
  endfacet
  facet normal 0 0 1
    outer loop
      vertex -2.85487 -9.16875 4
      vertex -18 -5.19056 4
      vertex -2.96003 -9.42264 4
    endloop
  endfacet
  facet normal 0 0 1
    outer loop
      vertex -16.5 15 4
      vertex -3.13801 10.2255 4
      vertex -3.15 10.5 4
    endloop
  endfacet
  facet normal 0 0 1
    outer loop
      vertex -2.96003 -9.42264 4
      vertex -18 -5.19056 4
      vertex -3.04267 -9.68472 4
    endloop
  endfacet
  facet normal 0 0 1
    outer loop
      vertex 18 5.19056 4
      vertex 3.13801 10.2255 4
      vertex 3.10214 9.95301 4
    endloop
  endfacet
  facet normal -0 0 1
    outer loop
      vertex 3.13801 -10.7745 4
      vertex 16.5 -15 4
      vertex 3.15 -10.5 4
    endloop
  endfacet
  facet normal -0 0 1
    outer loop
      vertex 3.10214 -11.047 4
      vertex 16.5 -15 4
      vertex 3.13801 -10.7745 4
    endloop
  endfacet
  facet normal -0 0 1
    outer loop
      vertex 3.04267 -11.3153 4
      vertex 16.5 -15 4
      vertex 3.10214 -11.047 4
    endloop
  endfacet
  facet normal -0 0 1
    outer loop
      vertex 2.96003 -11.5774 4
      vertex 16.5 -15 4
      vertex 3.04267 -11.3153 4
    endloop
  endfacet
  facet normal -0 0 1
    outer loop
      vertex 2.85487 -11.8312 4
      vertex 16.5 -15 4
      vertex 2.96003 -11.5774 4
    endloop
  endfacet
  facet normal -0 0 1
    outer loop
      vertex 2.72798 -12.075 4
      vertex 16.5 -15 4
      vertex 2.85487 -11.8312 4
    endloop
  endfacet
  facet normal -0 0 1
    outer loop
      vertex 2.58033 -12.3068 4
      vertex 16.5 -15 4
      vertex 2.72798 -12.075 4
    endloop
  endfacet
  facet normal -0 0 1
    outer loop
      vertex 2.41304 -12.5248 4
      vertex 16.5 -15 4
      vertex 2.58033 -12.3068 4
    endloop
  endfacet
  facet normal -0 0 1
    outer loop
      vertex 2.22739 -12.7274 4
      vertex 16.5 -15 4
      vertex 2.41304 -12.5248 4
    endloop
  endfacet
  facet normal -0 0 1
    outer loop
      vertex 2.02478 -12.913 4
      vertex 16.5 -15 4
      vertex 2.22739 -12.7274 4
    endloop
  endfacet
  facet normal -0 0 1
    outer loop
      vertex 1.80677 -13.0803 4
      vertex 16.5 -15 4
      vertex 2.02478 -12.913 4
    endloop
  endfacet
  facet normal -0 0 1
    outer loop
      vertex 1.575 -13.228 4
      vertex 16.5 -15 4
      vertex 1.80677 -13.0803 4
    endloop
  endfacet
  facet normal -0 0 1
    outer loop
      vertex 1.33125 -13.3549 4
      vertex 16.5 -15 4
      vertex 1.575 -13.228 4
    endloop
  endfacet
  facet normal -0 0 1
    outer loop
      vertex 1.07736 -13.46 4
      vertex 16.5 -15 4
      vertex 1.33125 -13.3549 4
    endloop
  endfacet
  facet normal -0 0 1
    outer loop
      vertex 0.81528 -13.5427 4
      vertex 16.5 -15 4
      vertex 1.07736 -13.46 4
    endloop
  endfacet
  facet normal -0 0 1
    outer loop
      vertex 0.546991 -13.6021 4
      vertex 16.5 -15 4
      vertex 0.81528 -13.5427 4
    endloop
  endfacet
  facet normal -0 0 1
    outer loop
      vertex 0.27454 -13.638 4
      vertex 16.5 -15 4
      vertex 0.546991 -13.6021 4
    endloop
  endfacet
  facet normal -0 0 1
    outer loop
      vertex 0 -13.65 4
      vertex 16.5 -15 4
      vertex 0.27454 -13.638 4
    endloop
  endfacet
  facet normal 0 0 1
    outer loop
      vertex -16.5 -15 4
      vertex 0 -13.65 4
      vertex -0.27454 -13.638 4
    endloop
  endfacet
  facet normal 0 0 1
    outer loop
      vertex -3.10214 -9.95301 4
      vertex -18 -5.19056 4
      vertex -3.13801 -10.2255 4
    endloop
  endfacet
  facet normal 0 -0 1
    outer loop
      vertex -16.5 -15 4
      vertex -3.13801 -10.2255 4
      vertex -18 -5.19056 4
    endloop
  endfacet
  facet normal 0 0 1
    outer loop
      vertex -3.15 -10.5 4
      vertex -16.5 -15 4
      vertex -3.13801 -10.7745 4
    endloop
  endfacet
  facet normal 0 0 1
    outer loop
      vertex -3.13801 -10.7745 4
      vertex -16.5 -15 4
      vertex -3.10214 -11.047 4
    endloop
  endfacet
  facet normal 0 0 1
    outer loop
      vertex -3.10214 -11.047 4
      vertex -16.5 -15 4
      vertex -3.04267 -11.3153 4
    endloop
  endfacet
  facet normal 0 0 1
    outer loop
      vertex 0 -13.65 4
      vertex -16.5 -15 4
      vertex 16.5 -15 4
    endloop
  endfacet
  facet normal 0 0 1
    outer loop
      vertex -0.546991 -13.6021 4
      vertex -16.5 -15 4
      vertex -0.27454 -13.638 4
    endloop
  endfacet
  facet normal 0 0 1
    outer loop
      vertex -0.81528 -13.5427 4
      vertex -16.5 -15 4
      vertex -0.546991 -13.6021 4
    endloop
  endfacet
  facet normal 0 0 1
    outer loop
      vertex -1.07736 -13.46 4
      vertex -16.5 -15 4
      vertex -0.81528 -13.5427 4
    endloop
  endfacet
  facet normal 0 0 1
    outer loop
      vertex -1.33125 -13.3549 4
      vertex -16.5 -15 4
      vertex -1.07736 -13.46 4
    endloop
  endfacet
  facet normal 0 0 1
    outer loop
      vertex -1.575 -13.228 4
      vertex -16.5 -15 4
      vertex -1.33125 -13.3549 4
    endloop
  endfacet
  facet normal 0 0 1
    outer loop
      vertex -1.80677 -13.0803 4
      vertex -16.5 -15 4
      vertex -1.575 -13.228 4
    endloop
  endfacet
  facet normal 0 0 1
    outer loop
      vertex -2.02478 -12.913 4
      vertex -16.5 -15 4
      vertex -1.80677 -13.0803 4
    endloop
  endfacet
  facet normal 0 0 1
    outer loop
      vertex -2.22739 -12.7274 4
      vertex -16.5 -15 4
      vertex -2.02478 -12.913 4
    endloop
  endfacet
  facet normal 0 0 1
    outer loop
      vertex -2.41304 -12.5248 4
      vertex -16.5 -15 4
      vertex -2.22739 -12.7274 4
    endloop
  endfacet
  facet normal 0 0 1
    outer loop
      vertex -2.58033 -12.3068 4
      vertex -16.5 -15 4
      vertex -2.41304 -12.5248 4
    endloop
  endfacet
  facet normal 0 0 1
    outer loop
      vertex -2.72798 -12.075 4
      vertex -16.5 -15 4
      vertex -2.58033 -12.3068 4
    endloop
  endfacet
  facet normal 0 0 1
    outer loop
      vertex -2.85487 -11.8312 4
      vertex -16.5 -15 4
      vertex -2.72798 -12.075 4
    endloop
  endfacet
  facet normal 0 0 1
    outer loop
      vertex -3.04267 -11.3153 4
      vertex -16.5 -15 4
      vertex -2.96003 -11.5774 4
    endloop
  endfacet
  facet normal 0 0 1
    outer loop
      vertex -19 12.5 4
      vertex -16.5 15 4
      vertex -16.7179 14.9905 4
    endloop
  endfacet
  facet normal 0 0 1
    outer loop
      vertex -2.96003 -11.5774 4
      vertex -16.5 -15 4
      vertex -2.85487 -11.8312 4
    endloop
  endfacet
  facet normal 0 0 1
    outer loop
      vertex -19 12.5 4
      vertex -16.7179 14.9905 4
      vertex -16.9341 14.962 4
    endloop
  endfacet
  facet normal 0 0 1
    outer loop
      vertex -3.13801 -10.2255 4
      vertex -16.5 -15 4
      vertex -3.15 -10.5 4
    endloop
  endfacet
  facet normal 0 0 1
    outer loop
      vertex -19 12.5 4
      vertex -16.9341 14.962 4
      vertex -17.147 14.9148 4
    endloop
  endfacet
  facet normal 0 0 1
    outer loop
      vertex -16.5 -15 4
      vertex -17.9339 -14.5479 4
      vertex -16.7179 -14.9905 4
    endloop
  endfacet
  facet normal 0 0 1
    outer loop
      vertex -19 12.5 4
      vertex -17.147 14.9148 4
      vertex -17.3551 14.8492 4
    endloop
  endfacet
  facet normal 0 0 1
    outer loop
      vertex -16.7179 -14.9905 4
      vertex -17.9339 -14.5479 4
      vertex -16.9341 -14.962 4
    endloop
  endfacet
  facet normal 0 0 1
    outer loop
      vertex -19 12.5 4
      vertex -17.3551 14.8492 4
      vertex -17.5565 14.7658 4
    endloop
  endfacet
  facet normal 0 0 1
    outer loop
      vertex -16.9341 -14.962 4
      vertex -17.9339 -14.5479 4
      vertex -17.147 -14.9148 4
    endloop
  endfacet
  facet normal 0 0 1
    outer loop
      vertex -19 12.5 4
      vertex -17.5565 14.7658 4
      vertex -17.75 14.6651 4
    endloop
  endfacet
  facet normal 0 0 1
    outer loop
      vertex -17.147 -14.9148 4
      vertex -17.9339 -14.5479 4
      vertex -17.3551 -14.8492 4
    endloop
  endfacet
  facet normal 0 0 1
    outer loop
      vertex -19 12.5 4
      vertex -17.75 14.6651 4
      vertex -17.9339 14.5479 4
    endloop
  endfacet
  facet normal 0 0 1
    outer loop
      vertex -17.3551 -14.8492 4
      vertex -17.9339 -14.5479 4
      vertex -17.5565 -14.7658 4
    endloop
  endfacet
  facet normal 0 0 1
    outer loop
      vertex -17.5565 -14.7658 4
      vertex -17.9339 -14.5479 4
      vertex -17.75 -14.6651 4
    endloop
  endfacet
  facet normal 0 0 1
    outer loop
      vertex -19 12.5 4
      vertex -17.9339 14.5479 4
      vertex -18.107 14.4151 4
    endloop
  endfacet
  facet normal 0 0 1
    outer loop
      vertex -19 12.5 4
      vertex -18.107 14.4151 4
      vertex -18.2678 14.2678 4
    endloop
  endfacet
  facet normal 0 0 1
    outer loop
      vertex -19 12.5 4
      vertex -18.2678 14.2678 4
      vertex -18.4151 14.107 4
    endloop
  endfacet
  facet normal 0 0 1
    outer loop
      vertex -19 12.5 4
      vertex -18.4151 14.107 4
      vertex -18.5479 13.9339 4
    endloop
  endfacet
  facet normal 0 0 1
    outer loop
      vertex -19 12.5 4
      vertex -18.5479 13.9339 4
      vertex -18.6651 13.75 4
    endloop
  endfacet
  facet normal 0 0 1
    outer loop
      vertex -19 12.5 4
      vertex -18.6651 13.75 4
      vertex -18.7658 13.5565 4
    endloop
  endfacet
  facet normal 0 0 1
    outer loop
      vertex -19 12.5 4
      vertex -18.7658 13.5565 4
      vertex -18.8492 13.3551 4
    endloop
  endfacet
  facet normal 0 0 1
    outer loop
      vertex -19 12.5 4
      vertex -18.8492 13.3551 4
      vertex -18.9148 13.147 4
    endloop
  endfacet
  facet normal 0 0 1
    outer loop
      vertex -19 12.5 4
      vertex -18.9148 13.147 4
      vertex -18.962 12.9341 4
    endloop
  endfacet
  facet normal 0 0 1
    outer loop
      vertex -19 12.5 4
      vertex -18.962 12.9341 4
      vertex -18.9905 12.7179 4
    endloop
  endfacet
  facet normal 0 0 1
    outer loop
      vertex -16.5 15 4
      vertex -19 12.5 4
      vertex -18 5.19056 4
    endloop
  endfacet
  facet normal 0 0 1
    outer loop
      vertex -18 5.19056 4
      vertex -19 12.5 4
      vertex -19 5.19056 4
    endloop
  endfacet
  facet normal -0.793407 0.608691 0
    outer loop
      vertex -18.5479 13.9339 0
      vertex -18.4151 14.107 4
      vertex -18.4151 14.107 0
    endloop
  endfacet
  facet normal -0.793407 0.608691 0
    outer loop
      vertex -18.4151 14.107 4
      vertex -18.5479 13.9339 0
      vertex -18.5479 13.9339 4
    endloop
  endfacet
  facet normal 0.537439 0.843303 -0
    outer loop
      vertex 17.9339 14.5479 0
      vertex 17.75 14.6651 4
      vertex 17.9339 14.5479 4
    endloop
  endfacet
  facet normal 0.537439 0.843303 0
    outer loop
      vertex 17.75 14.6651 4
      vertex 17.9339 14.5479 0
      vertex 17.75 14.6651 0
    endloop
  endfacet
  facet normal -0.793407 -0.608691 0
    outer loop
      vertex -18.4151 -14.107 0
      vertex -18.5479 -13.9339 4
      vertex -18.5479 -13.9339 0
    endloop
  endfacet
  facet normal -0.793407 -0.608691 0
    outer loop
      vertex -18.5479 -13.9339 4
      vertex -18.4151 -14.107 0
      vertex -18.4151 -14.107 4
    endloop
  endfacet
  facet normal 0.976295 -0.216445 0
    outer loop
      vertex 18.9148 -13.147 4
      vertex 18.962 -12.9341 0
      vertex 18.962 -12.9341 4
    endloop
  endfacet
  facet normal 0.976295 -0.216445 0
    outer loop
      vertex 18.962 -12.9341 0
      vertex 18.9148 -13.147 4
      vertex 18.9148 -13.147 0
    endloop
  endfacet
  facet normal -0.537439 -0.843303 0
    outer loop
      vertex -17.9339 -14.5479 0
      vertex -17.75 -14.6651 4
      vertex -17.9339 -14.5479 4
    endloop
  endfacet
  facet normal -0.537439 -0.843303 -0
    outer loop
      vertex -17.75 -14.6651 4
      vertex -17.9339 -14.5479 0
      vertex -17.75 -14.6651 0
    endloop
  endfacet
  facet normal -0.216445 -0.976295 0
    outer loop
      vertex -17.147 -14.9148 0
      vertex -16.9341 -14.962 4
      vertex -17.147 -14.9148 4
    endloop
  endfacet
  facet normal -0.216445 -0.976295 -0
    outer loop
      vertex -16.9341 -14.962 4
      vertex -17.147 -14.9148 0
      vertex -16.9341 -14.962 0
    endloop
  endfacet
  facet normal 0.300649 -0.953735 0
    outer loop
      vertex 17.147 -14.9148 0
      vertex 17.3551 -14.8492 4
      vertex 17.147 -14.9148 4
    endloop
  endfacet
  facet normal 0.300649 -0.953735 0
    outer loop
      vertex 17.3551 -14.8492 4
      vertex 17.147 -14.9148 0
      vertex 17.3551 -14.8492 0
    endloop
  endfacet
  facet normal -0.537439 0.843303 0
    outer loop
      vertex -17.75 14.6651 0
      vertex -17.9339 14.5479 4
      vertex -17.75 14.6651 4
    endloop
  endfacet
  facet normal -0.537439 0.843303 0
    outer loop
      vertex -17.9339 14.5479 4
      vertex -17.75 14.6651 0
      vertex -17.9339 14.5479 0
    endloop
  endfacet
  facet normal -0.843303 0.537439 0
    outer loop
      vertex -18.6651 13.75 0
      vertex -18.5479 13.9339 4
      vertex -18.5479 13.9339 0
    endloop
  endfacet
  facet normal -0.843303 0.537439 0
    outer loop
      vertex -18.5479 13.9339 4
      vertex -18.6651 13.75 0
      vertex -18.6651 13.75 4
    endloop
  endfacet
  facet normal -0.999051 -0.0435566 0
    outer loop
      vertex -18.9905 -12.7179 0
      vertex -19 -12.5 4
      vertex -19 -12.5 0
    endloop
  endfacet
  facet normal -0.999051 -0.0435566 0
    outer loop
      vertex -19 -12.5 4
      vertex -18.9905 -12.7179 0
      vertex -18.9905 -12.7179 4
    endloop
  endfacet
  facet normal 0.737383 0.675475 0
    outer loop
      vertex 18.4151 14.107 4
      vertex 18.2678 14.2678 0
      vertex 18.2678 14.2678 4
    endloop
  endfacet
  facet normal 0.737383 0.675475 0
    outer loop
      vertex 18.2678 14.2678 0
      vertex 18.4151 14.107 4
      vertex 18.4151 14.107 0
    endloop
  endfacet
  facet normal 1 0 0
    outer loop
      vertex 19 12.5 4
      vertex 19 5.745 2.62
      vertex 19 12.5 0
    endloop
  endfacet
  facet normal 1 0 0
    outer loop
      vertex 19 12.5 4
      vertex 19 5.73738 2.79431
      vertex 19 5.745 2.62
    endloop
  endfacet
  facet normal 1 0 0
    outer loop
      vertex 19 12.5 4
      vertex 19 5.71461 2.96729
      vertex 19 5.73738 2.79431
    endloop
  endfacet
  facet normal 1 0 0
    outer loop
      vertex 19 12.5 4
      vertex 19 5.67685 3.13763
      vertex 19 5.71461 2.96729
    endloop
  endfacet
  facet normal 1 0 0
    outer loop
      vertex 19 12.5 4
      vertex 19 5.62437 3.30403
      vertex 19 5.67685 3.13763
    endloop
  endfacet
  facet normal 1 0 0
    outer loop
      vertex 19 12.5 4
      vertex 19 5.55762 3.46523
      vertex 19 5.62437 3.30403
    endloop
  endfacet
  facet normal 1 0 0
    outer loop
      vertex 19 12.5 4
      vertex 19 5.47705 3.62
      vertex 19 5.55762 3.46523
    endloop
  endfacet
  facet normal 1 0 0
    outer loop
      vertex 19 12.5 4
      vertex 19 5.3833 3.76715
      vertex 19 5.47705 3.62
    endloop
  endfacet
  facet normal 1 0 0
    outer loop
      vertex 19 12.5 4
      vertex 19 5.27708 3.90556
      vertex 19 5.3833 3.76715
    endloop
  endfacet
  facet normal 1 0 -0
    outer loop
      vertex 19 5.27708 3.90556
      vertex 19 12.5 4
      vertex 19 5.19056 4
    endloop
  endfacet
  facet normal 1 0 0
    outer loop
      vertex 19 12.5 0
      vertex 19 5.745 2.62
      vertex 19 5.745 0
    endloop
  endfacet
  facet normal 1 -0 0
    outer loop
      vertex 19 -12.5 4
      vertex 19 -5.27708 3.90556
      vertex 19 -5.19056 4
    endloop
  endfacet
  facet normal 1 0 0
    outer loop
      vertex 19 -12.5 4
      vertex 19 -5.3833 3.76715
      vertex 19 -5.27708 3.90556
    endloop
  endfacet
  facet normal 1 0 0
    outer loop
      vertex 19 -12.5 4
      vertex 19 -5.47705 3.62
      vertex 19 -5.3833 3.76715
    endloop
  endfacet
  facet normal 1 0 0
    outer loop
      vertex 19 -12.5 4
      vertex 19 -5.55762 3.46523
      vertex 19 -5.47705 3.62
    endloop
  endfacet
  facet normal 1 0 0
    outer loop
      vertex 19 -12.5 4
      vertex 19 -5.62437 3.30403
      vertex 19 -5.55762 3.46523
    endloop
  endfacet
  facet normal 1 0 0
    outer loop
      vertex 19 -12.5 4
      vertex 19 -5.67685 3.13763
      vertex 19 -5.62437 3.30403
    endloop
  endfacet
  facet normal 1 0 0
    outer loop
      vertex 19 -12.5 4
      vertex 19 -5.71461 2.96729
      vertex 19 -5.67685 3.13763
    endloop
  endfacet
  facet normal 1 0 0
    outer loop
      vertex 19 -12.5 4
      vertex 19 -5.73738 2.79431
      vertex 19 -5.71461 2.96729
    endloop
  endfacet
  facet normal 1 0 0
    outer loop
      vertex 19 -12.5 4
      vertex 19 -5.745 2.62
      vertex 19 -5.73738 2.79431
    endloop
  endfacet
  facet normal 1 0 0
    outer loop
      vertex 19 -12.5 0
      vertex 19 -5.745 2.62
      vertex 19 -12.5 4
    endloop
  endfacet
  facet normal 1 0 0
    outer loop
      vertex 19 -5.745 2.62
      vertex 19 -12.5 0
      vertex 19 -5.745 0
    endloop
  endfacet
  facet normal 0.675475 0.737383 -0
    outer loop
      vertex 18.2678 14.2678 0
      vertex 18.107 14.4151 4
      vertex 18.2678 14.2678 4
    endloop
  endfacet
  facet normal 0.675475 0.737383 0
    outer loop
      vertex 18.107 14.4151 4
      vertex 18.2678 14.2678 0
      vertex 18.107 14.4151 0
    endloop
  endfacet
  facet normal 0.382595 0.923916 -0
    outer loop
      vertex 17.5565 14.7658 0
      vertex 17.3551 14.8492 4
      vertex 17.5565 14.7658 4
    endloop
  endfacet
  facet normal 0.382595 0.923916 0
    outer loop
      vertex 17.3551 14.8492 4
      vertex 17.5565 14.7658 0
      vertex 17.3551 14.8492 0
    endloop
  endfacet
  facet normal 0.999051 -0.0435566 0
    outer loop
      vertex 18.9905 -12.7179 4
      vertex 19 -12.5 0
      vertex 19 -12.5 4
    endloop
  endfacet
  facet normal 0.999051 -0.0435566 0
    outer loop
      vertex 19 -12.5 0
      vertex 18.9905 -12.7179 4
      vertex 18.9905 -12.7179 0
    endloop
  endfacet
  facet normal 0.953735 -0.300649 0
    outer loop
      vertex 18.8492 -13.3551 4
      vertex 18.9148 -13.147 0
      vertex 18.9148 -13.147 4
    endloop
  endfacet
  facet normal 0.953735 -0.300649 0
    outer loop
      vertex 18.9148 -13.147 0
      vertex 18.8492 -13.3551 4
      vertex 18.8492 -13.3551 0
    endloop
  endfacet
  facet normal -0.0435566 -0.999051 0
    outer loop
      vertex -16.7179 -14.9905 0
      vertex -16.5 -15 4
      vertex -16.7179 -14.9905 4
    endloop
  endfacet
  facet normal -0.0435566 -0.999051 -0
    outer loop
      vertex -16.5 -15 4
      vertex -16.7179 -14.9905 0
      vertex -16.5 -15 0
    endloop
  endfacet
  facet normal 0.461641 0.887067 -0
    outer loop
      vertex 17.75 14.6651 0
      vertex 17.5565 14.7658 4
      vertex 17.75 14.6651 4
    endloop
  endfacet
  facet normal 0.461641 0.887067 0
    outer loop
      vertex 17.5565 14.7658 4
      vertex 17.75 14.6651 0
      vertex 17.5565 14.7658 0
    endloop
  endfacet
  facet normal -0.382595 0.923916 0
    outer loop
      vertex -17.3551 14.8492 0
      vertex -17.5565 14.7658 4
      vertex -17.3551 14.8492 4
    endloop
  endfacet
  facet normal -0.382595 0.923916 0
    outer loop
      vertex -17.5565 14.7658 4
      vertex -17.3551 14.8492 0
      vertex -17.5565 14.7658 0
    endloop
  endfacet
  facet normal 0.793407 0.608691 0
    outer loop
      vertex 18.5479 13.9339 4
      vertex 18.4151 14.107 0
      vertex 18.4151 14.107 4
    endloop
  endfacet
  facet normal 0.793407 0.608691 0
    outer loop
      vertex 18.4151 14.107 0
      vertex 18.5479 13.9339 4
      vertex 18.5479 13.9339 0
    endloop
  endfacet
  facet normal 0.216445 0.976295 -0
    outer loop
      vertex 17.147 14.9148 0
      vertex 16.9341 14.962 4
      vertex 17.147 14.9148 4
    endloop
  endfacet
  facet normal 0.216445 0.976295 0
    outer loop
      vertex 16.9341 14.962 4
      vertex 17.147 14.9148 0
      vertex 16.9341 14.962 0
    endloop
  endfacet
  facet normal -0.737383 0.675475 0
    outer loop
      vertex -18.4151 14.107 0
      vertex -18.2678 14.2678 4
      vertex -18.2678 14.2678 0
    endloop
  endfacet
  facet normal -0.737383 0.675475 0
    outer loop
      vertex -18.2678 14.2678 4
      vertex -18.4151 14.107 0
      vertex -18.4151 14.107 4
    endloop
  endfacet
  facet normal 0.130692 0.991423 -0
    outer loop
      vertex 16.9341 14.962 0
      vertex 16.7179 14.9905 4
      vertex 16.9341 14.962 4
    endloop
  endfacet
  facet normal 0.130692 0.991423 0
    outer loop
      vertex 16.7179 14.9905 4
      vertex 16.9341 14.962 0
      vertex 16.7179 14.9905 0
    endloop
  endfacet
  facet normal -0.216445 0.976295 0
    outer loop
      vertex -16.9341 14.962 0
      vertex -17.147 14.9148 4
      vertex -16.9341 14.962 4
    endloop
  endfacet
  facet normal -0.216445 0.976295 0
    outer loop
      vertex -17.147 14.9148 4
      vertex -16.9341 14.962 0
      vertex -17.147 14.9148 0
    endloop
  endfacet
  facet normal -0.991423 -0.130692 0
    outer loop
      vertex -18.962 -12.9341 0
      vertex -18.9905 -12.7179 4
      vertex -18.9905 -12.7179 0
    endloop
  endfacet
  facet normal -0.991423 -0.130692 0
    outer loop
      vertex -18.9905 -12.7179 4
      vertex -18.962 -12.9341 0
      vertex -18.962 -12.9341 4
    endloop
  endfacet
  facet normal -1 0 0
    outer loop
      vertex -19 5.745 2.62
      vertex -19 12.5 0
      vertex -19 5.745 0
    endloop
  endfacet
  facet normal -1 0 0
    outer loop
      vertex -19 12.5 0
      vertex -19 5.745 2.62
      vertex -19 12.5 4
    endloop
  endfacet
  facet normal -1 0 0
    outer loop
      vertex -19 5.73738 2.79431
      vertex -19 12.5 4
      vertex -19 5.745 2.62
    endloop
  endfacet
  facet normal -1 0 0
    outer loop
      vertex -19 5.71461 2.96729
      vertex -19 12.5 4
      vertex -19 5.73738 2.79431
    endloop
  endfacet
  facet normal -1 0 0
    outer loop
      vertex -19 5.67685 3.13763
      vertex -19 12.5 4
      vertex -19 5.71461 2.96729
    endloop
  endfacet
  facet normal -1 0 0
    outer loop
      vertex -19 5.62437 3.30403
      vertex -19 12.5 4
      vertex -19 5.67685 3.13763
    endloop
  endfacet
  facet normal -1 0 0
    outer loop
      vertex -19 5.55762 3.46523
      vertex -19 12.5 4
      vertex -19 5.62437 3.30403
    endloop
  endfacet
  facet normal -1 0 0
    outer loop
      vertex -19 5.47705 3.62
      vertex -19 12.5 4
      vertex -19 5.55762 3.46523
    endloop
  endfacet
  facet normal -1 0 0
    outer loop
      vertex -19 5.3833 3.76715
      vertex -19 12.5 4
      vertex -19 5.47705 3.62
    endloop
  endfacet
  facet normal -1 0 0
    outer loop
      vertex -19 5.27708 3.90556
      vertex -19 12.5 4
      vertex -19 5.3833 3.76715
    endloop
  endfacet
  facet normal -1 -0 0
    outer loop
      vertex -19 12.5 4
      vertex -19 5.27708 3.90556
      vertex -19 5.19056 4
    endloop
  endfacet
  facet normal -1 0 0
    outer loop
      vertex -19 -5.745 0
      vertex -19 -12.5 0
      vertex -19 -5.745 2.62
    endloop
  endfacet
  facet normal -1 0 0
    outer loop
      vertex -19 -12.5 4
      vertex -19 -5.745 2.62
      vertex -19 -12.5 0
    endloop
  endfacet
  facet normal -1 0 0
    outer loop
      vertex -19 -5.745 2.62
      vertex -19 -12.5 4
      vertex -19 -5.73738 2.79431
    endloop
  endfacet
  facet normal -1 0 0
    outer loop
      vertex -19 -5.73738 2.79431
      vertex -19 -12.5 4
      vertex -19 -5.71461 2.96729
    endloop
  endfacet
  facet normal -1 0 0
    outer loop
      vertex -19 -5.71461 2.96729
      vertex -19 -12.5 4
      vertex -19 -5.67685 3.13763
    endloop
  endfacet
  facet normal -1 0 0
    outer loop
      vertex -19 -5.67685 3.13763
      vertex -19 -12.5 4
      vertex -19 -5.62437 3.30403
    endloop
  endfacet
  facet normal -1 0 0
    outer loop
      vertex -19 -5.62437 3.30403
      vertex -19 -12.5 4
      vertex -19 -5.55762 3.46523
    endloop
  endfacet
  facet normal -1 0 0
    outer loop
      vertex -19 -5.55762 3.46523
      vertex -19 -12.5 4
      vertex -19 -5.47705 3.62
    endloop
  endfacet
  facet normal -1 0 0
    outer loop
      vertex -19 -5.47705 3.62
      vertex -19 -12.5 4
      vertex -19 -5.3833 3.76715
    endloop
  endfacet
  facet normal -1 0 0
    outer loop
      vertex -19 -5.3833 3.76715
      vertex -19 -12.5 4
      vertex -19 -5.27708 3.90556
    endloop
  endfacet
  facet normal -1 0 0
    outer loop
      vertex -19 -5.27708 3.90556
      vertex -19 -12.5 4
      vertex -19 -5.19056 4
    endloop
  endfacet
  facet normal 0.675475 -0.737383 0
    outer loop
      vertex 18.107 -14.4151 0
      vertex 18.2678 -14.2678 4
      vertex 18.107 -14.4151 4
    endloop
  endfacet
  facet normal 0.675475 -0.737383 0
    outer loop
      vertex 18.2678 -14.2678 4
      vertex 18.107 -14.4151 0
      vertex 18.2678 -14.2678 0
    endloop
  endfacet
  facet normal -0.461641 0.887067 0
    outer loop
      vertex -17.5565 14.7658 0
      vertex -17.75 14.6651 4
      vertex -17.5565 14.7658 4
    endloop
  endfacet
  facet normal -0.461641 0.887067 0
    outer loop
      vertex -17.75 14.6651 4
      vertex -17.5565 14.7658 0
      vertex -17.75 14.6651 0
    endloop
  endfacet
  facet normal -0.843303 -0.537439 0
    outer loop
      vertex -18.5479 -13.9339 0
      vertex -18.6651 -13.75 4
      vertex -18.6651 -13.75 0
    endloop
  endfacet
  facet normal -0.843303 -0.537439 0
    outer loop
      vertex -18.6651 -13.75 4
      vertex -18.5479 -13.9339 0
      vertex -18.5479 -13.9339 4
    endloop
  endfacet
  facet normal -0.999051 0.0435566 0
    outer loop
      vertex -19 12.5 0
      vertex -18.9905 12.7179 4
      vertex -18.9905 12.7179 0
    endloop
  endfacet
  facet normal -0.999051 0.0435566 0
    outer loop
      vertex -18.9905 12.7179 4
      vertex -19 12.5 0
      vertex -19 12.5 4
    endloop
  endfacet
  facet normal -0.130692 -0.991423 0
    outer loop
      vertex -16.9341 -14.962 0
      vertex -16.7179 -14.9905 4
      vertex -16.9341 -14.962 4
    endloop
  endfacet
  facet normal -0.130692 -0.991423 -0
    outer loop
      vertex -16.7179 -14.9905 4
      vertex -16.9341 -14.962 0
      vertex -16.7179 -14.9905 0
    endloop
  endfacet
  facet normal -0.976295 0.216445 0
    outer loop
      vertex -18.962 12.9341 0
      vertex -18.9148 13.147 4
      vertex -18.9148 13.147 0
    endloop
  endfacet
  facet normal -0.976295 0.216445 0
    outer loop
      vertex -18.9148 13.147 4
      vertex -18.962 12.9341 0
      vertex -18.962 12.9341 4
    endloop
  endfacet
  facet normal 0.537439 -0.843303 0
    outer loop
      vertex 17.75 -14.6651 0
      vertex 17.9339 -14.5479 4
      vertex 17.75 -14.6651 4
    endloop
  endfacet
  facet normal 0.537439 -0.843303 0
    outer loop
      vertex 17.9339 -14.5479 4
      vertex 17.75 -14.6651 0
      vertex 17.9339 -14.5479 0
    endloop
  endfacet
  facet normal -0.608691 -0.793407 0
    outer loop
      vertex -18.107 -14.4151 0
      vertex -17.9339 -14.5479 4
      vertex -18.107 -14.4151 4
    endloop
  endfacet
  facet normal -0.608691 -0.793407 -0
    outer loop
      vertex -17.9339 -14.5479 4
      vertex -18.107 -14.4151 0
      vertex -17.9339 -14.5479 0
    endloop
  endfacet
  facet normal 0.300649 0.953735 -0
    outer loop
      vertex 17.3551 14.8492 0
      vertex 17.147 14.9148 4
      vertex 17.3551 14.8492 4
    endloop
  endfacet
  facet normal 0.300649 0.953735 0
    outer loop
      vertex 17.147 14.9148 4
      vertex 17.3551 14.8492 0
      vertex 17.147 14.9148 0
    endloop
  endfacet
  facet normal -0.953735 0.300649 0
    outer loop
      vertex -18.9148 13.147 0
      vertex -18.8492 13.3551 4
      vertex -18.8492 13.3551 0
    endloop
  endfacet
  facet normal -0.953735 0.300649 0
    outer loop
      vertex -18.8492 13.3551 4
      vertex -18.9148 13.147 0
      vertex -18.9148 13.147 4
    endloop
  endfacet
  facet normal 0.461641 -0.887067 0
    outer loop
      vertex 17.5565 -14.7658 0
      vertex 17.75 -14.6651 4
      vertex 17.5565 -14.7658 4
    endloop
  endfacet
  facet normal 0.461641 -0.887067 0
    outer loop
      vertex 17.75 -14.6651 4
      vertex 17.5565 -14.7658 0
      vertex 17.75 -14.6651 0
    endloop
  endfacet
  facet normal 0.0435566 0.999051 -0
    outer loop
      vertex 16.7179 14.9905 0
      vertex 16.5 15 4
      vertex 16.7179 14.9905 4
    endloop
  endfacet
  facet normal 0.0435566 0.999051 0
    outer loop
      vertex 16.5 15 4
      vertex 16.7179 14.9905 0
      vertex 16.5 15 0
    endloop
  endfacet
  facet normal -0.300649 0.953735 0
    outer loop
      vertex -17.147 14.9148 0
      vertex -17.3551 14.8492 4
      vertex -17.147 14.9148 4
    endloop
  endfacet
  facet normal -0.300649 0.953735 0
    outer loop
      vertex -17.3551 14.8492 4
      vertex -17.147 14.9148 0
      vertex -17.3551 14.8492 0
    endloop
  endfacet
  facet normal 0.991423 0.130692 0
    outer loop
      vertex 18.9905 12.7179 4
      vertex 18.962 12.9341 0
      vertex 18.962 12.9341 4
    endloop
  endfacet
  facet normal 0.991423 0.130692 0
    outer loop
      vertex 18.962 12.9341 0
      vertex 18.9905 12.7179 4
      vertex 18.9905 12.7179 0
    endloop
  endfacet
  facet normal 0.793407 -0.608691 0
    outer loop
      vertex 18.4151 -14.107 4
      vertex 18.5479 -13.9339 0
      vertex 18.5479 -13.9339 4
    endloop
  endfacet
  facet normal 0.793407 -0.608691 0
    outer loop
      vertex 18.5479 -13.9339 0
      vertex 18.4151 -14.107 4
      vertex 18.4151 -14.107 0
    endloop
  endfacet
  facet normal -0.608691 0.793407 0
    outer loop
      vertex -17.9339 14.5479 0
      vertex -18.107 14.4151 4
      vertex -17.9339 14.5479 4
    endloop
  endfacet
  facet normal -0.608691 0.793407 0
    outer loop
      vertex -18.107 14.4151 4
      vertex -17.9339 14.5479 0
      vertex -18.107 14.4151 0
    endloop
  endfacet
  facet normal -0.923916 0.382595 0
    outer loop
      vertex -18.8492 13.3551 0
      vertex -18.7658 13.5565 4
      vertex -18.7658 13.5565 0
    endloop
  endfacet
  facet normal -0.923916 0.382595 0
    outer loop
      vertex -18.7658 13.5565 4
      vertex -18.8492 13.3551 0
      vertex -18.8492 13.3551 4
    endloop
  endfacet
  facet normal 0.991423 -0.130692 0
    outer loop
      vertex 18.962 -12.9341 4
      vertex 18.9905 -12.7179 0
      vertex 18.9905 -12.7179 4
    endloop
  endfacet
  facet normal 0.991423 -0.130692 0
    outer loop
      vertex 18.9905 -12.7179 0
      vertex 18.962 -12.9341 4
      vertex 18.962 -12.9341 0
    endloop
  endfacet
  facet normal 0.382595 -0.923916 0
    outer loop
      vertex 17.3551 -14.8492 0
      vertex 17.5565 -14.7658 4
      vertex 17.3551 -14.8492 4
    endloop
  endfacet
  facet normal 0.382595 -0.923916 0
    outer loop
      vertex 17.5565 -14.7658 4
      vertex 17.3551 -14.8492 0
      vertex 17.5565 -14.7658 0
    endloop
  endfacet
  facet normal 0.887067 0.461641 0
    outer loop
      vertex 18.7658 13.5565 4
      vertex 18.6651 13.75 0
      vertex 18.6651 13.75 4
    endloop
  endfacet
  facet normal 0.887067 0.461641 0
    outer loop
      vertex 18.6651 13.75 0
      vertex 18.7658 13.5565 4
      vertex 18.7658 13.5565 0
    endloop
  endfacet
  facet normal -0.923916 -0.382595 0
    outer loop
      vertex -18.7658 -13.5565 0
      vertex -18.8492 -13.3551 4
      vertex -18.8492 -13.3551 0
    endloop
  endfacet
  facet normal -0.923916 -0.382595 0
    outer loop
      vertex -18.8492 -13.3551 4
      vertex -18.7658 -13.5565 0
      vertex -18.7658 -13.5565 4
    endloop
  endfacet
  facet normal -0.991423 0.130692 0
    outer loop
      vertex -18.9905 12.7179 0
      vertex -18.962 12.9341 4
      vertex -18.962 12.9341 0
    endloop
  endfacet
  facet normal -0.991423 0.130692 0
    outer loop
      vertex -18.962 12.9341 4
      vertex -18.9905 12.7179 0
      vertex -18.9905 12.7179 4
    endloop
  endfacet
  facet normal 0.887067 -0.461641 0
    outer loop
      vertex 18.6651 -13.75 4
      vertex 18.7658 -13.5565 0
      vertex 18.7658 -13.5565 4
    endloop
  endfacet
  facet normal 0.887067 -0.461641 0
    outer loop
      vertex 18.7658 -13.5565 0
      vertex 18.6651 -13.75 4
      vertex 18.6651 -13.75 0
    endloop
  endfacet
  facet normal 0.923916 -0.382595 0
    outer loop
      vertex 18.7658 -13.5565 4
      vertex 18.8492 -13.3551 0
      vertex 18.8492 -13.3551 4
    endloop
  endfacet
  facet normal 0.923916 -0.382595 0
    outer loop
      vertex 18.8492 -13.3551 0
      vertex 18.7658 -13.5565 4
      vertex 18.7658 -13.5565 0
    endloop
  endfacet
  facet normal 0.608691 -0.793407 0
    outer loop
      vertex 17.9339 -14.5479 0
      vertex 18.107 -14.4151 4
      vertex 17.9339 -14.5479 4
    endloop
  endfacet
  facet normal 0.608691 -0.793407 0
    outer loop
      vertex 18.107 -14.4151 4
      vertex 17.9339 -14.5479 0
      vertex 18.107 -14.4151 0
    endloop
  endfacet
  facet normal 0.843303 -0.537439 0
    outer loop
      vertex 18.5479 -13.9339 4
      vertex 18.6651 -13.75 0
      vertex 18.6651 -13.75 4
    endloop
  endfacet
  facet normal 0.843303 -0.537439 0
    outer loop
      vertex 18.6651 -13.75 0
      vertex 18.5479 -13.9339 4
      vertex 18.5479 -13.9339 0
    endloop
  endfacet
  facet normal 0 0 -1
    outer loop
      vertex 16.5 -15 0
      vertex 1.69353 -10.6482 0
      vertex 1.7 -10.5 0
    endloop
  endfacet
  facet normal 0 0 -1
    outer loop
      vertex 16.5 -15 0
      vertex 1.67417 -10.7952 0
      vertex 1.69353 -10.6482 0
    endloop
  endfacet
  facet normal 0 0 -1
    outer loop
      vertex 16.5 -15 0
      vertex 1.64207 -10.94 0
      vertex 1.67417 -10.7952 0
    endloop
  endfacet
  facet normal 0 0 -1
    outer loop
      vertex 16.5 -15 0
      vertex 1.59748 -11.0814 0
      vertex 1.64207 -10.94 0
    endloop
  endfacet
  facet normal 0 0 -1
    outer loop
      vertex 16.5 -15 0
      vertex 1.54072 -11.2185 0
      vertex 1.59748 -11.0814 0
    endloop
  endfacet
  facet normal 0 0 -1
    outer loop
      vertex 16.5 -15 0
      vertex 1.47224 -11.35 0
      vertex 1.54072 -11.2185 0
    endloop
  endfacet
  facet normal 0 0 -1
    outer loop
      vertex 16.5 -15 0
      vertex 1.39256 -11.4751 0
      vertex 1.47224 -11.35 0
    endloop
  endfacet
  facet normal 0 0 -1
    outer loop
      vertex 16.5 -15 0
      vertex 1.30227 -11.5927 0
      vertex 1.39256 -11.4751 0
    endloop
  endfacet
  facet normal 0 0 -1
    outer loop
      vertex 16.5 -15 0
      vertex 1.20208 -11.7021 0
      vertex 1.30227 -11.5927 0
    endloop
  endfacet
  facet normal 0 0 -1
    outer loop
      vertex 16.5 -15 0
      vertex 1.09274 -11.8023 0
      vertex 1.20208 -11.7021 0
    endloop
  endfacet
  facet normal 0 0 -1
    outer loop
      vertex 16.5 -15 0
      vertex 0.97508 -11.8926 0
      vertex 1.09274 -11.8023 0
    endloop
  endfacet
  facet normal 0 0 -1
    outer loop
      vertex 16.5 -15 0
      vertex 0.849999 -11.9722 0
      vertex 0.97508 -11.8926 0
    endloop
  endfacet
  facet normal 0 0 -1
    outer loop
      vertex 16.5 -15 0
      vertex 0.718451 -12.0407 0
      vertex 0.849999 -11.9722 0
    endloop
  endfacet
  facet normal 0 0 -1
    outer loop
      vertex 16.5 -15 0
      vertex 0.581433 -12.0975 0
      vertex 0.718451 -12.0407 0
    endloop
  endfacet
  facet normal 0 0 -1
    outer loop
      vertex 16.5 -15 0
      vertex 0.439992 -12.1421 0
      vertex 0.581433 -12.0975 0
    endloop
  endfacet
  facet normal 0 0 -1
    outer loop
      vertex 16.5 -15 0
      vertex 0.295201 -12.1742 0
      vertex 0.439992 -12.1421 0
    endloop
  endfacet
  facet normal 0 0 -1
    outer loop
      vertex 16.5 -15 0
      vertex 0.148165 -12.1935 0
      vertex 0.295201 -12.1742 0
    endloop
  endfacet
  facet normal 0 0 -1
    outer loop
      vertex 16.5 -15 0
      vertex 0 -12.2 0
      vertex 0.148165 -12.1935 0
    endloop
  endfacet
  facet normal 0 0 -1
    outer loop
      vertex -16.5 -15 0
      vertex 0 -12.2 0
      vertex 16.5 -15 0
    endloop
  endfacet
  facet normal -0 0 -1
    outer loop
      vertex 0 -12.2 0
      vertex -16.5 -15 0
      vertex -0.148165 -12.1935 0
    endloop
  endfacet
  facet normal -0 0 -1
    outer loop
      vertex -1.69353 -10.6482 0
      vertex -16.5 -15 0
      vertex -1.7 -10.5 0
    endloop
  endfacet
  facet normal -0 0 -1
    outer loop
      vertex -1.67417 -10.7952 0
      vertex -16.5 -15 0
      vertex -1.69353 -10.6482 0
    endloop
  endfacet
  facet normal -0 0 -1
    outer loop
      vertex -1.64207 -10.94 0
      vertex -16.5 -15 0
      vertex -1.67417 -10.7952 0
    endloop
  endfacet
  facet normal -0 0 -1
    outer loop
      vertex -1.59748 -11.0814 0
      vertex -16.5 -15 0
      vertex -1.64207 -10.94 0
    endloop
  endfacet
  facet normal -0 0 -1
    outer loop
      vertex -1.54072 -11.2185 0
      vertex -16.5 -15 0
      vertex -1.59748 -11.0814 0
    endloop
  endfacet
  facet normal -0 0 -1
    outer loop
      vertex -1.47224 -11.35 0
      vertex -16.5 -15 0
      vertex -1.54072 -11.2185 0
    endloop
  endfacet
  facet normal -0 0 -1
    outer loop
      vertex -1.39256 -11.4751 0
      vertex -16.5 -15 0
      vertex -1.47224 -11.35 0
    endloop
  endfacet
  facet normal -0 0 -1
    outer loop
      vertex -1.30227 -11.5927 0
      vertex -16.5 -15 0
      vertex -1.39256 -11.4751 0
    endloop
  endfacet
  facet normal -0 0 -1
    outer loop
      vertex -1.20208 -11.7021 0
      vertex -16.5 -15 0
      vertex -1.30227 -11.5927 0
    endloop
  endfacet
  facet normal -0 0 -1
    outer loop
      vertex -1.09274 -11.8023 0
      vertex -16.5 -15 0
      vertex -1.20208 -11.7021 0
    endloop
  endfacet
  facet normal -0 0 -1
    outer loop
      vertex -0.97508 -11.8926 0
      vertex -16.5 -15 0
      vertex -1.09274 -11.8023 0
    endloop
  endfacet
  facet normal -0 0 -1
    outer loop
      vertex -0.849999 -11.9722 0
      vertex -16.5 -15 0
      vertex -0.97508 -11.8926 0
    endloop
  endfacet
  facet normal -0 0 -1
    outer loop
      vertex -0.718451 -12.0407 0
      vertex -16.5 -15 0
      vertex -0.849999 -11.9722 0
    endloop
  endfacet
  facet normal -0 0 -1
    outer loop
      vertex -0.581433 -12.0975 0
      vertex -16.5 -15 0
      vertex -0.718451 -12.0407 0
    endloop
  endfacet
  facet normal -0 0 -1
    outer loop
      vertex -0.439992 -12.1421 0
      vertex -16.5 -15 0
      vertex -0.581433 -12.0975 0
    endloop
  endfacet
  facet normal -0 0 -1
    outer loop
      vertex -0.295201 -12.1742 0
      vertex -16.5 -15 0
      vertex -0.439992 -12.1421 0
    endloop
  endfacet
  facet normal -0 0 -1
    outer loop
      vertex -0.148165 -12.1935 0
      vertex -16.5 -15 0
      vertex -0.295201 -12.1742 0
    endloop
  endfacet
  facet normal 0 0 -1
    outer loop
      vertex 16.5 -15 0
      vertex 19 -12.5 0
      vertex 18.9905 -12.7179 0
    endloop
  endfacet
  facet normal 0 0 -1
    outer loop
      vertex 16.5 -15 0
      vertex 18.9905 -12.7179 0
      vertex 18.962 -12.9341 0
    endloop
  endfacet
  facet normal 0 0 -1
    outer loop
      vertex 16.5 -15 0
      vertex 18.962 -12.9341 0
      vertex 18.9148 -13.147 0
    endloop
  endfacet
  facet normal 0 0 -1
    outer loop
      vertex 16.5 -15 0
      vertex 18.9148 -13.147 0
      vertex 18.8492 -13.3551 0
    endloop
  endfacet
  facet normal 0 0 -1
    outer loop
      vertex 16.5 -15 0
      vertex 18.8492 -13.3551 0
      vertex 18.7658 -13.5565 0
    endloop
  endfacet
  facet normal 0 0 -1
    outer loop
      vertex 16.5 -15 0
      vertex 18.7658 -13.5565 0
      vertex 18.6651 -13.75 0
    endloop
  endfacet
  facet normal 0 0 -1
    outer loop
      vertex 16.5 -15 0
      vertex 18.6651 -13.75 0
      vertex 18.5479 -13.9339 0
    endloop
  endfacet
  facet normal 0 0 -1
    outer loop
      vertex 16.5 -15 0
      vertex 18.5479 -13.9339 0
      vertex 18.4151 -14.107 0
    endloop
  endfacet
  facet normal 0 0 -1
    outer loop
      vertex 16.5 -15 0
      vertex 18.4151 -14.107 0
      vertex 18.2678 -14.2678 0
    endloop
  endfacet
  facet normal 0 0 -1
    outer loop
      vertex 16.5 -15 0
      vertex 18.2678 -14.2678 0
      vertex 18.107 -14.4151 0
    endloop
  endfacet
  facet normal 0 0 -1
    outer loop
      vertex 16.5 -15 0
      vertex 18.107 -14.4151 0
      vertex 17.9339 -14.5479 0
    endloop
  endfacet
  facet normal 0 0 -1
    outer loop
      vertex 16.5 -15 0
      vertex 17.9339 -14.5479 0
      vertex 17.75 -14.6651 0
    endloop
  endfacet
  facet normal 0 0 -1
    outer loop
      vertex 16.5 -15 0
      vertex 17.75 -14.6651 0
      vertex 17.5565 -14.7658 0
    endloop
  endfacet
  facet normal 0 0 -1
    outer loop
      vertex 16.5 -15 0
      vertex 17.5565 -14.7658 0
      vertex 17.3551 -14.8492 0
    endloop
  endfacet
  facet normal 0 0 -1
    outer loop
      vertex 16.5 -15 0
      vertex 17.3551 -14.8492 0
      vertex 17.147 -14.9148 0
    endloop
  endfacet
  facet normal 0 0 -1
    outer loop
      vertex 16.5 -15 0
      vertex 17.147 -14.9148 0
      vertex 16.9341 -14.962 0
    endloop
  endfacet
  facet normal 0 0 -1
    outer loop
      vertex 16.5 -15 0
      vertex 16.9341 -14.962 0
      vertex 16.7179 -14.9905 0
    endloop
  endfacet
  facet normal -0 0 -1
    outer loop
      vertex 19 -12.5 0
      vertex 16.5 -15 0
      vertex 19 -5.745 0
    endloop
  endfacet
  facet normal 0 0 -1
    outer loop
      vertex 1.69353 -10.3518 0
      vertex 16.5 -15 0
      vertex 1.7 -10.5 0
    endloop
  endfacet
  facet normal 0 0 -1
    outer loop
      vertex 1.67417 -10.2048 0
      vertex 16.5 -15 0
      vertex 1.69353 -10.3518 0
    endloop
  endfacet
  facet normal 0 0 -1
    outer loop
      vertex 16.5 -15 0
      vertex 1.67417 -10.2048 0
      vertex 19 -5.745 0
    endloop
  endfacet
  facet normal 0 0 -1
    outer loop
      vertex 1.64207 -10.06 0
      vertex 19 -5.745 0
      vertex 1.67417 -10.2048 0
    endloop
  endfacet
  facet normal 0 0 -1
    outer loop
      vertex 1.59748 -9.91857 0
      vertex 19 -5.745 0
      vertex 1.64207 -10.06 0
    endloop
  endfacet
  facet normal 0 0 -1
    outer loop
      vertex 1.54072 -9.78155 0
      vertex 19 -5.745 0
      vertex 1.59748 -9.91857 0
    endloop
  endfacet
  facet normal 0 0 -1
    outer loop
      vertex 1.47224 -9.65 0
      vertex 19 -5.745 0
      vertex 1.54072 -9.78155 0
    endloop
  endfacet
  facet normal 0 0 -1
    outer loop
      vertex 1.39256 -9.52492 0
      vertex 19 -5.745 0
      vertex 1.47224 -9.65 0
    endloop
  endfacet
  facet normal 0 0 -1
    outer loop
      vertex 1.30227 -9.40726 0
      vertex 19 -5.745 0
      vertex 1.39256 -9.52492 0
    endloop
  endfacet
  facet normal 0 0 -1
    outer loop
      vertex 1.20208 -9.29792 0
      vertex 19 -5.745 0
      vertex 1.30227 -9.40726 0
    endloop
  endfacet
  facet normal 0 0 -1
    outer loop
      vertex 1.09274 -9.19772 0
      vertex 19 -5.745 0
      vertex 1.20208 -9.29792 0
    endloop
  endfacet
  facet normal 0 0 -1
    outer loop
      vertex 0.97508 -9.10744 0
      vertex 19 -5.745 0
      vertex 1.09274 -9.19772 0
    endloop
  endfacet
  facet normal 0 0 -1
    outer loop
      vertex 0.849999 -9.02776 0
      vertex 19 -5.745 0
      vertex 0.97508 -9.10744 0
    endloop
  endfacet
  facet normal 0 0 -1
    outer loop
      vertex 0.718451 -8.95928 0
      vertex 19 -5.745 0
      vertex 0.849999 -9.02776 0
    endloop
  endfacet
  facet normal 0 0 -1
    outer loop
      vertex 0.581433 -8.90252 0
      vertex 19 -5.745 0
      vertex 0.718451 -8.95928 0
    endloop
  endfacet
  facet normal 0 0 -1
    outer loop
      vertex 0.439992 -8.85793 0
      vertex 19 -5.745 0
      vertex 0.581433 -8.90252 0
    endloop
  endfacet
  facet normal 0 0 -1
    outer loop
      vertex 0.295201 -8.82583 0
      vertex 19 -5.745 0
      vertex 0.439992 -8.85793 0
    endloop
  endfacet
  facet normal 0 0 -1
    outer loop
      vertex 0.148165 -8.80647 0
      vertex 19 -5.745 0
      vertex 0.295201 -8.82583 0
    endloop
  endfacet
  facet normal 0 0 -1
    outer loop
      vertex 0 -8.8 0
      vertex 19 -5.745 0
      vertex 0.148165 -8.80647 0
    endloop
  endfacet
  facet normal 0 0 -1
    outer loop
      vertex -19 -5.745 0
      vertex 0 -8.8 0
      vertex -0.148165 -8.80647 0
    endloop
  endfacet
  facet normal 0 0 -1
    outer loop
      vertex -19 -5.745 0
      vertex -0.148165 -8.80647 0
      vertex -0.295201 -8.82583 0
    endloop
  endfacet
  facet normal 0 0 -1
    outer loop
      vertex -16.5 -15 0
      vertex -1.69353 -10.3518 0
      vertex -1.7 -10.5 0
    endloop
  endfacet
  facet normal 0 0 -1
    outer loop
      vertex -16.5 -15 0
      vertex -1.67417 -10.2048 0
      vertex -1.69353 -10.3518 0
    endloop
  endfacet
  facet normal 0 0 -1
    outer loop
      vertex -19 -5.745 0
      vertex -1.67417 -10.2048 0
      vertex -16.5 -15 0
    endloop
  endfacet
  facet normal 0 0 -1
    outer loop
      vertex -1.67417 -10.2048 0
      vertex -19 -5.745 0
      vertex -1.64207 -10.06 0
    endloop
  endfacet
  facet normal 0 0 -1
    outer loop
      vertex -1.64207 -10.06 0
      vertex -19 -5.745 0
      vertex -1.59748 -9.91857 0
    endloop
  endfacet
  facet normal 0 0 -1
    outer loop
      vertex -1.59748 -9.91857 0
      vertex -19 -5.745 0
      vertex -1.54072 -9.78155 0
    endloop
  endfacet
  facet normal 0 0 -1
    outer loop
      vertex -1.54072 -9.78155 0
      vertex -19 -5.745 0
      vertex -1.47224 -9.65 0
    endloop
  endfacet
  facet normal 0 0 -1
    outer loop
      vertex -1.47224 -9.65 0
      vertex -19 -5.745 0
      vertex -1.39256 -9.52492 0
    endloop
  endfacet
  facet normal 0 0 -1
    outer loop
      vertex -1.39256 -9.52492 0
      vertex -19 -5.745 0
      vertex -1.30227 -9.40726 0
    endloop
  endfacet
  facet normal 0 0 -1
    outer loop
      vertex -1.30227 -9.40726 0
      vertex -19 -5.745 0
      vertex -1.20208 -9.29792 0
    endloop
  endfacet
  facet normal 0 0 -1
    outer loop
      vertex -1.20208 -9.29792 0
      vertex -19 -5.745 0
      vertex -1.09274 -9.19772 0
    endloop
  endfacet
  facet normal 0 0 -1
    outer loop
      vertex -1.09274 -9.19772 0
      vertex -19 -5.745 0
      vertex -0.97508 -9.10744 0
    endloop
  endfacet
  facet normal 0 0 -1
    outer loop
      vertex -0.97508 -9.10744 0
      vertex -19 -5.745 0
      vertex -0.849999 -9.02776 0
    endloop
  endfacet
  facet normal 0 0 -1
    outer loop
      vertex -0.849999 -9.02776 0
      vertex -19 -5.745 0
      vertex -0.718451 -8.95928 0
    endloop
  endfacet
  facet normal 0 0 -1
    outer loop
      vertex -19 -12.5 0
      vertex -16.5 -15 0
      vertex -16.7179 -14.9905 0
    endloop
  endfacet
  facet normal 0 0 -1
    outer loop
      vertex -19 -12.5 0
      vertex -16.7179 -14.9905 0
      vertex -16.9341 -14.962 0
    endloop
  endfacet
  facet normal 0 0 -1
    outer loop
      vertex -19 -12.5 0
      vertex -16.9341 -14.962 0
      vertex -17.147 -14.9148 0
    endloop
  endfacet
  facet normal 0 0 -1
    outer loop
      vertex -19 -12.5 0
      vertex -17.147 -14.9148 0
      vertex -17.3551 -14.8492 0
    endloop
  endfacet
  facet normal 0 0 -1
    outer loop
      vertex -19 -12.5 0
      vertex -17.3551 -14.8492 0
      vertex -17.5565 -14.7658 0
    endloop
  endfacet
  facet normal 0 0 -1
    outer loop
      vertex -19 -12.5 0
      vertex -17.5565 -14.7658 0
      vertex -17.75 -14.6651 0
    endloop
  endfacet
  facet normal 0 0 -1
    outer loop
      vertex -19 -12.5 0
      vertex -17.75 -14.6651 0
      vertex -17.9339 -14.5479 0
    endloop
  endfacet
  facet normal 0 0 -1
    outer loop
      vertex -19 -12.5 0
      vertex -17.9339 -14.5479 0
      vertex -18.107 -14.4151 0
    endloop
  endfacet
  facet normal 0 0 -1
    outer loop
      vertex -16.5 -15 0
      vertex -19 -12.5 0
      vertex -19 -5.745 0
    endloop
  endfacet
  facet normal 0 0 -1
    outer loop
      vertex -19 -12.5 0
      vertex -18.107 -14.4151 0
      vertex -18.2678 -14.2678 0
    endloop
  endfacet
  facet normal 0 0 -1
    outer loop
      vertex -19 -12.5 0
      vertex -18.2678 -14.2678 0
      vertex -18.4151 -14.107 0
    endloop
  endfacet
  facet normal 0 0 -1
    outer loop
      vertex -19 -12.5 0
      vertex -18.4151 -14.107 0
      vertex -18.5479 -13.9339 0
    endloop
  endfacet
  facet normal 0 0 -1
    outer loop
      vertex -19 -12.5 0
      vertex -18.5479 -13.9339 0
      vertex -18.6651 -13.75 0
    endloop
  endfacet
  facet normal 0 0 -1
    outer loop
      vertex -19 -12.5 0
      vertex -18.6651 -13.75 0
      vertex -18.7658 -13.5565 0
    endloop
  endfacet
  facet normal 0 0 -1
    outer loop
      vertex -19 -12.5 0
      vertex -18.7658 -13.5565 0
      vertex -18.8492 -13.3551 0
    endloop
  endfacet
  facet normal 0 0 -1
    outer loop
      vertex -19 -12.5 0
      vertex -18.8492 -13.3551 0
      vertex -18.9148 -13.147 0
    endloop
  endfacet
  facet normal 0 0 -1
    outer loop
      vertex -19 -12.5 0
      vertex -18.9148 -13.147 0
      vertex -18.962 -12.9341 0
    endloop
  endfacet
  facet normal 0 0 -1
    outer loop
      vertex -0.718451 -8.95928 0
      vertex -19 -5.745 0
      vertex -0.581433 -8.90252 0
    endloop
  endfacet
  facet normal 0 0 -1
    outer loop
      vertex -19 -12.5 0
      vertex -18.962 -12.9341 0
      vertex -18.9905 -12.7179 0
    endloop
  endfacet
  facet normal 0 0 -1
    outer loop
      vertex -0.581433 -8.90252 0
      vertex -19 -5.745 0
      vertex -0.439992 -8.85793 0
    endloop
  endfacet
  facet normal 0 0 -1
    outer loop
      vertex 0 -8.8 0
      vertex -19 -5.745 0
      vertex 19 -5.745 0
    endloop
  endfacet
  facet normal 0 0 -1
    outer loop
      vertex -0.439992 -8.85793 0
      vertex -19 -5.745 0
      vertex -0.295201 -8.82583 0
    endloop
  endfacet
  facet normal 0 0 -1
    outer loop
      vertex 16.5 15 0
      vertex 19 12.5 0
      vertex 19 5.745 0
    endloop
  endfacet
  facet normal 0 0 -1
    outer loop
      vertex 19 12.5 0
      vertex 16.5 15 0
      vertex 18.9905 12.7179 0
    endloop
  endfacet
  facet normal 0 0 -1
    outer loop
      vertex 18.9905 12.7179 0
      vertex 16.5 15 0
      vertex 18.962 12.9341 0
    endloop
  endfacet
  facet normal 0 0 -1
    outer loop
      vertex 18.962 12.9341 0
      vertex 16.5 15 0
      vertex 18.9148 13.147 0
    endloop
  endfacet
  facet normal 0 0 -1
    outer loop
      vertex 18.9148 13.147 0
      vertex 16.5 15 0
      vertex 18.8492 13.3551 0
    endloop
  endfacet
  facet normal 0 0 -1
    outer loop
      vertex 18.8492 13.3551 0
      vertex 16.5 15 0
      vertex 18.7658 13.5565 0
    endloop
  endfacet
  facet normal 0 0 -1
    outer loop
      vertex 18.7658 13.5565 0
      vertex 16.5 15 0
      vertex 18.6651 13.75 0
    endloop
  endfacet
  facet normal 0 0 -1
    outer loop
      vertex 18.6651 13.75 0
      vertex 16.5 15 0
      vertex 18.5479 13.9339 0
    endloop
  endfacet
  facet normal 0 0 -1
    outer loop
      vertex 18.5479 13.9339 0
      vertex 16.5 15 0
      vertex 18.4151 14.107 0
    endloop
  endfacet
  facet normal 0 0 -1
    outer loop
      vertex 18.4151 14.107 0
      vertex 16.5 15 0
      vertex 18.2678 14.2678 0
    endloop
  endfacet
  facet normal 0 0 -1
    outer loop
      vertex 18.2678 14.2678 0
      vertex 16.5 15 0
      vertex 18.107 14.4151 0
    endloop
  endfacet
  facet normal 0 0 -1
    outer loop
      vertex 18.107 14.4151 0
      vertex 16.5 15 0
      vertex 17.9339 14.5479 0
    endloop
  endfacet
  facet normal 0 0 -1
    outer loop
      vertex 17.9339 14.5479 0
      vertex 16.5 15 0
      vertex 17.75 14.6651 0
    endloop
  endfacet
  facet normal 0 0 -1
    outer loop
      vertex 17.75 14.6651 0
      vertex 16.5 15 0
      vertex 17.5565 14.7658 0
    endloop
  endfacet
  facet normal 0 0 -1
    outer loop
      vertex 17.5565 14.7658 0
      vertex 16.5 15 0
      vertex 17.3551 14.8492 0
    endloop
  endfacet
  facet normal 0 0 -1
    outer loop
      vertex 17.3551 14.8492 0
      vertex 16.5 15 0
      vertex 17.147 14.9148 0
    endloop
  endfacet
  facet normal 0 0 -1
    outer loop
      vertex 17.147 14.9148 0
      vertex 16.5 15 0
      vertex 16.9341 14.962 0
    endloop
  endfacet
  facet normal 0 0 -1
    outer loop
      vertex 16.9341 14.962 0
      vertex 16.5 15 0
      vertex 16.7179 14.9905 0
    endloop
  endfacet
  facet normal 0 0 -1
    outer loop
      vertex 1.67417 10.2048 0
      vertex 16.5 15 0
      vertex 19 5.745 0
    endloop
  endfacet
  facet normal 0 0 -1
    outer loop
      vertex 16.5 15 0
      vertex 1.69353 10.3518 0
      vertex 1.7 10.5 0
    endloop
  endfacet
  facet normal 0 0 -1
    outer loop
      vertex 16.5 15 0
      vertex 1.67417 10.2048 0
      vertex 1.69353 10.3518 0
    endloop
  endfacet
  facet normal 0 0 -1
    outer loop
      vertex 19 5.745 0
      vertex 1.64207 10.06 0
      vertex 1.67417 10.2048 0
    endloop
  endfacet
  facet normal 0 0 -1
    outer loop
      vertex 19 5.745 0
      vertex 1.59748 9.91857 0
      vertex 1.64207 10.06 0
    endloop
  endfacet
  facet normal 0 0 -1
    outer loop
      vertex 19 5.745 0
      vertex 1.54072 9.78155 0
      vertex 1.59748 9.91857 0
    endloop
  endfacet
  facet normal 0 0 -1
    outer loop
      vertex 19 5.745 0
      vertex 1.47224 9.65 0
      vertex 1.54072 9.78155 0
    endloop
  endfacet
  facet normal 0 0 -1
    outer loop
      vertex 19 5.745 0
      vertex 1.39256 9.52492 0
      vertex 1.47224 9.65 0
    endloop
  endfacet
  facet normal 0 0 -1
    outer loop
      vertex 19 5.745 0
      vertex 1.30227 9.40726 0
      vertex 1.39256 9.52492 0
    endloop
  endfacet
  facet normal 0 0 -1
    outer loop
      vertex 19 5.745 0
      vertex 1.20208 9.29792 0
      vertex 1.30227 9.40726 0
    endloop
  endfacet
  facet normal 0 0 -1
    outer loop
      vertex 19 5.745 0
      vertex 1.09274 9.19772 0
      vertex 1.20208 9.29792 0
    endloop
  endfacet
  facet normal 0 0 -1
    outer loop
      vertex 19 5.745 0
      vertex 0.97508 9.10744 0
      vertex 1.09274 9.19772 0
    endloop
  endfacet
  facet normal 0 0 -1
    outer loop
      vertex 19 5.745 0
      vertex 0.849999 9.02776 0
      vertex 0.97508 9.10744 0
    endloop
  endfacet
  facet normal 0 0 -1
    outer loop
      vertex 19 5.745 0
      vertex 0.718451 8.95928 0
      vertex 0.849999 9.02776 0
    endloop
  endfacet
  facet normal 0 0 -1
    outer loop
      vertex 19 5.745 0
      vertex 0.581433 8.90252 0
      vertex 0.718451 8.95928 0
    endloop
  endfacet
  facet normal 0 0 -1
    outer loop
      vertex 19 5.745 0
      vertex 0.439992 8.85793 0
      vertex 0.581433 8.90252 0
    endloop
  endfacet
  facet normal 0 0 -1
    outer loop
      vertex 19 5.745 0
      vertex 0.295201 8.82583 0
      vertex 0.439992 8.85793 0
    endloop
  endfacet
  facet normal 0 0 -1
    outer loop
      vertex 19 5.745 0
      vertex 0.148165 8.80647 0
      vertex 0.295201 8.82583 0
    endloop
  endfacet
  facet normal 0 0 -1
    outer loop
      vertex 19 5.745 0
      vertex 0 8.8 0
      vertex 0.148165 8.80647 0
    endloop
  endfacet
  facet normal 0 0 -1
    outer loop
      vertex -19 5.745 0
      vertex 0 8.8 0
      vertex 19 5.745 0
    endloop
  endfacet
  facet normal -0 0 -1
    outer loop
      vertex 0 8.8 0
      vertex -19 5.745 0
      vertex -0.148165 8.80647 0
    endloop
  endfacet
  facet normal 0 0 -1
    outer loop
      vertex -1.69353 10.3518 0
      vertex -16.5 15 0
      vertex -1.7 10.5 0
    endloop
  endfacet
  facet normal 0 0 -1
    outer loop
      vertex -1.67417 10.2048 0
      vertex -16.5 15 0
      vertex -1.69353 10.3518 0
    endloop
  endfacet
  facet normal 0 0 -1
    outer loop
      vertex -19 5.745 0
      vertex -1.67417 10.2048 0
      vertex -1.64207 10.06 0
    endloop
  endfacet
  facet normal 0 0 -1
    outer loop
      vertex -19 5.745 0
      vertex -1.64207 10.06 0
      vertex -1.59748 9.91857 0
    endloop
  endfacet
  facet normal 0 0 -1
    outer loop
      vertex -19 5.745 0
      vertex -1.59748 9.91857 0
      vertex -1.54072 9.78155 0
    endloop
  endfacet
  facet normal 0 0 -1
    outer loop
      vertex -19 5.745 0
      vertex -1.54072 9.78155 0
      vertex -1.47224 9.65 0
    endloop
  endfacet
  facet normal 0 0 -1
    outer loop
      vertex -19 5.745 0
      vertex -1.47224 9.65 0
      vertex -1.39256 9.52492 0
    endloop
  endfacet
  facet normal 0 0 -1
    outer loop
      vertex -19 5.745 0
      vertex -1.39256 9.52492 0
      vertex -1.30227 9.40726 0
    endloop
  endfacet
  facet normal 0 0 -1
    outer loop
      vertex -19 5.745 0
      vertex -1.30227 9.40726 0
      vertex -1.20208 9.29792 0
    endloop
  endfacet
  facet normal 0 0 -1
    outer loop
      vertex -19 5.745 0
      vertex -1.20208 9.29792 0
      vertex -1.09274 9.19772 0
    endloop
  endfacet
  facet normal 0 0 -1
    outer loop
      vertex -19 5.745 0
      vertex -1.09274 9.19772 0
      vertex -0.97508 9.10744 0
    endloop
  endfacet
  facet normal 0 0 -1
    outer loop
      vertex -19 5.745 0
      vertex -0.97508 9.10744 0
      vertex -0.849999 9.02776 0
    endloop
  endfacet
  facet normal 0 0 -1
    outer loop
      vertex -19 5.745 0
      vertex -0.849999 9.02776 0
      vertex -0.718451 8.95928 0
    endloop
  endfacet
  facet normal 0 0 -1
    outer loop
      vertex -19 5.745 0
      vertex -0.718451 8.95928 0
      vertex -0.581433 8.90252 0
    endloop
  endfacet
  facet normal -0 0 -1
    outer loop
      vertex -1.67417 10.2048 0
      vertex -19 5.745 0
      vertex -16.5 15 0
    endloop
  endfacet
  facet normal 0 0 -1
    outer loop
      vertex -19 12.5 0
      vertex -16.5 15 0
      vertex -19 5.745 0
    endloop
  endfacet
  facet normal 0 0 -1
    outer loop
      vertex -16.5 15 0
      vertex -19 12.5 0
      vertex -16.7179 14.9905 0
    endloop
  endfacet
  facet normal 0 0 -1
    outer loop
      vertex -16.7179 14.9905 0
      vertex -19 12.5 0
      vertex -16.9341 14.962 0
    endloop
  endfacet
  facet normal 0 0 -1
    outer loop
      vertex -16.9341 14.962 0
      vertex -19 12.5 0
      vertex -17.147 14.9148 0
    endloop
  endfacet
  facet normal 0 0 -1
    outer loop
      vertex -17.147 14.9148 0
      vertex -19 12.5 0
      vertex -17.3551 14.8492 0
    endloop
  endfacet
  facet normal 0 0 -1
    outer loop
      vertex -17.3551 14.8492 0
      vertex -19 12.5 0
      vertex -17.5565 14.7658 0
    endloop
  endfacet
  facet normal 0 0 -1
    outer loop
      vertex -17.75 14.6651 0
      vertex -19 12.5 0
      vertex -17.9339 14.5479 0
    endloop
  endfacet
  facet normal 0 0 -1
    outer loop
      vertex -19 5.745 0
      vertex -0.581433 8.90252 0
      vertex -0.439992 8.85793 0
    endloop
  endfacet
  facet normal 0 0 -1
    outer loop
      vertex -17.9339 14.5479 0
      vertex -19 12.5 0
      vertex -18.107 14.4151 0
    endloop
  endfacet
  facet normal 0 0 -1
    outer loop
      vertex -18.107 14.4151 0
      vertex -19 12.5 0
      vertex -18.2678 14.2678 0
    endloop
  endfacet
  facet normal 0 0 -1
    outer loop
      vertex -18.2678 14.2678 0
      vertex -19 12.5 0
      vertex -18.4151 14.107 0
    endloop
  endfacet
  facet normal 0 0 -1
    outer loop
      vertex -18.4151 14.107 0
      vertex -19 12.5 0
      vertex -18.5479 13.9339 0
    endloop
  endfacet
  facet normal 0 0 -1
    outer loop
      vertex -18.5479 13.9339 0
      vertex -19 12.5 0
      vertex -18.6651 13.75 0
    endloop
  endfacet
  facet normal 0 0 -1
    outer loop
      vertex -18.6651 13.75 0
      vertex -19 12.5 0
      vertex -18.7658 13.5565 0
    endloop
  endfacet
  facet normal 0 0 -1
    outer loop
      vertex -18.7658 13.5565 0
      vertex -19 12.5 0
      vertex -18.8492 13.3551 0
    endloop
  endfacet
  facet normal 0 0 -1
    outer loop
      vertex -18.8492 13.3551 0
      vertex -19 12.5 0
      vertex -18.9148 13.147 0
    endloop
  endfacet
  facet normal 0 0 -1
    outer loop
      vertex -19 5.745 0
      vertex -0.439992 8.85793 0
      vertex -0.295201 8.82583 0
    endloop
  endfacet
  facet normal 0 0 -1
    outer loop
      vertex -18.9148 13.147 0
      vertex -19 12.5 0
      vertex -18.962 12.9341 0
    endloop
  endfacet
  facet normal -0 0 -1
    outer loop
      vertex -0.148165 8.80647 0
      vertex -19 5.745 0
      vertex -0.295201 8.82583 0
    endloop
  endfacet
  facet normal 0 0 -1
    outer loop
      vertex -17.5565 14.7658 0
      vertex -19 12.5 0
      vertex -17.75 14.6651 0
    endloop
  endfacet
  facet normal 0 0 -1
    outer loop
      vertex -18.962 12.9341 0
      vertex -19 12.5 0
      vertex -18.9905 12.7179 0
    endloop
  endfacet
  facet normal 0 0 -1
    outer loop
      vertex 1.69353 10.6482 0
      vertex 16.5 15 0
      vertex 1.7 10.5 0
    endloop
  endfacet
  facet normal 0 0 -1
    outer loop
      vertex 1.67417 10.7952 0
      vertex 16.5 15 0
      vertex 1.69353 10.6482 0
    endloop
  endfacet
  facet normal 0 0 -1
    outer loop
      vertex 1.64207 10.94 0
      vertex 16.5 15 0
      vertex 1.67417 10.7952 0
    endloop
  endfacet
  facet normal 0 0 -1
    outer loop
      vertex 1.59748 11.0814 0
      vertex 16.5 15 0
      vertex 1.64207 10.94 0
    endloop
  endfacet
  facet normal 0 0 -1
    outer loop
      vertex 1.54072 11.2185 0
      vertex 16.5 15 0
      vertex 1.59748 11.0814 0
    endloop
  endfacet
  facet normal 0 0 -1
    outer loop
      vertex 1.47224 11.35 0
      vertex 16.5 15 0
      vertex 1.54072 11.2185 0
    endloop
  endfacet
  facet normal 0 0 -1
    outer loop
      vertex 1.39256 11.4751 0
      vertex 16.5 15 0
      vertex 1.47224 11.35 0
    endloop
  endfacet
  facet normal 0 0 -1
    outer loop
      vertex 1.30227 11.5927 0
      vertex 16.5 15 0
      vertex 1.39256 11.4751 0
    endloop
  endfacet
  facet normal 0 0 -1
    outer loop
      vertex 1.20208 11.7021 0
      vertex 16.5 15 0
      vertex 1.30227 11.5927 0
    endloop
  endfacet
  facet normal 0 0 -1
    outer loop
      vertex 1.09274 11.8023 0
      vertex 16.5 15 0
      vertex 1.20208 11.7021 0
    endloop
  endfacet
  facet normal 0 0 -1
    outer loop
      vertex 0.97508 11.8926 0
      vertex 16.5 15 0
      vertex 1.09274 11.8023 0
    endloop
  endfacet
  facet normal 0 0 -1
    outer loop
      vertex 0.849999 11.9722 0
      vertex 16.5 15 0
      vertex 0.97508 11.8926 0
    endloop
  endfacet
  facet normal 0 0 -1
    outer loop
      vertex 0.718451 12.0407 0
      vertex 16.5 15 0
      vertex 0.849999 11.9722 0
    endloop
  endfacet
  facet normal 0 0 -1
    outer loop
      vertex 0.581433 12.0975 0
      vertex 16.5 15 0
      vertex 0.718451 12.0407 0
    endloop
  endfacet
  facet normal 0 0 -1
    outer loop
      vertex 0.439992 12.1421 0
      vertex 16.5 15 0
      vertex 0.581433 12.0975 0
    endloop
  endfacet
  facet normal 0 0 -1
    outer loop
      vertex 0.295201 12.1742 0
      vertex 16.5 15 0
      vertex 0.439992 12.1421 0
    endloop
  endfacet
  facet normal 0 0 -1
    outer loop
      vertex 0.148165 12.1935 0
      vertex 16.5 15 0
      vertex 0.295201 12.1742 0
    endloop
  endfacet
  facet normal 0 0 -1
    outer loop
      vertex 0 12.2 0
      vertex 16.5 15 0
      vertex 0.148165 12.1935 0
    endloop
  endfacet
  facet normal 0 0 -1
    outer loop
      vertex -16.5 15 0
      vertex 0 12.2 0
      vertex -0.148165 12.1935 0
    endloop
  endfacet
  facet normal 0 0 -1
    outer loop
      vertex -16.5 15 0
      vertex -0.148165 12.1935 0
      vertex -0.295201 12.1742 0
    endloop
  endfacet
  facet normal 0 0 -1
    outer loop
      vertex 0 12.2 0
      vertex -16.5 15 0
      vertex 16.5 15 0
    endloop
  endfacet
  facet normal 0 0 -1
    outer loop
      vertex -0.439992 12.1421 0
      vertex -16.5 15 0
      vertex -0.295201 12.1742 0
    endloop
  endfacet
  facet normal 0 0 -1
    outer loop
      vertex -0.581433 12.0975 0
      vertex -16.5 15 0
      vertex -0.439992 12.1421 0
    endloop
  endfacet
  facet normal 0 0 -1
    outer loop
      vertex -0.718451 12.0407 0
      vertex -16.5 15 0
      vertex -0.581433 12.0975 0
    endloop
  endfacet
  facet normal 0 0 -1
    outer loop
      vertex -0.849999 11.9722 0
      vertex -16.5 15 0
      vertex -0.718451 12.0407 0
    endloop
  endfacet
  facet normal 0 0 -1
    outer loop
      vertex -0.97508 11.8926 0
      vertex -16.5 15 0
      vertex -0.849999 11.9722 0
    endloop
  endfacet
  facet normal 0 0 -1
    outer loop
      vertex -1.09274 11.8023 0
      vertex -16.5 15 0
      vertex -0.97508 11.8926 0
    endloop
  endfacet
  facet normal 0 0 -1
    outer loop
      vertex -1.20208 11.7021 0
      vertex -16.5 15 0
      vertex -1.09274 11.8023 0
    endloop
  endfacet
  facet normal 0 0 -1
    outer loop
      vertex -1.30227 11.5927 0
      vertex -16.5 15 0
      vertex -1.20208 11.7021 0
    endloop
  endfacet
  facet normal 0 0 -1
    outer loop
      vertex -1.39256 11.4751 0
      vertex -16.5 15 0
      vertex -1.30227 11.5927 0
    endloop
  endfacet
  facet normal 0 0 -1
    outer loop
      vertex -1.47224 11.35 0
      vertex -16.5 15 0
      vertex -1.39256 11.4751 0
    endloop
  endfacet
  facet normal 0 0 -1
    outer loop
      vertex -1.54072 11.2185 0
      vertex -16.5 15 0
      vertex -1.47224 11.35 0
    endloop
  endfacet
  facet normal 0 0 -1
    outer loop
      vertex -1.59748 11.0814 0
      vertex -16.5 15 0
      vertex -1.54072 11.2185 0
    endloop
  endfacet
  facet normal 0 0 -1
    outer loop
      vertex -1.64207 10.94 0
      vertex -16.5 15 0
      vertex -1.59748 11.0814 0
    endloop
  endfacet
  facet normal 0 0 -1
    outer loop
      vertex -1.67417 10.7952 0
      vertex -16.5 15 0
      vertex -1.64207 10.94 0
    endloop
  endfacet
  facet normal 0 0 -1
    outer loop
      vertex -1.69353 10.6482 0
      vertex -16.5 15 0
      vertex -1.67417 10.7952 0
    endloop
  endfacet
  facet normal 0 0 -1
    outer loop
      vertex -16.5 15 0
      vertex -1.69353 10.6482 0
      vertex -1.7 10.5 0
    endloop
  endfacet
  facet normal -0.793183 0.608984 0
    outer loop
      vertex 1.30227 -11.5927 0
      vertex 1.39256 -11.4751 1.9
      vertex 1.39256 -11.4751 0
    endloop
  endfacet
  facet normal -0.793183 0.608984 0
    outer loop
      vertex 1.39256 -11.4751 1.9
      vertex 1.30227 -11.5927 0
      vertex 1.30227 -11.5927 1.9
    endloop
  endfacet
  facet normal -0.953704 0.300747 0
    outer loop
      vertex 1.59748 -11.0814 0
      vertex 1.64207 -10.94 1.9
      vertex 1.64207 -10.94 0
    endloop
  endfacet
  facet normal -0.953704 0.300747 0
    outer loop
      vertex 1.64207 -10.94 1.9
      vertex 1.59748 -11.0814 0
      vertex 1.59748 -11.0814 1.9
    endloop
  endfacet
  facet normal -0.991439 -0.130573 0
    outer loop
      vertex 1.69353 -10.3518 0
      vertex 1.67417 -10.2048 1.9
      vertex 1.67417 -10.2048 0
    endloop
  endfacet
  facet normal -0.991439 -0.130573 0
    outer loop
      vertex 1.67417 -10.2048 1.9
      vertex 1.69353 -10.3518 0
      vertex 1.69353 -10.3518 1.9
    endloop
  endfacet
  facet normal -0.608831 0.7933 0
    outer loop
      vertex 1.09274 -11.8023 0
      vertex 0.97508 -11.8926 1.9
      vertex 1.09274 -11.8023 1.9
    endloop
  endfacet
  facet normal -0.608831 0.7933 0
    outer loop
      vertex 0.97508 -11.8926 1.9
      vertex 1.09274 -11.8023 0
      vertex 0.97508 -11.8926 0
    endloop
  endfacet
  facet normal 0.737283 -0.675584 0
    outer loop
      vertex -1.30227 -9.40726 1.9
      vertex -1.20208 -9.29792 0
      vertex -1.20208 -9.29792 1.9
    endloop
  endfacet
  facet normal 0.737283 -0.675584 0
    outer loop
      vertex -1.20208 -9.29792 0
      vertex -1.30227 -9.40726 1.9
      vertex -1.30227 -9.40726 0
    endloop
  endfacet
  facet normal -0.216444 -0.976295 0
    outer loop
      vertex 0.295201 -8.82583 0
      vertex 0.439992 -8.85793 1.9
      vertex 0.295201 -8.82583 1.9
    endloop
  endfacet
  facet normal -0.216444 -0.976295 -0
    outer loop
      vertex 0.439992 -8.85793 1.9
      vertex 0.295201 -8.82583 0
      vertex 0.439992 -8.85793 0
    endloop
  endfacet
  facet normal 0.382714 -0.923867 0
    outer loop
      vertex -0.718451 -8.95928 0
      vertex -0.581433 -8.90252 1.9
      vertex -0.718451 -8.95928 1.9
    endloop
  endfacet
  facet normal 0.382714 -0.923867 0
    outer loop
      vertex -0.581433 -8.90252 1.9
      vertex -0.718451 -8.95928 0
      vertex -0.581433 -8.90252 0
    endloop
  endfacet
  facet normal -0.923869 -0.382709 0
    outer loop
      vertex 1.59748 -9.91857 0
      vertex 1.54072 -9.78155 1.9
      vertex 1.54072 -9.78155 0
    endloop
  endfacet
  facet normal -0.923869 -0.382709 0
    outer loop
      vertex 1.54072 -9.78155 1.9
      vertex 1.59748 -9.91857 0
      vertex 1.59748 -9.91857 1.9
    endloop
  endfacet
  facet normal -0.737467 0.675383 0
    outer loop
      vertex 1.20208 -11.7021 0
      vertex 1.30227 -11.5927 1.9
      vertex 1.30227 -11.5927 0
    endloop
  endfacet
  facet normal -0.737467 0.675383 0
    outer loop
      vertex 1.30227 -11.5927 1.9
      vertex 1.20208 -11.7021 0
      vertex 1.20208 -11.7021 1.9
    endloop
  endfacet
  facet normal -0.608746 -0.793365 0
    outer loop
      vertex 0.97508 -9.10744 0
      vertex 1.09274 -9.19772 1.9
      vertex 0.97508 -9.10744 1.9
    endloop
  endfacet
  facet normal -0.608746 -0.793365 -0
    outer loop
      vertex 1.09274 -9.19772 1.9
      vertex 0.97508 -9.10744 0
      vertex 1.09274 -9.19772 0
    endloop
  endfacet
  facet normal -0.300729 0.95371 0
    outer loop
      vertex 0.581433 -12.0975 0
      vertex 0.439992 -12.1421 1.9
      vertex 0.581433 -12.0975 1.9
    endloop
  endfacet
  facet normal -0.300729 0.95371 0
    outer loop
      vertex 0.439992 -12.1421 1.9
      vertex 0.581433 -12.0975 0
      vertex 0.439992 -12.1421 0
    endloop
  endfacet
  facet normal 0.608831 0.7933 -0
    outer loop
      vertex -0.97508 -11.8926 0
      vertex -1.09274 -11.8023 1.9
      vertex -0.97508 -11.8926 1.9
    endloop
  endfacet
  facet normal 0.608831 0.7933 0
    outer loop
      vertex -1.09274 -11.8023 1.9
      vertex -0.97508 -11.8926 0
      vertex -1.09274 -11.8023 0
    endloop
  endfacet
  facet normal -0.886941 0.461884 0
    outer loop
      vertex 1.47224 -11.35 0
      vertex 1.54072 -11.2185 1.9
      vertex 1.54072 -11.2185 0
    endloop
  endfacet
  facet normal -0.886941 0.461884 0
    outer loop
      vertex 1.54072 -11.2185 1.9
      vertex 1.47224 -11.35 0
      vertex 1.47224 -11.35 1.9
    endloop
  endfacet
  facet normal 0.216444 -0.976295 0
    outer loop
      vertex -0.439992 -8.85793 0
      vertex -0.295201 -8.82583 1.9
      vertex -0.439992 -8.85793 1.9
    endloop
  endfacet
  facet normal 0.216444 -0.976295 0
    outer loop
      vertex -0.295201 -8.82583 1.9
      vertex -0.439992 -8.85793 0
      vertex -0.295201 -8.82583 0
    endloop
  endfacet
  facet normal 0.923948 0.382518 0
    outer loop
      vertex -1.54072 -11.2185 1.9
      vertex -1.59748 -11.0814 0
      vertex -1.59748 -11.0814 1.9
    endloop
  endfacet
  facet normal 0.923948 0.382518 0
    outer loop
      vertex -1.59748 -11.0814 0
      vertex -1.54072 -11.2185 1.9
      vertex -1.54072 -11.2185 0
    endloop
  endfacet
  facet normal -0.843406 -0.537277 0
    outer loop
      vertex 1.47224 -9.65 0
      vertex 1.39256 -9.52492 1.9
      vertex 1.39256 -9.52492 0
    endloop
  endfacet
  facet normal -0.843406 -0.537277 0
    outer loop
      vertex 1.39256 -9.52492 1.9
      vertex 1.47224 -9.65 0
      vertex 1.47224 -9.65 1.9
    endloop
  endfacet
  facet normal -0.461751 -0.88701 0
    outer loop
      vertex 0.718451 -8.95928 0
      vertex 0.849999 -9.02776 1.9
      vertex 0.718451 -8.95928 1.9
    endloop
  endfacet
  facet normal -0.461751 -0.88701 -0
    outer loop
      vertex 0.849999 -9.02776 1.9
      vertex 0.718451 -8.95928 0
      vertex 0.849999 -9.02776 0
    endloop
  endfacet
  facet normal 0.999048 -0.0436157 0
    outer loop
      vertex -1.7 -10.5 1.9
      vertex -1.69353 -10.3518 0
      vertex -1.69353 -10.3518 1.9
    endloop
  endfacet
  facet normal 0.999048 -0.0436157 0
    outer loop
      vertex -1.69353 -10.3518 0
      vertex -1.7 -10.5 1.9
      vertex -1.7 -10.5 0
    endloop
  endfacet
  facet normal 0.382944 0.923772 -0
    outer loop
      vertex -0.581433 -12.0975 0
      vertex -0.718451 -12.0407 1.9
      vertex -0.581433 -12.0975 1.9
    endloop
  endfacet
  facet normal 0.382944 0.923772 0
    outer loop
      vertex -0.718451 -12.0407 1.9
      vertex -0.581433 -12.0975 0
      vertex -0.718451 -12.0407 0
    endloop
  endfacet
  facet normal -0.999048 -0.0436157 0
    outer loop
      vertex 1.7 -10.5 0
      vertex 1.69353 -10.3518 1.9
      vertex 1.69353 -10.3518 0
    endloop
  endfacet
  facet normal -0.999048 -0.0436157 0
    outer loop
      vertex 1.69353 -10.3518 1.9
      vertex 1.7 -10.5 0
      vertex 1.7 -10.5 1.9
    endloop
  endfacet
  facet normal 0.300729 0.95371 -0
    outer loop
      vertex -0.439992 -12.1421 0
      vertex -0.581433 -12.0975 1.9
      vertex -0.439992 -12.1421 1.9
    endloop
  endfacet
  facet normal 0.300729 0.95371 0
    outer loop
      vertex -0.581433 -12.0975 1.9
      vertex -0.439992 -12.1421 0
      vertex -0.581433 -12.0975 0
    endloop
  endfacet
  facet normal -0.999048 0.0436157 0
    outer loop
      vertex 1.69353 -10.6482 0
      vertex 1.7 -10.5 1.9
      vertex 1.7 -10.5 0
    endloop
  endfacet
  facet normal -0.999048 0.0436157 0
    outer loop
      vertex 1.7 -10.5 1.9
      vertex 1.69353 -10.6482 0
      vertex 1.69353 -10.6482 1.9
    endloop
  endfacet
  facet normal 0.53689 0.843652 -0
    outer loop
      vertex -0.849999 -11.9722 0
      vertex -0.97508 -11.8926 1.9
      vertex -0.849999 -11.9722 1.9
    endloop
  endfacet
  facet normal 0.53689 0.843652 0
    outer loop
      vertex -0.97508 -11.8926 1.9
      vertex -0.849999 -11.9722 0
      vertex -0.97508 -11.8926 0
    endloop
  endfacet
  facet normal -0.976298 -0.216431 0
    outer loop
      vertex 1.67417 -10.2048 0
      vertex 1.64207 -10.06 1.9
      vertex 1.64207 -10.06 0
    endloop
  endfacet
  facet normal -0.976298 -0.216431 0
    outer loop
      vertex 1.64207 -10.06 1.9
      vertex 1.67417 -10.2048 0
      vertex 1.67417 -10.2048 1.9
    endloop
  endfacet
  facet normal 0.793183 0.608984 0
    outer loop
      vertex -1.30227 -11.5927 1.9
      vertex -1.39256 -11.4751 0
      vertex -1.39256 -11.4751 1.9
    endloop
  endfacet
  facet normal 0.793183 0.608984 0
    outer loop
      vertex -1.39256 -11.4751 0
      vertex -1.30227 -11.5927 1.9
      vertex -1.30227 -11.5927 0
    endloop
  endfacet
  facet normal 0.886941 0.461884 0
    outer loop
      vertex -1.47224 -11.35 1.9
      vertex -1.54072 -11.2185 0
      vertex -1.54072 -11.2185 1.9
    endloop
  endfacet
  facet normal 0.886941 0.461884 0
    outer loop
      vertex -1.54072 -11.2185 0
      vertex -1.47224 -11.35 1.9
      vertex -1.47224 -11.35 0
    endloop
  endfacet
  facet normal 0.461857 0.886954 -0
    outer loop
      vertex -0.718451 -12.0407 0
      vertex -0.849999 -11.9722 1.9
      vertex -0.718451 -12.0407 1.9
    endloop
  endfacet
  facet normal 0.461857 0.886954 0
    outer loop
      vertex -0.849999 -11.9722 1.9
      vertex -0.718451 -12.0407 0
      vertex -0.849999 -11.9722 0
    endloop
  endfacet
  facet normal 0.675621 -0.737249 0
    outer loop
      vertex -1.20208 -9.29792 0
      vertex -1.09274 -9.19772 1.9
      vertex -1.20208 -9.29792 1.9
    endloop
  endfacet
  facet normal 0.675621 -0.737249 0
    outer loop
      vertex -1.09274 -9.19772 1.9
      vertex -1.20208 -9.29792 0
      vertex -1.09274 -9.19772 0
    endloop
  endfacet
  facet normal 0.976298 0.216431 0
    outer loop
      vertex -1.64207 -10.94 1.9
      vertex -1.67417 -10.7952 0
      vertex -1.67417 -10.7952 1.9
    endloop
  endfacet
  facet normal 0.976298 0.216431 0
    outer loop
      vertex -1.67417 -10.7952 0
      vertex -1.64207 -10.94 1.9
      vertex -1.64207 -10.94 0
    endloop
  endfacet
  facet normal -0.53689 0.843652 0
    outer loop
      vertex 0.97508 -11.8926 0
      vertex 0.849999 -11.9722 1.9
      vertex 0.97508 -11.8926 1.9
    endloop
  endfacet
  facet normal -0.53689 0.843652 0
    outer loop
      vertex 0.849999 -11.9722 1.9
      vertex 0.97508 -11.8926 0
      vertex 0.849999 -11.9722 0
    endloop
  endfacet
  facet normal -0.923948 0.382518 0
    outer loop
      vertex 1.54072 -11.2185 0
      vertex 1.59748 -11.0814 1.9
      vertex 1.59748 -11.0814 0
    endloop
  endfacet
  facet normal -0.923948 0.382518 0
    outer loop
      vertex 1.59748 -11.0814 1.9
      vertex 1.54072 -11.2185 0
      vertex 1.54072 -11.2185 1.9
    endloop
  endfacet
  facet normal -0.793333 -0.608788 0
    outer loop
      vertex 1.39256 -9.52492 0
      vertex 1.30227 -9.40726 1.9
      vertex 1.30227 -9.40726 0
    endloop
  endfacet
  facet normal -0.793333 -0.608788 0
    outer loop
      vertex 1.30227 -9.40726 1.9
      vertex 1.39256 -9.52492 0
      vertex 1.39256 -9.52492 1.9
    endloop
  endfacet
  facet normal -0.216444 0.976295 0
    outer loop
      vertex 0.439992 -12.1421 0
      vertex 0.295201 -12.1742 1.9
      vertex 0.439992 -12.1421 1.9
    endloop
  endfacet
  facet normal -0.216444 0.976295 0
    outer loop
      vertex 0.295201 -12.1742 1.9
      vertex 0.439992 -12.1421 0
      vertex 0.295201 -12.1742 0
    endloop
  endfacet
  facet normal 0.737467 0.675383 0
    outer loop
      vertex -1.20208 -11.7021 1.9
      vertex -1.30227 -11.5927 0
      vertex -1.30227 -11.5927 1.9
    endloop
  endfacet
  facet normal 0.737467 0.675383 0
    outer loop
      vertex -1.30227 -11.5927 0
      vertex -1.20208 -11.7021 1.9
      vertex -1.20208 -11.7021 0
    endloop
  endfacet
  facet normal 0.216444 0.976295 -0
    outer loop
      vertex -0.295201 -12.1742 0
      vertex -0.439992 -12.1421 1.9
      vertex -0.295201 -12.1742 1.9
    endloop
  endfacet
  facet normal 0.216444 0.976295 0
    outer loop
      vertex -0.439992 -12.1421 1.9
      vertex -0.295201 -12.1742 0
      vertex -0.439992 -12.1421 0
    endloop
  endfacet
  facet normal 0.793333 -0.608788 0
    outer loop
      vertex -1.39256 -9.52492 1.9
      vertex -1.30227 -9.40726 0
      vertex -1.30227 -9.40726 1.9
    endloop
  endfacet
  facet normal 0.793333 -0.608788 0
    outer loop
      vertex -1.30227 -9.40726 0
      vertex -1.39256 -9.52492 1.9
      vertex -1.39256 -9.52492 0
    endloop
  endfacet
  facet normal -0.953722 -0.300689 0
    outer loop
      vertex 1.64207 -10.06 0
      vertex 1.59748 -9.91857 1.9
      vertex 1.59748 -9.91857 0
    endloop
  endfacet
  facet normal -0.953722 -0.300689 0
    outer loop
      vertex 1.59748 -9.91857 1.9
      vertex 1.64207 -10.06 0
      vertex 1.64207 -10.06 1.9
    endloop
  endfacet
  facet normal 0.130542 -0.991443 0
    outer loop
      vertex -0.295201 -8.82583 0
      vertex -0.148165 -8.80647 1.9
      vertex -0.295201 -8.82583 1.9
    endloop
  endfacet
  facet normal 0.130542 -0.991443 0
    outer loop
      vertex -0.148165 -8.80647 1.9
      vertex -0.295201 -8.82583 0
      vertex -0.148165 -8.80647 0
    endloop
  endfacet
  facet normal 0.0438279 0.999039 -0
    outer loop
      vertex 0 -12.2 0
      vertex -0.148165 -12.1935 1.9
      vertex 0 -12.2 1.9
    endloop
  endfacet
  facet normal 0.0438279 0.999039 0
    outer loop
      vertex -0.148165 -12.1935 1.9
      vertex 0 -12.2 0
      vertex -0.148165 -12.1935 0
    endloop
  endfacet
  facet normal 0.953722 -0.300689 0
    outer loop
      vertex -1.64207 -10.06 1.9
      vertex -1.59748 -9.91857 0
      vertex -1.59748 -9.91857 1.9
    endloop
  endfacet
  facet normal 0.953722 -0.300689 0
    outer loop
      vertex -1.59748 -9.91857 0
      vertex -1.64207 -10.06 1.9
      vertex -1.64207 -10.06 0
    endloop
  endfacet
  facet normal -0.843445 0.537216 0
    outer loop
      vertex 1.39256 -11.4751 0
      vertex 1.47224 -11.35 1.9
      vertex 1.47224 -11.35 0
    endloop
  endfacet
  facet normal -0.843445 0.537216 0
    outer loop
      vertex 1.47224 -11.35 1.9
      vertex 1.39256 -11.4751 0
      vertex 1.39256 -11.4751 1.9
    endloop
  endfacet
  facet normal 0.991439 0.130573 0
    outer loop
      vertex -1.67417 -10.7952 1.9
      vertex -1.69353 -10.6482 0
      vertex -1.69353 -10.6482 1.9
    endloop
  endfacet
  facet normal 0.991439 0.130573 0
    outer loop
      vertex -1.69353 -10.6482 0
      vertex -1.67417 -10.7952 1.9
      vertex -1.67417 -10.7952 0
    endloop
  endfacet
  facet normal -0.675621 -0.737249 0
    outer loop
      vertex 1.09274 -9.19772 0
      vertex 1.20208 -9.29792 1.9
      vertex 1.09274 -9.19772 1.9
    endloop
  endfacet
  facet normal -0.675621 -0.737249 -0
    outer loop
      vertex 1.20208 -9.29792 1.9
      vertex 1.09274 -9.19772 0
      vertex 1.20208 -9.29792 0
    endloop
  endfacet
  facet normal -0.887012 -0.461745 0
    outer loop
      vertex 1.54072 -9.78155 0
      vertex 1.47224 -9.65 1.9
      vertex 1.47224 -9.65 0
    endloop
  endfacet
  facet normal -0.887012 -0.461745 0
    outer loop
      vertex 1.47224 -9.65 1.9
      vertex 1.54072 -9.78155 0
      vertex 1.54072 -9.78155 1.9
    endloop
  endfacet
  facet normal -0.0438279 0.999039 0
    outer loop
      vertex 0.148165 -12.1935 0
      vertex 0 -12.2 1.9
      vertex 0.148165 -12.1935 1.9
    endloop
  endfacet
  facet normal -0.0438279 0.999039 0
    outer loop
      vertex 0 -12.2 1.9
      vertex 0.148165 -12.1935 0
      vertex 0 -12.2 0
    endloop
  endfacet
  facet normal -0.991439 0.130573 0
    outer loop
      vertex 1.67417 -10.7952 0
      vertex 1.69353 -10.6482 1.9
      vertex 1.69353 -10.6482 0
    endloop
  endfacet
  facet normal -0.991439 0.130573 0
    outer loop
      vertex 1.69353 -10.6482 1.9
      vertex 1.67417 -10.7952 0
      vertex 1.67417 -10.7952 1.9
    endloop
  endfacet
  facet normal -0.737283 -0.675584 0
    outer loop
      vertex 1.30227 -9.40726 0
      vertex 1.20208 -9.29792 1.9
      vertex 1.20208 -9.29792 0
    endloop
  endfacet
  facet normal -0.737283 -0.675584 0
    outer loop
      vertex 1.20208 -9.29792 1.9
      vertex 1.30227 -9.40726 0
      vertex 1.30227 -9.40726 1.9
    endloop
  endfacet
  facet normal -0.537274 -0.843408 0
    outer loop
      vertex 0.849999 -9.02776 0
      vertex 0.97508 -9.10744 1.9
      vertex 0.849999 -9.02776 1.9
    endloop
  endfacet
  facet normal -0.537274 -0.843408 -0
    outer loop
      vertex 0.97508 -9.10744 1.9
      vertex 0.849999 -9.02776 0
      vertex 0.97508 -9.10744 0
    endloop
  endfacet
  facet normal 0.608746 -0.793365 0
    outer loop
      vertex -1.09274 -9.19772 0
      vertex -0.97508 -9.10744 1.9
      vertex -1.09274 -9.19772 1.9
    endloop
  endfacet
  facet normal 0.608746 -0.793365 0
    outer loop
      vertex -0.97508 -9.10744 1.9
      vertex -1.09274 -9.19772 0
      vertex -0.97508 -9.10744 0
    endloop
  endfacet
  facet normal -0.382714 -0.923867 0
    outer loop
      vertex 0.581433 -8.90252 0
      vertex 0.718451 -8.95928 1.9
      vertex 0.581433 -8.90252 1.9
    endloop
  endfacet
  facet normal -0.382714 -0.923867 -0
    outer loop
      vertex 0.718451 -8.95928 1.9
      vertex 0.581433 -8.90252 0
      vertex 0.718451 -8.95928 0
    endloop
  endfacet
  facet normal 0.991439 -0.130573 0
    outer loop
      vertex -1.69353 -10.3518 1.9
      vertex -1.67417 -10.2048 0
      vertex -1.67417 -10.2048 1.9
    endloop
  endfacet
  facet normal 0.991439 -0.130573 0
    outer loop
      vertex -1.67417 -10.2048 0
      vertex -1.69353 -10.3518 1.9
      vertex -1.69353 -10.3518 0
    endloop
  endfacet
  facet normal -0.675621 0.737249 0
    outer loop
      vertex 1.20208 -11.7021 0
      vertex 1.09274 -11.8023 1.9
      vertex 1.20208 -11.7021 1.9
    endloop
  endfacet
  facet normal -0.675621 0.737249 0
    outer loop
      vertex 1.09274 -11.8023 1.9
      vertex 1.20208 -11.7021 0
      vertex 1.09274 -11.8023 0
    endloop
  endfacet
  facet normal 0.976298 -0.216431 0
    outer loop
      vertex -1.67417 -10.2048 1.9
      vertex -1.64207 -10.06 0
      vertex -1.64207 -10.06 1.9
    endloop
  endfacet
  facet normal 0.976298 -0.216431 0
    outer loop
      vertex -1.64207 -10.06 0
      vertex -1.67417 -10.2048 1.9
      vertex -1.67417 -10.2048 0
    endloop
  endfacet
  facet normal 0.300668 -0.953729 0
    outer loop
      vertex -0.581433 -8.90252 0
      vertex -0.439992 -8.85793 1.9
      vertex -0.581433 -8.90252 1.9
    endloop
  endfacet
  facet normal 0.300668 -0.953729 0
    outer loop
      vertex -0.439992 -8.85793 1.9
      vertex -0.581433 -8.90252 0
      vertex -0.439992 -8.85793 0
    endloop
  endfacet
  facet normal 0.843406 -0.537277 0
    outer loop
      vertex -1.47224 -9.65 1.9
      vertex -1.39256 -9.52492 0
      vertex -1.39256 -9.52492 1.9
    endloop
  endfacet
  facet normal 0.843406 -0.537277 0
    outer loop
      vertex -1.39256 -9.52492 0
      vertex -1.47224 -9.65 1.9
      vertex -1.47224 -9.65 0
    endloop
  endfacet
  facet normal -0.130144 0.991495 0
    outer loop
      vertex 0.295201 -12.1742 0
      vertex 0.148165 -12.1935 1.9
      vertex 0.295201 -12.1742 1.9
    endloop
  endfacet
  facet normal -0.130144 0.991495 0
    outer loop
      vertex 0.148165 -12.1935 1.9
      vertex 0.295201 -12.1742 0
      vertex 0.148165 -12.1935 0
    endloop
  endfacet
  facet normal -0.976298 0.216431 0
    outer loop
      vertex 1.64207 -10.94 0
      vertex 1.67417 -10.7952 1.9
      vertex 1.67417 -10.7952 0
    endloop
  endfacet
  facet normal -0.976298 0.216431 0
    outer loop
      vertex 1.67417 -10.7952 1.9
      vertex 1.64207 -10.94 0
      vertex 1.64207 -10.94 1.9
    endloop
  endfacet
  facet normal 0.843445 0.537216 0
    outer loop
      vertex -1.39256 -11.4751 1.9
      vertex -1.47224 -11.35 0
      vertex -1.47224 -11.35 1.9
    endloop
  endfacet
  facet normal 0.843445 0.537216 0
    outer loop
      vertex -1.47224 -11.35 0
      vertex -1.39256 -11.4751 1.9
      vertex -1.39256 -11.4751 0
    endloop
  endfacet
  facet normal 0.043626 -0.999048 0
    outer loop
      vertex -0.148165 -8.80647 0
      vertex 0 -8.8 1.9
      vertex -0.148165 -8.80647 1.9
    endloop
  endfacet
  facet normal 0.043626 -0.999048 0
    outer loop
      vertex 0 -8.8 1.9
      vertex -0.148165 -8.80647 0
      vertex 0 -8.8 0
    endloop
  endfacet
  facet normal 0.923869 -0.382709 0
    outer loop
      vertex -1.59748 -9.91857 1.9
      vertex -1.54072 -9.78155 0
      vertex -1.54072 -9.78155 1.9
    endloop
  endfacet
  facet normal 0.923869 -0.382709 0
    outer loop
      vertex -1.54072 -9.78155 0
      vertex -1.59748 -9.91857 1.9
      vertex -1.59748 -9.91857 0
    endloop
  endfacet
  facet normal 0.953704 0.300747 0
    outer loop
      vertex -1.59748 -11.0814 1.9
      vertex -1.64207 -10.94 0
      vertex -1.64207 -10.94 1.9
    endloop
  endfacet
  facet normal 0.953704 0.300747 0
    outer loop
      vertex -1.64207 -10.94 0
      vertex -1.59748 -11.0814 1.9
      vertex -1.59748 -11.0814 0
    endloop
  endfacet
  facet normal 0.675621 0.737249 -0
    outer loop
      vertex -1.09274 -11.8023 0
      vertex -1.20208 -11.7021 1.9
      vertex -1.09274 -11.8023 1.9
    endloop
  endfacet
  facet normal 0.675621 0.737249 0
    outer loop
      vertex -1.20208 -11.7021 1.9
      vertex -1.09274 -11.8023 0
      vertex -1.20208 -11.7021 0
    endloop
  endfacet
  facet normal -0.300668 -0.953729 0
    outer loop
      vertex 0.439992 -8.85793 0
      vertex 0.581433 -8.90252 1.9
      vertex 0.439992 -8.85793 1.9
    endloop
  endfacet
  facet normal -0.300668 -0.953729 -0
    outer loop
      vertex 0.581433 -8.90252 1.9
      vertex 0.439992 -8.85793 0
      vertex 0.581433 -8.90252 0
    endloop
  endfacet
  facet normal -0.382944 0.923772 0
    outer loop
      vertex 0.718451 -12.0407 0
      vertex 0.581433 -12.0975 1.9
      vertex 0.718451 -12.0407 1.9
    endloop
  endfacet
  facet normal -0.382944 0.923772 0
    outer loop
      vertex 0.581433 -12.0975 1.9
      vertex 0.718451 -12.0407 0
      vertex 0.581433 -12.0975 0
    endloop
  endfacet
  facet normal -0.461857 0.886954 0
    outer loop
      vertex 0.849999 -11.9722 0
      vertex 0.718451 -12.0407 1.9
      vertex 0.849999 -11.9722 1.9
    endloop
  endfacet
  facet normal -0.461857 0.886954 0
    outer loop
      vertex 0.718451 -12.0407 1.9
      vertex 0.849999 -11.9722 0
      vertex 0.718451 -12.0407 0
    endloop
  endfacet
  facet normal 0.537274 -0.843408 0
    outer loop
      vertex -0.97508 -9.10744 0
      vertex -0.849999 -9.02776 1.9
      vertex -0.97508 -9.10744 1.9
    endloop
  endfacet
  facet normal 0.537274 -0.843408 0
    outer loop
      vertex -0.849999 -9.02776 1.9
      vertex -0.97508 -9.10744 0
      vertex -0.849999 -9.02776 0
    endloop
  endfacet
  facet normal 0.461751 -0.88701 0
    outer loop
      vertex -0.849999 -9.02776 0
      vertex -0.718451 -8.95928 1.9
      vertex -0.849999 -9.02776 1.9
    endloop
  endfacet
  facet normal 0.461751 -0.88701 0
    outer loop
      vertex -0.718451 -8.95928 1.9
      vertex -0.849999 -9.02776 0
      vertex -0.718451 -8.95928 0
    endloop
  endfacet
  facet normal 0.887012 -0.461745 0
    outer loop
      vertex -1.54072 -9.78155 1.9
      vertex -1.47224 -9.65 0
      vertex -1.47224 -9.65 1.9
    endloop
  endfacet
  facet normal 0.887012 -0.461745 0
    outer loop
      vertex -1.47224 -9.65 0
      vertex -1.54072 -9.78155 1.9
      vertex -1.54072 -9.78155 0
    endloop
  endfacet
  facet normal -0.043626 -0.999048 0
    outer loop
      vertex 0 -8.8 0
      vertex 0.148165 -8.80647 1.9
      vertex 0 -8.8 1.9
    endloop
  endfacet
  facet normal -0.043626 -0.999048 -0
    outer loop
      vertex 0.148165 -8.80647 1.9
      vertex 0 -8.8 0
      vertex 0.148165 -8.80647 0
    endloop
  endfacet
  facet normal 0.999048 0.0436157 0
    outer loop
      vertex -1.69353 -10.6482 1.9
      vertex -1.7 -10.5 0
      vertex -1.7 -10.5 1.9
    endloop
  endfacet
  facet normal 0.999048 0.0436157 0
    outer loop
      vertex -1.7 -10.5 0
      vertex -1.69353 -10.6482 1.9
      vertex -1.69353 -10.6482 0
    endloop
  endfacet
  facet normal 0.130144 0.991495 -0
    outer loop
      vertex -0.148165 -12.1935 0
      vertex -0.295201 -12.1742 1.9
      vertex -0.148165 -12.1935 1.9
    endloop
  endfacet
  facet normal 0.130144 0.991495 0
    outer loop
      vertex -0.295201 -12.1742 1.9
      vertex -0.148165 -12.1935 0
      vertex -0.295201 -12.1742 0
    endloop
  endfacet
  facet normal -0.130542 -0.991443 0
    outer loop
      vertex 0.148165 -8.80647 0
      vertex 0.295201 -8.82583 1.9
      vertex 0.148165 -8.80647 1.9
    endloop
  endfacet
  facet normal -0.130542 -0.991443 -0
    outer loop
      vertex 0.295201 -8.82583 1.9
      vertex 0.148165 -8.80647 0
      vertex 0.295201 -8.82583 0
    endloop
  endfacet
  facet normal -0.737467 -0.675383 0
    outer loop
      vertex 1.30227 11.5927 0
      vertex 1.20208 11.7021 1.9
      vertex 1.20208 11.7021 0
    endloop
  endfacet
  facet normal -0.737467 -0.675383 0
    outer loop
      vertex 1.20208 11.7021 1.9
      vertex 1.30227 11.5927 0
      vertex 1.30227 11.5927 1.9
    endloop
  endfacet
  facet normal -0.461857 -0.886954 0
    outer loop
      vertex 0.718451 12.0407 0
      vertex 0.849999 11.9722 1.9
      vertex 0.718451 12.0407 1.9
    endloop
  endfacet
  facet normal -0.461857 -0.886954 -0
    outer loop
      vertex 0.849999 11.9722 1.9
      vertex 0.718451 12.0407 0
      vertex 0.849999 11.9722 0
    endloop
  endfacet
  facet normal -0.608746 0.793365 0
    outer loop
      vertex 1.09274 9.19772 0
      vertex 0.97508 9.10744 1.9
      vertex 1.09274 9.19772 1.9
    endloop
  endfacet
  facet normal -0.608746 0.793365 0
    outer loop
      vertex 0.97508 9.10744 1.9
      vertex 1.09274 9.19772 0
      vertex 0.97508 9.10744 0
    endloop
  endfacet
  facet normal 0.953722 0.300689 0
    outer loop
      vertex -1.59748 9.91857 1.9
      vertex -1.64207 10.06 0
      vertex -1.64207 10.06 1.9
    endloop
  endfacet
  facet normal 0.953722 0.300689 0
    outer loop
      vertex -1.64207 10.06 0
      vertex -1.59748 9.91857 1.9
      vertex -1.59748 9.91857 0
    endloop
  endfacet
  facet normal 0.0438279 -0.999039 0
    outer loop
      vertex -0.148165 12.1935 0
      vertex 0 12.2 1.9
      vertex -0.148165 12.1935 1.9
    endloop
  endfacet
  facet normal 0.0438279 -0.999039 0
    outer loop
      vertex 0 12.2 1.9
      vertex -0.148165 12.1935 0
      vertex 0 12.2 0
    endloop
  endfacet
  facet normal 0.675621 0.737249 -0
    outer loop
      vertex -1.09274 9.19772 0
      vertex -1.20208 9.29792 1.9
      vertex -1.09274 9.19772 1.9
    endloop
  endfacet
  facet normal 0.675621 0.737249 0
    outer loop
      vertex -1.20208 9.29792 1.9
      vertex -1.09274 9.19772 0
      vertex -1.20208 9.29792 0
    endloop
  endfacet
  facet normal 0.537274 0.843408 -0
    outer loop
      vertex -0.849999 9.02776 0
      vertex -0.97508 9.10744 1.9
      vertex -0.849999 9.02776 1.9
    endloop
  endfacet
  facet normal 0.537274 0.843408 0
    outer loop
      vertex -0.97508 9.10744 1.9
      vertex -0.849999 9.02776 0
      vertex -0.97508 9.10744 0
    endloop
  endfacet
  facet normal 0.999048 0.0436157 0
    outer loop
      vertex -1.69353 10.3518 1.9
      vertex -1.7 10.5 0
      vertex -1.7 10.5 1.9
    endloop
  endfacet
  facet normal 0.999048 0.0436157 0
    outer loop
      vertex -1.7 10.5 0
      vertex -1.69353 10.3518 1.9
      vertex -1.69353 10.3518 0
    endloop
  endfacet
  facet normal -0.382944 -0.923772 0
    outer loop
      vertex 0.581433 12.0975 0
      vertex 0.718451 12.0407 1.9
      vertex 0.581433 12.0975 1.9
    endloop
  endfacet
  facet normal -0.382944 -0.923772 -0
    outer loop
      vertex 0.718451 12.0407 1.9
      vertex 0.581433 12.0975 0
      vertex 0.718451 12.0407 0
    endloop
  endfacet
  facet normal -0.843406 0.537277 0
    outer loop
      vertex 1.39256 9.52492 0
      vertex 1.47224 9.65 1.9
      vertex 1.47224 9.65 0
    endloop
  endfacet
  facet normal -0.843406 0.537277 0
    outer loop
      vertex 1.47224 9.65 1.9
      vertex 1.39256 9.52492 0
      vertex 1.39256 9.52492 1.9
    endloop
  endfacet
  facet normal 0.887012 0.461745 0
    outer loop
      vertex -1.47224 9.65 1.9
      vertex -1.54072 9.78155 0
      vertex -1.54072 9.78155 1.9
    endloop
  endfacet
  facet normal 0.887012 0.461745 0
    outer loop
      vertex -1.54072 9.78155 0
      vertex -1.47224 9.65 1.9
      vertex -1.47224 9.65 0
    endloop
  endfacet
  facet normal 0.461751 0.88701 -0
    outer loop
      vertex -0.718451 8.95928 0
      vertex -0.849999 9.02776 1.9
      vertex -0.718451 8.95928 1.9
    endloop
  endfacet
  facet normal 0.461751 0.88701 0
    outer loop
      vertex -0.849999 9.02776 1.9
      vertex -0.718451 8.95928 0
      vertex -0.849999 9.02776 0
    endloop
  endfacet
  facet normal -0.923948 -0.382518 0
    outer loop
      vertex 1.59748 11.0814 0
      vertex 1.54072 11.2185 1.9
      vertex 1.54072 11.2185 0
    endloop
  endfacet
  facet normal -0.923948 -0.382518 0
    outer loop
      vertex 1.54072 11.2185 1.9
      vertex 1.59748 11.0814 0
      vertex 1.59748 11.0814 1.9
    endloop
  endfacet
  facet normal 0.216444 0.976295 -0
    outer loop
      vertex -0.295201 8.82583 0
      vertex -0.439992 8.85793 1.9
      vertex -0.295201 8.82583 1.9
    endloop
  endfacet
  facet normal 0.216444 0.976295 0
    outer loop
      vertex -0.439992 8.85793 1.9
      vertex -0.295201 8.82583 0
      vertex -0.439992 8.85793 0
    endloop
  endfacet
  facet normal 0.923869 0.382709 0
    outer loop
      vertex -1.54072 9.78155 1.9
      vertex -1.59748 9.91857 0
      vertex -1.59748 9.91857 1.9
    endloop
  endfacet
  facet normal 0.923869 0.382709 0
    outer loop
      vertex -1.59748 9.91857 0
      vertex -1.54072 9.78155 1.9
      vertex -1.54072 9.78155 0
    endloop
  endfacet
  facet normal -0.953704 -0.300747 0
    outer loop
      vertex 1.64207 10.94 0
      vertex 1.59748 11.0814 1.9
      vertex 1.59748 11.0814 0
    endloop
  endfacet
  facet normal -0.953704 -0.300747 0
    outer loop
      vertex 1.59748 11.0814 1.9
      vertex 1.64207 10.94 0
      vertex 1.64207 10.94 1.9
    endloop
  endfacet
  facet normal 0.461857 -0.886954 0
    outer loop
      vertex -0.849999 11.9722 0
      vertex -0.718451 12.0407 1.9
      vertex -0.849999 11.9722 1.9
    endloop
  endfacet
  facet normal 0.461857 -0.886954 0
    outer loop
      vertex -0.718451 12.0407 1.9
      vertex -0.849999 11.9722 0
      vertex -0.718451 12.0407 0
    endloop
  endfacet
  facet normal 0.300729 -0.95371 0
    outer loop
      vertex -0.581433 12.0975 0
      vertex -0.439992 12.1421 1.9
      vertex -0.581433 12.0975 1.9
    endloop
  endfacet
  facet normal 0.300729 -0.95371 0
    outer loop
      vertex -0.439992 12.1421 1.9
      vertex -0.581433 12.0975 0
      vertex -0.439992 12.1421 0
    endloop
  endfacet
  facet normal -0.887012 0.461745 0
    outer loop
      vertex 1.47224 9.65 0
      vertex 1.54072 9.78155 1.9
      vertex 1.54072 9.78155 0
    endloop
  endfacet
  facet normal -0.887012 0.461745 0
    outer loop
      vertex 1.54072 9.78155 1.9
      vertex 1.47224 9.65 0
      vertex 1.47224 9.65 1.9
    endloop
  endfacet
  facet normal -0.991439 -0.130573 0
    outer loop
      vertex 1.69353 10.6482 0
      vertex 1.67417 10.7952 1.9
      vertex 1.67417 10.7952 0
    endloop
  endfacet
  facet normal -0.991439 -0.130573 0
    outer loop
      vertex 1.67417 10.7952 1.9
      vertex 1.69353 10.6482 0
      vertex 1.69353 10.6482 1.9
    endloop
  endfacet
  facet normal -0.886941 -0.461884 0
    outer loop
      vertex 1.54072 11.2185 0
      vertex 1.47224 11.35 1.9
      vertex 1.47224 11.35 0
    endloop
  endfacet
  facet normal -0.886941 -0.461884 0
    outer loop
      vertex 1.47224 11.35 1.9
      vertex 1.54072 11.2185 0
      vertex 1.54072 11.2185 1.9
    endloop
  endfacet
  facet normal 0.976298 0.216431 0
    outer loop
      vertex -1.64207 10.06 1.9
      vertex -1.67417 10.2048 0
      vertex -1.67417 10.2048 1.9
    endloop
  endfacet
  facet normal 0.976298 0.216431 0
    outer loop
      vertex -1.67417 10.2048 0
      vertex -1.64207 10.06 1.9
      vertex -1.64207 10.06 0
    endloop
  endfacet
  facet normal -0.130542 0.991443 0
    outer loop
      vertex 0.295201 8.82583 0
      vertex 0.148165 8.80647 1.9
      vertex 0.295201 8.82583 1.9
    endloop
  endfacet
  facet normal -0.130542 0.991443 0
    outer loop
      vertex 0.148165 8.80647 1.9
      vertex 0.295201 8.82583 0
      vertex 0.148165 8.80647 0
    endloop
  endfacet
  facet normal -0.991439 0.130573 0
    outer loop
      vertex 1.67417 10.2048 0
      vertex 1.69353 10.3518 1.9
      vertex 1.69353 10.3518 0
    endloop
  endfacet
  facet normal -0.991439 0.130573 0
    outer loop
      vertex 1.69353 10.3518 1.9
      vertex 1.67417 10.2048 0
      vertex 1.67417 10.2048 1.9
    endloop
  endfacet
  facet normal -0.999048 -0.0436157 0
    outer loop
      vertex 1.7 10.5 0
      vertex 1.69353 10.6482 1.9
      vertex 1.69353 10.6482 0
    endloop
  endfacet
  facet normal -0.999048 -0.0436157 0
    outer loop
      vertex 1.69353 10.6482 1.9
      vertex 1.7 10.5 0
      vertex 1.7 10.5 1.9
    endloop
  endfacet
  facet normal -0.793333 0.608788 0
    outer loop
      vertex 1.30227 9.40726 0
      vertex 1.39256 9.52492 1.9
      vertex 1.39256 9.52492 0
    endloop
  endfacet
  facet normal -0.793333 0.608788 0
    outer loop
      vertex 1.39256 9.52492 1.9
      vertex 1.30227 9.40726 0
      vertex 1.30227 9.40726 1.9
    endloop
  endfacet
  facet normal -0.793183 -0.608984 0
    outer loop
      vertex 1.39256 11.4751 0
      vertex 1.30227 11.5927 1.9
      vertex 1.30227 11.5927 0
    endloop
  endfacet
  facet normal -0.793183 -0.608984 0
    outer loop
      vertex 1.30227 11.5927 1.9
      vertex 1.39256 11.4751 0
      vertex 1.39256 11.4751 1.9
    endloop
  endfacet
  facet normal -0.300729 -0.95371 0
    outer loop
      vertex 0.439992 12.1421 0
      vertex 0.581433 12.0975 1.9
      vertex 0.439992 12.1421 1.9
    endloop
  endfacet
  facet normal -0.300729 -0.95371 -0
    outer loop
      vertex 0.581433 12.0975 1.9
      vertex 0.439992 12.1421 0
      vertex 0.581433 12.0975 0
    endloop
  endfacet
  facet normal 0.130144 -0.991495 0
    outer loop
      vertex -0.295201 12.1742 0
      vertex -0.148165 12.1935 1.9
      vertex -0.295201 12.1742 1.9
    endloop
  endfacet
  facet normal 0.130144 -0.991495 0
    outer loop
      vertex -0.148165 12.1935 1.9
      vertex -0.295201 12.1742 0
      vertex -0.148165 12.1935 0
    endloop
  endfacet
  facet normal -0.999048 0.0436157 0
    outer loop
      vertex 1.69353 10.3518 0
      vertex 1.7 10.5 1.9
      vertex 1.7 10.5 0
    endloop
  endfacet
  facet normal -0.999048 0.0436157 0
    outer loop
      vertex 1.7 10.5 1.9
      vertex 1.69353 10.3518 0
      vertex 1.69353 10.3518 1.9
    endloop
  endfacet
  facet normal -0.675621 -0.737249 0
    outer loop
      vertex 1.09274 11.8023 0
      vertex 1.20208 11.7021 1.9
      vertex 1.09274 11.8023 1.9
    endloop
  endfacet
  facet normal -0.675621 -0.737249 -0
    outer loop
      vertex 1.20208 11.7021 1.9
      vertex 1.09274 11.8023 0
      vertex 1.20208 11.7021 0
    endloop
  endfacet
  facet normal 0.991439 0.130573 0
    outer loop
      vertex -1.67417 10.2048 1.9
      vertex -1.69353 10.3518 0
      vertex -1.69353 10.3518 1.9
    endloop
  endfacet
  facet normal 0.991439 0.130573 0
    outer loop
      vertex -1.69353 10.3518 0
      vertex -1.67417 10.2048 1.9
      vertex -1.67417 10.2048 0
    endloop
  endfacet
  facet normal 0.886941 -0.461884 0
    outer loop
      vertex -1.54072 11.2185 1.9
      vertex -1.47224 11.35 0
      vertex -1.47224 11.35 1.9
    endloop
  endfacet
  facet normal 0.886941 -0.461884 0
    outer loop
      vertex -1.47224 11.35 0
      vertex -1.54072 11.2185 1.9
      vertex -1.54072 11.2185 0
    endloop
  endfacet
  facet normal -0.976298 -0.216431 0
    outer loop
      vertex 1.67417 10.7952 0
      vertex 1.64207 10.94 1.9
      vertex 1.64207 10.94 0
    endloop
  endfacet
  facet normal -0.976298 -0.216431 0
    outer loop
      vertex 1.64207 10.94 1.9
      vertex 1.67417 10.7952 0
      vertex 1.67417 10.7952 1.9
    endloop
  endfacet
  facet normal -0.923869 0.382709 0
    outer loop
      vertex 1.54072 9.78155 0
      vertex 1.59748 9.91857 1.9
      vertex 1.59748 9.91857 0
    endloop
  endfacet
  facet normal -0.923869 0.382709 0
    outer loop
      vertex 1.59748 9.91857 1.9
      vertex 1.54072 9.78155 0
      vertex 1.54072 9.78155 1.9
    endloop
  endfacet
  facet normal 0.737467 -0.675383 0
    outer loop
      vertex -1.30227 11.5927 1.9
      vertex -1.20208 11.7021 0
      vertex -1.20208 11.7021 1.9
    endloop
  endfacet
  facet normal 0.737467 -0.675383 0
    outer loop
      vertex -1.20208 11.7021 0
      vertex -1.30227 11.5927 1.9
      vertex -1.30227 11.5927 0
    endloop
  endfacet
  facet normal -0.461751 0.88701 0
    outer loop
      vertex 0.849999 9.02776 0
      vertex 0.718451 8.95928 1.9
      vertex 0.849999 9.02776 1.9
    endloop
  endfacet
  facet normal -0.461751 0.88701 0
    outer loop
      vertex 0.718451 8.95928 1.9
      vertex 0.849999 9.02776 0
      vertex 0.718451 8.95928 0
    endloop
  endfacet
  facet normal 0.043626 0.999048 -0
    outer loop
      vertex 0 8.8 0
      vertex -0.148165 8.80647 1.9
      vertex 0 8.8 1.9
    endloop
  endfacet
  facet normal 0.043626 0.999048 0
    outer loop
      vertex -0.148165 8.80647 1.9
      vertex 0 8.8 0
      vertex -0.148165 8.80647 0
    endloop
  endfacet
  facet normal -0.382714 0.923867 0
    outer loop
      vertex 0.718451 8.95928 0
      vertex 0.581433 8.90252 1.9
      vertex 0.718451 8.95928 1.9
    endloop
  endfacet
  facet normal -0.382714 0.923867 0
    outer loop
      vertex 0.581433 8.90252 1.9
      vertex 0.718451 8.95928 0
      vertex 0.581433 8.90252 0
    endloop
  endfacet
  facet normal 0.953704 -0.300747 0
    outer loop
      vertex -1.64207 10.94 1.9
      vertex -1.59748 11.0814 0
      vertex -1.59748 11.0814 1.9
    endloop
  endfacet
  facet normal 0.953704 -0.300747 0
    outer loop
      vertex -1.59748 11.0814 0
      vertex -1.64207 10.94 1.9
      vertex -1.64207 10.94 0
    endloop
  endfacet
  facet normal -0.0438279 -0.999039 0
    outer loop
      vertex 0 12.2 0
      vertex 0.148165 12.1935 1.9
      vertex 0 12.2 1.9
    endloop
  endfacet
  facet normal -0.0438279 -0.999039 -0
    outer loop
      vertex 0.148165 12.1935 1.9
      vertex 0 12.2 0
      vertex 0.148165 12.1935 0
    endloop
  endfacet
  facet normal 0.300668 0.953729 -0
    outer loop
      vertex -0.439992 8.85793 0
      vertex -0.581433 8.90252 1.9
      vertex -0.439992 8.85793 1.9
    endloop
  endfacet
  facet normal 0.300668 0.953729 0
    outer loop
      vertex -0.581433 8.90252 1.9
      vertex -0.439992 8.85793 0
      vertex -0.581433 8.90252 0
    endloop
  endfacet
  facet normal 0.923948 -0.382518 0
    outer loop
      vertex -1.59748 11.0814 1.9
      vertex -1.54072 11.2185 0
      vertex -1.54072 11.2185 1.9
    endloop
  endfacet
  facet normal 0.923948 -0.382518 0
    outer loop
      vertex -1.54072 11.2185 0
      vertex -1.59748 11.0814 1.9
      vertex -1.59748 11.0814 0
    endloop
  endfacet
  facet normal -0.537274 0.843408 0
    outer loop
      vertex 0.97508 9.10744 0
      vertex 0.849999 9.02776 1.9
      vertex 0.97508 9.10744 1.9
    endloop
  endfacet
  facet normal -0.537274 0.843408 0
    outer loop
      vertex 0.849999 9.02776 1.9
      vertex 0.97508 9.10744 0
      vertex 0.849999 9.02776 0
    endloop
  endfacet
  facet normal -0.53689 -0.843652 0
    outer loop
      vertex 0.849999 11.9722 0
      vertex 0.97508 11.8926 1.9
      vertex 0.849999 11.9722 1.9
    endloop
  endfacet
  facet normal -0.53689 -0.843652 -0
    outer loop
      vertex 0.97508 11.8926 1.9
      vertex 0.849999 11.9722 0
      vertex 0.97508 11.8926 0
    endloop
  endfacet
  facet normal 0.216444 -0.976295 0
    outer loop
      vertex -0.439992 12.1421 0
      vertex -0.295201 12.1742 1.9
      vertex -0.439992 12.1421 1.9
    endloop
  endfacet
  facet normal 0.216444 -0.976295 0
    outer loop
      vertex -0.295201 12.1742 1.9
      vertex -0.439992 12.1421 0
      vertex -0.295201 12.1742 0
    endloop
  endfacet
  facet normal 0.793333 0.608788 0
    outer loop
      vertex -1.30227 9.40726 1.9
      vertex -1.39256 9.52492 0
      vertex -1.39256 9.52492 1.9
    endloop
  endfacet
  facet normal 0.793333 0.608788 0
    outer loop
      vertex -1.39256 9.52492 0
      vertex -1.30227 9.40726 1.9
      vertex -1.30227 9.40726 0
    endloop
  endfacet
  facet normal -0.976298 0.216431 0
    outer loop
      vertex 1.64207 10.06 0
      vertex 1.67417 10.2048 1.9
      vertex 1.67417 10.2048 0
    endloop
  endfacet
  facet normal -0.976298 0.216431 0
    outer loop
      vertex 1.67417 10.2048 1.9
      vertex 1.64207 10.06 0
      vertex 1.64207 10.06 1.9
    endloop
  endfacet
  facet normal -0.953722 0.300689 0
    outer loop
      vertex 1.59748 9.91857 0
      vertex 1.64207 10.06 1.9
      vertex 1.64207 10.06 0
    endloop
  endfacet
  facet normal -0.953722 0.300689 0
    outer loop
      vertex 1.64207 10.06 1.9
      vertex 1.59748 9.91857 0
      vertex 1.59748 9.91857 1.9
    endloop
  endfacet
  facet normal 0.991439 -0.130573 0
    outer loop
      vertex -1.69353 10.6482 1.9
      vertex -1.67417 10.7952 0
      vertex -1.67417 10.7952 1.9
    endloop
  endfacet
  facet normal 0.991439 -0.130573 0
    outer loop
      vertex -1.67417 10.7952 0
      vertex -1.69353 10.6482 1.9
      vertex -1.69353 10.6482 0
    endloop
  endfacet
  facet normal -0.043626 0.999048 0
    outer loop
      vertex 0.148165 8.80647 0
      vertex 0 8.8 1.9
      vertex 0.148165 8.80647 1.9
    endloop
  endfacet
  facet normal -0.043626 0.999048 0
    outer loop
      vertex 0 8.8 1.9
      vertex 0.148165 8.80647 0
      vertex 0 8.8 0
    endloop
  endfacet
  facet normal -0.608831 -0.7933 0
    outer loop
      vertex 0.97508 11.8926 0
      vertex 1.09274 11.8023 1.9
      vertex 0.97508 11.8926 1.9
    endloop
  endfacet
  facet normal -0.608831 -0.7933 -0
    outer loop
      vertex 1.09274 11.8023 1.9
      vertex 0.97508 11.8926 0
      vertex 1.09274 11.8023 0
    endloop
  endfacet
  facet normal 0.608746 0.793365 -0
    outer loop
      vertex -0.97508 9.10744 0
      vertex -1.09274 9.19772 1.9
      vertex -0.97508 9.10744 1.9
    endloop
  endfacet
  facet normal 0.608746 0.793365 0
    outer loop
      vertex -1.09274 9.19772 1.9
      vertex -0.97508 9.10744 0
      vertex -1.09274 9.19772 0
    endloop
  endfacet
  facet normal 0.53689 -0.843652 0
    outer loop
      vertex -0.97508 11.8926 0
      vertex -0.849999 11.9722 1.9
      vertex -0.97508 11.8926 1.9
    endloop
  endfacet
  facet normal 0.53689 -0.843652 0
    outer loop
      vertex -0.849999 11.9722 1.9
      vertex -0.97508 11.8926 0
      vertex -0.849999 11.9722 0
    endloop
  endfacet
  facet normal -0.843445 -0.537216 0
    outer loop
      vertex 1.47224 11.35 0
      vertex 1.39256 11.4751 1.9
      vertex 1.39256 11.4751 0
    endloop
  endfacet
  facet normal -0.843445 -0.537216 0
    outer loop
      vertex 1.39256 11.4751 1.9
      vertex 1.47224 11.35 0
      vertex 1.47224 11.35 1.9
    endloop
  endfacet
  facet normal 0.999048 -0.0436157 0
    outer loop
      vertex -1.7 10.5 1.9
      vertex -1.69353 10.6482 0
      vertex -1.69353 10.6482 1.9
    endloop
  endfacet
  facet normal 0.999048 -0.0436157 0
    outer loop
      vertex -1.69353 10.6482 0
      vertex -1.7 10.5 1.9
      vertex -1.7 10.5 0
    endloop
  endfacet
  facet normal 0.976298 -0.216431 0
    outer loop
      vertex -1.67417 10.7952 1.9
      vertex -1.64207 10.94 0
      vertex -1.64207 10.94 1.9
    endloop
  endfacet
  facet normal 0.976298 -0.216431 0
    outer loop
      vertex -1.64207 10.94 0
      vertex -1.67417 10.7952 1.9
      vertex -1.67417 10.7952 0
    endloop
  endfacet
  facet normal 0.737283 0.675584 0
    outer loop
      vertex -1.20208 9.29792 1.9
      vertex -1.30227 9.40726 0
      vertex -1.30227 9.40726 1.9
    endloop
  endfacet
  facet normal 0.737283 0.675584 0
    outer loop
      vertex -1.30227 9.40726 0
      vertex -1.20208 9.29792 1.9
      vertex -1.20208 9.29792 0
    endloop
  endfacet
  facet normal 0.793183 -0.608984 0
    outer loop
      vertex -1.39256 11.4751 1.9
      vertex -1.30227 11.5927 0
      vertex -1.30227 11.5927 1.9
    endloop
  endfacet
  facet normal 0.793183 -0.608984 0
    outer loop
      vertex -1.30227 11.5927 0
      vertex -1.39256 11.4751 1.9
      vertex -1.39256 11.4751 0
    endloop
  endfacet
  facet normal -0.216444 -0.976295 0
    outer loop
      vertex 0.295201 12.1742 0
      vertex 0.439992 12.1421 1.9
      vertex 0.295201 12.1742 1.9
    endloop
  endfacet
  facet normal -0.216444 -0.976295 -0
    outer loop
      vertex 0.439992 12.1421 1.9
      vertex 0.295201 12.1742 0
      vertex 0.439992 12.1421 0
    endloop
  endfacet
  facet normal 0.843445 -0.537216 0
    outer loop
      vertex -1.47224 11.35 1.9
      vertex -1.39256 11.4751 0
      vertex -1.39256 11.4751 1.9
    endloop
  endfacet
  facet normal 0.843445 -0.537216 0
    outer loop
      vertex -1.39256 11.4751 0
      vertex -1.47224 11.35 1.9
      vertex -1.47224 11.35 0
    endloop
  endfacet
  facet normal 0.130542 0.991443 -0
    outer loop
      vertex -0.148165 8.80647 0
      vertex -0.295201 8.82583 1.9
      vertex -0.148165 8.80647 1.9
    endloop
  endfacet
  facet normal 0.130542 0.991443 0
    outer loop
      vertex -0.295201 8.82583 1.9
      vertex -0.148165 8.80647 0
      vertex -0.295201 8.82583 0
    endloop
  endfacet
  facet normal 0.382714 0.923867 -0
    outer loop
      vertex -0.581433 8.90252 0
      vertex -0.718451 8.95928 1.9
      vertex -0.581433 8.90252 1.9
    endloop
  endfacet
  facet normal 0.382714 0.923867 0
    outer loop
      vertex -0.718451 8.95928 1.9
      vertex -0.581433 8.90252 0
      vertex -0.718451 8.95928 0
    endloop
  endfacet
  facet normal 0.382944 -0.923772 0
    outer loop
      vertex -0.718451 12.0407 0
      vertex -0.581433 12.0975 1.9
      vertex -0.718451 12.0407 1.9
    endloop
  endfacet
  facet normal 0.382944 -0.923772 0
    outer loop
      vertex -0.581433 12.0975 1.9
      vertex -0.718451 12.0407 0
      vertex -0.581433 12.0975 0
    endloop
  endfacet
  facet normal -0.216444 0.976295 0
    outer loop
      vertex 0.439992 8.85793 0
      vertex 0.295201 8.82583 1.9
      vertex 0.439992 8.85793 1.9
    endloop
  endfacet
  facet normal -0.216444 0.976295 0
    outer loop
      vertex 0.295201 8.82583 1.9
      vertex 0.439992 8.85793 0
      vertex 0.295201 8.82583 0
    endloop
  endfacet
  facet normal -0.300668 0.953729 0
    outer loop
      vertex 0.581433 8.90252 0
      vertex 0.439992 8.85793 1.9
      vertex 0.581433 8.90252 1.9
    endloop
  endfacet
  facet normal -0.300668 0.953729 0
    outer loop
      vertex 0.439992 8.85793 1.9
      vertex 0.581433 8.90252 0
      vertex 0.439992 8.85793 0
    endloop
  endfacet
  facet normal 0.675621 -0.737249 0
    outer loop
      vertex -1.20208 11.7021 0
      vertex -1.09274 11.8023 1.9
      vertex -1.20208 11.7021 1.9
    endloop
  endfacet
  facet normal 0.675621 -0.737249 0
    outer loop
      vertex -1.09274 11.8023 1.9
      vertex -1.20208 11.7021 0
      vertex -1.09274 11.8023 0
    endloop
  endfacet
  facet normal -0.737283 0.675584 0
    outer loop
      vertex 1.20208 9.29792 0
      vertex 1.30227 9.40726 1.9
      vertex 1.30227 9.40726 0
    endloop
  endfacet
  facet normal -0.737283 0.675584 0
    outer loop
      vertex 1.30227 9.40726 1.9
      vertex 1.20208 9.29792 0
      vertex 1.20208 9.29792 1.9
    endloop
  endfacet
  facet normal 0.608831 -0.7933 0
    outer loop
      vertex -1.09274 11.8023 0
      vertex -0.97508 11.8926 1.9
      vertex -1.09274 11.8023 1.9
    endloop
  endfacet
  facet normal 0.608831 -0.7933 0
    outer loop
      vertex -0.97508 11.8926 1.9
      vertex -1.09274 11.8023 0
      vertex -0.97508 11.8926 0
    endloop
  endfacet
  facet normal -0.130144 -0.991495 0
    outer loop
      vertex 0.148165 12.1935 0
      vertex 0.295201 12.1742 1.9
      vertex 0.148165 12.1935 1.9
    endloop
  endfacet
  facet normal -0.130144 -0.991495 -0
    outer loop
      vertex 0.295201 12.1742 1.9
      vertex 0.148165 12.1935 0
      vertex 0.295201 12.1742 0
    endloop
  endfacet
  facet normal 0.843406 0.537277 0
    outer loop
      vertex -1.39256 9.52492 1.9
      vertex -1.47224 9.65 0
      vertex -1.47224 9.65 1.9
    endloop
  endfacet
  facet normal 0.843406 0.537277 0
    outer loop
      vertex -1.47224 9.65 0
      vertex -1.39256 9.52492 1.9
      vertex -1.39256 9.52492 0
    endloop
  endfacet
  facet normal -0.675621 0.737249 0
    outer loop
      vertex 1.20208 9.29792 0
      vertex 1.09274 9.19772 1.9
      vertex 1.20208 9.29792 1.9
    endloop
  endfacet
  facet normal -0.675621 0.737249 0
    outer loop
      vertex 1.09274 9.19772 1.9
      vertex 1.20208 9.29792 0
      vertex 1.09274 9.19772 0
    endloop
  endfacet
  facet normal -0.991447 0.130507 0
    outer loop
      vertex 3.10214 -11.047 1.9
      vertex 3.13801 -10.7745 4
      vertex 3.13801 -10.7745 1.9
    endloop
  endfacet
  facet normal -0.991447 0.130507 0
    outer loop
      vertex 3.13801 -10.7745 4
      vertex 3.10214 -11.047 1.9
      vertex 3.10214 -11.047 4
    endloop
  endfacet
  facet normal -0.991447 -0.130512 0
    outer loop
      vertex 3.13801 -10.2255 1.9
      vertex 3.10214 -9.95301 4
      vertex 3.10214 -9.95301 1.9
    endloop
  endfacet
  facet normal -0.991447 -0.130512 0
    outer loop
      vertex 3.10214 -9.95301 4
      vertex 3.13801 -10.2255 1.9
      vertex 3.13801 -10.2255 4
    endloop
  endfacet
  facet normal 0.300926 0.953648 -0
    outer loop
      vertex -0.81528 -13.5427 1.9
      vertex -1.07736 -13.46 4
      vertex -0.81528 -13.5427 4
    endloop
  endfacet
  facet normal 0.300926 0.953648 0
    outer loop
      vertex -1.07736 -13.46 4
      vertex -0.81528 -13.5427 1.9
      vertex -1.07736 -13.46 1.9
    endloop
  endfacet
  facet normal 0.991447 -0.130512 0
    outer loop
      vertex -3.13801 -10.2255 4
      vertex -3.10214 -9.95301 1.9
      vertex -3.10214 -9.95301 4
    endloop
  endfacet
  facet normal 0.991447 -0.130512 0
    outer loop
      vertex -3.10214 -9.95301 1.9
      vertex -3.13801 -10.2255 4
      vertex -3.13801 -10.2255 1.9
    endloop
  endfacet
  facet normal -0.130638 0.99143 0
    outer loop
      vertex 0.546991 -13.6021 1.9
      vertex 0.27454 -13.638 4
      vertex 0.546991 -13.6021 4
    endloop
  endfacet
  facet normal -0.130638 0.99143 0
    outer loop
      vertex 0.27454 -13.638 4
      vertex 0.546991 -13.6021 1.9
      vertex 0.27454 -13.638 1.9
    endloop
  endfacet
  facet normal -0.537419 0.843315 0
    outer loop
      vertex 1.80677 -13.0803 1.9
      vertex 1.575 -13.228 4
      vertex 1.80677 -13.0803 4
    endloop
  endfacet
  facet normal -0.537419 0.843315 0
    outer loop
      vertex 1.575 -13.228 4
      vertex 1.80677 -13.0803 1.9
      vertex 1.575 -13.228 1.9
    endloop
  endfacet
  facet normal -0.608796 0.793327 0
    outer loop
      vertex 2.02478 -12.913 1.9
      vertex 1.80677 -13.0803 4
      vertex 2.02478 -12.913 4
    endloop
  endfacet
  facet normal -0.608796 0.793327 0
    outer loop
      vertex 1.80677 -13.0803 4
      vertex 2.02478 -12.913 1.9
      vertex 1.80677 -13.0803 1.9
    endloop
  endfacet
  facet normal 0.130638 0.99143 -0
    outer loop
      vertex -0.27454 -13.638 1.9
      vertex -0.546991 -13.6021 4
      vertex -0.27454 -13.638 4
    endloop
  endfacet
  facet normal 0.130638 0.99143 0
    outer loop
      vertex -0.546991 -13.6021 4
      vertex -0.27454 -13.638 1.9
      vertex -0.546991 -13.6021 1.9
    endloop
  endfacet
  facet normal 0.608796 0.793327 -0
    outer loop
      vertex -1.80677 -13.0803 1.9
      vertex -2.02478 -12.913 4
      vertex -1.80677 -13.0803 4
    endloop
  endfacet
  facet normal 0.608796 0.793327 0
    outer loop
      vertex -2.02478 -12.913 4
      vertex -1.80677 -13.0803 1.9
      vertex -2.02478 -12.913 1.9
    endloop
  endfacet
  facet normal -0.793331 0.608791 0
    outer loop
      vertex 2.41304 -12.5248 1.9
      vertex 2.58033 -12.3068 4
      vertex 2.58033 -12.3068 1.9
    endloop
  endfacet
  facet normal -0.793331 0.608791 0
    outer loop
      vertex 2.58033 -12.3068 4
      vertex 2.41304 -12.5248 1.9
      vertex 2.41304 -12.5248 4
    endloop
  endfacet
  facet normal -0.923886 -0.382669 0
    outer loop
      vertex 2.96003 -9.42264 1.9
      vertex 2.85487 -9.16875 4
      vertex 2.85487 -9.16875 1.9
    endloop
  endfacet
  facet normal -0.923886 -0.382669 0
    outer loop
      vertex 2.85487 -9.16875 4
      vertex 2.96003 -9.42264 1.9
      vertex 2.96003 -9.42264 4
    endloop
  endfacet
  facet normal 0.999047 -0.0436378 0
    outer loop
      vertex -3.15 -10.5 4
      vertex -3.13801 -10.2255 1.9
      vertex -3.13801 -10.2255 4
    endloop
  endfacet
  facet normal 0.999047 -0.0436378 0
    outer loop
      vertex -3.13801 -10.2255 1.9
      vertex -3.15 -10.5 4
      vertex -3.15 -10.5 1.9
    endloop
  endfacet
  facet normal 0.675575 -0.737292 0
    outer loop
      vertex -2.22739 -8.27261 1.9
      vertex -2.02478 -8.08696 4
      vertex -2.22739 -8.27261 4
    endloop
  endfacet
  facet normal 0.675575 -0.737292 0
    outer loop
      vertex -2.02478 -8.08696 4
      vertex -2.22739 -8.27261 1.9
      vertex -2.02478 -8.08696 1.9
    endloop
  endfacet
  facet normal 0.216446 -0.976295 0
    outer loop
      vertex -0.81528 -7.45733 1.9
      vertex -0.546991 -7.39785 4
      vertex -0.81528 -7.45733 4
    endloop
  endfacet
  facet normal 0.216446 -0.976295 0
    outer loop
      vertex -0.546991 -7.39785 4
      vertex -0.81528 -7.45733 1.9
      vertex -0.546991 -7.39785 1.9
    endloop
  endfacet
  facet normal -0.976304 0.216403 0
    outer loop
      vertex 3.04267 -11.3153 1.9
      vertex 3.10214 -11.047 4
      vertex 3.10214 -11.047 1.9
    endloop
  endfacet
  facet normal -0.976304 0.216403 0
    outer loop
      vertex 3.10214 -11.047 4
      vertex 3.04267 -11.3153 1.9
      vertex 3.04267 -11.3153 4
    endloop
  endfacet
  facet normal -0.887047 0.461679 0
    outer loop
      vertex 2.72798 -12.075 1.9
      vertex 2.85487 -11.8312 4
      vertex 2.85487 -11.8312 1.9
    endloop
  endfacet
  facet normal -0.887047 0.461679 0
    outer loop
      vertex 2.85487 -11.8312 4
      vertex 2.72798 -12.075 1.9
      vertex 2.72798 -12.075 4
    endloop
  endfacet
  facet normal 0.53729 -0.843398 0
    outer loop
      vertex -1.80677 -7.91967 1.9
      vertex -1.575 -7.77202 4
      vertex -1.80677 -7.91967 4
    endloop
  endfacet
  facet normal 0.53729 -0.843398 0
    outer loop
      vertex -1.575 -7.77202 4
      vertex -1.80677 -7.91967 1.9
      vertex -1.575 -7.77202 1.9
    endloop
  endfacet
  facet normal -0.999047 -0.0436378 0
    outer loop
      vertex 3.15 -10.5 1.9
      vertex 3.13801 -10.2255 4
      vertex 3.13801 -10.2255 1.9
    endloop
  endfacet
  facet normal -0.999047 -0.0436378 0
    outer loop
      vertex 3.13801 -10.2255 4
      vertex 3.15 -10.5 1.9
      vertex 3.15 -10.5 4
    endloop
  endfacet
  facet normal 0.0436315 -0.999048 0
    outer loop
      vertex -0.27454 -7.36199 1.9
      vertex 0 -7.35 4
      vertex -0.27454 -7.36199 4
    endloop
  endfacet
  facet normal 0.0436315 -0.999048 0
    outer loop
      vertex 0 -7.35 4
      vertex -0.27454 -7.36199 1.9
      vertex 0 -7.35 1.9
    endloop
  endfacet
  facet normal 0.976304 0.216403 0
    outer loop
      vertex -3.04267 -11.3153 4
      vertex -3.10214 -11.047 1.9
      vertex -3.10214 -11.047 4
    endloop
  endfacet
  facet normal 0.976304 0.216403 0
    outer loop
      vertex -3.10214 -11.047 1.9
      vertex -3.04267 -11.3153 4
      vertex -3.04267 -11.3153 1.9
    endloop
  endfacet
  facet normal -0.216446 -0.976295 0
    outer loop
      vertex 0.546991 -7.39785 1.9
      vertex 0.81528 -7.45733 4
      vertex 0.546991 -7.39785 4
    endloop
  endfacet
  facet normal -0.216446 -0.976295 -0
    outer loop
      vertex 0.81528 -7.45733 4
      vertex 0.546991 -7.39785 1.9
      vertex 0.81528 -7.45733 1.9
    endloop
  endfacet
  facet normal 0.953717 0.300706 0
    outer loop
      vertex -2.96003 -11.5774 4
      vertex -3.04267 -11.3153 1.9
      vertex -3.04267 -11.3153 4
    endloop
  endfacet
  facet normal 0.953717 0.300706 0
    outer loop
      vertex -3.04267 -11.3153 1.9
      vertex -2.96003 -11.5774 4
      vertex -2.96003 -11.5774 1.9
    endloop
  endfacet
  facet normal 0 0 1
    outer loop
      vertex 1.7 -10.5 1.9
      vertex 3.15 -10.5 1.9
      vertex 3.13801 -10.2255 1.9
    endloop
  endfacet
  facet normal 0 0 1
    outer loop
      vertex 1.69353 -10.3518 1.9
      vertex 3.13801 -10.2255 1.9
      vertex 3.10214 -9.95301 1.9
    endloop
  endfacet
  facet normal 0 0 1
    outer loop
      vertex 3.15 -10.5 1.9
      vertex 1.7 -10.5 1.9
      vertex 3.13801 -10.7745 1.9
    endloop
  endfacet
  facet normal 0 0 1
    outer loop
      vertex 1.67417 -10.2048 1.9
      vertex 3.10214 -9.95301 1.9
      vertex 3.04267 -9.68472 1.9
    endloop
  endfacet
  facet normal -0 0 1
    outer loop
      vertex 1.69353 -10.6482 1.9
      vertex 3.13801 -10.7745 1.9
      vertex 1.7 -10.5 1.9
    endloop
  endfacet
  facet normal 0 0 1
    outer loop
      vertex 1.64207 -10.06 1.9
      vertex 3.04267 -9.68472 1.9
      vertex 2.96003 -9.42264 1.9
    endloop
  endfacet
  facet normal 0 0 1
    outer loop
      vertex 3.13801 -10.7745 1.9
      vertex 1.69353 -10.6482 1.9
      vertex 3.10214 -11.047 1.9
    endloop
  endfacet
  facet normal 0 0 1
    outer loop
      vertex 1.59748 -9.91857 1.9
      vertex 2.96003 -9.42264 1.9
      vertex 2.85487 -9.16875 1.9
    endloop
  endfacet
  facet normal -0 0 1
    outer loop
      vertex 1.67417 -10.7952 1.9
      vertex 3.10214 -11.047 1.9
      vertex 1.69353 -10.6482 1.9
    endloop
  endfacet
  facet normal 0 0 1
    outer loop
      vertex 1.54072 -9.78155 1.9
      vertex 2.85487 -9.16875 1.9
      vertex 2.72798 -8.925 1.9
    endloop
  endfacet
  facet normal 0 0 1
    outer loop
      vertex 3.10214 -11.047 1.9
      vertex 1.67417 -10.7952 1.9
      vertex 3.04267 -11.3153 1.9
    endloop
  endfacet
  facet normal 0 0 1
    outer loop
      vertex 1.47224 -9.65 1.9
      vertex 2.72798 -8.925 1.9
      vertex 2.58033 -8.69323 1.9
    endloop
  endfacet
  facet normal -0 0 1
    outer loop
      vertex 1.64207 -10.94 1.9
      vertex 3.04267 -11.3153 1.9
      vertex 1.67417 -10.7952 1.9
    endloop
  endfacet
  facet normal 0 0 1
    outer loop
      vertex 1.39256 -9.52492 1.9
      vertex 2.58033 -8.69323 1.9
      vertex 2.41304 -8.47522 1.9
    endloop
  endfacet
  facet normal 0 0 1
    outer loop
      vertex 3.04267 -11.3153 1.9
      vertex 1.64207 -10.94 1.9
      vertex 2.96003 -11.5774 1.9
    endloop
  endfacet
  facet normal 0 0 1
    outer loop
      vertex 1.30227 -9.40726 1.9
      vertex 2.41304 -8.47522 1.9
      vertex 2.22739 -8.27261 1.9
    endloop
  endfacet
  facet normal -0 0 1
    outer loop
      vertex 1.59748 -11.0814 1.9
      vertex 2.96003 -11.5774 1.9
      vertex 1.64207 -10.94 1.9
    endloop
  endfacet
  facet normal 0 0 1
    outer loop
      vertex 1.20208 -9.29792 1.9
      vertex 2.22739 -8.27261 1.9
      vertex 2.02478 -8.08696 1.9
    endloop
  endfacet
  facet normal 0 0 1
    outer loop
      vertex 2.96003 -11.5774 1.9
      vertex 1.59748 -11.0814 1.9
      vertex 2.85487 -11.8312 1.9
    endloop
  endfacet
  facet normal 0 0 1
    outer loop
      vertex 1.09274 -9.19772 1.9
      vertex 2.02478 -8.08696 1.9
      vertex 1.80677 -7.91967 1.9
    endloop
  endfacet
  facet normal -0 0 1
    outer loop
      vertex 1.54072 -11.2185 1.9
      vertex 2.85487 -11.8312 1.9
      vertex 1.59748 -11.0814 1.9
    endloop
  endfacet
  facet normal 0 0 1
    outer loop
      vertex 2.85487 -11.8312 1.9
      vertex 1.54072 -11.2185 1.9
      vertex 2.72798 -12.075 1.9
    endloop
  endfacet
  facet normal 0 0 1
    outer loop
      vertex 3.13801 -10.2255 1.9
      vertex 1.69353 -10.3518 1.9
      vertex 1.7 -10.5 1.9
    endloop
  endfacet
  facet normal 0 0 1
    outer loop
      vertex 3.10214 -9.95301 1.9
      vertex 1.67417 -10.2048 1.9
      vertex 1.69353 -10.3518 1.9
    endloop
  endfacet
  facet normal 0 0 1
    outer loop
      vertex 3.04267 -9.68472 1.9
      vertex 1.64207 -10.06 1.9
      vertex 1.67417 -10.2048 1.9
    endloop
  endfacet
  facet normal 0 0 1
    outer loop
      vertex 2.96003 -9.42264 1.9
      vertex 1.59748 -9.91857 1.9
      vertex 1.64207 -10.06 1.9
    endloop
  endfacet
  facet normal 0 0 1
    outer loop
      vertex 0.97508 -9.10744 1.9
      vertex 1.80677 -7.91967 1.9
      vertex 1.575 -7.77202 1.9
    endloop
  endfacet
  facet normal 0 0 1
    outer loop
      vertex 2.85487 -9.16875 1.9
      vertex 1.54072 -9.78155 1.9
      vertex 1.59748 -9.91857 1.9
    endloop
  endfacet
  facet normal 0 0 1
    outer loop
      vertex 2.72798 -8.925 1.9
      vertex 1.47224 -9.65 1.9
      vertex 1.54072 -9.78155 1.9
    endloop
  endfacet
  facet normal 0 0 1
    outer loop
      vertex 2.58033 -8.69323 1.9
      vertex 1.39256 -9.52492 1.9
      vertex 1.47224 -9.65 1.9
    endloop
  endfacet
  facet normal 0 0 1
    outer loop
      vertex 0.849999 -9.02776 1.9
      vertex 1.575 -7.77202 1.9
      vertex 1.33125 -7.64513 1.9
    endloop
  endfacet
  facet normal 0 0 1
    outer loop
      vertex 2.41304 -8.47522 1.9
      vertex 1.30227 -9.40726 1.9
      vertex 1.39256 -9.52492 1.9
    endloop
  endfacet
  facet normal 0 0 1
    outer loop
      vertex 2.22739 -8.27261 1.9
      vertex 1.20208 -9.29792 1.9
      vertex 1.30227 -9.40726 1.9
    endloop
  endfacet
  facet normal 0 0 1
    outer loop
      vertex 2.02478 -8.08696 1.9
      vertex 1.09274 -9.19772 1.9
      vertex 1.20208 -9.29792 1.9
    endloop
  endfacet
  facet normal 0 0 1
    outer loop
      vertex 0.718451 -8.95928 1.9
      vertex 1.33125 -7.64513 1.9
      vertex 1.07736 -7.53997 1.9
    endloop
  endfacet
  facet normal 0 0 1
    outer loop
      vertex 1.80677 -7.91967 1.9
      vertex 0.97508 -9.10744 1.9
      vertex 1.09274 -9.19772 1.9
    endloop
  endfacet
  facet normal 0 0 1
    outer loop
      vertex 1.575 -7.77202 1.9
      vertex 0.849999 -9.02776 1.9
      vertex 0.97508 -9.10744 1.9
    endloop
  endfacet
  facet normal 0 0 1
    outer loop
      vertex 0.581433 -8.90252 1.9
      vertex 1.07736 -7.53997 1.9
      vertex 0.81528 -7.45733 1.9
    endloop
  endfacet
  facet normal 0 0 1
    outer loop
      vertex 1.33125 -7.64513 1.9
      vertex 0.718451 -8.95928 1.9
      vertex 0.849999 -9.02776 1.9
    endloop
  endfacet
  facet normal 0 0 1
    outer loop
      vertex 1.07736 -7.53997 1.9
      vertex 0.581433 -8.90252 1.9
      vertex 0.718451 -8.95928 1.9
    endloop
  endfacet
  facet normal 0 0 1
    outer loop
      vertex 0.439992 -8.85793 1.9
      vertex 0.81528 -7.45733 1.9
      vertex 0.546991 -7.39785 1.9
    endloop
  endfacet
  facet normal 0 0 1
    outer loop
      vertex 0.81528 -7.45733 1.9
      vertex 0.439992 -8.85793 1.9
      vertex 0.581433 -8.90252 1.9
    endloop
  endfacet
  facet normal 0 0 1
    outer loop
      vertex 0.546991 -7.39785 1.9
      vertex 0.295201 -8.82583 1.9
      vertex 0.439992 -8.85793 1.9
    endloop
  endfacet
  facet normal 0 0 1
    outer loop
      vertex 0.27454 -7.36199 1.9
      vertex 0.295201 -8.82583 1.9
      vertex 0.546991 -7.39785 1.9
    endloop
  endfacet
  facet normal 0 0 1
    outer loop
      vertex 0.27454 -7.36199 1.9
      vertex 0.148165 -8.80647 1.9
      vertex 0.295201 -8.82583 1.9
    endloop
  endfacet
  facet normal 0 0 1
    outer loop
      vertex 0 -7.35 1.9
      vertex 0.148165 -8.80647 1.9
      vertex 0.27454 -7.36199 1.9
    endloop
  endfacet
  facet normal 0 0 1
    outer loop
      vertex 0 -7.35 1.9
      vertex 0 -8.8 1.9
      vertex 0.148165 -8.80647 1.9
    endloop
  endfacet
  facet normal 0 0 1
    outer loop
      vertex 0 -7.35 1.9
      vertex -0.148165 -8.80647 1.9
      vertex 0 -8.8 1.9
    endloop
  endfacet
  facet normal -0 0 1
    outer loop
      vertex -0.27454 -7.36199 1.9
      vertex -0.148165 -8.80647 1.9
      vertex 0 -7.35 1.9
    endloop
  endfacet
  facet normal 0 0 1
    outer loop
      vertex -0.27454 -7.36199 1.9
      vertex -0.295201 -8.82583 1.9
      vertex -0.148165 -8.80647 1.9
    endloop
  endfacet
  facet normal -0 0 1
    outer loop
      vertex -0.546991 -7.39785 1.9
      vertex -0.295201 -8.82583 1.9
      vertex -0.27454 -7.36199 1.9
    endloop
  endfacet
  facet normal 0 0 1
    outer loop
      vertex -0.295201 -8.82583 1.9
      vertex -0.546991 -7.39785 1.9
      vertex -0.439992 -8.85793 1.9
    endloop
  endfacet
  facet normal -0 0 1
    outer loop
      vertex -0.81528 -7.45733 1.9
      vertex -0.439992 -8.85793 1.9
      vertex -0.546991 -7.39785 1.9
    endloop
  endfacet
  facet normal 0 0 1
    outer loop
      vertex -0.439992 -8.85793 1.9
      vertex -0.81528 -7.45733 1.9
      vertex -0.581433 -8.90252 1.9
    endloop
  endfacet
  facet normal -0 0 1
    outer loop
      vertex -1.07736 -7.53997 1.9
      vertex -0.581433 -8.90252 1.9
      vertex -0.81528 -7.45733 1.9
    endloop
  endfacet
  facet normal 0 0 1
    outer loop
      vertex -0.581433 -8.90252 1.9
      vertex -1.07736 -7.53997 1.9
      vertex -0.718451 -8.95928 1.9
    endloop
  endfacet
  facet normal -0 0 1
    outer loop
      vertex -1.33125 -7.64513 1.9
      vertex -0.718451 -8.95928 1.9
      vertex -1.07736 -7.53997 1.9
    endloop
  endfacet
  facet normal 0 0 1
    outer loop
      vertex -0.718451 -8.95928 1.9
      vertex -1.33125 -7.64513 1.9
      vertex -0.849999 -9.02776 1.9
    endloop
  endfacet
  facet normal -0 0 1
    outer loop
      vertex -1.575 -7.77202 1.9
      vertex -0.849999 -9.02776 1.9
      vertex -1.33125 -7.64513 1.9
    endloop
  endfacet
  facet normal 0 0 1
    outer loop
      vertex -0.849999 -9.02776 1.9
      vertex -1.575 -7.77202 1.9
      vertex -0.97508 -9.10744 1.9
    endloop
  endfacet
  facet normal -0 0 1
    outer loop
      vertex -1.80677 -7.91967 1.9
      vertex -0.97508 -9.10744 1.9
      vertex -1.575 -7.77202 1.9
    endloop
  endfacet
  facet normal 0 0 1
    outer loop
      vertex -0.97508 -9.10744 1.9
      vertex -1.80677 -7.91967 1.9
      vertex -1.09274 -9.19772 1.9
    endloop
  endfacet
  facet normal -0 0 1
    outer loop
      vertex -2.02478 -8.08696 1.9
      vertex -1.09274 -9.19772 1.9
      vertex -1.80677 -7.91967 1.9
    endloop
  endfacet
  facet normal 0 0 1
    outer loop
      vertex -1.09274 -9.19772 1.9
      vertex -2.02478 -8.08696 1.9
      vertex -1.20208 -9.29792 1.9
    endloop
  endfacet
  facet normal -0 0 1
    outer loop
      vertex -2.22739 -8.27261 1.9
      vertex -1.20208 -9.29792 1.9
      vertex -2.02478 -8.08696 1.9
    endloop
  endfacet
  facet normal 0 0 1
    outer loop
      vertex -1.20208 -9.29792 1.9
      vertex -2.22739 -8.27261 1.9
      vertex -1.30227 -9.40726 1.9
    endloop
  endfacet
  facet normal -0 0 1
    outer loop
      vertex -2.41304 -8.47522 1.9
      vertex -1.30227 -9.40726 1.9
      vertex -2.22739 -8.27261 1.9
    endloop
  endfacet
  facet normal 0 0 1
    outer loop
      vertex -1.30227 -9.40726 1.9
      vertex -2.41304 -8.47522 1.9
      vertex -1.39256 -9.52492 1.9
    endloop
  endfacet
  facet normal -0 0 1
    outer loop
      vertex -2.58033 -8.69323 1.9
      vertex -1.39256 -9.52492 1.9
      vertex -2.41304 -8.47522 1.9
    endloop
  endfacet
  facet normal 0 0 1
    outer loop
      vertex -1.39256 -9.52492 1.9
      vertex -2.58033 -8.69323 1.9
      vertex -1.47224 -9.65 1.9
    endloop
  endfacet
  facet normal 0 0 1
    outer loop
      vertex -1.47224 -9.65 1.9
      vertex -2.72798 -8.925 1.9
      vertex -1.54072 -9.78155 1.9
    endloop
  endfacet
  facet normal -0 0 1
    outer loop
      vertex -2.72798 -8.925 1.9
      vertex -1.47224 -9.65 1.9
      vertex -2.58033 -8.69323 1.9
    endloop
  endfacet
  facet normal -0 0 1
    outer loop
      vertex 1.47224 -11.35 1.9
      vertex 2.72798 -12.075 1.9
      vertex 1.54072 -11.2185 1.9
    endloop
  endfacet
  facet normal 0 0 1
    outer loop
      vertex 2.72798 -12.075 1.9
      vertex 1.47224 -11.35 1.9
      vertex 2.58033 -12.3068 1.9
    endloop
  endfacet
  facet normal -0 0 1
    outer loop
      vertex 1.39256 -11.4751 1.9
      vertex 2.58033 -12.3068 1.9
      vertex 1.47224 -11.35 1.9
    endloop
  endfacet
  facet normal 0 0 1
    outer loop
      vertex 2.58033 -12.3068 1.9
      vertex 1.39256 -11.4751 1.9
      vertex 2.41304 -12.5248 1.9
    endloop
  endfacet
  facet normal -0 0 1
    outer loop
      vertex 1.30227 -11.5927 1.9
      vertex 2.41304 -12.5248 1.9
      vertex 1.39256 -11.4751 1.9
    endloop
  endfacet
  facet normal 0 0 1
    outer loop
      vertex 2.41304 -12.5248 1.9
      vertex 1.30227 -11.5927 1.9
      vertex 2.22739 -12.7274 1.9
    endloop
  endfacet
  facet normal -0 0 1
    outer loop
      vertex 1.20208 -11.7021 1.9
      vertex 2.22739 -12.7274 1.9
      vertex 1.30227 -11.5927 1.9
    endloop
  endfacet
  facet normal 0 0 1
    outer loop
      vertex 2.22739 -12.7274 1.9
      vertex 1.20208 -11.7021 1.9
      vertex 2.02478 -12.913 1.9
    endloop
  endfacet
  facet normal -0 0 1
    outer loop
      vertex 1.09274 -11.8023 1.9
      vertex 2.02478 -12.913 1.9
      vertex 1.20208 -11.7021 1.9
    endloop
  endfacet
  facet normal 0 0 1
    outer loop
      vertex 2.02478 -12.913 1.9
      vertex 1.09274 -11.8023 1.9
      vertex 1.80677 -13.0803 1.9
    endloop
  endfacet
  facet normal -0 0 1
    outer loop
      vertex 0.97508 -11.8926 1.9
      vertex 1.80677 -13.0803 1.9
      vertex 1.09274 -11.8023 1.9
    endloop
  endfacet
  facet normal 0 0 1
    outer loop
      vertex 1.80677 -13.0803 1.9
      vertex 0.97508 -11.8926 1.9
      vertex 1.575 -13.228 1.9
    endloop
  endfacet
  facet normal -0 0 1
    outer loop
      vertex 0.849999 -11.9722 1.9
      vertex 1.575 -13.228 1.9
      vertex 0.97508 -11.8926 1.9
    endloop
  endfacet
  facet normal 0 0 1
    outer loop
      vertex 1.575 -13.228 1.9
      vertex 0.849999 -11.9722 1.9
      vertex 1.33125 -13.3549 1.9
    endloop
  endfacet
  facet normal -0 0 1
    outer loop
      vertex 0.718451 -12.0407 1.9
      vertex 1.33125 -13.3549 1.9
      vertex 0.849999 -11.9722 1.9
    endloop
  endfacet
  facet normal 0 0 1
    outer loop
      vertex 1.33125 -13.3549 1.9
      vertex 0.718451 -12.0407 1.9
      vertex 1.07736 -13.46 1.9
    endloop
  endfacet
  facet normal -0 0 1
    outer loop
      vertex 0.581433 -12.0975 1.9
      vertex 1.07736 -13.46 1.9
      vertex 0.718451 -12.0407 1.9
    endloop
  endfacet
  facet normal 0 0 1
    outer loop
      vertex 1.07736 -13.46 1.9
      vertex 0.581433 -12.0975 1.9
      vertex 0.81528 -13.5427 1.9
    endloop
  endfacet
  facet normal -0 0 1
    outer loop
      vertex 0.439992 -12.1421 1.9
      vertex 0.81528 -13.5427 1.9
      vertex 0.581433 -12.0975 1.9
    endloop
  endfacet
  facet normal 0 0 1
    outer loop
      vertex 0.81528 -13.5427 1.9
      vertex 0.439992 -12.1421 1.9
      vertex 0.546991 -13.6021 1.9
    endloop
  endfacet
  facet normal -0 0 1
    outer loop
      vertex 0.295201 -12.1742 1.9
      vertex 0.546991 -13.6021 1.9
      vertex 0.439992 -12.1421 1.9
    endloop
  endfacet
  facet normal 0 0 1
    outer loop
      vertex 0.295201 -12.1742 1.9
      vertex 0.27454 -13.638 1.9
      vertex 0.546991 -13.6021 1.9
    endloop
  endfacet
  facet normal -0 0 1
    outer loop
      vertex 0.148165 -12.1935 1.9
      vertex 0.27454 -13.638 1.9
      vertex 0.295201 -12.1742 1.9
    endloop
  endfacet
  facet normal -0 0 1
    outer loop
      vertex 0 -12.2 1.9
      vertex 0.27454 -13.638 1.9
      vertex 0.148165 -12.1935 1.9
    endloop
  endfacet
  facet normal 0 0 1
    outer loop
      vertex 0 -12.2 1.9
      vertex 0 -13.65 1.9
      vertex 0.27454 -13.638 1.9
    endloop
  endfacet
  facet normal 0 0 1
    outer loop
      vertex -0.148165 -12.1935 1.9
      vertex 0 -13.65 1.9
      vertex 0 -12.2 1.9
    endloop
  endfacet
  facet normal 0 0 1
    outer loop
      vertex -0.148165 -12.1935 1.9
      vertex -0.27454 -13.638 1.9
      vertex 0 -13.65 1.9
    endloop
  endfacet
  facet normal 0 0 1
    outer loop
      vertex -0.295201 -12.1742 1.9
      vertex -0.27454 -13.638 1.9
      vertex -0.148165 -12.1935 1.9
    endloop
  endfacet
  facet normal 0 0 1
    outer loop
      vertex -0.546991 -13.6021 1.9
      vertex -0.295201 -12.1742 1.9
      vertex -0.439992 -12.1421 1.9
    endloop
  endfacet
  facet normal 0 0 1
    outer loop
      vertex -0.295201 -12.1742 1.9
      vertex -0.546991 -13.6021 1.9
      vertex -0.27454 -13.638 1.9
    endloop
  endfacet
  facet normal 0 0 1
    outer loop
      vertex -0.81528 -13.5427 1.9
      vertex -0.439992 -12.1421 1.9
      vertex -0.581433 -12.0975 1.9
    endloop
  endfacet
  facet normal 0 0 1
    outer loop
      vertex -1.07736 -13.46 1.9
      vertex -0.581433 -12.0975 1.9
      vertex -0.718451 -12.0407 1.9
    endloop
  endfacet
  facet normal 0 0 1
    outer loop
      vertex -0.439992 -12.1421 1.9
      vertex -0.81528 -13.5427 1.9
      vertex -0.546991 -13.6021 1.9
    endloop
  endfacet
  facet normal 0 0 1
    outer loop
      vertex -1.33125 -13.3549 1.9
      vertex -0.718451 -12.0407 1.9
      vertex -0.849999 -11.9722 1.9
    endloop
  endfacet
  facet normal 0 0 1
    outer loop
      vertex -1.575 -13.228 1.9
      vertex -0.849999 -11.9722 1.9
      vertex -0.97508 -11.8926 1.9
    endloop
  endfacet
  facet normal 0 0 1
    outer loop
      vertex -0.581433 -12.0975 1.9
      vertex -1.07736 -13.46 1.9
      vertex -0.81528 -13.5427 1.9
    endloop
  endfacet
  facet normal 0 0 1
    outer loop
      vertex -1.80677 -13.0803 1.9
      vertex -0.97508 -11.8926 1.9
      vertex -1.09274 -11.8023 1.9
    endloop
  endfacet
  facet normal 0 0 1
    outer loop
      vertex -2.02478 -12.913 1.9
      vertex -1.09274 -11.8023 1.9
      vertex -1.20208 -11.7021 1.9
    endloop
  endfacet
  facet normal 0 0 1
    outer loop
      vertex -2.22739 -12.7274 1.9
      vertex -1.20208 -11.7021 1.9
      vertex -1.30227 -11.5927 1.9
    endloop
  endfacet
  facet normal 0 0 1
    outer loop
      vertex -0.718451 -12.0407 1.9
      vertex -1.33125 -13.3549 1.9
      vertex -1.07736 -13.46 1.9
    endloop
  endfacet
  facet normal 0 0 1
    outer loop
      vertex -2.41304 -12.5248 1.9
      vertex -1.30227 -11.5927 1.9
      vertex -1.39256 -11.4751 1.9
    endloop
  endfacet
  facet normal 0 0 1
    outer loop
      vertex -2.58033 -12.3068 1.9
      vertex -1.39256 -11.4751 1.9
      vertex -1.47224 -11.35 1.9
    endloop
  endfacet
  facet normal 0 0 1
    outer loop
      vertex -2.72798 -12.075 1.9
      vertex -1.47224 -11.35 1.9
      vertex -1.54072 -11.2185 1.9
    endloop
  endfacet
  facet normal 0 0 1
    outer loop
      vertex -0.849999 -11.9722 1.9
      vertex -1.575 -13.228 1.9
      vertex -1.33125 -13.3549 1.9
    endloop
  endfacet
  facet normal 0 0 1
    outer loop
      vertex -2.85487 -11.8312 1.9
      vertex -1.54072 -11.2185 1.9
      vertex -1.59748 -11.0814 1.9
    endloop
  endfacet
  facet normal 0 0 1
    outer loop
      vertex -2.96003 -11.5774 1.9
      vertex -1.59748 -11.0814 1.9
      vertex -1.64207 -10.94 1.9
    endloop
  endfacet
  facet normal 0 0 1
    outer loop
      vertex -3.04267 -11.3153 1.9
      vertex -1.64207 -10.94 1.9
      vertex -1.67417 -10.7952 1.9
    endloop
  endfacet
  facet normal 0 0 1
    outer loop
      vertex -3.10214 -11.047 1.9
      vertex -1.67417 -10.7952 1.9
      vertex -1.69353 -10.6482 1.9
    endloop
  endfacet
  facet normal 0 0 1
    outer loop
      vertex -0.97508 -11.8926 1.9
      vertex -1.80677 -13.0803 1.9
      vertex -1.575 -13.228 1.9
    endloop
  endfacet
  facet normal 0 0 1
    outer loop
      vertex -3.13801 -10.7745 1.9
      vertex -1.69353 -10.6482 1.9
      vertex -1.7 -10.5 1.9
    endloop
  endfacet
  facet normal -0 0 1
    outer loop
      vertex -2.85487 -9.16875 1.9
      vertex -1.54072 -9.78155 1.9
      vertex -2.72798 -8.925 1.9
    endloop
  endfacet
  facet normal 0 0 1
    outer loop
      vertex -1.54072 -9.78155 1.9
      vertex -2.85487 -9.16875 1.9
      vertex -1.59748 -9.91857 1.9
    endloop
  endfacet
  facet normal 0 0 1
    outer loop
      vertex -1.09274 -11.8023 1.9
      vertex -2.02478 -12.913 1.9
      vertex -1.80677 -13.0803 1.9
    endloop
  endfacet
  facet normal -0 0 1
    outer loop
      vertex -2.96003 -9.42264 1.9
      vertex -1.59748 -9.91857 1.9
      vertex -2.85487 -9.16875 1.9
    endloop
  endfacet
  facet normal 0 0 1
    outer loop
      vertex -1.20208 -11.7021 1.9
      vertex -2.22739 -12.7274 1.9
      vertex -2.02478 -12.913 1.9
    endloop
  endfacet
  facet normal 0 0 1
    outer loop
      vertex -1.59748 -9.91857 1.9
      vertex -2.96003 -9.42264 1.9
      vertex -1.64207 -10.06 1.9
    endloop
  endfacet
  facet normal 0 0 1
    outer loop
      vertex -1.30227 -11.5927 1.9
      vertex -2.41304 -12.5248 1.9
      vertex -2.22739 -12.7274 1.9
    endloop
  endfacet
  facet normal -0 0 1
    outer loop
      vertex -3.04267 -9.68472 1.9
      vertex -1.64207 -10.06 1.9
      vertex -2.96003 -9.42264 1.9
    endloop
  endfacet
  facet normal 0 0 1
    outer loop
      vertex -1.39256 -11.4751 1.9
      vertex -2.58033 -12.3068 1.9
      vertex -2.41304 -12.5248 1.9
    endloop
  endfacet
  facet normal 0 0 1
    outer loop
      vertex -1.64207 -10.06 1.9
      vertex -3.04267 -9.68472 1.9
      vertex -1.67417 -10.2048 1.9
    endloop
  endfacet
  facet normal 0 0 1
    outer loop
      vertex -1.47224 -11.35 1.9
      vertex -2.72798 -12.075 1.9
      vertex -2.58033 -12.3068 1.9
    endloop
  endfacet
  facet normal -0 0 1
    outer loop
      vertex -3.10214 -9.95301 1.9
      vertex -1.67417 -10.2048 1.9
      vertex -3.04267 -9.68472 1.9
    endloop
  endfacet
  facet normal 0 0 1
    outer loop
      vertex -1.54072 -11.2185 1.9
      vertex -2.85487 -11.8312 1.9
      vertex -2.72798 -12.075 1.9
    endloop
  endfacet
  facet normal 0 0 1
    outer loop
      vertex -1.67417 -10.2048 1.9
      vertex -3.10214 -9.95301 1.9
      vertex -1.69353 -10.3518 1.9
    endloop
  endfacet
  facet normal 0 0 1
    outer loop
      vertex -1.59748 -11.0814 1.9
      vertex -2.96003 -11.5774 1.9
      vertex -2.85487 -11.8312 1.9
    endloop
  endfacet
  facet normal -0 0 1
    outer loop
      vertex -3.13801 -10.2255 1.9
      vertex -1.69353 -10.3518 1.9
      vertex -3.10214 -9.95301 1.9
    endloop
  endfacet
  facet normal 0 0 1
    outer loop
      vertex -1.64207 -10.94 1.9
      vertex -3.04267 -11.3153 1.9
      vertex -2.96003 -11.5774 1.9
    endloop
  endfacet
  facet normal 0 0 1
    outer loop
      vertex -1.69353 -10.3518 1.9
      vertex -3.13801 -10.2255 1.9
      vertex -1.7 -10.5 1.9
    endloop
  endfacet
  facet normal 0 0 1
    outer loop
      vertex -1.67417 -10.7952 1.9
      vertex -3.10214 -11.047 1.9
      vertex -3.04267 -11.3153 1.9
    endloop
  endfacet
  facet normal 0 0 1
    outer loop
      vertex -3.15 -10.5 1.9
      vertex -1.7 -10.5 1.9
      vertex -3.13801 -10.2255 1.9
    endloop
  endfacet
  facet normal 0 0 1
    outer loop
      vertex -1.69353 -10.6482 1.9
      vertex -3.13801 -10.7745 1.9
      vertex -3.10214 -11.047 1.9
    endloop
  endfacet
  facet normal 0 0 1
    outer loop
      vertex -1.7 -10.5 1.9
      vertex -3.15 -10.5 1.9
      vertex -3.13801 -10.7745 1.9
    endloop
  endfacet
  facet normal 0.675476 0.737382 -0
    outer loop
      vertex -2.02478 -12.913 1.9
      vertex -2.22739 -12.7274 4
      vertex -2.02478 -12.913 4
    endloop
  endfacet
  facet normal 0.675476 0.737382 0
    outer loop
      vertex -2.22739 -12.7274 4
      vertex -2.02478 -12.913 1.9
      vertex -2.22739 -12.7274 1.9
    endloop
  endfacet
  facet normal 0.976303 -0.21641 0
    outer loop
      vertex -3.10214 -9.95301 4
      vertex -3.04267 -9.68472 1.9
      vertex -3.04267 -9.68472 4
    endloop
  endfacet
  facet normal 0.976303 -0.21641 0
    outer loop
      vertex -3.04267 -9.68472 1.9
      vertex -3.10214 -9.95301 4
      vertex -3.10214 -9.95301 1.9
    endloop
  endfacet
  facet normal -0.999047 0.0436378 0
    outer loop
      vertex 3.13801 -10.7745 1.9
      vertex 3.15 -10.5 4
      vertex 3.15 -10.5 1.9
    endloop
  endfacet
  facet normal -0.999047 0.0436378 0
    outer loop
      vertex 3.15 -10.5 4
      vertex 3.13801 -10.7745 1.9
      vertex 3.13801 -10.7745 4
    endloop
  endfacet
  facet normal 0.923886 -0.382669 0
    outer loop
      vertex -2.96003 -9.42264 4
      vertex -2.85487 -9.16875 1.9
      vertex -2.85487 -9.16875 4
    endloop
  endfacet
  facet normal 0.923886 -0.382669 0
    outer loop
      vertex -2.85487 -9.16875 1.9
      vertex -2.96003 -9.42264 4
      vertex -2.96003 -9.42264 1.9
    endloop
  endfacet
  facet normal 0.887047 0.461679 0
    outer loop
      vertex -2.72798 -12.075 4
      vertex -2.85487 -11.8312 1.9
      vertex -2.85487 -11.8312 4
    endloop
  endfacet
  facet normal 0.887047 0.461679 0
    outer loop
      vertex -2.85487 -11.8312 1.9
      vertex -2.72798 -12.075 4
      vertex -2.72798 -12.075 1.9
    endloop
  endfacet
  facet normal -0.976303 -0.21641 0
    outer loop
      vertex 3.10214 -9.95301 1.9
      vertex 3.04267 -9.68472 4
      vertex 3.04267 -9.68472 1.9
    endloop
  endfacet
  facet normal -0.976303 -0.21641 0
    outer loop
      vertex 3.04267 -9.68472 4
      vertex 3.10214 -9.95301 1.9
      vertex 3.10214 -9.95301 4
    endloop
  endfacet
  facet normal 0.461782 0.886993 -0
    outer loop
      vertex -1.33125 -13.3549 1.9
      vertex -1.575 -13.228 4
      vertex -1.33125 -13.3549 4
    endloop
  endfacet
  facet normal 0.461782 0.886993 0
    outer loop
      vertex -1.575 -13.228 4
      vertex -1.33125 -13.3549 1.9
      vertex -1.575 -13.228 1.9
    endloop
  endfacet
  facet normal -0.382669 -0.923886 0
    outer loop
      vertex 1.07736 -7.53997 1.9
      vertex 1.33125 -7.64513 4
      vertex 1.07736 -7.53997 4
    endloop
  endfacet
  facet normal -0.382669 -0.923886 -0
    outer loop
      vertex 1.33125 -7.64513 4
      vertex 1.07736 -7.53997 1.9
      vertex 1.33125 -7.64513 1.9
    endloop
  endfacet
  facet normal -0.675476 0.737382 0
    outer loop
      vertex 2.22739 -12.7274 1.9
      vertex 2.02478 -12.913 4
      vertex 2.22739 -12.7274 4
    endloop
  endfacet
  facet normal -0.675476 0.737382 0
    outer loop
      vertex 2.02478 -12.913 4
      vertex 2.22739 -12.7274 1.9
      vertex 2.02478 -12.913 1.9
    endloop
  endfacet
  facet normal 0.999047 0.0436378 0
    outer loop
      vertex -3.13801 -10.7745 4
      vertex -3.15 -10.5 1.9
      vertex -3.15 -10.5 4
    endloop
  endfacet
  facet normal 0.999047 0.0436378 0
    outer loop
      vertex -3.15 -10.5 1.9
      vertex -3.13801 -10.7745 4
      vertex -3.13801 -10.7745 1.9
    endloop
  endfacet
  facet normal -0.843429 0.53724 0
    outer loop
      vertex 2.58033 -12.3068 1.9
      vertex 2.72798 -12.075 4
      vertex 2.72798 -12.075 1.9
    endloop
  endfacet
  facet normal -0.843429 0.53724 0
    outer loop
      vertex 2.72798 -12.075 4
      vertex 2.58033 -12.3068 1.9
      vertex 2.58033 -12.3068 4
    endloop
  endfacet
  facet normal 0.923838 0.382785 0
    outer loop
      vertex -2.85487 -11.8312 4
      vertex -2.96003 -11.5774 1.9
      vertex -2.96003 -11.5774 4
    endloop
  endfacet
  facet normal 0.923838 0.382785 0
    outer loop
      vertex -2.96003 -11.5774 1.9
      vertex -2.85487 -11.8312 4
      vertex -2.85487 -11.8312 1.9
    endloop
  endfacet
  facet normal 0.130495 -0.991449 0
    outer loop
      vertex -0.546991 -7.39785 1.9
      vertex -0.27454 -7.36199 4
      vertex -0.546991 -7.39785 4
    endloop
  endfacet
  facet normal 0.130495 -0.991449 0
    outer loop
      vertex -0.27454 -7.36199 4
      vertex -0.546991 -7.39785 1.9
      vertex -0.27454 -7.36199 1.9
    endloop
  endfacet
  facet normal 0.793331 0.608791 0
    outer loop
      vertex -2.41304 -12.5248 4
      vertex -2.58033 -12.3068 1.9
      vertex -2.58033 -12.3068 4
    endloop
  endfacet
  facet normal 0.793331 0.608791 0
    outer loop
      vertex -2.58033 -12.3068 1.9
      vertex -2.41304 -12.5248 4
      vertex -2.41304 -12.5248 1.9
    endloop
  endfacet
  facet normal -0.887008 -0.461754 0
    outer loop
      vertex 2.85487 -9.16875 1.9
      vertex 2.72798 -8.925 4
      vertex 2.72798 -8.925 1.9
    endloop
  endfacet
  facet normal -0.887008 -0.461754 0
    outer loop
      vertex 2.72798 -8.925 4
      vertex 2.85487 -9.16875 1.9
      vertex 2.85487 -9.16875 4
    endloop
  endfacet
  facet normal -0.0436678 0.999046 0
    outer loop
      vertex 0.27454 -13.638 1.9
      vertex 0 -13.65 4
      vertex 0.27454 -13.638 4
    endloop
  endfacet
  facet normal -0.0436678 0.999046 0
    outer loop
      vertex 0 -13.65 4
      vertex 0.27454 -13.638 1.9
      vertex 0 -13.65 1.9
    endloop
  endfacet
  facet normal -0.608773 -0.793344 0
    outer loop
      vertex 1.80677 -7.91967 1.9
      vertex 2.02478 -8.08696 4
      vertex 1.80677 -7.91967 4
    endloop
  endfacet
  facet normal -0.608773 -0.793344 -0
    outer loop
      vertex 2.02478 -8.08696 4
      vertex 1.80677 -7.91967 1.9
      vertex 2.02478 -8.08696 1.9
    endloop
  endfacet
  facet normal -0.300727 -0.95371 0
    outer loop
      vertex 0.81528 -7.45733 1.9
      vertex 1.07736 -7.53997 4
      vertex 0.81528 -7.45733 4
    endloop
  endfacet
  facet normal -0.300727 -0.95371 -0
    outer loop
      vertex 1.07736 -7.53997 4
      vertex 0.81528 -7.45733 1.9
      vertex 1.07736 -7.53997 1.9
    endloop
  endfacet
  facet normal -0.843398 -0.53729 0
    outer loop
      vertex 2.72798 -8.925 1.9
      vertex 2.58033 -8.69323 4
      vertex 2.58033 -8.69323 1.9
    endloop
  endfacet
  facet normal -0.843398 -0.53729 0
    outer loop
      vertex 2.58033 -8.69323 4
      vertex 2.72798 -8.925 1.9
      vertex 2.72798 -8.925 4
    endloop
  endfacet
  facet normal -0.216168 0.976356 0
    outer loop
      vertex 0.81528 -13.5427 1.9
      vertex 0.546991 -13.6021 4
      vertex 0.81528 -13.5427 4
    endloop
  endfacet
  facet normal -0.216168 0.976356 0
    outer loop
      vertex 0.546991 -13.6021 4
      vertex 0.81528 -13.5427 1.9
      vertex 0.546991 -13.6021 1.9
    endloop
  endfacet
  facet normal -0.953717 0.300706 0
    outer loop
      vertex 2.96003 -11.5774 1.9
      vertex 3.04267 -11.3153 4
      vertex 3.04267 -11.3153 1.9
    endloop
  endfacet
  facet normal -0.953717 0.300706 0
    outer loop
      vertex 3.04267 -11.3153 4
      vertex 2.96003 -11.5774 1.9
      vertex 2.96003 -11.5774 4
    endloop
  endfacet
  facet normal -0.923838 0.382785 0
    outer loop
      vertex 2.85487 -11.8312 1.9
      vertex 2.96003 -11.5774 4
      vertex 2.96003 -11.5774 1.9
    endloop
  endfacet
  facet normal -0.923838 0.382785 0
    outer loop
      vertex 2.96003 -11.5774 4
      vertex 2.85487 -11.8312 1.9
      vertex 2.85487 -11.8312 4
    endloop
  endfacet
  facet normal -0.130495 -0.991449 0
    outer loop
      vertex 0.27454 -7.36199 1.9
      vertex 0.546991 -7.39785 4
      vertex 0.27454 -7.36199 4
    endloop
  endfacet
  facet normal -0.130495 -0.991449 -0
    outer loop
      vertex 0.546991 -7.39785 4
      vertex 0.27454 -7.36199 1.9
      vertex 0.546991 -7.39785 1.9
    endloop
  endfacet
  facet normal -0.793344 -0.608773 0
    outer loop
      vertex 2.58033 -8.69323 1.9
      vertex 2.41304 -8.47522 4
      vertex 2.41304 -8.47522 1.9
    endloop
  endfacet
  facet normal -0.793344 -0.608773 0
    outer loop
      vertex 2.41304 -8.47522 4
      vertex 2.58033 -8.69323 1.9
      vertex 2.58033 -8.69323 4
    endloop
  endfacet
  facet normal -0.461754 -0.887008 0
    outer loop
      vertex 1.33125 -7.64513 1.9
      vertex 1.575 -7.77202 4
      vertex 1.33125 -7.64513 4
    endloop
  endfacet
  facet normal -0.461754 -0.887008 -0
    outer loop
      vertex 1.575 -7.77202 4
      vertex 1.33125 -7.64513 1.9
      vertex 1.575 -7.77202 1.9
    endloop
  endfacet
  facet normal -0.53729 -0.843398 0
    outer loop
      vertex 1.575 -7.77202 1.9
      vertex 1.80677 -7.91967 4
      vertex 1.575 -7.77202 4
    endloop
  endfacet
  facet normal -0.53729 -0.843398 -0
    outer loop
      vertex 1.80677 -7.91967 4
      vertex 1.575 -7.77202 1.9
      vertex 1.80677 -7.91967 1.9
    endloop
  endfacet
  facet normal -0.300926 0.953648 0
    outer loop
      vertex 1.07736 -13.46 1.9
      vertex 0.81528 -13.5427 4
      vertex 1.07736 -13.46 4
    endloop
  endfacet
  facet normal -0.300926 0.953648 0
    outer loop
      vertex 0.81528 -13.5427 4
      vertex 1.07736 -13.46 1.9
      vertex 0.81528 -13.5427 1.9
    endloop
  endfacet
  facet normal 0.737275 0.675593 0
    outer loop
      vertex -2.22739 -12.7274 4
      vertex -2.41304 -12.5248 1.9
      vertex -2.41304 -12.5248 4
    endloop
  endfacet
  facet normal 0.737275 0.675593 0
    outer loop
      vertex -2.41304 -12.5248 1.9
      vertex -2.22739 -12.7274 4
      vertex -2.22739 -12.7274 1.9
    endloop
  endfacet
  facet normal -0.95371 -0.300727 0
    outer loop
      vertex 3.04267 -9.68472 1.9
      vertex 2.96003 -9.42264 4
      vertex 2.96003 -9.42264 1.9
    endloop
  endfacet
  facet normal -0.95371 -0.300727 0
    outer loop
      vertex 2.96003 -9.42264 4
      vertex 3.04267 -9.68472 1.9
      vertex 3.04267 -9.68472 4
    endloop
  endfacet
  facet normal 0.461754 -0.887008 0
    outer loop
      vertex -1.575 -7.77202 1.9
      vertex -1.33125 -7.64513 4
      vertex -1.575 -7.77202 4
    endloop
  endfacet
  facet normal 0.461754 -0.887008 0
    outer loop
      vertex -1.33125 -7.64513 4
      vertex -1.575 -7.77202 1.9
      vertex -1.33125 -7.64513 1.9
    endloop
  endfacet
  facet normal -0.675575 -0.737292 0
    outer loop
      vertex 2.02478 -8.08696 1.9
      vertex 2.22739 -8.27261 4
      vertex 2.02478 -8.08696 4
    endloop
  endfacet
  facet normal -0.675575 -0.737292 -0
    outer loop
      vertex 2.22739 -8.27261 4
      vertex 2.02478 -8.08696 1.9
      vertex 2.22739 -8.27261 1.9
    endloop
  endfacet
  facet normal 0.216168 0.976356 -0
    outer loop
      vertex -0.546991 -13.6021 1.9
      vertex -0.81528 -13.5427 4
      vertex -0.546991 -13.6021 4
    endloop
  endfacet
  facet normal 0.216168 0.976356 0
    outer loop
      vertex -0.81528 -13.5427 4
      vertex -0.546991 -13.6021 1.9
      vertex -0.81528 -13.5427 1.9
    endloop
  endfacet
  facet normal 0.300727 -0.95371 0
    outer loop
      vertex -1.07736 -7.53997 1.9
      vertex -0.81528 -7.45733 4
      vertex -1.07736 -7.53997 4
    endloop
  endfacet
  facet normal 0.300727 -0.95371 0
    outer loop
      vertex -0.81528 -7.45733 4
      vertex -1.07736 -7.53997 1.9
      vertex -0.81528 -7.45733 1.9
    endloop
  endfacet
  facet normal 0.608773 -0.793344 0
    outer loop
      vertex -2.02478 -8.08696 1.9
      vertex -1.80677 -7.91967 4
      vertex -2.02478 -8.08696 4
    endloop
  endfacet
  facet normal 0.608773 -0.793344 0
    outer loop
      vertex -1.80677 -7.91967 4
      vertex -2.02478 -8.08696 1.9
      vertex -1.80677 -7.91967 1.9
    endloop
  endfacet
  facet normal 0.991447 0.130507 0
    outer loop
      vertex -3.10214 -11.047 4
      vertex -3.13801 -10.7745 1.9
      vertex -3.13801 -10.7745 4
    endloop
  endfacet
  facet normal 0.991447 0.130507 0
    outer loop
      vertex -3.13801 -10.7745 1.9
      vertex -3.10214 -11.047 4
      vertex -3.10214 -11.047 1.9
    endloop
  endfacet
  facet normal 0.887008 -0.461754 0
    outer loop
      vertex -2.85487 -9.16875 4
      vertex -2.72798 -8.925 1.9
      vertex -2.72798 -8.925 4
    endloop
  endfacet
  facet normal 0.887008 -0.461754 0
    outer loop
      vertex -2.72798 -8.925 1.9
      vertex -2.85487 -9.16875 4
      vertex -2.85487 -9.16875 1.9
    endloop
  endfacet
  facet normal -0.382483 0.923963 0
    outer loop
      vertex 1.33125 -13.3549 1.9
      vertex 1.07736 -13.46 4
      vertex 1.33125 -13.3549 4
    endloop
  endfacet
  facet normal -0.382483 0.923963 0
    outer loop
      vertex 1.07736 -13.46 4
      vertex 1.33125 -13.3549 1.9
      vertex 1.07736 -13.46 1.9
    endloop
  endfacet
  facet normal 0.95371 -0.300727 0
    outer loop
      vertex -3.04267 -9.68472 4
      vertex -2.96003 -9.42264 1.9
      vertex -2.96003 -9.42264 4
    endloop
  endfacet
  facet normal 0.95371 -0.300727 0
    outer loop
      vertex -2.96003 -9.42264 1.9
      vertex -3.04267 -9.68472 4
      vertex -3.04267 -9.68472 1.9
    endloop
  endfacet
  facet normal -0.737292 -0.675575 0
    outer loop
      vertex 2.41304 -8.47522 1.9
      vertex 2.22739 -8.27261 4
      vertex 2.22739 -8.27261 1.9
    endloop
  endfacet
  facet normal -0.737292 -0.675575 0
    outer loop
      vertex 2.22739 -8.27261 4
      vertex 2.41304 -8.47522 1.9
      vertex 2.41304 -8.47522 4
    endloop
  endfacet
  facet normal 0.737292 -0.675575 0
    outer loop
      vertex -2.41304 -8.47522 4
      vertex -2.22739 -8.27261 1.9
      vertex -2.22739 -8.27261 4
    endloop
  endfacet
  facet normal 0.737292 -0.675575 0
    outer loop
      vertex -2.22739 -8.27261 1.9
      vertex -2.41304 -8.47522 4
      vertex -2.41304 -8.47522 1.9
    endloop
  endfacet
  facet normal -0.461782 0.886993 0
    outer loop
      vertex 1.575 -13.228 1.9
      vertex 1.33125 -13.3549 4
      vertex 1.575 -13.228 4
    endloop
  endfacet
  facet normal -0.461782 0.886993 0
    outer loop
      vertex 1.33125 -13.3549 4
      vertex 1.575 -13.228 1.9
      vertex 1.33125 -13.3549 1.9
    endloop
  endfacet
  facet normal -0.0436315 -0.999048 0
    outer loop
      vertex 0 -7.35 1.9
      vertex 0.27454 -7.36199 4
      vertex 0 -7.35 4
    endloop
  endfacet
  facet normal -0.0436315 -0.999048 -0
    outer loop
      vertex 0.27454 -7.36199 4
      vertex 0 -7.35 1.9
      vertex 0.27454 -7.36199 1.9
    endloop
  endfacet
  facet normal 0.0436678 0.999046 -0
    outer loop
      vertex 0 -13.65 1.9
      vertex -0.27454 -13.638 4
      vertex 0 -13.65 4
    endloop
  endfacet
  facet normal 0.0436678 0.999046 0
    outer loop
      vertex -0.27454 -13.638 4
      vertex 0 -13.65 1.9
      vertex -0.27454 -13.638 1.9
    endloop
  endfacet
  facet normal 0.382669 -0.923886 0
    outer loop
      vertex -1.33125 -7.64513 1.9
      vertex -1.07736 -7.53997 4
      vertex -1.33125 -7.64513 4
    endloop
  endfacet
  facet normal 0.382669 -0.923886 0
    outer loop
      vertex -1.07736 -7.53997 4
      vertex -1.33125 -7.64513 1.9
      vertex -1.07736 -7.53997 1.9
    endloop
  endfacet
  facet normal 0.537419 0.843315 -0
    outer loop
      vertex -1.575 -13.228 1.9
      vertex -1.80677 -13.0803 4
      vertex -1.575 -13.228 4
    endloop
  endfacet
  facet normal 0.537419 0.843315 0
    outer loop
      vertex -1.80677 -13.0803 4
      vertex -1.575 -13.228 1.9
      vertex -1.80677 -13.0803 1.9
    endloop
  endfacet
  facet normal 0.382483 0.923963 -0
    outer loop
      vertex -1.07736 -13.46 1.9
      vertex -1.33125 -13.3549 4
      vertex -1.07736 -13.46 4
    endloop
  endfacet
  facet normal 0.382483 0.923963 0
    outer loop
      vertex -1.33125 -13.3549 4
      vertex -1.07736 -13.46 1.9
      vertex -1.33125 -13.3549 1.9
    endloop
  endfacet
  facet normal 0.793344 -0.608773 0
    outer loop
      vertex -2.58033 -8.69323 4
      vertex -2.41304 -8.47522 1.9
      vertex -2.41304 -8.47522 4
    endloop
  endfacet
  facet normal 0.793344 -0.608773 0
    outer loop
      vertex -2.41304 -8.47522 1.9
      vertex -2.58033 -8.69323 4
      vertex -2.58033 -8.69323 1.9
    endloop
  endfacet
  facet normal -0.737275 0.675593 0
    outer loop
      vertex 2.22739 -12.7274 1.9
      vertex 2.41304 -12.5248 4
      vertex 2.41304 -12.5248 1.9
    endloop
  endfacet
  facet normal -0.737275 0.675593 0
    outer loop
      vertex 2.41304 -12.5248 4
      vertex 2.22739 -12.7274 1.9
      vertex 2.22739 -12.7274 4
    endloop
  endfacet
  facet normal 0.843398 -0.53729 0
    outer loop
      vertex -2.72798 -8.925 4
      vertex -2.58033 -8.69323 1.9
      vertex -2.58033 -8.69323 4
    endloop
  endfacet
  facet normal 0.843398 -0.53729 0
    outer loop
      vertex -2.58033 -8.69323 1.9
      vertex -2.72798 -8.925 4
      vertex -2.72798 -8.925 1.9
    endloop
  endfacet
  facet normal 0.843429 0.53724 0
    outer loop
      vertex -2.58033 -12.3068 4
      vertex -2.72798 -12.075 1.9
      vertex -2.72798 -12.075 4
    endloop
  endfacet
  facet normal 0.843429 0.53724 0
    outer loop
      vertex -2.72798 -12.075 1.9
      vertex -2.58033 -12.3068 4
      vertex -2.58033 -12.3068 1.9
    endloop
  endfacet
  facet normal -0.999047 0.0436378 0
    outer loop
      vertex 3.13801 10.2255 1.9
      vertex 3.15 10.5 4
      vertex 3.15 10.5 1.9
    endloop
  endfacet
  facet normal -0.999047 0.0436378 0
    outer loop
      vertex 3.15 10.5 4
      vertex 3.13801 10.2255 1.9
      vertex 3.13801 10.2255 4
    endloop
  endfacet
  facet normal 0.793331 -0.608791 0
    outer loop
      vertex -2.58033 12.3068 4
      vertex -2.41304 12.5248 1.9
      vertex -2.41304 12.5248 4
    endloop
  endfacet
  facet normal 0.793331 -0.608791 0
    outer loop
      vertex -2.41304 12.5248 1.9
      vertex -2.58033 12.3068 4
      vertex -2.58033 12.3068 1.9
    endloop
  endfacet
  facet normal -0.991447 -0.130507 0
    outer loop
      vertex 3.13801 10.7745 1.9
      vertex 3.10214 11.047 4
      vertex 3.10214 11.047 1.9
    endloop
  endfacet
  facet normal -0.991447 -0.130507 0
    outer loop
      vertex 3.10214 11.047 4
      vertex 3.13801 10.7745 1.9
      vertex 3.13801 10.7745 4
    endloop
  endfacet
  facet normal -0.843429 -0.53724 0
    outer loop
      vertex 2.72798 12.075 1.9
      vertex 2.58033 12.3068 4
      vertex 2.58033 12.3068 1.9
    endloop
  endfacet
  facet normal -0.843429 -0.53724 0
    outer loop
      vertex 2.58033 12.3068 4
      vertex 2.72798 12.075 1.9
      vertex 2.72798 12.075 4
    endloop
  endfacet
  facet normal 0.887008 0.461754 0
    outer loop
      vertex -2.72798 8.925 4
      vertex -2.85487 9.16875 1.9
      vertex -2.85487 9.16875 4
    endloop
  endfacet
  facet normal 0.887008 0.461754 0
    outer loop
      vertex -2.85487 9.16875 1.9
      vertex -2.72798 8.925 4
      vertex -2.72798 8.925 1.9
    endloop
  endfacet
  facet normal -0.0436678 -0.999046 0
    outer loop
      vertex 0 13.65 1.9
      vertex 0.27454 13.638 4
      vertex 0 13.65 4
    endloop
  endfacet
  facet normal -0.0436678 -0.999046 -0
    outer loop
      vertex 0.27454 13.638 4
      vertex 0 13.65 1.9
      vertex 0.27454 13.638 1.9
    endloop
  endfacet
  facet normal 0.300926 -0.953648 0
    outer loop
      vertex -1.07736 13.46 1.9
      vertex -0.81528 13.5427 4
      vertex -1.07736 13.46 4
    endloop
  endfacet
  facet normal 0.300926 -0.953648 0
    outer loop
      vertex -0.81528 13.5427 4
      vertex -1.07736 13.46 1.9
      vertex -0.81528 13.5427 1.9
    endloop
  endfacet
  facet normal 0.300727 0.95371 -0
    outer loop
      vertex -0.81528 7.45733 1.9
      vertex -1.07736 7.53997 4
      vertex -0.81528 7.45733 4
    endloop
  endfacet
  facet normal 0.300727 0.95371 0
    outer loop
      vertex -1.07736 7.53997 4
      vertex -0.81528 7.45733 1.9
      vertex -1.07736 7.53997 1.9
    endloop
  endfacet
  facet normal 0.999047 0.0436378 0
    outer loop
      vertex -3.13801 10.2255 4
      vertex -3.15 10.5 1.9
      vertex -3.15 10.5 4
    endloop
  endfacet
  facet normal 0.999047 0.0436378 0
    outer loop
      vertex -3.15 10.5 1.9
      vertex -3.13801 10.2255 4
      vertex -3.13801 10.2255 1.9
    endloop
  endfacet
  facet normal 0.0436315 0.999048 -0
    outer loop
      vertex 0 7.35 1.9
      vertex -0.27454 7.36199 4
      vertex 0 7.35 4
    endloop
  endfacet
  facet normal 0.0436315 0.999048 0
    outer loop
      vertex -0.27454 7.36199 4
      vertex 0 7.35 1.9
      vertex -0.27454 7.36199 1.9
    endloop
  endfacet
  facet normal 0.843429 -0.53724 0
    outer loop
      vertex -2.72798 12.075 4
      vertex -2.58033 12.3068 1.9
      vertex -2.58033 12.3068 4
    endloop
  endfacet
  facet normal 0.843429 -0.53724 0
    outer loop
      vertex -2.58033 12.3068 1.9
      vertex -2.72798 12.075 4
      vertex -2.72798 12.075 1.9
    endloop
  endfacet
  facet normal -0.976303 0.21641 0
    outer loop
      vertex 3.04267 9.68472 1.9
      vertex 3.10214 9.95301 4
      vertex 3.10214 9.95301 1.9
    endloop
  endfacet
  facet normal -0.976303 0.21641 0
    outer loop
      vertex 3.10214 9.95301 4
      vertex 3.04267 9.68472 1.9
      vertex 3.04267 9.68472 4
    endloop
  endfacet
  facet normal -0.887047 -0.461679 0
    outer loop
      vertex 2.85487 11.8312 1.9
      vertex 2.72798 12.075 4
      vertex 2.72798 12.075 1.9
    endloop
  endfacet
  facet normal -0.887047 -0.461679 0
    outer loop
      vertex 2.72798 12.075 4
      vertex 2.85487 11.8312 1.9
      vertex 2.85487 11.8312 4
    endloop
  endfacet
  facet normal -0.0436315 0.999048 0
    outer loop
      vertex 0.27454 7.36199 1.9
      vertex 0 7.35 4
      vertex 0.27454 7.36199 4
    endloop
  endfacet
  facet normal -0.0436315 0.999048 0
    outer loop
      vertex 0 7.35 4
      vertex 0.27454 7.36199 1.9
      vertex 0 7.35 1.9
    endloop
  endfacet
  facet normal 0.843398 0.53729 0
    outer loop
      vertex -2.58033 8.69323 4
      vertex -2.72798 8.925 1.9
      vertex -2.72798 8.925 4
    endloop
  endfacet
  facet normal 0.843398 0.53729 0
    outer loop
      vertex -2.72798 8.925 1.9
      vertex -2.58033 8.69323 4
      vertex -2.58033 8.69323 1.9
    endloop
  endfacet
  facet normal 0.887047 -0.461679 0
    outer loop
      vertex -2.85487 11.8312 4
      vertex -2.72798 12.075 1.9
      vertex -2.72798 12.075 4
    endloop
  endfacet
  facet normal 0.887047 -0.461679 0
    outer loop
      vertex -2.72798 12.075 1.9
      vertex -2.85487 11.8312 4
      vertex -2.85487 11.8312 1.9
    endloop
  endfacet
  facet normal 0.608773 0.793344 -0
    outer loop
      vertex -1.80677 7.91967 1.9
      vertex -2.02478 8.08696 4
      vertex -1.80677 7.91967 4
    endloop
  endfacet
  facet normal 0.608773 0.793344 0
    outer loop
      vertex -2.02478 8.08696 4
      vertex -1.80677 7.91967 1.9
      vertex -2.02478 8.08696 1.9
    endloop
  endfacet
  facet normal 0.953717 -0.300706 0
    outer loop
      vertex -3.04267 11.3153 4
      vertex -2.96003 11.5774 1.9
      vertex -2.96003 11.5774 4
    endloop
  endfacet
  facet normal 0.953717 -0.300706 0
    outer loop
      vertex -2.96003 11.5774 1.9
      vertex -3.04267 11.3153 4
      vertex -3.04267 11.3153 1.9
    endloop
  endfacet
  facet normal 0.130638 -0.99143 0
    outer loop
      vertex -0.546991 13.6021 1.9
      vertex -0.27454 13.638 4
      vertex -0.546991 13.6021 4
    endloop
  endfacet
  facet normal 0.130638 -0.99143 0
    outer loop
      vertex -0.27454 13.638 4
      vertex -0.546991 13.6021 1.9
      vertex -0.27454 13.638 1.9
    endloop
  endfacet
  facet normal 0.537419 -0.843315 0
    outer loop
      vertex -1.80677 13.0803 1.9
      vertex -1.575 13.228 4
      vertex -1.80677 13.0803 4
    endloop
  endfacet
  facet normal 0.537419 -0.843315 0
    outer loop
      vertex -1.575 13.228 4
      vertex -1.80677 13.0803 1.9
      vertex -1.575 13.228 1.9
    endloop
  endfacet
  facet normal -0.737292 0.675575 0
    outer loop
      vertex 2.22739 8.27261 1.9
      vertex 2.41304 8.47522 4
      vertex 2.41304 8.47522 1.9
    endloop
  endfacet
  facet normal -0.737292 0.675575 0
    outer loop
      vertex 2.41304 8.47522 4
      vertex 2.22739 8.27261 1.9
      vertex 2.22739 8.27261 4
    endloop
  endfacet
  facet normal -0.991447 0.130512 0
    outer loop
      vertex 3.10214 9.95301 1.9
      vertex 3.13801 10.2255 4
      vertex 3.13801 10.2255 1.9
    endloop
  endfacet
  facet normal -0.991447 0.130512 0
    outer loop
      vertex 3.13801 10.2255 4
      vertex 3.10214 9.95301 1.9
      vertex 3.10214 9.95301 4
    endloop
  endfacet
  facet normal -0.999047 -0.0436378 0
    outer loop
      vertex 3.15 10.5 1.9
      vertex 3.13801 10.7745 4
      vertex 3.13801 10.7745 1.9
    endloop
  endfacet
  facet normal -0.999047 -0.0436378 0
    outer loop
      vertex 3.13801 10.7745 4
      vertex 3.15 10.5 1.9
      vertex 3.15 10.5 4
    endloop
  endfacet
  facet normal 0.737275 -0.675593 0
    outer loop
      vertex -2.41304 12.5248 4
      vertex -2.22739 12.7274 1.9
      vertex -2.22739 12.7274 4
    endloop
  endfacet
  facet normal 0.737275 -0.675593 0
    outer loop
      vertex -2.22739 12.7274 1.9
      vertex -2.41304 12.5248 4
      vertex -2.41304 12.5248 1.9
    endloop
  endfacet
  facet normal -0.887008 0.461754 0
    outer loop
      vertex 2.72798 8.925 1.9
      vertex 2.85487 9.16875 4
      vertex 2.85487 9.16875 1.9
    endloop
  endfacet
  facet normal -0.887008 0.461754 0
    outer loop
      vertex 2.85487 9.16875 4
      vertex 2.72798 8.925 1.9
      vertex 2.72798 8.925 4
    endloop
  endfacet
  facet normal 0.382483 -0.923963 0
    outer loop
      vertex -1.33125 13.3549 1.9
      vertex -1.07736 13.46 4
      vertex -1.33125 13.3549 4
    endloop
  endfacet
  facet normal 0.382483 -0.923963 0
    outer loop
      vertex -1.07736 13.46 4
      vertex -1.33125 13.3549 1.9
      vertex -1.07736 13.46 1.9
    endloop
  endfacet
  facet normal 0.923886 0.382669 0
    outer loop
      vertex -2.85487 9.16875 4
      vertex -2.96003 9.42264 1.9
      vertex -2.96003 9.42264 4
    endloop
  endfacet
  facet normal 0.923886 0.382669 0
    outer loop
      vertex -2.96003 9.42264 1.9
      vertex -2.85487 9.16875 4
      vertex -2.85487 9.16875 1.9
    endloop
  endfacet
  facet normal 0.382669 0.923886 -0
    outer loop
      vertex -1.07736 7.53997 1.9
      vertex -1.33125 7.64513 4
      vertex -1.07736 7.53997 4
    endloop
  endfacet
  facet normal 0.382669 0.923886 0
    outer loop
      vertex -1.33125 7.64513 4
      vertex -1.07736 7.53997 1.9
      vertex -1.33125 7.64513 1.9
    endloop
  endfacet
  facet normal 0.737292 0.675575 0
    outer loop
      vertex -2.22739 8.27261 4
      vertex -2.41304 8.47522 1.9
      vertex -2.41304 8.47522 4
    endloop
  endfacet
  facet normal 0.737292 0.675575 0
    outer loop
      vertex -2.41304 8.47522 1.9
      vertex -2.22739 8.27261 4
      vertex -2.22739 8.27261 1.9
    endloop
  endfacet
  facet normal -0.95371 0.300727 0
    outer loop
      vertex 2.96003 9.42264 1.9
      vertex 3.04267 9.68472 4
      vertex 3.04267 9.68472 1.9
    endloop
  endfacet
  facet normal -0.95371 0.300727 0
    outer loop
      vertex 3.04267 9.68472 4
      vertex 2.96003 9.42264 1.9
      vertex 2.96003 9.42264 4
    endloop
  endfacet
  facet normal 0.608796 -0.793327 0
    outer loop
      vertex -2.02478 12.913 1.9
      vertex -1.80677 13.0803 4
      vertex -2.02478 12.913 4
    endloop
  endfacet
  facet normal 0.608796 -0.793327 0
    outer loop
      vertex -1.80677 13.0803 4
      vertex -2.02478 12.913 1.9
      vertex -1.80677 13.0803 1.9
    endloop
  endfacet
  facet normal 0.976303 0.21641 0
    outer loop
      vertex -3.04267 9.68472 4
      vertex -3.10214 9.95301 1.9
      vertex -3.10214 9.95301 4
    endloop
  endfacet
  facet normal 0.976303 0.21641 0
    outer loop
      vertex -3.10214 9.95301 1.9
      vertex -3.04267 9.68472 4
      vertex -3.04267 9.68472 1.9
    endloop
  endfacet
  facet normal 0.675575 0.737292 -0
    outer loop
      vertex -2.02478 8.08696 1.9
      vertex -2.22739 8.27261 4
      vertex -2.02478 8.08696 4
    endloop
  endfacet
  facet normal 0.675575 0.737292 0
    outer loop
      vertex -2.22739 8.27261 4
      vertex -2.02478 8.08696 1.9
      vertex -2.22739 8.27261 1.9
    endloop
  endfacet
  facet normal 0.675476 -0.737382 0
    outer loop
      vertex -2.22739 12.7274 1.9
      vertex -2.02478 12.913 4
      vertex -2.22739 12.7274 4
    endloop
  endfacet
  facet normal 0.675476 -0.737382 0
    outer loop
      vertex -2.02478 12.913 4
      vertex -2.22739 12.7274 1.9
      vertex -2.02478 12.913 1.9
    endloop
  endfacet
  facet normal -0.300727 0.95371 0
    outer loop
      vertex 1.07736 7.53997 1.9
      vertex 0.81528 7.45733 4
      vertex 1.07736 7.53997 4
    endloop
  endfacet
  facet normal -0.300727 0.95371 0
    outer loop
      vertex 0.81528 7.45733 4
      vertex 1.07736 7.53997 1.9
      vertex 0.81528 7.45733 1.9
    endloop
  endfacet
  facet normal -0.923838 -0.382785 0
    outer loop
      vertex 2.96003 11.5774 1.9
      vertex 2.85487 11.8312 4
      vertex 2.85487 11.8312 1.9
    endloop
  endfacet
  facet normal -0.923838 -0.382785 0
    outer loop
      vertex 2.85487 11.8312 4
      vertex 2.96003 11.5774 1.9
      vertex 2.96003 11.5774 4
    endloop
  endfacet
  facet normal -0.793344 0.608773 0
    outer loop
      vertex 2.41304 8.47522 1.9
      vertex 2.58033 8.69323 4
      vertex 2.58033 8.69323 1.9
    endloop
  endfacet
  facet normal -0.793344 0.608773 0
    outer loop
      vertex 2.58033 8.69323 4
      vertex 2.41304 8.47522 1.9
      vertex 2.41304 8.47522 4
    endloop
  endfacet
  facet normal -0.976304 -0.216403 0
    outer loop
      vertex 3.10214 11.047 1.9
      vertex 3.04267 11.3153 4
      vertex 3.04267 11.3153 1.9
    endloop
  endfacet
  facet normal -0.976304 -0.216403 0
    outer loop
      vertex 3.04267 11.3153 4
      vertex 3.10214 11.047 1.9
      vertex 3.10214 11.047 4
    endloop
  endfacet
  facet normal -0.216168 -0.976356 0
    outer loop
      vertex 0.546991 13.6021 1.9
      vertex 0.81528 13.5427 4
      vertex 0.546991 13.6021 4
    endloop
  endfacet
  facet normal -0.216168 -0.976356 -0
    outer loop
      vertex 0.81528 13.5427 4
      vertex 0.546991 13.6021 1.9
      vertex 0.81528 13.5427 1.9
    endloop
  endfacet
  facet normal 0.923838 -0.382785 0
    outer loop
      vertex -2.96003 11.5774 4
      vertex -2.85487 11.8312 1.9
      vertex -2.85487 11.8312 4
    endloop
  endfacet
  facet normal 0.923838 -0.382785 0
    outer loop
      vertex -2.85487 11.8312 1.9
      vertex -2.96003 11.5774 4
      vertex -2.96003 11.5774 1.9
    endloop
  endfacet
  facet normal 0.976304 -0.216403 0
    outer loop
      vertex -3.10214 11.047 4
      vertex -3.04267 11.3153 1.9
      vertex -3.04267 11.3153 4
    endloop
  endfacet
  facet normal 0.976304 -0.216403 0
    outer loop
      vertex -3.04267 11.3153 1.9
      vertex -3.10214 11.047 4
      vertex -3.10214 11.047 1.9
    endloop
  endfacet
  facet normal -0.923886 0.382669 0
    outer loop
      vertex 2.85487 9.16875 1.9
      vertex 2.96003 9.42264 4
      vertex 2.96003 9.42264 1.9
    endloop
  endfacet
  facet normal -0.923886 0.382669 0
    outer loop
      vertex 2.96003 9.42264 4
      vertex 2.85487 9.16875 1.9
      vertex 2.85487 9.16875 4
    endloop
  endfacet
  facet normal -0.382483 -0.923963 0
    outer loop
      vertex 1.07736 13.46 1.9
      vertex 1.33125 13.3549 4
      vertex 1.07736 13.46 4
    endloop
  endfacet
  facet normal -0.382483 -0.923963 -0
    outer loop
      vertex 1.33125 13.3549 4
      vertex 1.07736 13.46 1.9
      vertex 1.33125 13.3549 1.9
    endloop
  endfacet
  facet normal -0.608796 -0.793327 0
    outer loop
      vertex 1.80677 13.0803 1.9
      vertex 2.02478 12.913 4
      vertex 1.80677 13.0803 4
    endloop
  endfacet
  facet normal -0.608796 -0.793327 -0
    outer loop
      vertex 2.02478 12.913 4
      vertex 1.80677 13.0803 1.9
      vertex 2.02478 12.913 1.9
    endloop
  endfacet
  facet normal -0.793331 -0.608791 0
    outer loop
      vertex 2.58033 12.3068 1.9
      vertex 2.41304 12.5248 4
      vertex 2.41304 12.5248 1.9
    endloop
  endfacet
  facet normal -0.793331 -0.608791 0
    outer loop
      vertex 2.41304 12.5248 4
      vertex 2.58033 12.3068 1.9
      vertex 2.58033 12.3068 4
    endloop
  endfacet
  facet normal -0.461782 -0.886993 0
    outer loop
      vertex 1.33125 13.3549 1.9
      vertex 1.575 13.228 4
      vertex 1.33125 13.3549 4
    endloop
  endfacet
  facet normal -0.461782 -0.886993 -0
    outer loop
      vertex 1.575 13.228 4
      vertex 1.33125 13.3549 1.9
      vertex 1.575 13.228 1.9
    endloop
  endfacet
  facet normal -0.537419 -0.843315 0
    outer loop
      vertex 1.575 13.228 1.9
      vertex 1.80677 13.0803 4
      vertex 1.575 13.228 4
    endloop
  endfacet
  facet normal -0.537419 -0.843315 -0
    outer loop
      vertex 1.80677 13.0803 4
      vertex 1.575 13.228 1.9
      vertex 1.80677 13.0803 1.9
    endloop
  endfacet
  facet normal -0.953717 -0.300706 0
    outer loop
      vertex 3.04267 11.3153 1.9
      vertex 2.96003 11.5774 4
      vertex 2.96003 11.5774 1.9
    endloop
  endfacet
  facet normal -0.953717 -0.300706 0
    outer loop
      vertex 2.96003 11.5774 4
      vertex 3.04267 11.3153 1.9
      vertex 3.04267 11.3153 4
    endloop
  endfacet
  facet normal -0.382669 0.923886 0
    outer loop
      vertex 1.33125 7.64513 1.9
      vertex 1.07736 7.53997 4
      vertex 1.33125 7.64513 4
    endloop
  endfacet
  facet normal -0.382669 0.923886 0
    outer loop
      vertex 1.07736 7.53997 4
      vertex 1.33125 7.64513 1.9
      vertex 1.07736 7.53997 1.9
    endloop
  endfacet
  facet normal -0.300926 -0.953648 0
    outer loop
      vertex 0.81528 13.5427 1.9
      vertex 1.07736 13.46 4
      vertex 0.81528 13.5427 4
    endloop
  endfacet
  facet normal -0.300926 -0.953648 -0
    outer loop
      vertex 1.07736 13.46 4
      vertex 0.81528 13.5427 1.9
      vertex 1.07736 13.46 1.9
    endloop
  endfacet
  facet normal -0.130638 -0.99143 0
    outer loop
      vertex 0.27454 13.638 1.9
      vertex 0.546991 13.6021 4
      vertex 0.27454 13.638 4
    endloop
  endfacet
  facet normal -0.130638 -0.99143 -0
    outer loop
      vertex 0.546991 13.6021 4
      vertex 0.27454 13.638 1.9
      vertex 0.546991 13.6021 1.9
    endloop
  endfacet
  facet normal -0.461754 0.887008 0
    outer loop
      vertex 1.575 7.77202 1.9
      vertex 1.33125 7.64513 4
      vertex 1.575 7.77202 4
    endloop
  endfacet
  facet normal -0.461754 0.887008 0
    outer loop
      vertex 1.33125 7.64513 4
      vertex 1.575 7.77202 1.9
      vertex 1.33125 7.64513 1.9
    endloop
  endfacet
  facet normal 0.461782 -0.886993 0
    outer loop
      vertex -1.575 13.228 1.9
      vertex -1.33125 13.3549 4
      vertex -1.575 13.228 4
    endloop
  endfacet
  facet normal 0.461782 -0.886993 0
    outer loop
      vertex -1.33125 13.3549 4
      vertex -1.575 13.228 1.9
      vertex -1.33125 13.3549 1.9
    endloop
  endfacet
  facet normal -0.843398 0.53729 0
    outer loop
      vertex 2.58033 8.69323 1.9
      vertex 2.72798 8.925 4
      vertex 2.72798 8.925 1.9
    endloop
  endfacet
  facet normal -0.843398 0.53729 0
    outer loop
      vertex 2.72798 8.925 4
      vertex 2.58033 8.69323 1.9
      vertex 2.58033 8.69323 4
    endloop
  endfacet
  facet normal 0.461754 0.887008 -0
    outer loop
      vertex -1.33125 7.64513 1.9
      vertex -1.575 7.77202 4
      vertex -1.33125 7.64513 4
    endloop
  endfacet
  facet normal 0.461754 0.887008 0
    outer loop
      vertex -1.575 7.77202 4
      vertex -1.33125 7.64513 1.9
      vertex -1.575 7.77202 1.9
    endloop
  endfacet
  facet normal -0.130495 0.991449 0
    outer loop
      vertex 0.546991 7.39785 1.9
      vertex 0.27454 7.36199 4
      vertex 0.546991 7.39785 4
    endloop
  endfacet
  facet normal -0.130495 0.991449 0
    outer loop
      vertex 0.27454 7.36199 4
      vertex 0.546991 7.39785 1.9
      vertex 0.27454 7.36199 1.9
    endloop
  endfacet
  facet normal -0.737275 -0.675593 0
    outer loop
      vertex 2.41304 12.5248 1.9
      vertex 2.22739 12.7274 4
      vertex 2.22739 12.7274 1.9
    endloop
  endfacet
  facet normal -0.737275 -0.675593 0
    outer loop
      vertex 2.22739 12.7274 4
      vertex 2.41304 12.5248 1.9
      vertex 2.41304 12.5248 4
    endloop
  endfacet
  facet normal -0.216446 0.976295 0
    outer loop
      vertex 0.81528 7.45733 1.9
      vertex 0.546991 7.39785 4
      vertex 0.81528 7.45733 4
    endloop
  endfacet
  facet normal -0.216446 0.976295 0
    outer loop
      vertex 0.546991 7.39785 4
      vertex 0.81528 7.45733 1.9
      vertex 0.546991 7.39785 1.9
    endloop
  endfacet
  facet normal -0.53729 0.843398 0
    outer loop
      vertex 1.80677 7.91967 1.9
      vertex 1.575 7.77202 4
      vertex 1.80677 7.91967 4
    endloop
  endfacet
  facet normal -0.53729 0.843398 0
    outer loop
      vertex 1.575 7.77202 4
      vertex 1.80677 7.91967 1.9
      vertex 1.575 7.77202 1.9
    endloop
  endfacet
  facet normal 0.991447 0.130512 0
    outer loop
      vertex -3.10214 9.95301 4
      vertex -3.13801 10.2255 1.9
      vertex -3.13801 10.2255 4
    endloop
  endfacet
  facet normal 0.991447 0.130512 0
    outer loop
      vertex -3.13801 10.2255 1.9
      vertex -3.10214 9.95301 4
      vertex -3.10214 9.95301 1.9
    endloop
  endfacet
  facet normal -0.675476 -0.737382 0
    outer loop
      vertex 2.02478 12.913 1.9
      vertex 2.22739 12.7274 4
      vertex 2.02478 12.913 4
    endloop
  endfacet
  facet normal -0.675476 -0.737382 -0
    outer loop
      vertex 2.22739 12.7274 4
      vertex 2.02478 12.913 1.9
      vertex 2.22739 12.7274 1.9
    endloop
  endfacet
  facet normal 0 0 1
    outer loop
      vertex 1.7 10.5 1.9
      vertex 3.15 10.5 1.9
      vertex 3.13801 10.7745 1.9
    endloop
  endfacet
  facet normal 0 0 1
    outer loop
      vertex 1.69353 10.6482 1.9
      vertex 3.13801 10.7745 1.9
      vertex 3.10214 11.047 1.9
    endloop
  endfacet
  facet normal 0 0 1
    outer loop
      vertex 3.15 10.5 1.9
      vertex 1.7 10.5 1.9
      vertex 3.13801 10.2255 1.9
    endloop
  endfacet
  facet normal 0 0 1
    outer loop
      vertex 1.67417 10.7952 1.9
      vertex 3.10214 11.047 1.9
      vertex 3.04267 11.3153 1.9
    endloop
  endfacet
  facet normal -0 0 1
    outer loop
      vertex 1.69353 10.3518 1.9
      vertex 3.13801 10.2255 1.9
      vertex 1.7 10.5 1.9
    endloop
  endfacet
  facet normal 0 0 1
    outer loop
      vertex 1.64207 10.94 1.9
      vertex 3.04267 11.3153 1.9
      vertex 2.96003 11.5774 1.9
    endloop
  endfacet
  facet normal 0 0 1
    outer loop
      vertex 3.13801 10.2255 1.9
      vertex 1.69353 10.3518 1.9
      vertex 3.10214 9.95301 1.9
    endloop
  endfacet
  facet normal 0 0 1
    outer loop
      vertex 1.59748 11.0814 1.9
      vertex 2.96003 11.5774 1.9
      vertex 2.85487 11.8312 1.9
    endloop
  endfacet
  facet normal -0 0 1
    outer loop
      vertex 1.67417 10.2048 1.9
      vertex 3.10214 9.95301 1.9
      vertex 1.69353 10.3518 1.9
    endloop
  endfacet
  facet normal 0 0 1
    outer loop
      vertex 1.54072 11.2185 1.9
      vertex 2.85487 11.8312 1.9
      vertex 2.72798 12.075 1.9
    endloop
  endfacet
  facet normal 0 0 1
    outer loop
      vertex 3.10214 9.95301 1.9
      vertex 1.67417 10.2048 1.9
      vertex 3.04267 9.68472 1.9
    endloop
  endfacet
  facet normal 0 0 1
    outer loop
      vertex 1.47224 11.35 1.9
      vertex 2.72798 12.075 1.9
      vertex 2.58033 12.3068 1.9
    endloop
  endfacet
  facet normal -0 0 1
    outer loop
      vertex 1.64207 10.06 1.9
      vertex 3.04267 9.68472 1.9
      vertex 1.67417 10.2048 1.9
    endloop
  endfacet
  facet normal 0 0 1
    outer loop
      vertex 1.39256 11.4751 1.9
      vertex 2.58033 12.3068 1.9
      vertex 2.41304 12.5248 1.9
    endloop
  endfacet
  facet normal 0 0 1
    outer loop
      vertex 3.04267 9.68472 1.9
      vertex 1.64207 10.06 1.9
      vertex 2.96003 9.42264 1.9
    endloop
  endfacet
  facet normal 0 0 1
    outer loop
      vertex 1.30227 11.5927 1.9
      vertex 2.41304 12.5248 1.9
      vertex 2.22739 12.7274 1.9
    endloop
  endfacet
  facet normal -0 0 1
    outer loop
      vertex 1.59748 9.91857 1.9
      vertex 2.96003 9.42264 1.9
      vertex 1.64207 10.06 1.9
    endloop
  endfacet
  facet normal 0 0 1
    outer loop
      vertex 1.20208 11.7021 1.9
      vertex 2.22739 12.7274 1.9
      vertex 2.02478 12.913 1.9
    endloop
  endfacet
  facet normal 0 0 1
    outer loop
      vertex 2.96003 9.42264 1.9
      vertex 1.59748 9.91857 1.9
      vertex 2.85487 9.16875 1.9
    endloop
  endfacet
  facet normal 0 0 1
    outer loop
      vertex 1.09274 11.8023 1.9
      vertex 2.02478 12.913 1.9
      vertex 1.80677 13.0803 1.9
    endloop
  endfacet
  facet normal -0 0 1
    outer loop
      vertex 1.54072 9.78155 1.9
      vertex 2.85487 9.16875 1.9
      vertex 1.59748 9.91857 1.9
    endloop
  endfacet
  facet normal 0 0 1
    outer loop
      vertex 2.85487 9.16875 1.9
      vertex 1.54072 9.78155 1.9
      vertex 2.72798 8.925 1.9
    endloop
  endfacet
  facet normal 0 0 1
    outer loop
      vertex 3.13801 10.7745 1.9
      vertex 1.69353 10.6482 1.9
      vertex 1.7 10.5 1.9
    endloop
  endfacet
  facet normal 0 0 1
    outer loop
      vertex 3.10214 11.047 1.9
      vertex 1.67417 10.7952 1.9
      vertex 1.69353 10.6482 1.9
    endloop
  endfacet
  facet normal 0 0 1
    outer loop
      vertex 3.04267 11.3153 1.9
      vertex 1.64207 10.94 1.9
      vertex 1.67417 10.7952 1.9
    endloop
  endfacet
  facet normal 0 0 1
    outer loop
      vertex 2.96003 11.5774 1.9
      vertex 1.59748 11.0814 1.9
      vertex 1.64207 10.94 1.9
    endloop
  endfacet
  facet normal 0 0 1
    outer loop
      vertex 0.97508 11.8926 1.9
      vertex 1.80677 13.0803 1.9
      vertex 1.575 13.228 1.9
    endloop
  endfacet
  facet normal 0 0 1
    outer loop
      vertex 2.85487 11.8312 1.9
      vertex 1.54072 11.2185 1.9
      vertex 1.59748 11.0814 1.9
    endloop
  endfacet
  facet normal 0 0 1
    outer loop
      vertex 2.72798 12.075 1.9
      vertex 1.47224 11.35 1.9
      vertex 1.54072 11.2185 1.9
    endloop
  endfacet
  facet normal 0 0 1
    outer loop
      vertex 2.58033 12.3068 1.9
      vertex 1.39256 11.4751 1.9
      vertex 1.47224 11.35 1.9
    endloop
  endfacet
  facet normal 0 0 1
    outer loop
      vertex 0.849999 11.9722 1.9
      vertex 1.575 13.228 1.9
      vertex 1.33125 13.3549 1.9
    endloop
  endfacet
  facet normal 0 0 1
    outer loop
      vertex 2.41304 12.5248 1.9
      vertex 1.30227 11.5927 1.9
      vertex 1.39256 11.4751 1.9
    endloop
  endfacet
  facet normal 0 0 1
    outer loop
      vertex 2.22739 12.7274 1.9
      vertex 1.20208 11.7021 1.9
      vertex 1.30227 11.5927 1.9
    endloop
  endfacet
  facet normal 0 0 1
    outer loop
      vertex 2.02478 12.913 1.9
      vertex 1.09274 11.8023 1.9
      vertex 1.20208 11.7021 1.9
    endloop
  endfacet
  facet normal 0 0 1
    outer loop
      vertex 0.718451 12.0407 1.9
      vertex 1.33125 13.3549 1.9
      vertex 1.07736 13.46 1.9
    endloop
  endfacet
  facet normal 0 0 1
    outer loop
      vertex 1.80677 13.0803 1.9
      vertex 0.97508 11.8926 1.9
      vertex 1.09274 11.8023 1.9
    endloop
  endfacet
  facet normal 0 0 1
    outer loop
      vertex 1.575 13.228 1.9
      vertex 0.849999 11.9722 1.9
      vertex 0.97508 11.8926 1.9
    endloop
  endfacet
  facet normal 0 0 1
    outer loop
      vertex 0.581433 12.0975 1.9
      vertex 1.07736 13.46 1.9
      vertex 0.81528 13.5427 1.9
    endloop
  endfacet
  facet normal 0 0 1
    outer loop
      vertex 1.33125 13.3549 1.9
      vertex 0.718451 12.0407 1.9
      vertex 0.849999 11.9722 1.9
    endloop
  endfacet
  facet normal 0 0 1
    outer loop
      vertex 1.07736 13.46 1.9
      vertex 0.581433 12.0975 1.9
      vertex 0.718451 12.0407 1.9
    endloop
  endfacet
  facet normal 0 0 1
    outer loop
      vertex 0.439992 12.1421 1.9
      vertex 0.81528 13.5427 1.9
      vertex 0.546991 13.6021 1.9
    endloop
  endfacet
  facet normal 0 0 1
    outer loop
      vertex 0.81528 13.5427 1.9
      vertex 0.439992 12.1421 1.9
      vertex 0.581433 12.0975 1.9
    endloop
  endfacet
  facet normal 0 0 1
    outer loop
      vertex 0.546991 13.6021 1.9
      vertex 0.295201 12.1742 1.9
      vertex 0.439992 12.1421 1.9
    endloop
  endfacet
  facet normal 0 0 1
    outer loop
      vertex 0.27454 13.638 1.9
      vertex 0.295201 12.1742 1.9
      vertex 0.546991 13.6021 1.9
    endloop
  endfacet
  facet normal 0 0 1
    outer loop
      vertex 0.27454 13.638 1.9
      vertex 0.148165 12.1935 1.9
      vertex 0.295201 12.1742 1.9
    endloop
  endfacet
  facet normal 0 0 1
    outer loop
      vertex 0 13.65 1.9
      vertex 0.148165 12.1935 1.9
      vertex 0.27454 13.638 1.9
    endloop
  endfacet
  facet normal 0 0 1
    outer loop
      vertex 0 13.65 1.9
      vertex 0 12.2 1.9
      vertex 0.148165 12.1935 1.9
    endloop
  endfacet
  facet normal 0 0 1
    outer loop
      vertex 0 13.65 1.9
      vertex -0.148165 12.1935 1.9
      vertex 0 12.2 1.9
    endloop
  endfacet
  facet normal -0 0 1
    outer loop
      vertex -0.27454 13.638 1.9
      vertex -0.148165 12.1935 1.9
      vertex 0 13.65 1.9
    endloop
  endfacet
  facet normal 0 0 1
    outer loop
      vertex -0.27454 13.638 1.9
      vertex -0.295201 12.1742 1.9
      vertex -0.148165 12.1935 1.9
    endloop
  endfacet
  facet normal -0 0 1
    outer loop
      vertex -0.546991 13.6021 1.9
      vertex -0.295201 12.1742 1.9
      vertex -0.27454 13.638 1.9
    endloop
  endfacet
  facet normal 0 0 1
    outer loop
      vertex -0.295201 12.1742 1.9
      vertex -0.546991 13.6021 1.9
      vertex -0.439992 12.1421 1.9
    endloop
  endfacet
  facet normal -0 0 1
    outer loop
      vertex -0.81528 13.5427 1.9
      vertex -0.439992 12.1421 1.9
      vertex -0.546991 13.6021 1.9
    endloop
  endfacet
  facet normal 0 0 1
    outer loop
      vertex -0.439992 12.1421 1.9
      vertex -0.81528 13.5427 1.9
      vertex -0.581433 12.0975 1.9
    endloop
  endfacet
  facet normal -0 0 1
    outer loop
      vertex -1.07736 13.46 1.9
      vertex -0.581433 12.0975 1.9
      vertex -0.81528 13.5427 1.9
    endloop
  endfacet
  facet normal 0 0 1
    outer loop
      vertex -0.581433 12.0975 1.9
      vertex -1.07736 13.46 1.9
      vertex -0.718451 12.0407 1.9
    endloop
  endfacet
  facet normal -0 0 1
    outer loop
      vertex -1.33125 13.3549 1.9
      vertex -0.718451 12.0407 1.9
      vertex -1.07736 13.46 1.9
    endloop
  endfacet
  facet normal 0 0 1
    outer loop
      vertex -0.718451 12.0407 1.9
      vertex -1.33125 13.3549 1.9
      vertex -0.849999 11.9722 1.9
    endloop
  endfacet
  facet normal -0 0 1
    outer loop
      vertex -1.575 13.228 1.9
      vertex -0.849999 11.9722 1.9
      vertex -1.33125 13.3549 1.9
    endloop
  endfacet
  facet normal 0 0 1
    outer loop
      vertex -0.849999 11.9722 1.9
      vertex -1.575 13.228 1.9
      vertex -0.97508 11.8926 1.9
    endloop
  endfacet
  facet normal -0 0 1
    outer loop
      vertex -1.80677 13.0803 1.9
      vertex -0.97508 11.8926 1.9
      vertex -1.575 13.228 1.9
    endloop
  endfacet
  facet normal 0 0 1
    outer loop
      vertex -0.97508 11.8926 1.9
      vertex -1.80677 13.0803 1.9
      vertex -1.09274 11.8023 1.9
    endloop
  endfacet
  facet normal -0 0 1
    outer loop
      vertex -2.02478 12.913 1.9
      vertex -1.09274 11.8023 1.9
      vertex -1.80677 13.0803 1.9
    endloop
  endfacet
  facet normal 0 0 1
    outer loop
      vertex -1.09274 11.8023 1.9
      vertex -2.02478 12.913 1.9
      vertex -1.20208 11.7021 1.9
    endloop
  endfacet
  facet normal -0 0 1
    outer loop
      vertex -2.22739 12.7274 1.9
      vertex -1.20208 11.7021 1.9
      vertex -2.02478 12.913 1.9
    endloop
  endfacet
  facet normal 0 0 1
    outer loop
      vertex -1.20208 11.7021 1.9
      vertex -2.22739 12.7274 1.9
      vertex -1.30227 11.5927 1.9
    endloop
  endfacet
  facet normal -0 0 1
    outer loop
      vertex -2.41304 12.5248 1.9
      vertex -1.30227 11.5927 1.9
      vertex -2.22739 12.7274 1.9
    endloop
  endfacet
  facet normal 0 0 1
    outer loop
      vertex -1.30227 11.5927 1.9
      vertex -2.41304 12.5248 1.9
      vertex -1.39256 11.4751 1.9
    endloop
  endfacet
  facet normal -0 0 1
    outer loop
      vertex -2.58033 12.3068 1.9
      vertex -1.39256 11.4751 1.9
      vertex -2.41304 12.5248 1.9
    endloop
  endfacet
  facet normal 0 0 1
    outer loop
      vertex -1.39256 11.4751 1.9
      vertex -2.58033 12.3068 1.9
      vertex -1.47224 11.35 1.9
    endloop
  endfacet
  facet normal 0 0 1
    outer loop
      vertex -1.47224 11.35 1.9
      vertex -2.72798 12.075 1.9
      vertex -1.54072 11.2185 1.9
    endloop
  endfacet
  facet normal -0 0 1
    outer loop
      vertex -2.72798 12.075 1.9
      vertex -1.47224 11.35 1.9
      vertex -2.58033 12.3068 1.9
    endloop
  endfacet
  facet normal -0 0 1
    outer loop
      vertex 1.47224 9.65 1.9
      vertex 2.72798 8.925 1.9
      vertex 1.54072 9.78155 1.9
    endloop
  endfacet
  facet normal 0 0 1
    outer loop
      vertex 2.72798 8.925 1.9
      vertex 1.47224 9.65 1.9
      vertex 2.58033 8.69323 1.9
    endloop
  endfacet
  facet normal -0 0 1
    outer loop
      vertex 1.39256 9.52492 1.9
      vertex 2.58033 8.69323 1.9
      vertex 1.47224 9.65 1.9
    endloop
  endfacet
  facet normal 0 0 1
    outer loop
      vertex 2.58033 8.69323 1.9
      vertex 1.39256 9.52492 1.9
      vertex 2.41304 8.47522 1.9
    endloop
  endfacet
  facet normal -0 0 1
    outer loop
      vertex 1.30227 9.40726 1.9
      vertex 2.41304 8.47522 1.9
      vertex 1.39256 9.52492 1.9
    endloop
  endfacet
  facet normal 0 0 1
    outer loop
      vertex 2.41304 8.47522 1.9
      vertex 1.30227 9.40726 1.9
      vertex 2.22739 8.27261 1.9
    endloop
  endfacet
  facet normal -0 0 1
    outer loop
      vertex 1.20208 9.29792 1.9
      vertex 2.22739 8.27261 1.9
      vertex 1.30227 9.40726 1.9
    endloop
  endfacet
  facet normal 0 0 1
    outer loop
      vertex 2.22739 8.27261 1.9
      vertex 1.20208 9.29792 1.9
      vertex 2.02478 8.08696 1.9
    endloop
  endfacet
  facet normal -0 0 1
    outer loop
      vertex 1.09274 9.19772 1.9
      vertex 2.02478 8.08696 1.9
      vertex 1.20208 9.29792 1.9
    endloop
  endfacet
  facet normal 0 0 1
    outer loop
      vertex 2.02478 8.08696 1.9
      vertex 1.09274 9.19772 1.9
      vertex 1.80677 7.91967 1.9
    endloop
  endfacet
  facet normal -0 0 1
    outer loop
      vertex 0.97508 9.10744 1.9
      vertex 1.80677 7.91967 1.9
      vertex 1.09274 9.19772 1.9
    endloop
  endfacet
  facet normal 0 0 1
    outer loop
      vertex 1.80677 7.91967 1.9
      vertex 0.97508 9.10744 1.9
      vertex 1.575 7.77202 1.9
    endloop
  endfacet
  facet normal -0 0 1
    outer loop
      vertex 0.849999 9.02776 1.9
      vertex 1.575 7.77202 1.9
      vertex 0.97508 9.10744 1.9
    endloop
  endfacet
  facet normal 0 0 1
    outer loop
      vertex 1.575 7.77202 1.9
      vertex 0.849999 9.02776 1.9
      vertex 1.33125 7.64513 1.9
    endloop
  endfacet
  facet normal -0 0 1
    outer loop
      vertex 0.718451 8.95928 1.9
      vertex 1.33125 7.64513 1.9
      vertex 0.849999 9.02776 1.9
    endloop
  endfacet
  facet normal 0 0 1
    outer loop
      vertex 1.33125 7.64513 1.9
      vertex 0.718451 8.95928 1.9
      vertex 1.07736 7.53997 1.9
    endloop
  endfacet
  facet normal -0 0 1
    outer loop
      vertex 0.581433 8.90252 1.9
      vertex 1.07736 7.53997 1.9
      vertex 0.718451 8.95928 1.9
    endloop
  endfacet
  facet normal 0 0 1
    outer loop
      vertex 1.07736 7.53997 1.9
      vertex 0.581433 8.90252 1.9
      vertex 0.81528 7.45733 1.9
    endloop
  endfacet
  facet normal -0 0 1
    outer loop
      vertex 0.439992 8.85793 1.9
      vertex 0.81528 7.45733 1.9
      vertex 0.581433 8.90252 1.9
    endloop
  endfacet
  facet normal 0 0 1
    outer loop
      vertex 0.81528 7.45733 1.9
      vertex 0.439992 8.85793 1.9
      vertex 0.546991 7.39785 1.9
    endloop
  endfacet
  facet normal -0 0 1
    outer loop
      vertex 0.295201 8.82583 1.9
      vertex 0.546991 7.39785 1.9
      vertex 0.439992 8.85793 1.9
    endloop
  endfacet
  facet normal 0 0 1
    outer loop
      vertex 0.295201 8.82583 1.9
      vertex 0.27454 7.36199 1.9
      vertex 0.546991 7.39785 1.9
    endloop
  endfacet
  facet normal -0 0 1
    outer loop
      vertex 0.148165 8.80647 1.9
      vertex 0.27454 7.36199 1.9
      vertex 0.295201 8.82583 1.9
    endloop
  endfacet
  facet normal -0 0 1
    outer loop
      vertex 0 8.8 1.9
      vertex 0.27454 7.36199 1.9
      vertex 0.148165 8.80647 1.9
    endloop
  endfacet
  facet normal 0 0 1
    outer loop
      vertex 0 8.8 1.9
      vertex 0 7.35 1.9
      vertex 0.27454 7.36199 1.9
    endloop
  endfacet
  facet normal 0 0 1
    outer loop
      vertex -0.148165 8.80647 1.9
      vertex 0 7.35 1.9
      vertex 0 8.8 1.9
    endloop
  endfacet
  facet normal 0 0 1
    outer loop
      vertex -0.148165 8.80647 1.9
      vertex -0.27454 7.36199 1.9
      vertex 0 7.35 1.9
    endloop
  endfacet
  facet normal 0 0 1
    outer loop
      vertex -0.295201 8.82583 1.9
      vertex -0.27454 7.36199 1.9
      vertex -0.148165 8.80647 1.9
    endloop
  endfacet
  facet normal 0 0 1
    outer loop
      vertex -0.546991 7.39785 1.9
      vertex -0.295201 8.82583 1.9
      vertex -0.439992 8.85793 1.9
    endloop
  endfacet
  facet normal 0 0 1
    outer loop
      vertex -0.295201 8.82583 1.9
      vertex -0.546991 7.39785 1.9
      vertex -0.27454 7.36199 1.9
    endloop
  endfacet
  facet normal 0 0 1
    outer loop
      vertex -0.81528 7.45733 1.9
      vertex -0.439992 8.85793 1.9
      vertex -0.581433 8.90252 1.9
    endloop
  endfacet
  facet normal 0 0 1
    outer loop
      vertex -1.07736 7.53997 1.9
      vertex -0.581433 8.90252 1.9
      vertex -0.718451 8.95928 1.9
    endloop
  endfacet
  facet normal 0 0 1
    outer loop
      vertex -0.439992 8.85793 1.9
      vertex -0.81528 7.45733 1.9
      vertex -0.546991 7.39785 1.9
    endloop
  endfacet
  facet normal 0 0 1
    outer loop
      vertex -1.33125 7.64513 1.9
      vertex -0.718451 8.95928 1.9
      vertex -0.849999 9.02776 1.9
    endloop
  endfacet
  facet normal 0 0 1
    outer loop
      vertex -1.575 7.77202 1.9
      vertex -0.849999 9.02776 1.9
      vertex -0.97508 9.10744 1.9
    endloop
  endfacet
  facet normal 0 0 1
    outer loop
      vertex -0.581433 8.90252 1.9
      vertex -1.07736 7.53997 1.9
      vertex -0.81528 7.45733 1.9
    endloop
  endfacet
  facet normal 0 0 1
    outer loop
      vertex -1.80677 7.91967 1.9
      vertex -0.97508 9.10744 1.9
      vertex -1.09274 9.19772 1.9
    endloop
  endfacet
  facet normal 0 0 1
    outer loop
      vertex -2.02478 8.08696 1.9
      vertex -1.09274 9.19772 1.9
      vertex -1.20208 9.29792 1.9
    endloop
  endfacet
  facet normal 0 0 1
    outer loop
      vertex -2.22739 8.27261 1.9
      vertex -1.20208 9.29792 1.9
      vertex -1.30227 9.40726 1.9
    endloop
  endfacet
  facet normal 0 0 1
    outer loop
      vertex -0.718451 8.95928 1.9
      vertex -1.33125 7.64513 1.9
      vertex -1.07736 7.53997 1.9
    endloop
  endfacet
  facet normal 0 0 1
    outer loop
      vertex -2.41304 8.47522 1.9
      vertex -1.30227 9.40726 1.9
      vertex -1.39256 9.52492 1.9
    endloop
  endfacet
  facet normal 0 0 1
    outer loop
      vertex -2.58033 8.69323 1.9
      vertex -1.39256 9.52492 1.9
      vertex -1.47224 9.65 1.9
    endloop
  endfacet
  facet normal 0 0 1
    outer loop
      vertex -2.72798 8.925 1.9
      vertex -1.47224 9.65 1.9
      vertex -1.54072 9.78155 1.9
    endloop
  endfacet
  facet normal 0 0 1
    outer loop
      vertex -0.849999 9.02776 1.9
      vertex -1.575 7.77202 1.9
      vertex -1.33125 7.64513 1.9
    endloop
  endfacet
  facet normal 0 0 1
    outer loop
      vertex -2.85487 9.16875 1.9
      vertex -1.54072 9.78155 1.9
      vertex -1.59748 9.91857 1.9
    endloop
  endfacet
  facet normal 0 0 1
    outer loop
      vertex -2.96003 9.42264 1.9
      vertex -1.59748 9.91857 1.9
      vertex -1.64207 10.06 1.9
    endloop
  endfacet
  facet normal 0 0 1
    outer loop
      vertex -3.04267 9.68472 1.9
      vertex -1.64207 10.06 1.9
      vertex -1.67417 10.2048 1.9
    endloop
  endfacet
  facet normal 0 0 1
    outer loop
      vertex -3.10214 9.95301 1.9
      vertex -1.67417 10.2048 1.9
      vertex -1.69353 10.3518 1.9
    endloop
  endfacet
  facet normal 0 0 1
    outer loop
      vertex -0.97508 9.10744 1.9
      vertex -1.80677 7.91967 1.9
      vertex -1.575 7.77202 1.9
    endloop
  endfacet
  facet normal 0 0 1
    outer loop
      vertex -3.13801 10.2255 1.9
      vertex -1.69353 10.3518 1.9
      vertex -1.7 10.5 1.9
    endloop
  endfacet
  facet normal -0 0 1
    outer loop
      vertex -2.85487 11.8312 1.9
      vertex -1.54072 11.2185 1.9
      vertex -2.72798 12.075 1.9
    endloop
  endfacet
  facet normal 0 0 1
    outer loop
      vertex -1.54072 11.2185 1.9
      vertex -2.85487 11.8312 1.9
      vertex -1.59748 11.0814 1.9
    endloop
  endfacet
  facet normal 0 0 1
    outer loop
      vertex -1.09274 9.19772 1.9
      vertex -2.02478 8.08696 1.9
      vertex -1.80677 7.91967 1.9
    endloop
  endfacet
  facet normal -0 0 1
    outer loop
      vertex -2.96003 11.5774 1.9
      vertex -1.59748 11.0814 1.9
      vertex -2.85487 11.8312 1.9
    endloop
  endfacet
  facet normal 0 0 1
    outer loop
      vertex -1.20208 9.29792 1.9
      vertex -2.22739 8.27261 1.9
      vertex -2.02478 8.08696 1.9
    endloop
  endfacet
  facet normal 0 0 1
    outer loop
      vertex -1.59748 11.0814 1.9
      vertex -2.96003 11.5774 1.9
      vertex -1.64207 10.94 1.9
    endloop
  endfacet
  facet normal 0 0 1
    outer loop
      vertex -1.30227 9.40726 1.9
      vertex -2.41304 8.47522 1.9
      vertex -2.22739 8.27261 1.9
    endloop
  endfacet
  facet normal -0 0 1
    outer loop
      vertex -3.04267 11.3153 1.9
      vertex -1.64207 10.94 1.9
      vertex -2.96003 11.5774 1.9
    endloop
  endfacet
  facet normal 0 0 1
    outer loop
      vertex -1.39256 9.52492 1.9
      vertex -2.58033 8.69323 1.9
      vertex -2.41304 8.47522 1.9
    endloop
  endfacet
  facet normal 0 0 1
    outer loop
      vertex -1.64207 10.94 1.9
      vertex -3.04267 11.3153 1.9
      vertex -1.67417 10.7952 1.9
    endloop
  endfacet
  facet normal 0 0 1
    outer loop
      vertex -1.47224 9.65 1.9
      vertex -2.72798 8.925 1.9
      vertex -2.58033 8.69323 1.9
    endloop
  endfacet
  facet normal -0 0 1
    outer loop
      vertex -3.10214 11.047 1.9
      vertex -1.67417 10.7952 1.9
      vertex -3.04267 11.3153 1.9
    endloop
  endfacet
  facet normal 0 0 1
    outer loop
      vertex -1.54072 9.78155 1.9
      vertex -2.85487 9.16875 1.9
      vertex -2.72798 8.925 1.9
    endloop
  endfacet
  facet normal 0 0 1
    outer loop
      vertex -1.67417 10.7952 1.9
      vertex -3.10214 11.047 1.9
      vertex -1.69353 10.6482 1.9
    endloop
  endfacet
  facet normal 0 0 1
    outer loop
      vertex -1.59748 9.91857 1.9
      vertex -2.96003 9.42264 1.9
      vertex -2.85487 9.16875 1.9
    endloop
  endfacet
  facet normal -0 0 1
    outer loop
      vertex -3.13801 10.7745 1.9
      vertex -1.69353 10.6482 1.9
      vertex -3.10214 11.047 1.9
    endloop
  endfacet
  facet normal 0 0 1
    outer loop
      vertex -1.64207 10.06 1.9
      vertex -3.04267 9.68472 1.9
      vertex -2.96003 9.42264 1.9
    endloop
  endfacet
  facet normal 0 0 1
    outer loop
      vertex -1.69353 10.6482 1.9
      vertex -3.13801 10.7745 1.9
      vertex -1.7 10.5 1.9
    endloop
  endfacet
  facet normal 0 0 1
    outer loop
      vertex -1.67417 10.2048 1.9
      vertex -3.10214 9.95301 1.9
      vertex -3.04267 9.68472 1.9
    endloop
  endfacet
  facet normal 0 0 1
    outer loop
      vertex -3.15 10.5 1.9
      vertex -1.7 10.5 1.9
      vertex -3.13801 10.7745 1.9
    endloop
  endfacet
  facet normal 0 0 1
    outer loop
      vertex -1.69353 10.3518 1.9
      vertex -3.13801 10.2255 1.9
      vertex -3.10214 9.95301 1.9
    endloop
  endfacet
  facet normal 0 0 1
    outer loop
      vertex -1.7 10.5 1.9
      vertex -3.15 10.5 1.9
      vertex -3.13801 10.2255 1.9
    endloop
  endfacet
  facet normal 0.0436678 -0.999046 0
    outer loop
      vertex -0.27454 13.638 1.9
      vertex 0 13.65 4
      vertex -0.27454 13.638 4
    endloop
  endfacet
  facet normal 0.0436678 -0.999046 0
    outer loop
      vertex 0 13.65 4
      vertex -0.27454 13.638 1.9
      vertex 0 13.65 1.9
    endloop
  endfacet
  facet normal 0.95371 0.300727 0
    outer loop
      vertex -2.96003 9.42264 4
      vertex -3.04267 9.68472 1.9
      vertex -3.04267 9.68472 4
    endloop
  endfacet
  facet normal 0.95371 0.300727 0
    outer loop
      vertex -3.04267 9.68472 1.9
      vertex -2.96003 9.42264 4
      vertex -2.96003 9.42264 1.9
    endloop
  endfacet
  facet normal 0.991447 -0.130507 0
    outer loop
      vertex -3.13801 10.7745 4
      vertex -3.10214 11.047 1.9
      vertex -3.10214 11.047 4
    endloop
  endfacet
  facet normal 0.991447 -0.130507 0
    outer loop
      vertex -3.10214 11.047 1.9
      vertex -3.13801 10.7745 4
      vertex -3.13801 10.7745 1.9
    endloop
  endfacet
  facet normal 0.793344 0.608773 0
    outer loop
      vertex -2.41304 8.47522 4
      vertex -2.58033 8.69323 1.9
      vertex -2.58033 8.69323 4
    endloop
  endfacet
  facet normal 0.793344 0.608773 0
    outer loop
      vertex -2.58033 8.69323 1.9
      vertex -2.41304 8.47522 4
      vertex -2.41304 8.47522 1.9
    endloop
  endfacet
  facet normal -0.608773 0.793344 0
    outer loop
      vertex 2.02478 8.08696 1.9
      vertex 1.80677 7.91967 4
      vertex 2.02478 8.08696 4
    endloop
  endfacet
  facet normal -0.608773 0.793344 0
    outer loop
      vertex 1.80677 7.91967 4
      vertex 2.02478 8.08696 1.9
      vertex 1.80677 7.91967 1.9
    endloop
  endfacet
  facet normal 0.216168 -0.976356 0
    outer loop
      vertex -0.81528 13.5427 1.9
      vertex -0.546991 13.6021 4
      vertex -0.81528 13.5427 4
    endloop
  endfacet
  facet normal 0.216168 -0.976356 0
    outer loop
      vertex -0.546991 13.6021 4
      vertex -0.81528 13.5427 1.9
      vertex -0.546991 13.6021 1.9
    endloop
  endfacet
  facet normal 0.999047 -0.0436378 0
    outer loop
      vertex -3.15 10.5 4
      vertex -3.13801 10.7745 1.9
      vertex -3.13801 10.7745 4
    endloop
  endfacet
  facet normal 0.999047 -0.0436378 0
    outer loop
      vertex -3.13801 10.7745 1.9
      vertex -3.15 10.5 4
      vertex -3.15 10.5 1.9
    endloop
  endfacet
  facet normal 0.216446 0.976295 -0
    outer loop
      vertex -0.546991 7.39785 1.9
      vertex -0.81528 7.45733 4
      vertex -0.546991 7.39785 4
    endloop
  endfacet
  facet normal 0.216446 0.976295 0
    outer loop
      vertex -0.81528 7.45733 4
      vertex -0.546991 7.39785 1.9
      vertex -0.81528 7.45733 1.9
    endloop
  endfacet
  facet normal 0.130495 0.991449 -0
    outer loop
      vertex -0.27454 7.36199 1.9
      vertex -0.546991 7.39785 4
      vertex -0.27454 7.36199 4
    endloop
  endfacet
  facet normal 0.130495 0.991449 0
    outer loop
      vertex -0.546991 7.39785 4
      vertex -0.27454 7.36199 1.9
      vertex -0.546991 7.39785 1.9
    endloop
  endfacet
  facet normal -0.675575 0.737292 0
    outer loop
      vertex 2.22739 8.27261 1.9
      vertex 2.02478 8.08696 4
      vertex 2.22739 8.27261 4
    endloop
  endfacet
  facet normal -0.675575 0.737292 0
    outer loop
      vertex 2.02478 8.08696 4
      vertex 2.22739 8.27261 1.9
      vertex 2.02478 8.08696 1.9
    endloop
  endfacet
  facet normal 0.53729 0.843398 -0
    outer loop
      vertex -1.575 7.77202 1.9
      vertex -1.80677 7.91967 4
      vertex -1.575 7.77202 4
    endloop
  endfacet
  facet normal 0.53729 0.843398 0
    outer loop
      vertex -1.80677 7.91967 4
      vertex -1.575 7.77202 1.9
      vertex -1.80677 7.91967 1.9
    endloop
  endfacet
  facet normal 0 0.999046 -0.0436735
    outer loop
      vertex 19 -5.745 2.62
      vertex -19 -5.73738 2.79431
      vertex 19 -5.73738 2.79431
    endloop
  endfacet
  facet normal 0 0.999046 -0.0436735
    outer loop
      vertex -19 -5.73738 2.79431
      vertex 19 -5.745 2.62
      vertex -19 -5.745 2.62
    endloop
  endfacet
  facet normal 0 -0.999046 -0.0436735
    outer loop
      vertex -19 5.745 2.62
      vertex 19 5.73738 2.79431
      vertex -19 5.73738 2.79431
    endloop
  endfacet
  facet normal 0 -0.999046 -0.0436735
    outer loop
      vertex 19 5.73738 2.79431
      vertex -19 5.745 2.62
      vertex 19 5.745 2.62
    endloop
  endfacet
  facet normal 0 -1 0
    outer loop
      vertex -19 5.745 0
      vertex 19 5.745 2.62
      vertex -19 5.745 2.62
    endloop
  endfacet
  facet normal 0 -1 -0
    outer loop
      vertex 19 5.745 2.62
      vertex -19 5.745 0
      vertex 19 5.745 0
    endloop
  endfacet
  facet normal 0 0.737349 -0.675512
    outer loop
      vertex -18 -5.27708 3.90556
      vertex -19 -5.19056 4
      vertex -18 -5.19056 4
    endloop
  endfacet
  facet normal 0 0.737349 -0.675512
    outer loop
      vertex -19 -5.19056 4
      vertex -18 -5.27708 3.90556
      vertex -19 -5.27708 3.90556
    endloop
  endfacet
  facet normal 0 0.737349 -0.675512
    outer loop
      vertex 19 -5.27708 3.90556
      vertex 18 -5.19056 4
      vertex 19 -5.19056 4
    endloop
  endfacet
  facet normal 0 0.737349 -0.675512
    outer loop
      vertex 18 -5.19056 4
      vertex 19 -5.27708 3.90556
      vertex 18 -5.27708 3.90556
    endloop
  endfacet
  facet normal 0 -0.991447 -0.130508
    outer loop
      vertex -19 5.73738 2.79431
      vertex 19 5.71461 2.96729
      vertex -19 5.71461 2.96729
    endloop
  endfacet
  facet normal 0 -0.991447 -0.130508
    outer loop
      vertex 19 5.71461 2.96729
      vertex -19 5.73738 2.79431
      vertex 19 5.73738 2.79431
    endloop
  endfacet
  facet normal 0 1 -0
    outer loop
      vertex 19 -5.745 0
      vertex -19 -5.745 2.62
      vertex 19 -5.745 2.62
    endloop
  endfacet
  facet normal 0 1 0
    outer loop
      vertex -19 -5.745 2.62
      vertex 19 -5.745 0
      vertex -19 -5.745 0
    endloop
  endfacet
  facet normal 0 -0.9763 -0.216421
    outer loop
      vertex -19 5.71461 2.96729
      vertex 19 5.67685 3.13763
      vertex -19 5.67685 3.13763
    endloop
  endfacet
  facet normal 0 -0.9763 -0.216421
    outer loop
      vertex 19 5.67685 3.13763
      vertex -19 5.71461 2.96729
      vertex 19 5.71461 2.96729
    endloop
  endfacet
  facet normal 0 -0.793314 -0.608813
    outer loop
      vertex -19 5.3833 3.76715
      vertex -18 5.27708 3.90556
      vertex -19 5.27708 3.90556
    endloop
  endfacet
  facet normal 0 -0.793314 -0.608813
    outer loop
      vertex -18 5.27708 3.90556
      vertex -19 5.3833 3.76715
      vertex -18 5.3833 3.76715
    endloop
  endfacet
  facet normal 0 -0.793314 -0.608813
    outer loop
      vertex 18 5.3833 3.76715
      vertex 19 5.27708 3.90556
      vertex 18 5.27708 3.90556
    endloop
  endfacet
  facet normal 0 -0.793314 -0.608813
    outer loop
      vertex 19 5.27708 3.90556
      vertex 18 5.3833 3.76715
      vertex 19 5.3833 3.76715
    endloop
  endfacet
  facet normal 0 0.953693 -0.30078
    outer loop
      vertex 19 -5.67685 3.13763
      vertex -19 -5.62437 3.30403
      vertex 19 -5.62437 3.30403
    endloop
  endfacet
  facet normal 0 0.953693 -0.30078
    outer loop
      vertex -19 -5.62437 3.30403
      vertex 19 -5.67685 3.13763
      vertex -19 -5.67685 3.13763
    endloop
  endfacet
  facet normal 0 -0.843378 -0.53732
    outer loop
      vertex -19 5.47705 3.62
      vertex -18 5.3833 3.76715
      vertex -19 5.3833 3.76715
    endloop
  endfacet
  facet normal 0 -0.843378 -0.53732
    outer loop
      vertex -18 5.3833 3.76715
      vertex -19 5.47705 3.62
      vertex -18 5.47705 3.62
    endloop
  endfacet
  facet normal 0 -0.843378 -0.53732
    outer loop
      vertex 18 5.47705 3.62
      vertex 19 5.3833 3.76715
      vertex 18 5.3833 3.76715
    endloop
  endfacet
  facet normal 0 -0.843378 -0.53732
    outer loop
      vertex 19 5.3833 3.76715
      vertex 18 5.47705 3.62
      vertex 19 5.47705 3.62
    endloop
  endfacet
  facet normal 0 0.843378 -0.53732
    outer loop
      vertex -18 -5.47705 3.62
      vertex -19 -5.3833 3.76715
      vertex -18 -5.3833 3.76715
    endloop
  endfacet
  facet normal 0 0.843378 -0.53732
    outer loop
      vertex -19 -5.3833 3.76715
      vertex -18 -5.47705 3.62
      vertex -19 -5.47705 3.62
    endloop
  endfacet
  facet normal 0 0.843378 -0.53732
    outer loop
      vertex 19 -5.47705 3.62
      vertex 18 -5.3833 3.76715
      vertex 19 -5.3833 3.76715
    endloop
  endfacet
  facet normal 0 0.843378 -0.53732
    outer loop
      vertex 18 -5.3833 3.76715
      vertex 19 -5.47705 3.62
      vertex 18 -5.47705 3.62
    endloop
  endfacet
  facet normal 0 0.923923 -0.38258
    outer loop
      vertex 19 -5.62437 3.30403
      vertex -19 -5.55762 3.46523
      vertex 19 -5.55762 3.46523
    endloop
  endfacet
  facet normal 0 0.923923 -0.38258
    outer loop
      vertex -19 -5.55762 3.46523
      vertex 19 -5.62437 3.30403
      vertex -19 -5.62437 3.30403
    endloop
  endfacet
  facet normal 0 0.887005 -0.46176
    outer loop
      vertex 19 -5.47705 3.62
      vertex 18 -5.53952 3.5
      vertex 18 -5.47705 3.62
    endloop
  endfacet
  facet normal 0 0.887012 -0.461746
    outer loop
      vertex 18 -5.53952 3.5
      vertex 19 -5.55762 3.46523
      vertex -18 -5.53952 3.5
    endloop
  endfacet
  facet normal -4.69379e-07 0.887007 -0.461757
    outer loop
      vertex 19 -5.55762 3.46523
      vertex 18 -5.53952 3.5
      vertex 19 -5.47705 3.62
    endloop
  endfacet
  facet normal 0 0.887005 -0.46176
    outer loop
      vertex -18 -5.53952 3.5
      vertex -19 -5.47705 3.62
      vertex -18 -5.47705 3.62
    endloop
  endfacet
  facet normal 4.69379e-07 0.887007 -0.461757
    outer loop
      vertex -18 -5.53952 3.5
      vertex -19 -5.55762 3.46523
      vertex -19 -5.47705 3.62
    endloop
  endfacet
  facet normal 0 0.887012 -0.461746
    outer loop
      vertex -19 -5.55762 3.46523
      vertex -18 -5.53952 3.5
      vertex 19 -5.55762 3.46523
    endloop
  endfacet
  facet normal 0 0.991447 -0.130508
    outer loop
      vertex 19 -5.73738 2.79431
      vertex -19 -5.71461 2.96729
      vertex 19 -5.71461 2.96729
    endloop
  endfacet
  facet normal 0 0.991447 -0.130508
    outer loop
      vertex -19 -5.71461 2.96729
      vertex 19 -5.73738 2.79431
      vertex -19 -5.73738 2.79431
    endloop
  endfacet
  facet normal 0 0.9763 -0.216421
    outer loop
      vertex 19 -5.71461 2.96729
      vertex -19 -5.67685 3.13763
      vertex 19 -5.67685 3.13763
    endloop
  endfacet
  facet normal 0 0.9763 -0.216421
    outer loop
      vertex -19 -5.67685 3.13763
      vertex 19 -5.71461 2.96729
      vertex -19 -5.71461 2.96729
    endloop
  endfacet
  facet normal 0 -0.737349 -0.675512
    outer loop
      vertex -19 5.27708 3.90556
      vertex -18 5.19056 4
      vertex -19 5.19056 4
    endloop
  endfacet
  facet normal 0 -0.737349 -0.675512
    outer loop
      vertex -18 5.19056 4
      vertex -19 5.27708 3.90556
      vertex -18 5.27708 3.90556
    endloop
  endfacet
  facet normal 0 -0.737349 -0.675512
    outer loop
      vertex 18 5.27708 3.90556
      vertex 19 5.19056 4
      vertex 18 5.19056 4
    endloop
  endfacet
  facet normal 0 -0.737349 -0.675512
    outer loop
      vertex 19 5.19056 4
      vertex 18 5.27708 3.90556
      vertex 19 5.27708 3.90556
    endloop
  endfacet
  facet normal 0 -0.953693 -0.30078
    outer loop
      vertex -19 5.67685 3.13763
      vertex 19 5.62437 3.30403
      vertex -19 5.62437 3.30403
    endloop
  endfacet
  facet normal 0 -0.953693 -0.30078
    outer loop
      vertex 19 5.62437 3.30403
      vertex -19 5.67685 3.13763
      vertex 19 5.67685 3.13763
    endloop
  endfacet
  facet normal 0 -0.923923 -0.38258
    outer loop
      vertex -19 5.62437 3.30403
      vertex 19 5.55762 3.46523
      vertex -19 5.55762 3.46523
    endloop
  endfacet
  facet normal 0 -0.923923 -0.38258
    outer loop
      vertex 19 5.55762 3.46523
      vertex -19 5.62437 3.30403
      vertex 19 5.62437 3.30403
    endloop
  endfacet
  facet normal 0 -0.887005 -0.46176
    outer loop
      vertex -19 5.47705 3.62
      vertex -18 5.53952 3.5
      vertex -18 5.47705 3.62
    endloop
  endfacet
  facet normal 0 -0.887012 -0.461746
    outer loop
      vertex -18 5.53952 3.5
      vertex -19 5.55762 3.46523
      vertex 18 5.53952 3.5
    endloop
  endfacet
  facet normal 4.69379e-07 -0.887007 -0.461757
    outer loop
      vertex -19 5.55762 3.46523
      vertex -18 5.53952 3.5
      vertex -19 5.47705 3.62
    endloop
  endfacet
  facet normal 0 -0.887005 -0.46176
    outer loop
      vertex 18 5.53952 3.5
      vertex 19 5.47705 3.62
      vertex 18 5.47705 3.62
    endloop
  endfacet
  facet normal -4.69379e-07 -0.887007 -0.461757
    outer loop
      vertex 18 5.53952 3.5
      vertex 19 5.55762 3.46523
      vertex 19 5.47705 3.62
    endloop
  endfacet
  facet normal -0 -0.887012 -0.461746
    outer loop
      vertex 19 5.55762 3.46523
      vertex 18 5.53952 3.5
      vertex -19 5.55762 3.46523
    endloop
  endfacet
  facet normal 0 0.793314 -0.608813
    outer loop
      vertex -18 -5.3833 3.76715
      vertex -19 -5.27708 3.90556
      vertex -18 -5.27708 3.90556
    endloop
  endfacet
  facet normal 0 0.793314 -0.608813
    outer loop
      vertex -19 -5.27708 3.90556
      vertex -18 -5.3833 3.76715
      vertex -19 -5.3833 3.76715
    endloop
  endfacet
  facet normal 0 0.793314 -0.608813
    outer loop
      vertex 19 -5.3833 3.76715
      vertex 18 -5.27708 3.90556
      vertex 19 -5.27708 3.90556
    endloop
  endfacet
  facet normal 0 0.793314 -0.608813
    outer loop
      vertex 18 -5.27708 3.90556
      vertex 19 -5.3833 3.76715
      vertex 18 -5.3833 3.76715
    endloop
  endfacet
  facet normal 1 0 0
    outer loop
      vertex 18 5.3833 3.76715
      vertex 18 5.53952 3.5
      vertex 18 5.47705 3.62
    endloop
  endfacet
  facet normal 1 0 0
    outer loop
      vertex 18 5.27708 3.90556
      vertex 18 5.53952 3.5
      vertex 18 5.3833 3.76715
    endloop
  endfacet
  facet normal 1 0 0
    outer loop
      vertex 18 5.19056 4
      vertex 18 5.53952 3.5
      vertex 18 5.27708 3.90556
    endloop
  endfacet
  facet normal 1 -0 0
    outer loop
      vertex 18 -5.19056 4
      vertex 18 5.53952 3.5
      vertex 18 5.19056 4
    endloop
  endfacet
  facet normal 1 0 0
    outer loop
      vertex 18 -5.53952 3.5
      vertex 18 -5.19056 4
      vertex 18 -5.27708 3.90556
    endloop
  endfacet
  facet normal 1 0 0
    outer loop
      vertex 18 -5.53952 3.5
      vertex 18 -5.27708 3.90556
      vertex 18 -5.3833 3.76715
    endloop
  endfacet
  facet normal 1 0 0
    outer loop
      vertex 18 -5.53952 3.5
      vertex 18 -5.3833 3.76715
      vertex 18 -5.47705 3.62
    endloop
  endfacet
  facet normal 1 0 0
    outer loop
      vertex 18 -5.19056 4
      vertex 18 -5.53952 3.5
      vertex 18 5.53952 3.5
    endloop
  endfacet
  facet normal 0 0 -1
    outer loop
      vertex -18 -5.53952 3.5
      vertex 18 5.53952 3.5
      vertex 18 -5.53952 3.5
    endloop
  endfacet
  facet normal -0 0 -1
    outer loop
      vertex 18 5.53952 3.5
      vertex -18 -5.53952 3.5
      vertex -18 5.53952 3.5
    endloop
  endfacet
  facet normal -1 0 0
    outer loop
      vertex -18 5.53952 3.5
      vertex -18 5.3833 3.76715
      vertex -18 5.47705 3.62
    endloop
  endfacet
  facet normal -1 0 0
    outer loop
      vertex -18 5.53952 3.5
      vertex -18 5.27708 3.90556
      vertex -18 5.3833 3.76715
    endloop
  endfacet
  facet normal -1 0 0
    outer loop
      vertex -18 5.53952 3.5
      vertex -18 5.19056 4
      vertex -18 5.27708 3.90556
    endloop
  endfacet
  facet normal -1 0 0
    outer loop
      vertex -18 5.53952 3.5
      vertex -18 -5.19056 4
      vertex -18 5.19056 4
    endloop
  endfacet
  facet normal -1 0 0
    outer loop
      vertex -18 -5.53952 3.5
      vertex -18 -5.19056 4
      vertex -18 5.53952 3.5
    endloop
  endfacet
  facet normal -1 0 0
    outer loop
      vertex -18 -5.19056 4
      vertex -18 -5.53952 3.5
      vertex -18 -5.27708 3.90556
    endloop
  endfacet
  facet normal -1 0 0
    outer loop
      vertex -18 -5.27708 3.90556
      vertex -18 -5.53952 3.5
      vertex -18 -5.3833 3.76715
    endloop
  endfacet
  facet normal -1 0 0
    outer loop
      vertex -18 -5.3833 3.76715
      vertex -18 -5.53952 3.5
      vertex -18 -5.47705 3.62
    endloop
  endfacet
endsolid OpenSCAD_Model
