solid ix14_stand_MuleV2.0
  facet normal 0 0 -1
    outer loop
      vertex -19.5076106 0.174311485 0
      vertex 19.5076106 0.174311485 0
      vertex 19.5 2.4492936e-16 0
    endloop
  endfacet
  facet normal 0 0 -1
    outer loop
      vertex 19.5076106 -0.174311485 0
      vertex -19.5076106 0.174311485 0
      vertex 19.5 2.4492936e-16 0
    endloop
  endfacet
  facet normal 0 0 -1
    outer loop
      vertex -23.4923894 -0.174311485 0
      vertex -30.4990473 0 0
      vertex -23.5 2.4492936e-16 0
    endloop
  endfacet
  facet normal 0 0 -1
    outer loop
      vertex -30.4990473 0 0
      vertex -30.3775238 -1.38901999 0
      vertex -30.4686085 -0.69716291 0
    endloop
  endfacet
  facet normal 0 0 -1
    outer loop
      vertex -30.3775238 -1.38901999 0
      vertex -30.0166457 -2.73583531 0
      vertex -30.2264864 -2.07030579 0
    endloop
  endfacet
  facet normal 0 0 -1
    outer loop
      vertex -30.0166457 -2.73583531 0
      vertex -29.4273782 -3.99952366 0
      vertex -29.7495989 -3.38054347 0
    endloop
  endfacet
  facet normal 0 0 -1
    outer loop
      vertex -29.4273782 -3.99952366 0
      vertex -28.6276257 -5.1416885 0
      vertex -29.052436 -4.58806505 0
    endloop
  endfacet
  facet normal 0 0 -1
    outer loop
      vertex -28.6276257 -5.1416885 0
      vertex -27.6416885 -6.12762575 0
      vertex -28.1561806 -5.6561806 0
    endloop
  endfacet
  facet normal 0 0 -1
    outer loop
      vertex -27.6416885 -6.12762575 0
      vertex -26.4995237 -6.92737818 0
      vertex -27.0880651 -6.55243596 0
    endloop
  endfacet
  facet normal 0 0 -1
    outer loop
      vertex -26.4995237 -6.92737818 0
      vertex -25.2358353 -7.51664574 0
      vertex -25.8805435 -7.24959887 0
    endloop
  endfacet
  facet normal 0 0 -1
    outer loop
      vertex -25.2358353 -7.51664574 0
      vertex -23.88902 -7.87752381 0
      vertex -24.5703058 -7.72648639 0
    endloop
  endfacet
  facet normal 0 0 -1
    outer loop
      vertex -23.88902 -7.87752381 0
      vertex -22.4781799 -8 0
      vertex -23.1971629 -7.96860852 0
    endloop
  endfacet
  facet normal 0 0 -1
    outer loop
      vertex -22.4781799 -8 0
      vertex 23.1971629 -7.96860852 0
      vertex 22.4781799 -8 0
    endloop
  endfacet
  facet normal 0 0 -1
    outer loop
      vertex 23.1971629 -7.96860852 0
      vertex 24.5703058 -7.72648639 0
      vertex 23.88902 -7.87752381 0
    endloop
  endfacet
  facet normal 0 0 -1
    outer loop
      vertex 24.5703058 -7.72648639 0
      vertex 25.8805435 -7.24959887 0
      vertex 25.2358353 -7.51664574 0
    endloop
  endfacet
  facet normal 0 0 -1
    outer loop
      vertex 25.8805435 -7.24959887 0
      vertex 27.0880651 -6.55243596 0
      vertex 26.4995237 -6.92737818 0
    endloop
  endfacet
  facet normal 0 0 -1
    outer loop
      vertex 27.0880651 -6.55243596 0
      vertex 28.1561806 -5.6561806 0
      vertex 27.6416885 -6.12762575 0
    endloop
  endfacet
  facet normal 0 0 -1
    outer loop
      vertex 28.1561806 -5.6561806 0
      vertex 29.052436 -4.58806505 0
      vertex 28.6276257 -5.1416885 0
    endloop
  endfacet
  facet normal 0 0 -1
    outer loop
      vertex 29.052436 -4.58806505 0
      vertex 29.7495989 -3.38054347 0
      vertex 29.4273782 -3.99952366 0
    endloop
  endfacet
  facet normal 0 0 -1
    outer loop
      vertex 29.7495989 -3.38054347 0
      vertex 30.2264864 -2.07030579 0
      vertex 30.0166457 -2.73583531 0
    endloop
  endfacet
  facet normal 0 0 -1
    outer loop
      vertex 30.2264864 -2.07030579 0
      vertex 30.4686085 -0.69716291 0
      vertex 30.3775238 -1.38901999 0
    endloop
  endfacet
  facet normal 0 0 -1
    outer loop
      vertex 30.4686085 -0.69716291 0
      vertex 30.4686085 0.69716291 0
      vertex 30.4990473 0 0
    endloop
  endfacet
  facet normal 0 0 -1
    outer loop
      vertex 30.4686085 0.69716291 0
      vertex 30.2264864 2.07030579 0
      vertex 30.3775238 1.38901999 0
    endloop
  endfacet
  facet normal 0 0 -1
    outer loop
      vertex 30.2264864 2.07030579 0
      vertex 29.7495989 3.38054347 0
      vertex 30.0166457 2.73583531 0
    endloop
  endfacet
  facet normal 0 0 -1
    outer loop
      vertex 29.7495989 3.38054347 0
      vertex 29.052436 4.58806505 0
      vertex 29.4273782 3.99952366 0
    endloop
  endfacet
  facet normal 0 0 -1
    outer loop
      vertex 29.052436 4.58806505 0
      vertex 28.1561806 5.6561806 0
      vertex 28.6276257 5.1416885 0
    endloop
  endfacet
  facet normal 0 0 -1
    outer loop
      vertex 27.586535 6.17816462 0
      vertex 48.2599089 100 0
      vertex 27.8457559 7.10177253 0
    endloop
  endfacet
  facet normal -0 0 -1
    outer loop
      vertex 48.2599089 100 0
      vertex -39.9815445 99.5923949 0
      vertex -48.2599089 100 0
    endloop
  endfacet
  facet normal 0 0 -1
    outer loop
      vertex -39.9815445 99.5923949 0
      vertex 29.7866847 94 0
      vertex -29.7866847 94 0
    endloop
  endfacet
  facet normal 0 0 -1
    outer loop
      vertex -0 50.7884315 0
      vertex -39.9815445 99.5923949 0
      vertex -29.7866847 94 0
    endloop
  endfacet
  facet normal 0 0 -1
    outer loop
      vertex -39.9815445 99.5923949 0
      vertex 3.04554883 46.4196527 0
      vertex -3.04554883 46.4196527 0
    endloop
  endfacet
  facet normal 0 0 -1
    outer loop
      vertex 19.128652 23 0
      vertex -3.04554883 46.4196527 0
      vertex 3.04554883 46.4196527 0
    endloop
  endfacet
  facet normal 0 0 -1
    outer loop
      vertex -23.1505644 23 0
      vertex -48.2599089 100 0
      vertex -39.9815445 99.5923949 0
    endloop
  endfacet
  facet normal 0 0 -1
    outer loop
      vertex -48.2599089 100 0
      vertex -27.586535 6.17816462 0
      vertex -27.8457559 7.10177253 0
    endloop
  endfacet
  facet normal 0 0 -1
    outer loop
      vertex -27.586535 6.17816462 0
      vertex -28.6276257 5.1416885 0
      vertex -28.1561806 5.6561806 0
    endloop
  endfacet
  facet normal 0 0 -1
    outer loop
      vertex -28.6276257 5.1416885 0
      vertex -29.4273782 3.99952366 0
      vertex -29.052436 4.58806505 0
    endloop
  endfacet
  facet normal 0 0 -1
    outer loop
      vertex -29.4273782 3.99952366 0
      vertex -30.0166457 2.73583531 0
      vertex -29.7495989 3.38054347 0
    endloop
  endfacet
  facet normal 0 0 -1
    outer loop
      vertex -30.0166457 2.73583531 0
      vertex -30.3775238 1.38901999 0
      vertex -30.2264864 2.07030579 0
    endloop
  endfacet
  facet normal 0 0 -1
    outer loop
      vertex -30.3775238 1.38901999 0
      vertex -30.4990473 0 0
      vertex -30.4686085 0.69716291 0
    endloop
  endfacet
  facet normal 0 0 -1
    outer loop
      vertex -30.4990473 0 0
      vertex -23.4923894 0.174311485 0
      vertex -23.5 2.4492936e-16 0
    endloop
  endfacet
  facet normal 0 0 -1
    outer loop
      vertex -19.5303845 0.347296355 0
      vertex 19.5076106 0.174311485 0
      vertex -19.5076106 0.174311485 0
    endloop
  endfacet
  facet normal 0 0 -1
    outer loop
      vertex 19.5303845 -0.347296355 0
      vertex -19.5076106 0.174311485 0
      vertex 19.5076106 -0.174311485 0
    endloop
  endfacet
  facet normal 0 0 -1
    outer loop
      vertex -23.4696155 -0.347296355 0
      vertex -30.4990473 0 0
      vertex -23.4923894 -0.174311485 0
    endloop
  endfacet
  facet normal 0 0 -1
    outer loop
      vertex -30.4990473 0 0
      vertex -30.0166457 -2.73583531 0
      vertex -30.3775238 -1.38901999 0
    endloop
  endfacet
  facet normal 0 0 -1
    outer loop
      vertex -30.0166457 -2.73583531 0
      vertex -28.6276257 -5.1416885 0
      vertex -29.4273782 -3.99952366 0
    endloop
  endfacet
  facet normal 0 0 -1
    outer loop
      vertex -28.6276257 -5.1416885 0
      vertex -26.4995237 -6.92737818 0
      vertex -27.6416885 -6.12762575 0
    endloop
  endfacet
  facet normal 0 0 -1
    outer loop
      vertex -26.4995237 -6.92737818 0
      vertex -23.88902 -7.87752381 0
      vertex -25.2358353 -7.51664574 0
    endloop
  endfacet
  facet normal 0 0 -1
    outer loop
      vertex -23.88902 -7.87752381 0
      vertex 23.1971629 -7.96860852 0
      vertex -22.4781799 -8 0
    endloop
  endfacet
  facet normal 0 0 -1
    outer loop
      vertex 23.1971629 -7.96860852 0
      vertex 25.8805435 -7.24959887 0
      vertex 24.5703058 -7.72648639 0
    endloop
  endfacet
  facet normal 0 0 -1
    outer loop
      vertex 25.8805435 -7.24959887 0
      vertex 28.1561806 -5.6561806 0
      vertex 27.0880651 -6.55243596 0
    endloop
  endfacet
  facet normal 0 0 -1
    outer loop
      vertex 28.1561806 -5.6561806 0
      vertex 29.7495989 -3.38054347 0
      vertex 29.052436 -4.58806505 0
    endloop
  endfacet
  facet normal 0 0 -1
    outer loop
      vertex 29.7495989 -3.38054347 0
      vertex 30.4686085 -0.69716291 0
      vertex 30.2264864 -2.07030579 0
    endloop
  endfacet
  facet normal 0 0 -1
    outer loop
      vertex 30.4686085 -0.69716291 0
      vertex 30.2264864 2.07030579 0
      vertex 30.4686085 0.69716291 0
    endloop
  endfacet
  facet normal 0 0 -1
    outer loop
      vertex 30.2264864 2.07030579 0
      vertex 29.052436 4.58806505 0
      vertex 29.7495989 3.38054347 0
    endloop
  endfacet
  facet normal 0 0 -1
    outer loop
      vertex 29.052436 4.58806505 0
      vertex 27.586535 6.17816462 0
      vertex 28.1561806 5.6561806 0
    endloop
  endfacet
  facet normal -0 -0 -1
    outer loop
      vertex -0 50.7884315 0
      vertex 3.04554883 46.4196527 0
      vertex -39.9815445 99.5923949 0
    endloop
  endfacet
  facet normal -0 0 -1
    outer loop
      vertex -23.1505644 23 0
      vertex -27.586535 6.17816462 0
      vertex -48.2599089 100 0
    endloop
  endfacet
  facet normal 0 0 -1
    outer loop
      vertex -27.586535 6.17816462 0
      vertex -29.4273782 3.99952366 0
      vertex -28.6276257 5.1416885 0
    endloop
  endfacet
  facet normal 0 0 -1
    outer loop
      vertex -29.4273782 3.99952366 0
      vertex -30.3775238 1.38901999 0
      vertex -30.0166457 2.73583531 0
    endloop
  endfacet
  facet normal 0 -0 -1
    outer loop
      vertex -30.3775238 1.38901999 0
      vertex -23.4923894 0.174311485 0
      vertex -30.4990473 0 0
    endloop
  endfacet
  facet normal 0 0 -1
    outer loop
      vertex -19.5681483 0.51763809 0
      vertex 19.5076106 0.174311485 0
      vertex -19.5303845 0.347296355 0
    endloop
  endfacet
  facet normal 0 0 -1
    outer loop
      vertex 19.5681483 -0.51763809 0
      vertex -19.5076106 0.174311485 0
      vertex 19.5303845 -0.347296355 0
    endloop
  endfacet
  facet normal 0 0 -1
    outer loop
      vertex -23.4318517 -0.51763809 0
      vertex -30.4990473 0 0
      vertex -23.4696155 -0.347296355 0
    endloop
  endfacet
  facet normal 0 0 -1
    outer loop
      vertex -30.4990473 0 0
      vertex -28.6276257 -5.1416885 0
      vertex -30.0166457 -2.73583531 0
    endloop
  endfacet
  facet normal 0 0 -1
    outer loop
      vertex -28.6276257 -5.1416885 0
      vertex -23.88902 -7.87752381 0
      vertex -26.4995237 -6.92737818 0
    endloop
  endfacet
  facet normal 0 0 -1
    outer loop
      vertex -23.88902 -7.87752381 0
      vertex 25.8805435 -7.24959887 0
      vertex 23.1971629 -7.96860852 0
    endloop
  endfacet
  facet normal 0 0 -1
    outer loop
      vertex 25.8805435 -7.24959887 0
      vertex 29.7495989 -3.38054347 0
      vertex 28.1561806 -5.6561806 0
    endloop
  endfacet
  facet normal 0 0 -1
    outer loop
      vertex 29.7495989 -3.38054347 0
      vertex 30.2264864 2.07030579 0
      vertex 30.4686085 -0.69716291 0
    endloop
  endfacet
  facet normal 0 0 -1
    outer loop
      vertex 30.2264864 2.07030579 0
      vertex 27.586535 6.17816462 0
      vertex 29.052436 4.58806505 0
    endloop
  endfacet
  facet normal 0 0 -1
    outer loop
      vertex 29.7866847 94 0
      vertex 3.04554883 46.4196527 0
      vertex -0 50.7884315 0
    endloop
  endfacet
  facet normal -0 0 -1
    outer loop
      vertex -16.5907228 8.09999 0
      vertex -27.586535 6.17816462 0
      vertex -23.1505644 23 0
    endloop
  endfacet
  facet normal 0 0 -1
    outer loop
      vertex -27.586535 6.17816462 0
      vertex -30.3775238 1.38901999 0
      vertex -29.4273782 3.99952366 0
    endloop
  endfacet
  facet normal 0 0 -1
    outer loop
      vertex -30.3775238 1.38901999 0
      vertex -23.4696155 0.347296355 0
      vertex -23.4923894 0.174311485 0
    endloop
  endfacet
  facet normal 0 0 -1
    outer loop
      vertex -19.6206148 0.684040287 0
      vertex 19.5076106 0.174311485 0
      vertex -19.5681483 0.51763809 0
    endloop
  endfacet
  facet normal 0 0 -1
    outer loop
      vertex 19.6206148 -0.684040287 0
      vertex -19.5076106 0.174311485 0
      vertex 19.5681483 -0.51763809 0
    endloop
  endfacet
  facet normal 0 0 -1
    outer loop
      vertex -23.3793852 -0.684040287 0
      vertex -30.4990473 0 0
      vertex -23.4318517 -0.51763809 0
    endloop
  endfacet
  facet normal 0 0 -1
    outer loop
      vertex -30.4990473 0 0
      vertex -23.88902 -7.87752381 0
      vertex -28.6276257 -5.1416885 0
    endloop
  endfacet
  facet normal 0 0 -1
    outer loop
      vertex -23.88902 -7.87752381 0
      vertex 29.7495989 -3.38054347 0
      vertex 25.8805435 -7.24959887 0
    endloop
  endfacet
  facet normal 0 0 -1
    outer loop
      vertex 29.7495989 -3.38054347 0
      vertex 27.586535 6.17816462 0
      vertex 30.2264864 2.07030579 0
    endloop
  endfacet
  facet normal 0 -0 -1
    outer loop
      vertex 29.7866847 94 0
      vertex 39.9815445 99.5923949 0
      vertex 3.04554883 46.4196527 0
    endloop
  endfacet
  facet normal -0 -0 -1
    outer loop
      vertex -19.128652 23 0
      vertex -16.5907228 8.09999 0
      vertex -23.1505644 23 0
    endloop
  endfacet
  facet normal -0 0 -1
    outer loop
      vertex 16.5907228 8.09999 0
      vertex -27.586535 6.17816462 0
      vertex -16.5907228 8.09999 0
    endloop
  endfacet
  facet normal 0 -0 -1
    outer loop
      vertex -27.586535 6.17816462 0
      vertex -23.4696155 0.347296355 0
      vertex -30.3775238 1.38901999 0
    endloop
  endfacet
  facet normal 0 0 -1
    outer loop
      vertex -19.6873844 0.845236523 0
      vertex 19.5076106 0.174311485 0
      vertex -19.6206148 0.684040287 0
    endloop
  endfacet
  facet normal 0 0 -1
    outer loop
      vertex 19.6873844 -0.845236523 0
      vertex -19.5076106 0.174311485 0
      vertex 19.6206148 -0.684040287 0
    endloop
  endfacet
  facet normal 0 0 -1
    outer loop
      vertex -23.3126156 -0.845236523 0
      vertex -30.4990473 0 0
      vertex -23.3793852 -0.684040287 0
    endloop
  endfacet
  facet normal 0 0 -1
    outer loop
      vertex -39.9815445 99.5923949 0
      vertex 39.9815445 99.5923949 0
      vertex 29.7866847 94 0
    endloop
  endfacet
  facet normal 0 0 -1
    outer loop
      vertex -3.04554883 46.4196527 0
      vertex -16.5907228 8.09999 0
      vertex -19.128652 23 0
    endloop
  endfacet
  facet normal 0 0 -1
    outer loop
      vertex -27.586535 6.17816462 0
      vertex -23.4318517 0.51763809 0
      vertex -23.4696155 0.347296355 0
    endloop
  endfacet
  facet normal 0 0 -1
    outer loop
      vertex -19.7679492 1 0
      vertex 19.5076106 0.174311485 0
      vertex -19.6873844 0.845236523 0
    endloop
  endfacet
  facet normal 0 0 -1
    outer loop
      vertex 19.7679492 -1 0
      vertex -19.5076106 0.174311485 0
      vertex 19.6873844 -0.845236523 0
    endloop
  endfacet
  facet normal 0 0 -1
    outer loop
      vertex -23.2320508 -1 0
      vertex -30.4990473 0 0
      vertex -23.3126156 -0.845236523 0
    endloop
  endfacet
  facet normal 0 0 -1
    outer loop
      vertex 48.2599089 100 0
      vertex 39.9815445 99.5923949 0
      vertex -39.9815445 99.5923949 0
    endloop
  endfacet
  facet normal 0 -0 -1
    outer loop
      vertex -3.04554883 46.4196527 0
      vertex -0 42.5893487 0
      vertex -16.5907228 8.09999 0
    endloop
  endfacet
  facet normal 0 0 -1
    outer loop
      vertex -27.586535 6.17816462 0
      vertex -23.3793852 0.684040287 0
      vertex -23.4318517 0.51763809 0
    endloop
  endfacet
  facet normal 0 0 -1
    outer loop
      vertex -19.8616959 1.14715287 0
      vertex 19.5076106 0.174311485 0
      vertex -19.7679492 1 0
    endloop
  endfacet
  facet normal 0 0 -1
    outer loop
      vertex 19.8616959 -1.14715287 0
      vertex -19.5076106 0.174311485 0
      vertex 19.7679492 -1 0
    endloop
  endfacet
  facet normal 0 0 -1
    outer loop
      vertex -23.1383041 -1.14715287 0
      vertex -30.4990473 0 0
      vertex -23.2320508 -1 0
    endloop
  endfacet
  facet normal 0 0 -1
    outer loop
      vertex 27.586535 6.17816462 0
      vertex 39.9815445 99.5923949 0
      vertex 48.2599089 100 0
    endloop
  endfacet
  facet normal 0 0 -1
    outer loop
      vertex 19.128652 23 0
      vertex -0 42.5893487 0
      vertex -3.04554883 46.4196527 0
    endloop
  endfacet
  facet normal 0 0 -1
    outer loop
      vertex -27.586535 6.17816462 0
      vertex -23.3126156 0.845236523 0
      vertex -23.3793852 0.684040287 0
    endloop
  endfacet
  facet normal 0 0 -1
    outer loop
      vertex -19.9679111 1.28557522 0
      vertex 19.5076106 0.174311485 0
      vertex -19.8616959 1.14715287 0
    endloop
  endfacet
  facet normal 0 0 -1
    outer loop
      vertex 19.9679111 -1.28557522 0
      vertex -19.5076106 0.174311485 0
      vertex 19.8616959 -1.14715287 0
    endloop
  endfacet
  facet normal 0 0 -1
    outer loop
      vertex -23.0320889 -1.28557522 0
      vertex -30.4990473 0 0
      vertex -23.1383041 -1.14715287 0
    endloop
  endfacet
  facet normal 0 0 -1
    outer loop
      vertex 27.586535 6.17816462 0
      vertex 23.1505644 23 0
      vertex 39.9815445 99.5923949 0
    endloop
  endfacet
  facet normal -0 0 -1
    outer loop
      vertex 19.128652 23 0
      vertex 16.5907228 8.09999 0
      vertex -0 42.5893487 0
    endloop
  endfacet
  facet normal 0 0 -1
    outer loop
      vertex -27.586535 6.17816462 0
      vertex -23.2320508 1 0
      vertex -23.3126156 0.845236523 0
    endloop
  endfacet
  facet normal 0 0 -1
    outer loop
      vertex -20.0857864 1.41421356 0
      vertex 19.5076106 0.174311485 0
      vertex -19.9679111 1.28557522 0
    endloop
  endfacet
  facet normal 0 0 -1
    outer loop
      vertex 20.0857864 -1.41421356 0
      vertex -19.5076106 0.174311485 0
      vertex 19.9679111 -1.28557522 0
    endloop
  endfacet
  facet normal 0 0 -1
    outer loop
      vertex -22.9142136 -1.41421356 0
      vertex -30.4990473 0 0
      vertex -23.0320889 -1.28557522 0
    endloop
  endfacet
  facet normal 0 0 -1
    outer loop
      vertex 29.7495989 -3.38054347 0
      vertex 23.1505644 23 0
      vertex 27.586535 6.17816462 0
    endloop
  endfacet
  facet normal -0 0 -1
    outer loop
      vertex 23.1505644 23 0
      vertex 16.5907228 8.09999 0
      vertex 19.128652 23 0
    endloop
  endfacet
  facet normal 0 0 -1
    outer loop
      vertex -27.586535 6.17816462 0
      vertex -23.1383041 1.14715287 0
      vertex -23.2320508 1 0
    endloop
  endfacet
  facet normal 0 0 -1
    outer loop
      vertex -20.2144248 1.53208889 0
      vertex 19.5076106 0.174311485 0
      vertex -20.0857864 1.41421356 0
    endloop
  endfacet
  facet normal 0 0 -1
    outer loop
      vertex 20.2144248 -1.53208889 0
      vertex -19.5076106 0.174311485 0
      vertex 20.0857864 -1.41421356 0
    endloop
  endfacet
  facet normal 0 0 -1
    outer loop
      vertex -22.7855752 -1.53208889 0
      vertex -30.4990473 0 0
      vertex -22.9142136 -1.41421356 0
    endloop
  endfacet
  facet normal 0 0 -1
    outer loop
      vertex 29.7495989 -3.38054347 0
      vertex 16.5907228 8.09999 0
      vertex 23.1505644 23 0
    endloop
  endfacet
  facet normal 0 0 -1
    outer loop
      vertex -27.586535 6.17816462 0
      vertex -23.0320889 1.28557522 0
      vertex -23.1383041 1.14715287 0
    endloop
  endfacet
  facet normal 0 0 -1
    outer loop
      vertex -20.3528471 1.63830409 0
      vertex 19.5076106 0.174311485 0
      vertex -20.2144248 1.53208889 0
    endloop
  endfacet
  facet normal 0 0 -1
    outer loop
      vertex 20.3528471 -1.63830409 0
      vertex -19.5076106 0.174311485 0
      vertex 20.2144248 -1.53208889 0
    endloop
  endfacet
  facet normal 0 0 -1
    outer loop
      vertex -22.6471529 -1.63830409 0
      vertex -30.4990473 0 0
      vertex -22.7855752 -1.53208889 0
    endloop
  endfacet
  facet normal 0 0 -1
    outer loop
      vertex -27.586535 6.17816462 0
      vertex -22.9142136 1.41421356 0
      vertex -23.0320889 1.28557522 0
    endloop
  endfacet
  facet normal 0 0 -1
    outer loop
      vertex -20.5 1.73205081 0
      vertex 19.5076106 0.174311485 0
      vertex -20.3528471 1.63830409 0
    endloop
  endfacet
  facet normal 0 0 -1
    outer loop
      vertex 20.5 -1.73205081 0
      vertex -19.5076106 0.174311485 0
      vertex 20.3528471 -1.63830409 0
    endloop
  endfacet
  facet normal 0 0 -1
    outer loop
      vertex -22.5 -1.73205081 0
      vertex -30.4990473 0 0
      vertex -22.6471529 -1.63830409 0
    endloop
  endfacet
  facet normal 0 0 -1
    outer loop
      vertex -27.586535 6.17816462 0
      vertex -22.7855752 1.53208889 0
      vertex -22.9142136 1.41421356 0
    endloop
  endfacet
  facet normal 0 0 -1
    outer loop
      vertex -20.6547635 1.81261557 0
      vertex 19.5076106 0.174311485 0
      vertex -20.5 1.73205081 0
    endloop
  endfacet
  facet normal 0 0 -1
    outer loop
      vertex 20.6547635 -1.81261557 0
      vertex -19.5076106 0.174311485 0
      vertex 20.5 -1.73205081 0
    endloop
  endfacet
  facet normal 0 0 -1
    outer loop
      vertex -22.3452365 -1.81261557 0
      vertex -30.4990473 0 0
      vertex -22.5 -1.73205081 0
    endloop
  endfacet
  facet normal 0 0 -1
    outer loop
      vertex -27.586535 6.17816462 0
      vertex -22.6471529 1.63830409 0
      vertex -22.7855752 1.53208889 0
    endloop
  endfacet
  facet normal 0 0 -1
    outer loop
      vertex -20.8159597 1.87938524 0
      vertex 19.5076106 0.174311485 0
      vertex -20.6547635 1.81261557 0
    endloop
  endfacet
  facet normal 0 0 -1
    outer loop
      vertex 20.8159597 -1.87938524 0
      vertex -19.5076106 0.174311485 0
      vertex 20.6547635 -1.81261557 0
    endloop
  endfacet
  facet normal 0 0 -1
    outer loop
      vertex -22.1840403 -1.87938524 0
      vertex -30.4990473 0 0
      vertex -22.3452365 -1.81261557 0
    endloop
  endfacet
  facet normal 0 0 -1
    outer loop
      vertex -27.586535 6.17816462 0
      vertex -22.5 1.73205081 0
      vertex -22.6471529 1.63830409 0
    endloop
  endfacet
  facet normal 0 0 -1
    outer loop
      vertex -20.9823619 1.93185165 0
      vertex 19.5076106 0.174311485 0
      vertex -20.8159597 1.87938524 0
    endloop
  endfacet
  facet normal 0 0 -1
    outer loop
      vertex 20.9823619 -1.93185165 0
      vertex -19.5076106 0.174311485 0
      vertex 20.8159597 -1.87938524 0
    endloop
  endfacet
  facet normal 0 0 -1
    outer loop
      vertex -22.0176381 -1.93185165 0
      vertex -30.4990473 0 0
      vertex -22.1840403 -1.87938524 0
    endloop
  endfacet
  facet normal 0 0 -1
    outer loop
      vertex -27.586535 6.17816462 0
      vertex -22.3452365 1.81261557 0
      vertex -22.5 1.73205081 0
    endloop
  endfacet
  facet normal 0 0 -1
    outer loop
      vertex -21.1527036 1.96961551 0
      vertex 19.5076106 0.174311485 0
      vertex -20.9823619 1.93185165 0
    endloop
  endfacet
  facet normal 0 0 -1
    outer loop
      vertex 21.1527036 -1.96961551 0
      vertex -19.5076106 0.174311485 0
      vertex 20.9823619 -1.93185165 0
    endloop
  endfacet
  facet normal -0 0 -1
    outer loop
      vertex -22.0176381 -1.93185165 0
      vertex -23.88902 -7.87752381 0
      vertex -30.4990473 0 0
    endloop
  endfacet
  facet normal 0 0 -1
    outer loop
      vertex -27.586535 6.17816462 0
      vertex -22.1840403 1.87938524 0
      vertex -22.3452365 1.81261557 0
    endloop
  endfacet
  facet normal 0 0 -1
    outer loop
      vertex -21.3256885 1.9923894 0
      vertex 19.5076106 0.174311485 0
      vertex -21.1527036 1.96961551 0
    endloop
  endfacet
  facet normal 0 0 -1
    outer loop
      vertex 21.3256885 -1.9923894 0
      vertex -19.5076106 0.174311485 0
      vertex 21.1527036 -1.96961551 0
    endloop
  endfacet
  facet normal -0 0 -1
    outer loop
      vertex -21.8472964 -1.96961551 0
      vertex -23.88902 -7.87752381 0
      vertex -22.0176381 -1.93185165 0
    endloop
  endfacet
  facet normal 0 0 -1
    outer loop
      vertex -27.586535 6.17816462 0
      vertex -22.0176381 1.93185165 0
      vertex -22.1840403 1.87938524 0
    endloop
  endfacet
  facet normal 0 0 -1
    outer loop
      vertex -21.3256885 1.9923894 0
      vertex 19.5303845 0.347296355 0
      vertex 19.5076106 0.174311485 0
    endloop
  endfacet
  facet normal 0 0 -1
    outer loop
      vertex 21.3256885 -1.9923894 0
      vertex -19.5 0 0
      vertex -19.5076106 0.174311485 0
    endloop
  endfacet
  facet normal -0 0 -1
    outer loop
      vertex -21.6743115 -1.9923894 0
      vertex -23.88902 -7.87752381 0
      vertex -21.8472964 -1.96961551 0
    endloop
  endfacet
  facet normal 0 0 -1
    outer loop
      vertex -27.586535 6.17816462 0
      vertex -21.8472964 1.96961551 0
      vertex -22.0176381 1.93185165 0
    endloop
  endfacet
  facet normal 0 0 -1
    outer loop
      vertex -21.5 2 0
      vertex 19.5303845 0.347296355 0
      vertex -21.3256885 1.9923894 0
    endloop
  endfacet
  facet normal 0 0 -1
    outer loop
      vertex 21.3256885 -1.9923894 0
      vertex -19.5076106 -0.174311485 0
      vertex -19.5 0 0
    endloop
  endfacet
  facet normal -0 0 -1
    outer loop
      vertex -21.5 -2 0
      vertex -23.88902 -7.87752381 0
      vertex -21.6743115 -1.9923894 0
    endloop
  endfacet
  facet normal 0 0 -1
    outer loop
      vertex 16.5907228 8.09999 0
      vertex -21.8472964 1.96961551 0
      vertex -27.586535 6.17816462 0
    endloop
  endfacet
  facet normal 0 0 -1
    outer loop
      vertex -21.5 2 0
      vertex 19.5681483 0.51763809 0
      vertex 19.5303845 0.347296355 0
    endloop
  endfacet
  facet normal 0 0 -1
    outer loop
      vertex 21.3256885 -1.9923894 0
      vertex -19.5303845 -0.347296355 0
      vertex -19.5076106 -0.174311485 0
    endloop
  endfacet
  facet normal 0 0 -1
    outer loop
      vertex -21.3256885 -1.9923894 0
      vertex -23.88902 -7.87752381 0
      vertex -21.5 -2 0
    endloop
  endfacet
  facet normal 0 0 -1
    outer loop
      vertex 16.5907228 8.09999 0
      vertex -21.6743115 1.9923894 0
      vertex -21.8472964 1.96961551 0
    endloop
  endfacet
  facet normal 0 0 -1
    outer loop
      vertex -21.5 2 0
      vertex 19.6206148 0.684040287 0
      vertex 19.5681483 0.51763809 0
    endloop
  endfacet
  facet normal 0 0 -1
    outer loop
      vertex 21.5 -2 0
      vertex -19.5303845 -0.347296355 0
      vertex 21.3256885 -1.9923894 0
    endloop
  endfacet
  facet normal 0 0 -1
    outer loop
      vertex -21.1527036 -1.96961551 0
      vertex -23.88902 -7.87752381 0
      vertex -21.3256885 -1.9923894 0
    endloop
  endfacet
  facet normal 0 0 -1
    outer loop
      vertex 16.5907228 8.09999 0
      vertex -21.5 2 0
      vertex -21.6743115 1.9923894 0
    endloop
  endfacet
  facet normal 0 0 -1
    outer loop
      vertex -21.5 2 0
      vertex 19.6873844 0.845236523 0
      vertex 19.6206148 0.684040287 0
    endloop
  endfacet
  facet normal 0 0 -1
    outer loop
      vertex 21.5 -2 0
      vertex -19.5681483 -0.51763809 0
      vertex -19.5303845 -0.347296355 0
    endloop
  endfacet
  facet normal 0 0 -1
    outer loop
      vertex -20.9823619 -1.93185165 0
      vertex -23.88902 -7.87752381 0
      vertex -21.1527036 -1.96961551 0
    endloop
  endfacet
  facet normal 0 -0 -1
    outer loop
      vertex 16.5907228 8.09999 0
      vertex 19.6873844 0.845236523 0
      vertex -21.5 2 0
    endloop
  endfacet
  facet normal 0 0 -1
    outer loop
      vertex 21.5 -2 0
      vertex -19.6206148 -0.684040287 0
      vertex -19.5681483 -0.51763809 0
    endloop
  endfacet
  facet normal 0 0 -1
    outer loop
      vertex -20.8159597 -1.87938524 0
      vertex -23.88902 -7.87752381 0
      vertex -20.9823619 -1.93185165 0
    endloop
  endfacet
  facet normal 0 0 -1
    outer loop
      vertex 16.5907228 8.09999 0
      vertex 19.7679492 1 0
      vertex 19.6873844 0.845236523 0
    endloop
  endfacet
  facet normal 0 0 -1
    outer loop
      vertex 21.5 -2 0
      vertex -19.6873844 -0.845236523 0
      vertex -19.6206148 -0.684040287 0
    endloop
  endfacet
  facet normal 0 0 -1
    outer loop
      vertex -20.6547635 -1.81261557 0
      vertex -23.88902 -7.87752381 0
      vertex -20.8159597 -1.87938524 0
    endloop
  endfacet
  facet normal 0 0 -1
    outer loop
      vertex 16.5907228 8.09999 0
      vertex 19.8616959 1.14715287 0
      vertex 19.7679492 1 0
    endloop
  endfacet
  facet normal 0 0 -1
    outer loop
      vertex 21.5 -2 0
      vertex -19.7679492 -1 0
      vertex -19.6873844 -0.845236523 0
    endloop
  endfacet
  facet normal 0 0 -1
    outer loop
      vertex -20.5 -1.73205081 0
      vertex -23.88902 -7.87752381 0
      vertex -20.6547635 -1.81261557 0
    endloop
  endfacet
  facet normal 0 0 -1
    outer loop
      vertex 16.5907228 8.09999 0
      vertex 19.9679111 1.28557522 0
      vertex 19.8616959 1.14715287 0
    endloop
  endfacet
  facet normal 0 0 -1
    outer loop
      vertex 21.5 -2 0
      vertex -19.8616959 -1.14715287 0
      vertex -19.7679492 -1 0
    endloop
  endfacet
  facet normal 0 0 -1
    outer loop
      vertex -20.3528471 -1.63830409 0
      vertex -23.88902 -7.87752381 0
      vertex -20.5 -1.73205081 0
    endloop
  endfacet
  facet normal 0 0 -1
    outer loop
      vertex 16.5907228 8.09999 0
      vertex 20.0857864 1.41421356 0
      vertex 19.9679111 1.28557522 0
    endloop
  endfacet
  facet normal 0 0 -1
    outer loop
      vertex 21.5 -2 0
      vertex -19.9679111 -1.28557522 0
      vertex -19.8616959 -1.14715287 0
    endloop
  endfacet
  facet normal 0 0 -1
    outer loop
      vertex -20.2144248 -1.53208889 0
      vertex -23.88902 -7.87752381 0
      vertex -20.3528471 -1.63830409 0
    endloop
  endfacet
  facet normal 0 0 -1
    outer loop
      vertex 16.5907228 8.09999 0
      vertex 20.2144248 1.53208889 0
      vertex 20.0857864 1.41421356 0
    endloop
  endfacet
  facet normal 0 0 -1
    outer loop
      vertex 21.5 -2 0
      vertex -20.0857864 -1.41421356 0
      vertex -19.9679111 -1.28557522 0
    endloop
  endfacet
  facet normal 0 0 -1
    outer loop
      vertex -20.0857864 -1.41421356 0
      vertex -23.88902 -7.87752381 0
      vertex -20.2144248 -1.53208889 0
    endloop
  endfacet
  facet normal 0 0 -1
    outer loop
      vertex 16.5907228 8.09999 0
      vertex 20.3528471 1.63830409 0
      vertex 20.2144248 1.53208889 0
    endloop
  endfacet
  facet normal -0 0 -1
    outer loop
      vertex 21.5 -2 0
      vertex -23.88902 -7.87752381 0
      vertex -20.0857864 -1.41421356 0
    endloop
  endfacet
  facet normal 0 0 -1
    outer loop
      vertex 16.5907228 8.09999 0
      vertex 20.5 1.73205081 0
      vertex 20.3528471 1.63830409 0
    endloop
  endfacet
  facet normal 0 0 -1
    outer loop
      vertex 21.6743115 -1.9923894 0
      vertex -23.88902 -7.87752381 0
      vertex 21.5 -2 0
    endloop
  endfacet
  facet normal 0 0 -1
    outer loop
      vertex 16.5907228 8.09999 0
      vertex 20.6547635 1.81261557 0
      vertex 20.5 1.73205081 0
    endloop
  endfacet
  facet normal 0 -0 -1
    outer loop
      vertex 21.6743115 -1.9923894 0
      vertex 29.7495989 -3.38054347 0
      vertex -23.88902 -7.87752381 0
    endloop
  endfacet
  facet normal 0 0 -1
    outer loop
      vertex 16.5907228 8.09999 0
      vertex 20.8159597 1.87938524 0
      vertex 20.6547635 1.81261557 0
    endloop
  endfacet
  facet normal 0 -0 -1
    outer loop
      vertex 21.8472964 -1.96961551 0
      vertex 29.7495989 -3.38054347 0
      vertex 21.6743115 -1.9923894 0
    endloop
  endfacet
  facet normal 0 0 -1
    outer loop
      vertex 16.5907228 8.09999 0
      vertex 20.9823619 1.93185165 0
      vertex 20.8159597 1.87938524 0
    endloop
  endfacet
  facet normal 0 -0 -1
    outer loop
      vertex 22.0176381 -1.93185165 0
      vertex 29.7495989 -3.38054347 0
      vertex 21.8472964 -1.96961551 0
    endloop
  endfacet
  facet normal 0 0 -1
    outer loop
      vertex 16.5907228 8.09999 0
      vertex 21.1527036 1.96961551 0
      vertex 20.9823619 1.93185165 0
    endloop
  endfacet
  facet normal 0 -0 -1
    outer loop
      vertex 22.1840403 -1.87938524 0
      vertex 29.7495989 -3.38054347 0
      vertex 22.0176381 -1.93185165 0
    endloop
  endfacet
  facet normal 0 0 -1
    outer loop
      vertex 16.5907228 8.09999 0
      vertex 21.3256885 1.9923894 0
      vertex 21.1527036 1.96961551 0
    endloop
  endfacet
  facet normal 0 -0 -1
    outer loop
      vertex 22.3452365 -1.81261557 0
      vertex 29.7495989 -3.38054347 0
      vertex 22.1840403 -1.87938524 0
    endloop
  endfacet
  facet normal 0 0 -1
    outer loop
      vertex 16.5907228 8.09999 0
      vertex 21.5 2 0
      vertex 21.3256885 1.9923894 0
    endloop
  endfacet
  facet normal 0 -0 -1
    outer loop
      vertex 22.5 -1.73205081 0
      vertex 29.7495989 -3.38054347 0
      vertex 22.3452365 -1.81261557 0
    endloop
  endfacet
  facet normal 0 0 -1
    outer loop
      vertex 16.5907228 8.09999 0
      vertex 21.6743115 1.9923894 0
      vertex 21.5 2 0
    endloop
  endfacet
  facet normal 0 -0 -1
    outer loop
      vertex 22.6471529 -1.63830409 0
      vertex 29.7495989 -3.38054347 0
      vertex 22.5 -1.73205081 0
    endloop
  endfacet
  facet normal 0 0 -1
    outer loop
      vertex 16.5907228 8.09999 0
      vertex 21.8472964 1.96961551 0
      vertex 21.6743115 1.9923894 0
    endloop
  endfacet
  facet normal 0 -0 -1
    outer loop
      vertex 22.7855752 -1.53208889 0
      vertex 29.7495989 -3.38054347 0
      vertex 22.6471529 -1.63830409 0
    endloop
  endfacet
  facet normal 0 0 -1
    outer loop
      vertex 16.5907228 8.09999 0
      vertex 22.0176381 1.93185165 0
      vertex 21.8472964 1.96961551 0
    endloop
  endfacet
  facet normal 0 -0 -1
    outer loop
      vertex 22.9142136 -1.41421356 0
      vertex 29.7495989 -3.38054347 0
      vertex 22.7855752 -1.53208889 0
    endloop
  endfacet
  facet normal 0 0 -1
    outer loop
      vertex 16.5907228 8.09999 0
      vertex 22.1840403 1.87938524 0
      vertex 22.0176381 1.93185165 0
    endloop
  endfacet
  facet normal 0 -0 -1
    outer loop
      vertex 23.0320889 -1.28557522 0
      vertex 29.7495989 -3.38054347 0
      vertex 22.9142136 -1.41421356 0
    endloop
  endfacet
  facet normal 0 0 -1
    outer loop
      vertex 16.5907228 8.09999 0
      vertex 22.3452365 1.81261557 0
      vertex 22.1840403 1.87938524 0
    endloop
  endfacet
  facet normal 0 -0 -1
    outer loop
      vertex 23.1383041 -1.14715287 0
      vertex 29.7495989 -3.38054347 0
      vertex 23.0320889 -1.28557522 0
    endloop
  endfacet
  facet normal 0 0 -1
    outer loop
      vertex 16.5907228 8.09999 0
      vertex 22.5 1.73205081 0
      vertex 22.3452365 1.81261557 0
    endloop
  endfacet
  facet normal 0 -0 -1
    outer loop
      vertex 23.2320508 -1 0
      vertex 29.7495989 -3.38054347 0
      vertex 23.1383041 -1.14715287 0
    endloop
  endfacet
  facet normal 0 0 -1
    outer loop
      vertex 16.5907228 8.09999 0
      vertex 22.6471529 1.63830409 0
      vertex 22.5 1.73205081 0
    endloop
  endfacet
  facet normal 0 -0 -1
    outer loop
      vertex 23.3126156 -0.845236523 0
      vertex 29.7495989 -3.38054347 0
      vertex 23.2320508 -1 0
    endloop
  endfacet
  facet normal 0 0 -1
    outer loop
      vertex 29.7495989 -3.38054347 0
      vertex 22.6471529 1.63830409 0
      vertex 16.5907228 8.09999 0
    endloop
  endfacet
  facet normal 0 -0 -1
    outer loop
      vertex 23.3793852 -0.684040287 0
      vertex 29.7495989 -3.38054347 0
      vertex 23.3126156 -0.845236523 0
    endloop
  endfacet
  facet normal 0 0 -1
    outer loop
      vertex 29.7495989 -3.38054347 0
      vertex 22.7855752 1.53208889 0
      vertex 22.6471529 1.63830409 0
    endloop
  endfacet
  facet normal 0 -0 -1
    outer loop
      vertex 23.4318517 -0.51763809 0
      vertex 29.7495989 -3.38054347 0
      vertex 23.3793852 -0.684040287 0
    endloop
  endfacet
  facet normal 0 0 -1
    outer loop
      vertex 29.7495989 -3.38054347 0
      vertex 22.9142136 1.41421356 0
      vertex 22.7855752 1.53208889 0
    endloop
  endfacet
  facet normal 0 -0 -1
    outer loop
      vertex 23.4696155 -0.347296355 0
      vertex 29.7495989 -3.38054347 0
      vertex 23.4318517 -0.51763809 0
    endloop
  endfacet
  facet normal 0 0 -1
    outer loop
      vertex 29.7495989 -3.38054347 0
      vertex 23.0320889 1.28557522 0
      vertex 22.9142136 1.41421356 0
    endloop
  endfacet
  facet normal 0 -0 -1
    outer loop
      vertex 23.4923894 -0.174311485 0
      vertex 29.7495989 -3.38054347 0
      vertex 23.4696155 -0.347296355 0
    endloop
  endfacet
  facet normal 0 0 -1
    outer loop
      vertex 29.7495989 -3.38054347 0
      vertex 23.1383041 1.14715287 0
      vertex 23.0320889 1.28557522 0
    endloop
  endfacet
  facet normal 0 -0 -1
    outer loop
      vertex 23.5 0 0
      vertex 29.7495989 -3.38054347 0
      vertex 23.4923894 -0.174311485 0
    endloop
  endfacet
  facet normal 0 0 -1
    outer loop
      vertex 29.7495989 -3.38054347 0
      vertex 23.2320508 1 0
      vertex 23.1383041 1.14715287 0
    endloop
  endfacet
  facet normal 0 0 -1
    outer loop
      vertex 23.4923894 0.174311485 0
      vertex 29.7495989 -3.38054347 0
      vertex 23.5 0 0
    endloop
  endfacet
  facet normal 0 0 -1
    outer loop
      vertex 29.7495989 -3.38054347 0
      vertex 23.3126156 0.845236523 0
      vertex 23.2320508 1 0
    endloop
  endfacet
  facet normal 0 0 -1
    outer loop
      vertex 23.4696155 0.347296355 0
      vertex 29.7495989 -3.38054347 0
      vertex 23.4923894 0.174311485 0
    endloop
  endfacet
  facet normal 0 0 -1
    outer loop
      vertex 29.7495989 -3.38054347 0
      vertex 23.3793852 0.684040287 0
      vertex 23.3126156 0.845236523 0
    endloop
  endfacet
  facet normal 0 0 -1
    outer loop
      vertex 23.4318517 0.51763809 0
      vertex 29.7495989 -3.38054347 0
      vertex 23.4696155 0.347296355 0
    endloop
  endfacet
  facet normal 0 0 -1
    outer loop
      vertex 29.7495989 -3.38054347 0
      vertex 23.4318517 0.51763809 0
      vertex 23.3793852 0.684040287 0
    endloop
  endfacet
  facet normal 0 0 1
    outer loop
      vertex -17.47 -4.68 7
      vertex 17.47 -4.68 7
      vertex 17.47 4.68 7
    endloop
  endfacet
  facet normal 0 0 1
    outer loop
      vertex -25.53 -4.68 7
      vertex -30.2942286 -4.5 7
      vertex -29.8723684 -5.16218793 7
    endloop
  endfacet
  facet normal 0 0 1
    outer loop
      vertex -29.8723684 -5.16218793 7
      vertex -29.3944 -5.78508849 7
      vertex -28.863961 -6.36396103 7
    endloop
  endfacet
  facet normal 0 0 1
    outer loop
      vertex -28.863961 -6.36396103 7
      vertex -28.2850885 -6.89439999 7
      vertex -27.6621879 -7.3723684 7
    endloop
  endfacet
  facet normal 0 0 1
    outer loop
      vertex -27.6621879 -7.3723684 7
      vertex -27 -7.79422863 7
      vertex -26.3035644 -8.15677008 7
    endloop
  endfacet
  facet normal 0 0 1
    outer loop
      vertex -26.3035644 -8.15677008 7
      vertex -25.5781813 -8.45723359 7
      vertex -24.8293714 -8.69333244 7
    endloop
  endfacet
  facet normal 0 0 1
    outer loop
      vertex -24.8293714 -8.69333244 7
      vertex -24.0628336 -8.86326978 7
      vertex -23.2844017 -8.96575228 7
    endloop
  endfacet
  facet normal 0 0 1
    outer loop
      vertex -23.2844017 -8.96575228 7
      vertex -22.5 -9 7
      vertex 22.5 -9 7
    endloop
  endfacet
  facet normal 0 0 1
    outer loop
      vertex 22.5 -9 7
      vertex 23.2844017 -8.96575228 7
      vertex 24.0628336 -8.86326978 7
    endloop
  endfacet
  facet normal 0 0 1
    outer loop
      vertex 24.0628336 -8.86326978 7
      vertex 24.8293714 -8.69333244 7
      vertex 25.5781813 -8.45723359 7
    endloop
  endfacet
  facet normal 0 0 1
    outer loop
      vertex 25.5781813 -8.45723359 7
      vertex 26.3035644 -8.15677008 7
      vertex 27 -7.79422863 7
    endloop
  endfacet
  facet normal 0 0 1
    outer loop
      vertex 27 -7.79422863 7
      vertex 27.6621879 -7.3723684 7
      vertex 28.2850885 -6.89439999 7
    endloop
  endfacet
  facet normal 0 0 1
    outer loop
      vertex 28.2850885 -6.89439999 7
      vertex 28.863961 -6.36396103 7
      vertex 29.3944 -5.78508849 7
    endloop
  endfacet
  facet normal 0 0 1
    outer loop
      vertex 29.3944 -5.78508849 7
      vertex 29.8723684 -5.16218793 7
      vertex 30.2942286 -4.5 7
    endloop
  endfacet
  facet normal 0 0 1
    outer loop
      vertex 30.2942286 -4.5 7
      vertex 30.6567701 -3.80356436 7
      vertex 30.9572336 -3.07818129 7
    endloop
  endfacet
  facet normal 0 0 1
    outer loop
      vertex 30.9572336 -3.07818129 7
      vertex 31.1933324 -2.32937141 7
      vertex 31.3632698 -1.5628336 7
    endloop
  endfacet
  facet normal 0 0 1
    outer loop
      vertex 31.3632698 -1.5628336 7
      vertex 31.4657523 -0.784401685 7
      vertex 31.5 0 7
    endloop
  endfacet
  facet normal 0 0 1
    outer loop
      vertex 31.5 0 7
      vertex 31.4657523 0.784401685 7
      vertex 31.3632698 1.5628336 7
    endloop
  endfacet
  facet normal 0 0 1
    outer loop
      vertex 31.3632698 1.5628336 7
      vertex 31.1933324 2.32937141 7
      vertex 30.9572336 3.07818129 7
    endloop
  endfacet
  facet normal 0 0 1
    outer loop
      vertex 30.9572336 3.07818129 7
      vertex 30.6567701 3.80356436 7
      vertex 30.2942286 4.5 7
    endloop
  endfacet
  facet normal 0 0 1
    outer loop
      vertex 30.2942286 4.5 7
      vertex 29.8723684 5.16218793 7
      vertex 29.3944 5.78508849 7
    endloop
  endfacet
  facet normal 0 0 1
    outer loop
      vertex 29.3944 5.78508849 7
      vertex 28.863961 6.36396103 7
      vertex 28.7155005 6.5 7
    endloop
  endfacet
  facet normal 0 0 1
    outer loop
      vertex 28.7155005 6.5 7
      vertex 28.8163 6.85915 7
      vertex 49.5035163 101 7
    endloop
  endfacet
  facet normal 0 0 1
    outer loop
      vertex 49.5035163 101 7
      vertex -49.5035163 101 7
      vertex -37.9205 94.8725 7
    endloop
  endfacet
  facet normal 0 0 1
    outer loop
      vertex -37.9205 94.8725 7
      vertex -27.8827991 93 7
      vertex 27.8827991 93 7
    endloop
  endfacet
  facet normal 0 0 1
    outer loop
      vertex 0 52.5504 7
      vertex -27.8827991 93 7
      vertex -37.9205 94.8725 7
    endloop
  endfacet
  facet normal 0 0 1
    outer loop
      vertex -37.9205 94.8725 7
      vertex -4.26088 46.4164 7
      vertex 4.26088 46.4164 7
    endloop
  endfacet
  facet normal 0 0 1
    outer loop
      vertex 19.6550141 24 7
      vertex 4.26088 46.4164 7
      vertex -4.26088 46.4164 7
    endloop
  endfacet
  facet normal 0 0 1
    outer loop
      vertex -22.346452 24 7
      vertex -37.9205 94.8725 7
      vertex -49.5035163 101 7
    endloop
  endfacet
  facet normal 0 0 1
    outer loop
      vertex -49.5035163 101 7
      vertex -28.8163 6.85915 7
      vertex -28.7155005 6.5 7
    endloop
  endfacet
  facet normal 0 0 1
    outer loop
      vertex -28.7155005 6.5 7
      vertex -28.863961 6.36396103 7
      vertex -29.3944 5.78508849 7
    endloop
  endfacet
  facet normal 0 0 1
    outer loop
      vertex -29.3944 5.78508849 7
      vertex -29.8723684 5.16218793 7
      vertex -30.2942286 4.5 7
    endloop
  endfacet
  facet normal 0 0 1
    outer loop
      vertex -30.2942286 4.5 7
      vertex -30.6567701 3.80356436 7
      vertex -30.9572336 3.07818129 7
    endloop
  endfacet
  facet normal 0 0 1
    outer loop
      vertex -30.9572336 3.07818129 7
      vertex -31.1933324 2.32937141 7
      vertex -31.3632698 1.5628336 7
    endloop
  endfacet
  facet normal 0 0 1
    outer loop
      vertex -31.3632698 1.5628336 7
      vertex -31.4657523 0.784401685 7
      vertex -31.5 1.11022302e-15 7
    endloop
  endfacet
  facet normal 0 0 1
    outer loop
      vertex -31.5 1.11022302e-15 7
      vertex -31.4657523 -0.784401685 7
      vertex -31.3632698 -1.5628336 7
    endloop
  endfacet
  facet normal 0 0 1
    outer loop
      vertex -31.3632698 -1.5628336 7
      vertex -31.1933324 -2.32937141 7
      vertex -30.9572336 -3.07818129 7
    endloop
  endfacet
  facet normal 0 0 1
    outer loop
      vertex -30.9572336 -3.07818129 7
      vertex -30.6567701 -3.80356436 7
      vertex -30.2942286 -4.5 7
    endloop
  endfacet
  facet normal -0 0 1
    outer loop
      vertex -30.2942286 -4.5 7
      vertex -25.53 -4.68 7
      vertex -25.53 4.68 7
    endloop
  endfacet
  facet normal -0 0 1
    outer loop
      vertex -17.47 4.68 7
      vertex -17.47 -4.68 7
      vertex 17.47 4.68 7
    endloop
  endfacet
  facet normal 0 0 1
    outer loop
      vertex -9.95745613 -4.84072931 7
      vertex 25.53 -4.68 7
      vertex 17.47 -4.68 7
    endloop
  endfacet
  facet normal 0 -0 1
    outer loop
      vertex -9.95745613 -4.84072931 7
      vertex 17.47 -4.68 7
      vertex -17.47 -4.68 7
    endloop
  endfacet
  facet normal 0 0 1
    outer loop
      vertex -9.95745613 -4.84072931 7
      vertex -17.47 -4.68 7
      vertex -25.53 -4.68 7
    endloop
  endfacet
  facet normal 0 0 1
    outer loop
      vertex -9.95745613 -4.84072931 7
      vertex -25.53 -4.68 7
      vertex -29.8723684 -5.16218793 7
    endloop
  endfacet
  facet normal -0 0 1
    outer loop
      vertex -9.95745613 -4.84072931 7
      vertex -29.8723684 -5.16218793 7
      vertex 25.53 -4.68 7
    endloop
  endfacet
  facet normal 0 0 1
    outer loop
      vertex -29.8723684 -5.16218793 7
      vertex -28.863961 -6.36396103 7
      vertex -27.6621879 -7.3723684 7
    endloop
  endfacet
  facet normal 0 0 1
    outer loop
      vertex -27.6621879 -7.3723684 7
      vertex -26.3035644 -8.15677008 7
      vertex -24.8293714 -8.69333244 7
    endloop
  endfacet
  facet normal 0 0 1
    outer loop
      vertex -24.8293714 -8.69333244 7
      vertex -23.2844017 -8.96575228 7
      vertex 22.5 -9 7
    endloop
  endfacet
  facet normal 0 0 1
    outer loop
      vertex 22.5 -9 7
      vertex 24.0628336 -8.86326978 7
      vertex 25.5781813 -8.45723359 7
    endloop
  endfacet
  facet normal 0 0 1
    outer loop
      vertex 25.5781813 -8.45723359 7
      vertex 27 -7.79422863 7
      vertex 28.2850885 -6.89439999 7
    endloop
  endfacet
  facet normal 0 0 1
    outer loop
      vertex 28.2850885 -6.89439999 7
      vertex 29.3944 -5.78508849 7
      vertex 30.2942286 -4.5 7
    endloop
  endfacet
  facet normal 0 0 1
    outer loop
      vertex 30.2942286 -4.5 7
      vertex 30.9572336 -3.07818129 7
      vertex 31.3632698 -1.5628336 7
    endloop
  endfacet
  facet normal 0 0 1
    outer loop
      vertex 31.3632698 -1.5628336 7
      vertex 31.5 0 7
      vertex 31.3632698 1.5628336 7
    endloop
  endfacet
  facet normal 0 0 1
    outer loop
      vertex 31.3632698 1.5628336 7
      vertex 30.9572336 3.07818129 7
      vertex 30.2942286 4.5 7
    endloop
  endfacet
  facet normal 0 0 1
    outer loop
      vertex 30.2942286 4.5 7
      vertex 29.3944 5.78508849 7
      vertex 28.7155005 6.5 7
    endloop
  endfacet
  facet normal 0 0 1
    outer loop
      vertex 49.5035163 101 7
      vertex -37.9205 94.8725 7
      vertex 27.8827991 93 7
    endloop
  endfacet
  facet normal 0 0 1
    outer loop
      vertex 0 52.5504 7
      vertex -37.9205 94.8725 7
      vertex 4.26088 46.4164 7
    endloop
  endfacet
  facet normal 0 0 1
    outer loop
      vertex -22.346452 24 7
      vertex -49.5035163 101 7
      vertex -28.7155005 6.5 7
    endloop
  endfacet
  facet normal 0 0 1
    outer loop
      vertex -28.7155005 6.5 7
      vertex -29.3944 5.78508849 7
      vertex -30.2942286 4.5 7
    endloop
  endfacet
  facet normal 0 0 1
    outer loop
      vertex -30.2942286 4.5 7
      vertex -30.9572336 3.07818129 7
      vertex -31.3632698 1.5628336 7
    endloop
  endfacet
  facet normal 0 0 1
    outer loop
      vertex -31.3632698 1.5628336 7
      vertex -31.5 1.11022302e-15 7
      vertex -31.3632698 -1.5628336 7
    endloop
  endfacet
  facet normal 0 0 1
    outer loop
      vertex -31.3632698 -1.5628336 7
      vertex -30.9572336 -3.07818129 7
      vertex -30.2942286 -4.5 7
    endloop
  endfacet
  facet normal 0 0 1
    outer loop
      vertex 25.53 -4.68 7
      vertex -29.8723684 -5.16218793 7
      vertex -27.6621879 -7.3723684 7
    endloop
  endfacet
  facet normal 0 0 1
    outer loop
      vertex -27.6621879 -7.3723684 7
      vertex -24.8293714 -8.69333244 7
      vertex 22.5 -9 7
    endloop
  endfacet
  facet normal 0 0 1
    outer loop
      vertex 22.5 -9 7
      vertex 25.5781813 -8.45723359 7
      vertex 28.2850885 -6.89439999 7
    endloop
  endfacet
  facet normal 0 0 1
    outer loop
      vertex 28.2850885 -6.89439999 7
      vertex 30.2942286 -4.5 7
      vertex 31.3632698 -1.5628336 7
    endloop
  endfacet
  facet normal 0 -0 1
    outer loop
      vertex 31.3632698 -1.5628336 7
      vertex 31.3632698 1.5628336 7
      vertex 30.2942286 4.5 7
    endloop
  endfacet
  facet normal 0 0 1
    outer loop
      vertex 27.8827991 93 7
      vertex 0 52.5504 7
      vertex 4.26088 46.4164 7
    endloop
  endfacet
  facet normal 0 0 1
    outer loop
      vertex -15 9.09999 7
      vertex -22.346452 24 7
      vertex -28.7155005 6.5 7
    endloop
  endfacet
  facet normal 0 0 1
    outer loop
      vertex -28.7155005 6.5 7
      vertex -30.2942286 4.5 7
      vertex -31.3632698 1.5628336 7
    endloop
  endfacet
  facet normal 0 0 1
    outer loop
      vertex -31.3632698 1.5628336 7
      vertex -31.3632698 -1.5628336 7
      vertex -30.2942286 -4.5 7
    endloop
  endfacet
  facet normal 0 0 1
    outer loop
      vertex 25.53 -4.68 7
      vertex -27.6621879 -7.3723684 7
      vertex 22.5 -9 7
    endloop
  endfacet
  facet normal 0 0 1
    outer loop
      vertex 22.5 -9 7
      vertex 28.2850885 -6.89439999 7
      vertex 31.3632698 -1.5628336 7
    endloop
  endfacet
  facet normal 0 0 1
    outer loop
      vertex 31.3632698 -1.5628336 7
      vertex 30.2942286 4.5 7
      vertex 28.7155005 6.5 7
    endloop
  endfacet
  facet normal -0 0 1
    outer loop
      vertex 27.8827991 93 7
      vertex 4.26088 46.4164 7
      vertex 37.9205 94.8725 7
    endloop
  endfacet
  facet normal 0 0 1
    outer loop
      vertex -19.6550141 24 7
      vertex -22.346452 24 7
      vertex -15 9.09999 7
    endloop
  endfacet
  facet normal 0 0 1
    outer loop
      vertex 15 9.09999 7
      vertex -15 9.09999 7
      vertex -28.7155005 6.5 7
    endloop
  endfacet
  facet normal 0 0 1
    outer loop
      vertex -28.7155005 6.5 7
      vertex -31.3632698 1.5628336 7
      vertex -30.2942286 -4.5 7
    endloop
  endfacet
  facet normal -0 0 1
    outer loop
      vertex 25.53 -4.68 7
      vertex 22.5 -9 7
      vertex 31.3632698 -1.5628336 7
    endloop
  endfacet
  facet normal 0 0 1
    outer loop
      vertex 49.5035163 101 7
      vertex 27.8827991 93 7
      vertex 37.9205 94.8725 7
    endloop
  endfacet
  facet normal 0 0 1
    outer loop
      vertex -4.26088 46.4164 7
      vertex -19.6550141 24 7
      vertex -15 9.09999 7
    endloop
  endfacet
  facet normal 0 0 1
    outer loop
      vertex -28.7155005 6.5 7
      vertex -30.2942286 -4.5 7
      vertex -25.53 4.68 7
    endloop
  endfacet
  facet normal 0 0 1
    outer loop
      vertex 25.53 4.68 7
      vertex 25.53 -4.68 7
      vertex 31.3632698 -1.5628336 7
    endloop
  endfacet
  facet normal 0 0 1
    outer loop
      vertex 28.7155005 6.5 7
      vertex 49.5035163 101 7
      vertex 37.9205 94.8725 7
    endloop
  endfacet
  facet normal 0 0 1
    outer loop
      vertex -4.26088 46.4164 7
      vertex -15 9.09999 7
      vertex 0 40.2825 7
    endloop
  endfacet
  facet normal 0 0 1
    outer loop
      vertex 15 9.09999 7
      vertex -28.7155005 6.5 7
      vertex -25.53 4.68 7
    endloop
  endfacet
  facet normal -0 0 1
    outer loop
      vertex 25.53 4.68 7
      vertex 31.3632698 -1.5628336 7
      vertex 28.7155005 6.5 7
    endloop
  endfacet
  facet normal 0 -0 1
    outer loop
      vertex 28.7155005 6.5 7
      vertex 37.9205 94.8725 7
      vertex 22.346452 24 7
    endloop
  endfacet
  facet normal 0 0 1
    outer loop
      vertex 19.6550141 24 7
      vertex -4.26088 46.4164 7
      vertex 0 40.2825 7
    endloop
  endfacet
  facet normal 0 0 1
    outer loop
      vertex 15 9.09999 7
      vertex -25.53 4.68 7
      vertex -17.47 4.68 7
    endloop
  endfacet
  facet normal 0 0 1
    outer loop
      vertex 17.47 4.68 7
      vertex 25.53 4.68 7
      vertex 28.7155005 6.5 7
    endloop
  endfacet
  facet normal 0 0 1
    outer loop
      vertex 28.7155005 6.5 7
      vertex 22.346452 24 7
      vertex 19.6550141 24 7
    endloop
  endfacet
  facet normal 0 0 1
    outer loop
      vertex 19.6550141 24 7
      vertex 0 40.2825 7
      vertex 15 9.09999 7
    endloop
  endfacet
  facet normal 0 0 1
    outer loop
      vertex 15 9.09999 7
      vertex -17.47 4.68 7
      vertex 17.47 4.68 7
    endloop
  endfacet
  facet normal 0 0 1
    outer loop
      vertex 17.47 4.68 7
      vertex 28.7155005 6.5 7
      vertex 19.6550141 24 7
    endloop
  endfacet
  facet normal 0 0 1
    outer loop
      vertex 19.6550141 24 7
      vertex 15 9.09999 7
      vertex 17.47 4.68 7
    endloop
  endfacet
  facet normal 0 0 1
    outer loop
      vertex -25.53 -4.68 2.885
      vertex -23.5 2.4492936e-16 2.885
      vertex -23.4923894 0.174311485 2.885
    endloop
  endfacet
  facet normal 0 0 1
    outer loop
      vertex -23.4923894 -0.174311485 2.885
      vertex -23.5 2.4492936e-16 2.885
      vertex -25.53 -4.68 2.885
    endloop
  endfacet
  facet normal 0 0 1
    outer loop
      vertex -25.53 4.68 2.885
      vertex -25.53 -4.68 2.885
      vertex -23.4923894 0.174311485 2.885
    endloop
  endfacet
  facet normal 0 0 1
    outer loop
      vertex -23.4696155 -0.347296355 2.885
      vertex -23.4923894 -0.174311485 2.885
      vertex -25.53 -4.68 2.885
    endloop
  endfacet
  facet normal 0 0 1
    outer loop
      vertex -25.53 4.68 2.885
      vertex -23.4923894 0.174311485 2.885
      vertex -23.4696155 0.347296355 2.885
    endloop
  endfacet
  facet normal 0 0 1
    outer loop
      vertex -23.4318517 -0.51763809 2.885
      vertex -23.4696155 -0.347296355 2.885
      vertex -25.53 -4.68 2.885
    endloop
  endfacet
  facet normal 0 0 1
    outer loop
      vertex -25.53 4.68 2.885
      vertex -23.4696155 0.347296355 2.885
      vertex -23.4318517 0.51763809 2.885
    endloop
  endfacet
  facet normal 0 0 1
    outer loop
      vertex -23.3793852 -0.684040287 2.885
      vertex -23.4318517 -0.51763809 2.885
      vertex -25.53 -4.68 2.885
    endloop
  endfacet
  facet normal 0 0 1
    outer loop
      vertex -25.53 4.68 2.885
      vertex -23.4318517 0.51763809 2.885
      vertex -23.3793852 0.684040287 2.885
    endloop
  endfacet
  facet normal 0 0 1
    outer loop
      vertex -23.3126156 -0.845236523 2.885
      vertex -23.3793852 -0.684040287 2.885
      vertex -25.53 -4.68 2.885
    endloop
  endfacet
  facet normal 0 0 1
    outer loop
      vertex -25.53 4.68 2.885
      vertex -23.3793852 0.684040287 2.885
      vertex -23.3126156 0.845236523 2.885
    endloop
  endfacet
  facet normal 0 0 1
    outer loop
      vertex -23.2320508 -1 2.885
      vertex -23.3126156 -0.845236523 2.885
      vertex -25.53 -4.68 2.885
    endloop
  endfacet
  facet normal 0 0 1
    outer loop
      vertex -25.53 4.68 2.885
      vertex -23.3126156 0.845236523 2.885
      vertex -23.2320508 1 2.885
    endloop
  endfacet
  facet normal 0 0 1
    outer loop
      vertex -23.1383041 -1.14715287 2.885
      vertex -23.2320508 -1 2.885
      vertex -25.53 -4.68 2.885
    endloop
  endfacet
  facet normal 0 0 1
    outer loop
      vertex -25.53 4.68 2.885
      vertex -23.2320508 1 2.885
      vertex -23.1383041 1.14715287 2.885
    endloop
  endfacet
  facet normal 0 0 1
    outer loop
      vertex -23.0320889 -1.28557522 2.885
      vertex -23.1383041 -1.14715287 2.885
      vertex -25.53 -4.68 2.885
    endloop
  endfacet
  facet normal 0 0 1
    outer loop
      vertex -25.53 4.68 2.885
      vertex -23.1383041 1.14715287 2.885
      vertex -23.0320889 1.28557522 2.885
    endloop
  endfacet
  facet normal 0 0 1
    outer loop
      vertex -22.9142136 -1.41421356 2.885
      vertex -23.0320889 -1.28557522 2.885
      vertex -25.53 -4.68 2.885
    endloop
  endfacet
  facet normal 0 0 1
    outer loop
      vertex -25.53 4.68 2.885
      vertex -23.0320889 1.28557522 2.885
      vertex -22.9142136 1.41421356 2.885
    endloop
  endfacet
  facet normal 0 0 1
    outer loop
      vertex -22.7855752 -1.53208889 2.885
      vertex -22.9142136 -1.41421356 2.885
      vertex -25.53 -4.68 2.885
    endloop
  endfacet
  facet normal 0 0 1
    outer loop
      vertex -25.53 4.68 2.885
      vertex -22.9142136 1.41421356 2.885
      vertex -22.7855752 1.53208889 2.885
    endloop
  endfacet
  facet normal 0 0 1
    outer loop
      vertex -22.6471529 -1.63830409 2.885
      vertex -22.7855752 -1.53208889 2.885
      vertex -25.53 -4.68 2.885
    endloop
  endfacet
  facet normal 0 0 1
    outer loop
      vertex -25.53 4.68 2.885
      vertex -22.7855752 1.53208889 2.885
      vertex -22.6471529 1.63830409 2.885
    endloop
  endfacet
  facet normal 0 0 1
    outer loop
      vertex -22.5 -1.73205081 2.885
      vertex -22.6471529 -1.63830409 2.885
      vertex -25.53 -4.68 2.885
    endloop
  endfacet
  facet normal 0 0 1
    outer loop
      vertex -25.53 4.68 2.885
      vertex -22.6471529 1.63830409 2.885
      vertex -22.5 1.73205081 2.885
    endloop
  endfacet
  facet normal 0 0 1
    outer loop
      vertex -22.3452365 -1.81261557 2.885
      vertex -22.5 -1.73205081 2.885
      vertex -25.53 -4.68 2.885
    endloop
  endfacet
  facet normal 0 0 1
    outer loop
      vertex -17.47 4.68 2.885
      vertex -25.53 4.68 2.885
      vertex -22.5 1.73205081 2.885
    endloop
  endfacet
  facet normal 0 0 1
    outer loop
      vertex -22.1840403 -1.87938524 2.885
      vertex -22.3452365 -1.81261557 2.885
      vertex -25.53 -4.68 2.885
    endloop
  endfacet
  facet normal 0 0 1
    outer loop
      vertex -17.47 4.68 2.885
      vertex -22.5 1.73205081 2.885
      vertex -22.3452365 1.81261557 2.885
    endloop
  endfacet
  facet normal 0 0 1
    outer loop
      vertex -22.0176381 -1.93185165 2.885
      vertex -22.1840403 -1.87938524 2.885
      vertex -25.53 -4.68 2.885
    endloop
  endfacet
  facet normal 0 0 1
    outer loop
      vertex -17.47 4.68 2.885
      vertex -22.3452365 1.81261557 2.885
      vertex -22.1840403 1.87938524 2.885
    endloop
  endfacet
  facet normal 0 0 1
    outer loop
      vertex -21.8472964 -1.96961551 2.885
      vertex -22.0176381 -1.93185165 2.885
      vertex -25.53 -4.68 2.885
    endloop
  endfacet
  facet normal 0 0 1
    outer loop
      vertex -17.47 4.68 2.885
      vertex -22.1840403 1.87938524 2.885
      vertex -22.0176381 1.93185165 2.885
    endloop
  endfacet
  facet normal 0 0 1
    outer loop
      vertex -21.6743115 -1.9923894 2.885
      vertex -21.8472964 -1.96961551 2.885
      vertex -25.53 -4.68 2.885
    endloop
  endfacet
  facet normal 0 0 1
    outer loop
      vertex -17.47 4.68 2.885
      vertex -22.0176381 1.93185165 2.885
      vertex -21.8472964 1.96961551 2.885
    endloop
  endfacet
  facet normal 0 0 1
    outer loop
      vertex -21.5 -2 2.885
      vertex -21.6743115 -1.9923894 2.885
      vertex -25.53 -4.68 2.885
    endloop
  endfacet
  facet normal 0 0 1
    outer loop
      vertex -17.47 4.68 2.885
      vertex -21.8472964 1.96961551 2.885
      vertex -21.6743115 1.9923894 2.885
    endloop
  endfacet
  facet normal 0 0 1
    outer loop
      vertex -21.3256885 -1.9923894 2.885
      vertex -21.5 -2 2.885
      vertex -25.53 -4.68 2.885
    endloop
  endfacet
  facet normal 0 0 1
    outer loop
      vertex -17.47 4.68 2.885
      vertex -21.6743115 1.9923894 2.885
      vertex -21.5 2 2.885
    endloop
  endfacet
  facet normal 0 0 1
    outer loop
      vertex -21.1527036 -1.96961551 2.885
      vertex -21.3256885 -1.9923894 2.885
      vertex -25.53 -4.68 2.885
    endloop
  endfacet
  facet normal 0 0 1
    outer loop
      vertex -17.47 4.68 2.885
      vertex -21.5 2 2.885
      vertex -21.3256885 1.9923894 2.885
    endloop
  endfacet
  facet normal 0 0 1
    outer loop
      vertex -20.9823619 -1.93185165 2.885
      vertex -21.1527036 -1.96961551 2.885
      vertex -25.53 -4.68 2.885
    endloop
  endfacet
  facet normal 0 0 1
    outer loop
      vertex -17.47 4.68 2.885
      vertex -21.3256885 1.9923894 2.885
      vertex -21.1527036 1.96961551 2.885
    endloop
  endfacet
  facet normal 0 0 1
    outer loop
      vertex -20.8159597 -1.87938524 2.885
      vertex -20.9823619 -1.93185165 2.885
      vertex -25.53 -4.68 2.885
    endloop
  endfacet
  facet normal 0 0 1
    outer loop
      vertex -17.47 4.68 2.885
      vertex -21.1527036 1.96961551 2.885
      vertex -20.9823619 1.93185165 2.885
    endloop
  endfacet
  facet normal 0 0 1
    outer loop
      vertex -20.6547635 -1.81261557 2.885
      vertex -20.8159597 -1.87938524 2.885
      vertex -25.53 -4.68 2.885
    endloop
  endfacet
  facet normal 0 0 1
    outer loop
      vertex -17.47 4.68 2.885
      vertex -20.9823619 1.93185165 2.885
      vertex -20.8159597 1.87938524 2.885
    endloop
  endfacet
  facet normal 0 0 1
    outer loop
      vertex -20.5 -1.73205081 2.885
      vertex -20.6547635 -1.81261557 2.885
      vertex -25.53 -4.68 2.885
    endloop
  endfacet
  facet normal 0 0 1
    outer loop
      vertex -17.47 4.68 2.885
      vertex -20.8159597 1.87938524 2.885
      vertex -20.6547635 1.81261557 2.885
    endloop
  endfacet
  facet normal 0 0 1
    outer loop
      vertex -20.5 -1.73205081 2.885
      vertex -25.53 -4.68 2.885
      vertex -17.47 -4.68 2.885
    endloop
  endfacet
  facet normal 0 0 1
    outer loop
      vertex -17.47 4.68 2.885
      vertex -20.6547635 1.81261557 2.885
      vertex -20.5 1.73205081 2.885
    endloop
  endfacet
  facet normal 0 0 1
    outer loop
      vertex -20.3528471 -1.63830409 2.885
      vertex -20.5 -1.73205081 2.885
      vertex -17.47 -4.68 2.885
    endloop
  endfacet
  facet normal 0 0 1
    outer loop
      vertex -17.47 4.68 2.885
      vertex -20.5 1.73205081 2.885
      vertex -20.3528471 1.63830409 2.885
    endloop
  endfacet
  facet normal 0 0 1
    outer loop
      vertex -20.2144248 -1.53208889 2.885
      vertex -20.3528471 -1.63830409 2.885
      vertex -17.47 -4.68 2.885
    endloop
  endfacet
  facet normal 0 0 1
    outer loop
      vertex -17.47 4.68 2.885
      vertex -20.3528471 1.63830409 2.885
      vertex -20.2144248 1.53208889 2.885
    endloop
  endfacet
  facet normal 0 0 1
    outer loop
      vertex -20.0857864 -1.41421356 2.885
      vertex -20.2144248 -1.53208889 2.885
      vertex -17.47 -4.68 2.885
    endloop
  endfacet
  facet normal 0 0 1
    outer loop
      vertex -17.47 4.68 2.885
      vertex -20.2144248 1.53208889 2.885
      vertex -20.0857864 1.41421356 2.885
    endloop
  endfacet
  facet normal 0 0 1
    outer loop
      vertex -19.9679111 -1.28557522 2.885
      vertex -20.0857864 -1.41421356 2.885
      vertex -17.47 -4.68 2.885
    endloop
  endfacet
  facet normal 0 0 1
    outer loop
      vertex -17.47 4.68 2.885
      vertex -20.0857864 1.41421356 2.885
      vertex -19.9679111 1.28557522 2.885
    endloop
  endfacet
  facet normal 0 0 1
    outer loop
      vertex -19.8616959 -1.14715287 2.885
      vertex -19.9679111 -1.28557522 2.885
      vertex -17.47 -4.68 2.885
    endloop
  endfacet
  facet normal 0 0 1
    outer loop
      vertex -17.47 4.68 2.885
      vertex -19.9679111 1.28557522 2.885
      vertex -19.8616959 1.14715287 2.885
    endloop
  endfacet
  facet normal 0 0 1
    outer loop
      vertex -19.7679492 -1 2.885
      vertex -19.8616959 -1.14715287 2.885
      vertex -17.47 -4.68 2.885
    endloop
  endfacet
  facet normal 0 0 1
    outer loop
      vertex -17.47 4.68 2.885
      vertex -19.8616959 1.14715287 2.885
      vertex -19.7679492 1 2.885
    endloop
  endfacet
  facet normal 0 0 1
    outer loop
      vertex -19.6873844 -0.845236523 2.885
      vertex -19.7679492 -1 2.885
      vertex -17.47 -4.68 2.885
    endloop
  endfacet
  facet normal 0 0 1
    outer loop
      vertex -17.47 4.68 2.885
      vertex -19.7679492 1 2.885
      vertex -19.6873844 0.845236523 2.885
    endloop
  endfacet
  facet normal 0 0 1
    outer loop
      vertex -19.6206148 -0.684040287 2.885
      vertex -19.6873844 -0.845236523 2.885
      vertex -17.47 -4.68 2.885
    endloop
  endfacet
  facet normal 0 0 1
    outer loop
      vertex -17.47 4.68 2.885
      vertex -19.6873844 0.845236523 2.885
      vertex -19.6206148 0.684040287 2.885
    endloop
  endfacet
  facet normal 0 0 1
    outer loop
      vertex -19.5681483 -0.51763809 2.885
      vertex -19.6206148 -0.684040287 2.885
      vertex -17.47 -4.68 2.885
    endloop
  endfacet
  facet normal 0 -0 1
    outer loop
      vertex -17.47 -4.68 2.885
      vertex -17.47 4.68 2.885
      vertex -19.6206148 0.684040287 2.885
    endloop
  endfacet
  facet normal 0 0 1
    outer loop
      vertex -19.5303845 -0.347296355 2.885
      vertex -19.5681483 -0.51763809 2.885
      vertex -17.47 -4.68 2.885
    endloop
  endfacet
  facet normal 0 0 1
    outer loop
      vertex -17.47 -4.68 2.885
      vertex -19.6206148 0.684040287 2.885
      vertex -19.5681483 0.51763809 2.885
    endloop
  endfacet
  facet normal 0 0 1
    outer loop
      vertex -19.5076106 -0.174311485 2.885
      vertex -19.5303845 -0.347296355 2.885
      vertex -17.47 -4.68 2.885
    endloop
  endfacet
  facet normal 0 0 1
    outer loop
      vertex -17.47 -4.68 2.885
      vertex -19.5681483 0.51763809 2.885
      vertex -19.5303845 0.347296355 2.885
    endloop
  endfacet
  facet normal 0 0 1
    outer loop
      vertex -19.5 0 2.885
      vertex -19.5076106 -0.174311485 2.885
      vertex -17.47 -4.68 2.885
    endloop
  endfacet
  facet normal 0 0 1
    outer loop
      vertex -17.47 -4.68 2.885
      vertex -19.5303845 0.347296355 2.885
      vertex -19.5076106 0.174311485 2.885
    endloop
  endfacet
  facet normal 0 0 1
    outer loop
      vertex -19.5076106 0.174311485 2.885
      vertex -19.5 0 2.885
      vertex -17.47 -4.68 2.885
    endloop
  endfacet
  facet normal 0 0 1
    outer loop
      vertex 17.47 -4.68 2.885
      vertex 19.5 2.4492936e-16 2.885
      vertex 19.5076106 0.174311485 2.885
    endloop
  endfacet
  facet normal 0 0 1
    outer loop
      vertex 19.5076106 -0.174311485 2.885
      vertex 19.5 2.4492936e-16 2.885
      vertex 17.47 -4.68 2.885
    endloop
  endfacet
  facet normal 0 0 1
    outer loop
      vertex 17.47 4.68 2.885
      vertex 17.47 -4.68 2.885
      vertex 19.5076106 0.174311485 2.885
    endloop
  endfacet
  facet normal 0 0 1
    outer loop
      vertex 19.5303845 -0.347296355 2.885
      vertex 19.5076106 -0.174311485 2.885
      vertex 17.47 -4.68 2.885
    endloop
  endfacet
  facet normal 0 0 1
    outer loop
      vertex 17.47 4.68 2.885
      vertex 19.5076106 0.174311485 2.885
      vertex 19.5303845 0.347296355 2.885
    endloop
  endfacet
  facet normal 0 0 1
    outer loop
      vertex 19.5681483 -0.51763809 2.885
      vertex 19.5303845 -0.347296355 2.885
      vertex 17.47 -4.68 2.885
    endloop
  endfacet
  facet normal 0 0 1
    outer loop
      vertex 17.47 4.68 2.885
      vertex 19.5303845 0.347296355 2.885
      vertex 19.5681483 0.51763809 2.885
    endloop
  endfacet
  facet normal 0 0 1
    outer loop
      vertex 19.6206148 -0.684040287 2.885
      vertex 19.5681483 -0.51763809 2.885
      vertex 17.47 -4.68 2.885
    endloop
  endfacet
  facet normal 0 0 1
    outer loop
      vertex 17.47 4.68 2.885
      vertex 19.5681483 0.51763809 2.885
      vertex 19.6206148 0.684040287 2.885
    endloop
  endfacet
  facet normal 0 0 1
    outer loop
      vertex 19.6873844 -0.845236523 2.885
      vertex 19.6206148 -0.684040287 2.885
      vertex 17.47 -4.68 2.885
    endloop
  endfacet
  facet normal 0 0 1
    outer loop
      vertex 17.47 4.68 2.885
      vertex 19.6206148 0.684040287 2.885
      vertex 19.6873844 0.845236523 2.885
    endloop
  endfacet
  facet normal 0 0 1
    outer loop
      vertex 19.7679492 -1 2.885
      vertex 19.6873844 -0.845236523 2.885
      vertex 17.47 -4.68 2.885
    endloop
  endfacet
  facet normal 0 0 1
    outer loop
      vertex 17.47 4.68 2.885
      vertex 19.6873844 0.845236523 2.885
      vertex 19.7679492 1 2.885
    endloop
  endfacet
  facet normal 0 0 1
    outer loop
      vertex 19.8616959 -1.14715287 2.885
      vertex 19.7679492 -1 2.885
      vertex 17.47 -4.68 2.885
    endloop
  endfacet
  facet normal 0 0 1
    outer loop
      vertex 17.47 4.68 2.885
      vertex 19.7679492 1 2.885
      vertex 19.8616959 1.14715287 2.885
    endloop
  endfacet
  facet normal 0 0 1
    outer loop
      vertex 19.9679111 -1.28557522 2.885
      vertex 19.8616959 -1.14715287 2.885
      vertex 17.47 -4.68 2.885
    endloop
  endfacet
  facet normal 0 0 1
    outer loop
      vertex 17.47 4.68 2.885
      vertex 19.8616959 1.14715287 2.885
      vertex 19.9679111 1.28557522 2.885
    endloop
  endfacet
  facet normal 0 0 1
    outer loop
      vertex 20.0857864 -1.41421356 2.885
      vertex 19.9679111 -1.28557522 2.885
      vertex 17.47 -4.68 2.885
    endloop
  endfacet
  facet normal 0 0 1
    outer loop
      vertex 17.47 4.68 2.885
      vertex 19.9679111 1.28557522 2.885
      vertex 20.0857864 1.41421356 2.885
    endloop
  endfacet
  facet normal 0 0 1
    outer loop
      vertex 20.2144248 -1.53208889 2.885
      vertex 20.0857864 -1.41421356 2.885
      vertex 17.47 -4.68 2.885
    endloop
  endfacet
  facet normal 0 0 1
    outer loop
      vertex 17.47 4.68 2.885
      vertex 20.0857864 1.41421356 2.885
      vertex 20.2144248 1.53208889 2.885
    endloop
  endfacet
  facet normal 0 0 1
    outer loop
      vertex 20.3528471 -1.63830409 2.885
      vertex 20.2144248 -1.53208889 2.885
      vertex 17.47 -4.68 2.885
    endloop
  endfacet
  facet normal 0 0 1
    outer loop
      vertex 17.47 4.68 2.885
      vertex 20.2144248 1.53208889 2.885
      vertex 20.3528471 1.63830409 2.885
    endloop
  endfacet
  facet normal 0 0 1
    outer loop
      vertex 20.5 -1.73205081 2.885
      vertex 20.3528471 -1.63830409 2.885
      vertex 17.47 -4.68 2.885
    endloop
  endfacet
  facet normal 0 0 1
    outer loop
      vertex 17.47 4.68 2.885
      vertex 20.3528471 1.63830409 2.885
      vertex 20.5 1.73205081 2.885
    endloop
  endfacet
  facet normal 0 0 1
    outer loop
      vertex 20.6547635 -1.81261557 2.885
      vertex 20.5 -1.73205081 2.885
      vertex 17.47 -4.68 2.885
    endloop
  endfacet
  facet normal 0 0 1
    outer loop
      vertex 25.53 4.68 2.885
      vertex 17.47 4.68 2.885
      vertex 20.5 1.73205081 2.885
    endloop
  endfacet
  facet normal 0 0 1
    outer loop
      vertex 20.8159597 -1.87938524 2.885
      vertex 20.6547635 -1.81261557 2.885
      vertex 17.47 -4.68 2.885
    endloop
  endfacet
  facet normal 0 0 1
    outer loop
      vertex 25.53 4.68 2.885
      vertex 20.5 1.73205081 2.885
      vertex 20.6547635 1.81261557 2.885
    endloop
  endfacet
  facet normal 0 0 1
    outer loop
      vertex 20.9823619 -1.93185165 2.885
      vertex 20.8159597 -1.87938524 2.885
      vertex 17.47 -4.68 2.885
    endloop
  endfacet
  facet normal 0 0 1
    outer loop
      vertex 25.53 4.68 2.885
      vertex 20.6547635 1.81261557 2.885
      vertex 20.8159597 1.87938524 2.885
    endloop
  endfacet
  facet normal 0 0 1
    outer loop
      vertex 21.1527036 -1.96961551 2.885
      vertex 20.9823619 -1.93185165 2.885
      vertex 17.47 -4.68 2.885
    endloop
  endfacet
  facet normal 0 0 1
    outer loop
      vertex 25.53 4.68 2.885
      vertex 20.8159597 1.87938524 2.885
      vertex 20.9823619 1.93185165 2.885
    endloop
  endfacet
  facet normal 0 0 1
    outer loop
      vertex 21.3256885 -1.9923894 2.885
      vertex 21.1527036 -1.96961551 2.885
      vertex 17.47 -4.68 2.885
    endloop
  endfacet
  facet normal 0 0 1
    outer loop
      vertex 25.53 4.68 2.885
      vertex 20.9823619 1.93185165 2.885
      vertex 21.1527036 1.96961551 2.885
    endloop
  endfacet
  facet normal 0 0 1
    outer loop
      vertex 21.5 -2 2.885
      vertex 21.3256885 -1.9923894 2.885
      vertex 17.47 -4.68 2.885
    endloop
  endfacet
  facet normal 0 0 1
    outer loop
      vertex 25.53 4.68 2.885
      vertex 21.1527036 1.96961551 2.885
      vertex 21.3256885 1.9923894 2.885
    endloop
  endfacet
  facet normal 0 0 1
    outer loop
      vertex 21.6743115 -1.9923894 2.885
      vertex 21.5 -2 2.885
      vertex 17.47 -4.68 2.885
    endloop
  endfacet
  facet normal 0 0 1
    outer loop
      vertex 25.53 4.68 2.885
      vertex 21.3256885 1.9923894 2.885
      vertex 21.5 2 2.885
    endloop
  endfacet
  facet normal 0 0 1
    outer loop
      vertex 21.8472964 -1.96961551 2.885
      vertex 21.6743115 -1.9923894 2.885
      vertex 17.47 -4.68 2.885
    endloop
  endfacet
  facet normal 0 0 1
    outer loop
      vertex 25.53 4.68 2.885
      vertex 21.5 2 2.885
      vertex 21.6743115 1.9923894 2.885
    endloop
  endfacet
  facet normal 0 0 1
    outer loop
      vertex 22.0176381 -1.93185165 2.885
      vertex 21.8472964 -1.96961551 2.885
      vertex 17.47 -4.68 2.885
    endloop
  endfacet
  facet normal 0 0 1
    outer loop
      vertex 25.53 4.68 2.885
      vertex 21.6743115 1.9923894 2.885
      vertex 21.8472964 1.96961551 2.885
    endloop
  endfacet
  facet normal 0 0 1
    outer loop
      vertex 22.1840403 -1.87938524 2.885
      vertex 22.0176381 -1.93185165 2.885
      vertex 17.47 -4.68 2.885
    endloop
  endfacet
  facet normal 0 0 1
    outer loop
      vertex 25.53 4.68 2.885
      vertex 21.8472964 1.96961551 2.885
      vertex 22.0176381 1.93185165 2.885
    endloop
  endfacet
  facet normal 0 0 1
    outer loop
      vertex 22.3452365 -1.81261557 2.885
      vertex 22.1840403 -1.87938524 2.885
      vertex 17.47 -4.68 2.885
    endloop
  endfacet
  facet normal 0 0 1
    outer loop
      vertex 25.53 4.68 2.885
      vertex 22.0176381 1.93185165 2.885
      vertex 22.1840403 1.87938524 2.885
    endloop
  endfacet
  facet normal 0 0 1
    outer loop
      vertex 22.5 -1.73205081 2.885
      vertex 22.3452365 -1.81261557 2.885
      vertex 17.47 -4.68 2.885
    endloop
  endfacet
  facet normal 0 0 1
    outer loop
      vertex 25.53 4.68 2.885
      vertex 22.1840403 1.87938524 2.885
      vertex 22.3452365 1.81261557 2.885
    endloop
  endfacet
  facet normal 0 0 1
    outer loop
      vertex 22.5 -1.73205081 2.885
      vertex 17.47 -4.68 2.885
      vertex 25.53 -4.68 2.885
    endloop
  endfacet
  facet normal 0 0 1
    outer loop
      vertex 25.53 4.68 2.885
      vertex 22.3452365 1.81261557 2.885
      vertex 22.5 1.73205081 2.885
    endloop
  endfacet
  facet normal 0 0 1
    outer loop
      vertex 22.6471529 -1.63830409 2.885
      vertex 22.5 -1.73205081 2.885
      vertex 25.53 -4.68 2.885
    endloop
  endfacet
  facet normal 0 0 1
    outer loop
      vertex 25.53 4.68 2.885
      vertex 22.5 1.73205081 2.885
      vertex 22.6471529 1.63830409 2.885
    endloop
  endfacet
  facet normal 0 0 1
    outer loop
      vertex 22.7855752 -1.53208889 2.885
      vertex 22.6471529 -1.63830409 2.885
      vertex 25.53 -4.68 2.885
    endloop
  endfacet
  facet normal 0 0 1
    outer loop
      vertex 25.53 4.68 2.885
      vertex 22.6471529 1.63830409 2.885
      vertex 22.7855752 1.53208889 2.885
    endloop
  endfacet
  facet normal 0 0 1
    outer loop
      vertex 22.9142136 -1.41421356 2.885
      vertex 22.7855752 -1.53208889 2.885
      vertex 25.53 -4.68 2.885
    endloop
  endfacet
  facet normal 0 0 1
    outer loop
      vertex 25.53 4.68 2.885
      vertex 22.7855752 1.53208889 2.885
      vertex 22.9142136 1.41421356 2.885
    endloop
  endfacet
  facet normal 0 0 1
    outer loop
      vertex 23.0320889 -1.28557522 2.885
      vertex 22.9142136 -1.41421356 2.885
      vertex 25.53 -4.68 2.885
    endloop
  endfacet
  facet normal 0 0 1
    outer loop
      vertex 25.53 4.68 2.885
      vertex 22.9142136 1.41421356 2.885
      vertex 23.0320889 1.28557522 2.885
    endloop
  endfacet
  facet normal 0 0 1
    outer loop
      vertex 23.1383041 -1.14715287 2.885
      vertex 23.0320889 -1.28557522 2.885
      vertex 25.53 -4.68 2.885
    endloop
  endfacet
  facet normal 0 0 1
    outer loop
      vertex 25.53 4.68 2.885
      vertex 23.0320889 1.28557522 2.885
      vertex 23.1383041 1.14715287 2.885
    endloop
  endfacet
  facet normal 0 0 1
    outer loop
      vertex 23.2320508 -1 2.885
      vertex 23.1383041 -1.14715287 2.885
      vertex 25.53 -4.68 2.885
    endloop
  endfacet
  facet normal 0 0 1
    outer loop
      vertex 25.53 4.68 2.885
      vertex 23.1383041 1.14715287 2.885
      vertex 23.2320508 1 2.885
    endloop
  endfacet
  facet normal 0 0 1
    outer loop
      vertex 23.3126156 -0.845236523 2.885
      vertex 23.2320508 -1 2.885
      vertex 25.53 -4.68 2.885
    endloop
  endfacet
  facet normal 0 0 1
    outer loop
      vertex 25.53 4.68 2.885
      vertex 23.2320508 1 2.885
      vertex 23.3126156 0.845236523 2.885
    endloop
  endfacet
  facet normal 0 0 1
    outer loop
      vertex 23.3793852 -0.684040287 2.885
      vertex 23.3126156 -0.845236523 2.885
      vertex 25.53 -4.68 2.885
    endloop
  endfacet
  facet normal 0 0 1
    outer loop
      vertex 25.53 4.68 2.885
      vertex 23.3126156 0.845236523 2.885
      vertex 23.3793852 0.684040287 2.885
    endloop
  endfacet
  facet normal 0 0 1
    outer loop
      vertex 23.4318517 -0.51763809 2.885
      vertex 23.3793852 -0.684040287 2.885
      vertex 25.53 -4.68 2.885
    endloop
  endfacet
  facet normal 0 -0 1
    outer loop
      vertex 25.53 -4.68 2.885
      vertex 25.53 4.68 2.885
      vertex 23.3793852 0.684040287 2.885
    endloop
  endfacet
  facet normal 0 0 1
    outer loop
      vertex 23.4696155 -0.347296355 2.885
      vertex 23.4318517 -0.51763809 2.885
      vertex 25.53 -4.68 2.885
    endloop
  endfacet
  facet normal 0 0 1
    outer loop
      vertex 25.53 -4.68 2.885
      vertex 23.3793852 0.684040287 2.885
      vertex 23.4318517 0.51763809 2.885
    endloop
  endfacet
  facet normal 0 0 1
    outer loop
      vertex 23.4923894 -0.174311485 2.885
      vertex 23.4696155 -0.347296355 2.885
      vertex 25.53 -4.68 2.885
    endloop
  endfacet
  facet normal 0 0 1
    outer loop
      vertex 25.53 -4.68 2.885
      vertex 23.4318517 0.51763809 2.885
      vertex 23.4696155 0.347296355 2.885
    endloop
  endfacet
  facet normal 0 0 1
    outer loop
      vertex 23.5 0 2.885
      vertex 23.4923894 -0.174311485 2.885
      vertex 25.53 -4.68 2.885
    endloop
  endfacet
  facet normal 0 0 1
    outer loop
      vertex 25.53 -4.68 2.885
      vertex 23.4696155 0.347296355 2.885
      vertex 23.4923894 0.174311485 2.885
    endloop
  endfacet
  facet normal 0 0 1
    outer loop
      vertex 23.4923894 0.174311485 2.885
      vertex 23.5 0 2.885
      vertex 25.53 -4.68 2.885
    endloop
  endfacet
  facet normal 0 -0.707106781 -0.707106781
    outer loop
      vertex -22.4781799 -8 0
      vertex 22.4781799 -8 0
      vertex 22.5 -9 1
    endloop
  endfacet
  facet normal 0 -0.707106781 -0.707106781
    outer loop
      vertex -22.4781799 -8 0
      vertex 22.5 -9 1
      vertex -22.5 -9 1
    endloop
  endfacet
  facet normal 0.0308435646 -0.706433772 -0.707106781
    outer loop
      vertex 22.4781799 -8 0
      vertex 23.1971629 -7.96860852 0
      vertex 23.2844017 -8.96575228 1
    endloop
  endfacet
  facet normal 0.0308435646 -0.706433772 -0.707106781
    outer loop
      vertex 22.4781799 -8 0
      vertex 23.2844017 -8.96575228 1
      vertex 22.5 -9 1
    endloop
  endfacet
  facet normal 0.0922959556 -0.701057385 -0.707106781
    outer loop
      vertex 23.1971629 -7.96860852 0
      vertex 23.88902 -7.87752381 0
      vertex 24.0628336 -8.86326978 1
    endloop
  endfacet
  facet normal 0.0922959556 -0.701057385 -0.707106781
    outer loop
      vertex 23.1971629 -7.96860852 0
      vertex 24.0628336 -8.86326978 1
      vertex 23.2844017 -8.96575228 1
    endloop
  endfacet
  facet normal 0.153045919 -0.690345527 -0.707106781
    outer loop
      vertex 23.88902 -7.87752381 0
      vertex 24.5703058 -7.72648639 0
      vertex 24.8293714 -8.69333244 1
    endloop
  endfacet
  facet normal 0.153045919 -0.690345527 -0.707106781
    outer loop
      vertex 23.88902 -7.87752381 0
      vertex 24.8293714 -8.69333244 1
      vertex 24.0628336 -8.86326978 1
    endloop
  endfacet
  facet normal 0.21263111 -0.674379723 -0.707106781
    outer loop
      vertex 24.5703058 -7.72648639 0
      vertex 25.2358353 -7.51664574 0
      vertex 25.5781813 -8.45723359 1
    endloop
  endfacet
  facet normal 0.21263111 -0.674379723 -0.707106781
    outer loop
      vertex 24.5703058 -7.72648639 0
      vertex 25.5781813 -8.45723359 1
      vertex 24.8293714 -8.69333244 1
    endloop
  endfacet
  facet normal 0.27059805 -0.653281482 -0.707106781
    outer loop
      vertex 25.2358353 -7.51664574 0
      vertex 25.8805435 -7.24959887 0
      vertex 26.3035644 -8.15677008 1
    endloop
  endfacet
  facet normal 0.27059805 -0.653281482 -0.707106781
    outer loop
      vertex 25.2358353 -7.51664574 0
      vertex 26.3035644 -8.15677008 1
      vertex 25.5781813 -8.45723359 1
    endloop
  endfacet
  facet normal 0.326505576 -0.627211375 -0.707106781
    outer loop
      vertex 25.8805435 -7.24959887 0
      vertex 26.4995237 -6.92737818 0
      vertex 27 -7.79422863 1
    endloop
  endfacet
  facet normal 0.326505576 -0.627211375 -0.707106781
    outer loop
      vertex 25.8805435 -7.24959887 0
      vertex 27 -7.79422863 1
      vertex 26.3035644 -8.15677008 1
    endloop
  endfacet
  facet normal 0.379928197 -0.596367811 -0.707106781
    outer loop
      vertex 26.4995237 -6.92737818 0
      vertex 27.0880651 -6.55243596 0
      vertex 27.6621879 -7.3723684 1
    endloop
  endfacet
  facet normal 0.379928197 -0.596367811 -0.707106781
    outer loop
      vertex 26.4995237 -6.92737818 0
      vertex 27.6621879 -7.3723684 1
      vertex 27 -7.79422863 1
    endloop
  endfacet
  facet normal 0.430459335 -0.560985527 -0.707106781
    outer loop
      vertex 27.0880651 -6.55243596 0
      vertex 27.6416885 -6.12762575 0
      vertex 28.2850885 -6.89439999 1
    endloop
  endfacet
  facet normal 0.430459335 -0.560985527 -0.707106781
    outer loop
      vertex 27.0880651 -6.55243596 0
      vertex 28.2850885 -6.89439999 1
      vertex 27.6621879 -7.3723684 1
    endloop
  endfacet
  facet normal 0.477714417 -0.521333804 -0.707106781
    outer loop
      vertex 27.6416885 -6.12762575 0
      vertex 28.1561806 -5.6561806 0
      vertex 28.863961 -6.36396103 1
    endloop
  endfacet
  facet normal 0.477714417 -0.521333804 -0.707106781
    outer loop
      vertex 27.6416885 -6.12762575 0
      vertex 28.863961 -6.36396103 1
      vertex 28.2850885 -6.89439999 1
    endloop
  endfacet
  facet normal 0.521333804 -0.477714417 -0.707106781
    outer loop
      vertex 28.1561806 -5.6561806 0
      vertex 28.6276257 -5.1416885 0
      vertex 29.3944 -5.78508849 1
    endloop
  endfacet
  facet normal 0.521333804 -0.477714417 -0.707106781
    outer loop
      vertex 28.1561806 -5.6561806 0
      vertex 29.3944 -5.78508849 1
      vertex 28.863961 -6.36396103 1
    endloop
  endfacet
  facet normal 0.560985527 -0.430459335 -0.707106781
    outer loop
      vertex 28.6276257 -5.1416885 0
      vertex 29.052436 -4.58806505 0
      vertex 29.8723684 -5.16218793 1
    endloop
  endfacet
  facet normal 0.560985527 -0.430459335 -0.707106781
    outer loop
      vertex 28.6276257 -5.1416885 0
      vertex 29.8723684 -5.16218793 1
      vertex 29.3944 -5.78508849 1
    endloop
  endfacet
  facet normal 0.596367811 -0.379928197 -0.707106781
    outer loop
      vertex 29.052436 -4.58806505 0
      vertex 29.4273782 -3.99952366 0
      vertex 30.2942286 -4.5 1
    endloop
  endfacet
  facet normal 0.596367811 -0.379928197 -0.707106781
    outer loop
      vertex 29.052436 -4.58806505 0
      vertex 30.2942286 -4.5 1
      vertex 29.8723684 -5.16218793 1
    endloop
  endfacet
  facet normal 0.627211375 -0.326505576 -0.707106781
    outer loop
      vertex 29.4273782 -3.99952366 0
      vertex 29.7495989 -3.38054347 0
      vertex 30.6567701 -3.80356436 1
    endloop
  endfacet
  facet normal 0.627211375 -0.326505576 -0.707106781
    outer loop
      vertex 29.4273782 -3.99952366 0
      vertex 30.6567701 -3.80356436 1
      vertex 30.2942286 -4.5 1
    endloop
  endfacet
  facet normal 0.653281482 -0.27059805 -0.707106781
    outer loop
      vertex 29.7495989 -3.38054347 0
      vertex 30.0166457 -2.73583531 0
      vertex 30.9572336 -3.07818129 1
    endloop
  endfacet
  facet normal 0.653281482 -0.27059805 -0.707106781
    outer loop
      vertex 29.7495989 -3.38054347 0
      vertex 30.9572336 -3.07818129 1
      vertex 30.6567701 -3.80356436 1
    endloop
  endfacet
  facet normal 0.674379723 -0.21263111 -0.707106781
    outer loop
      vertex 30.0166457 -2.73583531 0
      vertex 30.2264864 -2.07030579 0
      vertex 31.1933324 -2.32937141 1
    endloop
  endfacet
  facet normal 0.674379723 -0.21263111 -0.707106781
    outer loop
      vertex 30.0166457 -2.73583531 0
      vertex 31.1933324 -2.32937141 1
      vertex 30.9572336 -3.07818129 1
    endloop
  endfacet
  facet normal 0.690345527 -0.153045919 -0.707106781
    outer loop
      vertex 30.2264864 -2.07030579 0
      vertex 30.3775238 -1.38901999 0
      vertex 31.3632698 -1.5628336 1
    endloop
  endfacet
  facet normal 0.690345527 -0.153045919 -0.707106781
    outer loop
      vertex 30.2264864 -2.07030579 0
      vertex 31.3632698 -1.5628336 1
      vertex 31.1933324 -2.32937141 1
    endloop
  endfacet
  facet normal 0.701057385 -0.0922959556 -0.707106781
    outer loop
      vertex 30.3775238 -1.38901999 0
      vertex 30.4686085 -0.69716291 0
      vertex 31.4657523 -0.784401685 1
    endloop
  endfacet
  facet normal 0.701057385 -0.0922959556 -0.707106781
    outer loop
      vertex 30.3775238 -1.38901999 0
      vertex 31.4657523 -0.784401685 1
      vertex 31.3632698 -1.5628336 1
    endloop
  endfacet
  facet normal 0.706433772 -0.0308435646 -0.707106781
    outer loop
      vertex 30.4686085 -0.69716291 0
      vertex 30.4990473 0 0
      vertex 31.5 0 1
    endloop
  endfacet
  facet normal 0.706433772 -0.0308435646 -0.707106781
    outer loop
      vertex 30.4686085 -0.69716291 0
      vertex 31.5 0 1
      vertex 31.4657523 -0.784401685 1
    endloop
  endfacet
  facet normal 0.706433772 0.0308435646 -0.707106781
    outer loop
      vertex 30.4990473 0 0
      vertex 30.4686085 0.69716291 0
      vertex 31.4657523 0.784401685 1
    endloop
  endfacet
  facet normal 0.706433772 0.0308435646 -0.707106781
    outer loop
      vertex 30.4990473 0 0
      vertex 31.4657523 0.784401685 1
      vertex 31.5 0 1
    endloop
  endfacet
  facet normal 0.701057385 0.0922959556 -0.707106781
    outer loop
      vertex 30.4686085 0.69716291 0
      vertex 30.3775238 1.38901999 0
      vertex 31.3632698 1.5628336 1
    endloop
  endfacet
  facet normal 0.701057385 0.0922959556 -0.707106781
    outer loop
      vertex 30.4686085 0.69716291 0
      vertex 31.3632698 1.5628336 1
      vertex 31.4657523 0.784401685 1
    endloop
  endfacet
  facet normal 0.690345527 0.153045919 -0.707106781
    outer loop
      vertex 30.3775238 1.38901999 0
      vertex 30.2264864 2.07030579 0
      vertex 31.1933324 2.32937141 1
    endloop
  endfacet
  facet normal 0.690345527 0.153045919 -0.707106781
    outer loop
      vertex 30.3775238 1.38901999 0
      vertex 31.1933324 2.32937141 1
      vertex 31.3632698 1.5628336 1
    endloop
  endfacet
  facet normal 0.674379723 0.21263111 -0.707106781
    outer loop
      vertex 30.2264864 2.07030579 0
      vertex 30.0166457 2.73583531 0
      vertex 30.9572336 3.07818129 1
    endloop
  endfacet
  facet normal 0.674379723 0.21263111 -0.707106781
    outer loop
      vertex 30.2264864 2.07030579 0
      vertex 30.9572336 3.07818129 1
      vertex 31.1933324 2.32937141 1
    endloop
  endfacet
  facet normal 0.653281482 0.27059805 -0.707106781
    outer loop
      vertex 30.0166457 2.73583531 0
      vertex 29.7495989 3.38054347 0
      vertex 30.6567701 3.80356436 1
    endloop
  endfacet
  facet normal 0.653281482 0.27059805 -0.707106781
    outer loop
      vertex 30.0166457 2.73583531 0
      vertex 30.6567701 3.80356436 1
      vertex 30.9572336 3.07818129 1
    endloop
  endfacet
  facet normal 0.627211375 0.326505576 -0.707106781
    outer loop
      vertex 29.7495989 3.38054347 0
      vertex 29.4273782 3.99952366 0
      vertex 30.2942286 4.5 1
    endloop
  endfacet
  facet normal 0.627211375 0.326505576 -0.707106781
    outer loop
      vertex 29.7495989 3.38054347 0
      vertex 30.2942286 4.5 1
      vertex 30.6567701 3.80356436 1
    endloop
  endfacet
  facet normal 0.596367811 0.379928197 -0.707106781
    outer loop
      vertex 29.4273782 3.99952366 0
      vertex 29.052436 4.58806505 0
      vertex 29.8723684 5.16218793 1
    endloop
  endfacet
  facet normal 0.596367811 0.379928197 -0.707106781
    outer loop
      vertex 29.4273782 3.99952366 0
      vertex 29.8723684 5.16218793 1
      vertex 30.2942286 4.5 1
    endloop
  endfacet
  facet normal 0.560985527 0.430459335 -0.707106781
    outer loop
      vertex 29.052436 4.58806505 0
      vertex 28.6276257 5.1416885 0
      vertex 29.3944 5.78508849 1
    endloop
  endfacet
  facet normal 0.560985527 0.430459335 -0.707106781
    outer loop
      vertex 29.052436 4.58806505 0
      vertex 29.3944 5.78508849 1
      vertex 29.8723684 5.16218793 1
    endloop
  endfacet
  facet normal 0.521333804 0.477714417 -0.707106781
    outer loop
      vertex 28.6276257 5.1416885 0
      vertex 28.1561806 5.6561806 0
      vertex 28.863961 6.36396103 1
    endloop
  endfacet
  facet normal 0.521333804 0.477714417 -0.707106781
    outer loop
      vertex 28.6276257 5.1416885 0
      vertex 28.863961 6.36396103 1
      vertex 29.3944 5.78508849 1
    endloop
  endfacet
  facet normal 0.477714417 0.521333804 -0.707106781
    outer loop
      vertex 28.1561806 5.6561806 0
      vertex 27.586535 6.17816462 0
      vertex 28.7155005 6.5 1
    endloop
  endfacet
  facet normal 0.477714417 0.521333804 -0.707106781
    outer loop
      vertex 28.1561806 5.6561806 0
      vertex 28.7155005 6.5 1
      vertex 28.863961 6.36396103 1
    endloop
  endfacet
  facet normal 0.680801391 -0.191074503 -0.707106781
    outer loop
      vertex 27.586535 6.17816462 0
      vertex 27.8457559 7.10177253 0
      vertex 28.8163 6.85915 1
    endloop
  endfacet
  facet normal 0.680801391 -0.191074503 -0.707106781
    outer loop
      vertex 27.586535 6.17816462 0
      vertex 28.8163 6.85915 1
      vertex 28.7155005 6.5 1
    endloop
  endfacet
  facet normal 0.690628499 -0.151763885 -0.707106781
    outer loop
      vertex 27.8457559 7.10177253 0
      vertex 48.2599089 100 0
      vertex 49.5035163 101 1
    endloop
  endfacet
  facet normal 0.690628499 -0.151763885 -0.707106781
    outer loop
      vertex 27.8457559 7.10177253 0
      vertex 49.5035163 101 1
      vertex 28.8163 6.85915 1
    endloop
  endfacet
  facet normal 0 0.707106781 -0.707106781
    outer loop
      vertex 48.2599089 100 0
      vertex -48.2599089 100 0
      vertex -49.5035163 101 1
    endloop
  endfacet
  facet normal 0 0.707106781 -0.707106781
    outer loop
      vertex 48.2599089 100 0
      vertex -49.5035163 101 1
      vertex 49.5035163 101 1
    endloop
  endfacet
  facet normal -0.690628499 -0.151763885 -0.707106781
    outer loop
      vertex -48.2599089 100 0
      vertex -27.8457559 7.10177253 0
      vertex -28.8163 6.85915 1
    endloop
  endfacet
  facet normal -0.690628499 -0.151763885 -0.707106781
    outer loop
      vertex -48.2599089 100 0
      vertex -28.8163 6.85915 1
      vertex -49.5035163 101 1
    endloop
  endfacet
  facet normal -0.680801391 -0.191074503 -0.707106781
    outer loop
      vertex -27.8457559 7.10177253 0
      vertex -27.586535 6.17816462 0
      vertex -28.7155005 6.5 1
    endloop
  endfacet
  facet normal -0.680801391 -0.191074503 -0.707106781
    outer loop
      vertex -27.8457559 7.10177253 0
      vertex -28.7155005 6.5 1
      vertex -28.8163 6.85915 1
    endloop
  endfacet
  facet normal -0.477714417 0.521333804 -0.707106781
    outer loop
      vertex -27.586535 6.17816462 0
      vertex -28.1561806 5.6561806 0
      vertex -28.863961 6.36396103 1
    endloop
  endfacet
  facet normal -0.477714417 0.521333804 -0.707106781
    outer loop
      vertex -27.586535 6.17816462 0
      vertex -28.863961 6.36396103 1
      vertex -28.7155005 6.5 1
    endloop
  endfacet
  facet normal -0.521333804 0.477714417 -0.707106781
    outer loop
      vertex -28.1561806 5.6561806 0
      vertex -28.6276257 5.1416885 0
      vertex -29.3944 5.78508849 1
    endloop
  endfacet
  facet normal -0.521333804 0.477714417 -0.707106781
    outer loop
      vertex -28.1561806 5.6561806 0
      vertex -29.3944 5.78508849 1
      vertex -28.863961 6.36396103 1
    endloop
  endfacet
  facet normal -0.560985527 0.430459335 -0.707106781
    outer loop
      vertex -28.6276257 5.1416885 0
      vertex -29.052436 4.58806505 0
      vertex -29.8723684 5.16218793 1
    endloop
  endfacet
  facet normal -0.560985527 0.430459335 -0.707106781
    outer loop
      vertex -28.6276257 5.1416885 0
      vertex -29.8723684 5.16218793 1
      vertex -29.3944 5.78508849 1
    endloop
  endfacet
  facet normal -0.596367811 0.379928197 -0.707106781
    outer loop
      vertex -29.052436 4.58806505 0
      vertex -29.4273782 3.99952366 0
      vertex -30.2942286 4.5 1
    endloop
  endfacet
  facet normal -0.596367811 0.379928197 -0.707106781
    outer loop
      vertex -29.052436 4.58806505 0
      vertex -30.2942286 4.5 1
      vertex -29.8723684 5.16218793 1
    endloop
  endfacet
  facet normal -0.627211375 0.326505576 -0.707106781
    outer loop
      vertex -29.4273782 3.99952366 0
      vertex -29.7495989 3.38054347 0
      vertex -30.6567701 3.80356436 1
    endloop
  endfacet
  facet normal -0.627211375 0.326505576 -0.707106781
    outer loop
      vertex -29.4273782 3.99952366 0
      vertex -30.6567701 3.80356436 1
      vertex -30.2942286 4.5 1
    endloop
  endfacet
  facet normal -0.653281482 0.27059805 -0.707106781
    outer loop
      vertex -29.7495989 3.38054347 0
      vertex -30.0166457 2.73583531 0
      vertex -30.9572336 3.07818129 1
    endloop
  endfacet
  facet normal -0.653281482 0.27059805 -0.707106781
    outer loop
      vertex -29.7495989 3.38054347 0
      vertex -30.9572336 3.07818129 1
      vertex -30.6567701 3.80356436 1
    endloop
  endfacet
  facet normal -0.674379723 0.21263111 -0.707106781
    outer loop
      vertex -30.0166457 2.73583531 0
      vertex -30.2264864 2.07030579 0
      vertex -31.1933324 2.32937141 1
    endloop
  endfacet
  facet normal -0.674379723 0.21263111 -0.707106781
    outer loop
      vertex -30.0166457 2.73583531 0
      vertex -31.1933324 2.32937141 1
      vertex -30.9572336 3.07818129 1
    endloop
  endfacet
  facet normal -0.690345527 0.153045919 -0.707106781
    outer loop
      vertex -30.2264864 2.07030579 0
      vertex -30.3775238 1.38901999 0
      vertex -31.3632698 1.5628336 1
    endloop
  endfacet
  facet normal -0.690345527 0.153045919 -0.707106781
    outer loop
      vertex -30.2264864 2.07030579 0
      vertex -31.3632698 1.5628336 1
      vertex -31.1933324 2.32937141 1
    endloop
  endfacet
  facet normal -0.701057385 0.0922959556 -0.707106781
    outer loop
      vertex -30.3775238 1.38901999 0
      vertex -30.4686085 0.69716291 0
      vertex -31.4657523 0.784401685 1
    endloop
  endfacet
  facet normal -0.701057385 0.0922959556 -0.707106781
    outer loop
      vertex -30.3775238 1.38901999 0
      vertex -31.4657523 0.784401685 1
      vertex -31.3632698 1.5628336 1
    endloop
  endfacet
  facet normal -0.706433772 0.0308435646 -0.707106781
    outer loop
      vertex -30.4686085 0.69716291 0
      vertex -30.4990473 0 0
      vertex -31.5 1.11022302e-15 1
    endloop
  endfacet
  facet normal -0.706433772 0.0308435646 -0.707106781
    outer loop
      vertex -30.4686085 0.69716291 0
      vertex -31.5 1.11022302e-15 1
      vertex -31.4657523 0.784401685 1
    endloop
  endfacet
  facet normal -0.706433772 -0.0308435646 -0.707106781
    outer loop
      vertex -30.4990473 0 0
      vertex -30.4686085 -0.69716291 0
      vertex -31.4657523 -0.784401685 1
    endloop
  endfacet
  facet normal -0.706433772 -0.0308435646 -0.707106781
    outer loop
      vertex -30.4990473 0 0
      vertex -31.4657523 -0.784401685 1
      vertex -31.5 1.11022302e-15 1
    endloop
  endfacet
  facet normal -0.701057385 -0.0922959556 -0.707106781
    outer loop
      vertex -30.4686085 -0.69716291 0
      vertex -30.3775238 -1.38901999 0
      vertex -31.3632698 -1.5628336 1
    endloop
  endfacet
  facet normal -0.701057385 -0.0922959556 -0.707106781
    outer loop
      vertex -30.4686085 -0.69716291 0
      vertex -31.3632698 -1.5628336 1
      vertex -31.4657523 -0.784401685 1
    endloop
  endfacet
  facet normal -0.690345527 -0.153045919 -0.707106781
    outer loop
      vertex -30.3775238 -1.38901999 0
      vertex -30.2264864 -2.07030579 0
      vertex -31.1933324 -2.32937141 1
    endloop
  endfacet
  facet normal -0.690345527 -0.153045919 -0.707106781
    outer loop
      vertex -30.3775238 -1.38901999 0
      vertex -31.1933324 -2.32937141 1
      vertex -31.3632698 -1.5628336 1
    endloop
  endfacet
  facet normal -0.674379723 -0.21263111 -0.707106781
    outer loop
      vertex -30.2264864 -2.07030579 0
      vertex -30.0166457 -2.73583531 0
      vertex -30.9572336 -3.07818129 1
    endloop
  endfacet
  facet normal -0.674379723 -0.21263111 -0.707106781
    outer loop
      vertex -30.2264864 -2.07030579 0
      vertex -30.9572336 -3.07818129 1
      vertex -31.1933324 -2.32937141 1
    endloop
  endfacet
  facet normal -0.653281482 -0.27059805 -0.707106781
    outer loop
      vertex -30.0166457 -2.73583531 0
      vertex -29.7495989 -3.38054347 0
      vertex -30.6567701 -3.80356436 1
    endloop
  endfacet
  facet normal -0.653281482 -0.27059805 -0.707106781
    outer loop
      vertex -30.0166457 -2.73583531 0
      vertex -30.6567701 -3.80356436 1
      vertex -30.9572336 -3.07818129 1
    endloop
  endfacet
  facet normal -0.627211375 -0.326505576 -0.707106781
    outer loop
      vertex -29.7495989 -3.38054347 0
      vertex -29.4273782 -3.99952366 0
      vertex -30.2942286 -4.5 1
    endloop
  endfacet
  facet normal -0.627211375 -0.326505576 -0.707106781
    outer loop
      vertex -29.7495989 -3.38054347 0
      vertex -30.2942286 -4.5 1
      vertex -30.6567701 -3.80356436 1
    endloop
  endfacet
  facet normal -0.596367811 -0.379928197 -0.707106781
    outer loop
      vertex -29.4273782 -3.99952366 0
      vertex -29.052436 -4.58806505 0
      vertex -29.8723684 -5.16218793 1
    endloop
  endfacet
  facet normal -0.596367811 -0.379928197 -0.707106781
    outer loop
      vertex -29.4273782 -3.99952366 0
      vertex -29.8723684 -5.16218793 1
      vertex -30.2942286 -4.5 1
    endloop
  endfacet
  facet normal -0.560985527 -0.430459335 -0.707106781
    outer loop
      vertex -29.052436 -4.58806505 0
      vertex -28.6276257 -5.1416885 0
      vertex -29.3944 -5.78508849 1
    endloop
  endfacet
  facet normal -0.560985527 -0.430459335 -0.707106781
    outer loop
      vertex -29.052436 -4.58806505 0
      vertex -29.3944 -5.78508849 1
      vertex -29.8723684 -5.16218793 1
    endloop
  endfacet
  facet normal -0.521333804 -0.477714417 -0.707106781
    outer loop
      vertex -28.6276257 -5.1416885 0
      vertex -28.1561806 -5.6561806 0
      vertex -28.863961 -6.36396103 1
    endloop
  endfacet
  facet normal -0.521333804 -0.477714417 -0.707106781
    outer loop
      vertex -28.6276257 -5.1416885 0
      vertex -28.863961 -6.36396103 1
      vertex -29.3944 -5.78508849 1
    endloop
  endfacet
  facet normal -0.477714417 -0.521333804 -0.707106781
    outer loop
      vertex -28.1561806 -5.6561806 0
      vertex -27.6416885 -6.12762575 0
      vertex -28.2850885 -6.89439999 1
    endloop
  endfacet
  facet normal -0.477714417 -0.521333804 -0.707106781
    outer loop
      vertex -28.1561806 -5.6561806 0
      vertex -28.2850885 -6.89439999 1
      vertex -28.863961 -6.36396103 1
    endloop
  endfacet
  facet normal -0.430459335 -0.560985527 -0.707106781
    outer loop
      vertex -27.6416885 -6.12762575 0
      vertex -27.0880651 -6.55243596 0
      vertex -27.6621879 -7.3723684 1
    endloop
  endfacet
  facet normal -0.430459335 -0.560985527 -0.707106781
    outer loop
      vertex -27.6416885 -6.12762575 0
      vertex -27.6621879 -7.3723684 1
      vertex -28.2850885 -6.89439999 1
    endloop
  endfacet
  facet normal -0.379928197 -0.596367811 -0.707106781
    outer loop
      vertex -27.0880651 -6.55243596 0
      vertex -26.4995237 -6.92737818 0
      vertex -27 -7.79422863 1
    endloop
  endfacet
  facet normal -0.379928197 -0.596367811 -0.707106781
    outer loop
      vertex -27.0880651 -6.55243596 0
      vertex -27 -7.79422863 1
      vertex -27.6621879 -7.3723684 1
    endloop
  endfacet
  facet normal -0.326505576 -0.627211375 -0.707106781
    outer loop
      vertex -26.4995237 -6.92737818 0
      vertex -25.8805435 -7.24959887 0
      vertex -26.3035644 -8.15677008 1
    endloop
  endfacet
  facet normal -0.326505576 -0.627211375 -0.707106781
    outer loop
      vertex -26.4995237 -6.92737818 0
      vertex -26.3035644 -8.15677008 1
      vertex -27 -7.79422863 1
    endloop
  endfacet
  facet normal -0.27059805 -0.653281482 -0.707106781
    outer loop
      vertex -25.8805435 -7.24959887 0
      vertex -25.2358353 -7.51664574 0
      vertex -25.5781813 -8.45723359 1
    endloop
  endfacet
  facet normal -0.27059805 -0.653281482 -0.707106781
    outer loop
      vertex -25.8805435 -7.24959887 0
      vertex -25.5781813 -8.45723359 1
      vertex -26.3035644 -8.15677008 1
    endloop
  endfacet
  facet normal -0.21263111 -0.674379723 -0.707106781
    outer loop
      vertex -25.2358353 -7.51664574 0
      vertex -24.5703058 -7.72648639 0
      vertex -24.8293714 -8.69333244 1
    endloop
  endfacet
  facet normal -0.21263111 -0.674379723 -0.707106781
    outer loop
      vertex -25.2358353 -7.51664574 0
      vertex -24.8293714 -8.69333244 1
      vertex -25.5781813 -8.45723359 1
    endloop
  endfacet
  facet normal -0.153045919 -0.690345527 -0.707106781
    outer loop
      vertex -24.5703058 -7.72648639 0
      vertex -23.88902 -7.87752381 0
      vertex -24.0628336 -8.86326978 1
    endloop
  endfacet
  facet normal -0.153045919 -0.690345527 -0.707106781
    outer loop
      vertex -24.5703058 -7.72648639 0
      vertex -24.0628336 -8.86326978 1
      vertex -24.8293714 -8.69333244 1
    endloop
  endfacet
  facet normal -0.0922959556 -0.701057385 -0.707106781
    outer loop
      vertex -23.88902 -7.87752381 0
      vertex -23.1971629 -7.96860852 0
      vertex -23.2844017 -8.96575228 1
    endloop
  endfacet
  facet normal -0.0922959556 -0.701057385 -0.707106781
    outer loop
      vertex -23.88902 -7.87752381 0
      vertex -23.2844017 -8.96575228 1
      vertex -24.0628336 -8.86326978 1
    endloop
  endfacet
  facet normal -0.0308435646 -0.706433772 -0.707106781
    outer loop
      vertex -23.1971629 -7.96860852 0
      vertex -22.4781799 -8 0
      vertex -22.5 -9 1
    endloop
  endfacet
  facet normal -0.0308435646 -0.706433772 -0.707106781
    outer loop
      vertex -23.1971629 -7.96860852 0
      vertex -22.5 -9 1
      vertex -23.2844017 -8.96575228 1
    endloop
  endfacet
  facet normal 0 -1 0
    outer loop
      vertex -22.5 -9 1
      vertex 22.5 -9 1
      vertex 22.5 -9 7
    endloop
  endfacet
  facet normal 0 -1 0
    outer loop
      vertex -22.5 -9 1
      vertex 22.5 -9 7
      vertex -22.5 -9 7
    endloop
  endfacet
  facet normal 0.0436193874 -0.999048222 0
    outer loop
      vertex 22.5 -9 1
      vertex 23.2844017 -8.96575228 1
      vertex 23.2844017 -8.96575228 7
    endloop
  endfacet
  facet normal 0.0436193874 -0.999048222 0
    outer loop
      vertex 22.5 -9 1
      vertex 23.2844017 -8.96575228 7
      vertex 22.5 -9 7
    endloop
  endfacet
  facet normal 0.130526192 -0.991444861 0
    outer loop
      vertex 23.2844017 -8.96575228 1
      vertex 24.0628336 -8.86326978 1
      vertex 24.0628336 -8.86326978 7
    endloop
  endfacet
  facet normal 0.130526192 -0.991444861 0
    outer loop
      vertex 23.2844017 -8.96575228 1
      vertex 24.0628336 -8.86326978 7
      vertex 23.2844017 -8.96575228 7
    endloop
  endfacet
  facet normal 0.216439614 -0.976296007 0
    outer loop
      vertex 24.0628336 -8.86326978 1
      vertex 24.8293714 -8.69333244 1
      vertex 24.8293714 -8.69333244 7
    endloop
  endfacet
  facet normal 0.216439614 -0.976296007 0
    outer loop
      vertex 24.0628336 -8.86326978 1
      vertex 24.8293714 -8.69333244 7
      vertex 24.0628336 -8.86326978 7
    endloop
  endfacet
  facet normal 0.3007058 -0.953716951 0
    outer loop
      vertex 24.8293714 -8.69333244 1
      vertex 25.5781813 -8.45723359 1
      vertex 25.5781813 -8.45723359 7
    endloop
  endfacet
  facet normal 0.3007058 -0.953716951 0
    outer loop
      vertex 24.8293714 -8.69333244 1
      vertex 25.5781813 -8.45723359 7
      vertex 24.8293714 -8.69333244 7
    endloop
  endfacet
  facet normal 0.382683432 -0.923879533 0
    outer loop
      vertex 25.5781813 -8.45723359 1
      vertex 26.3035644 -8.15677008 1
      vertex 26.3035644 -8.15677008 7
    endloop
  endfacet
  facet normal 0.382683432 -0.923879533 0
    outer loop
      vertex 25.5781813 -8.45723359 1
      vertex 26.3035644 -8.15677008 7
      vertex 25.5781813 -8.45723359 7
    endloop
  endfacet
  facet normal 0.461748613 -0.887010833 0
    outer loop
      vertex 26.3035644 -8.15677008 1
      vertex 27 -7.79422863 1
      vertex 27 -7.79422863 7
    endloop
  endfacet
  facet normal 0.461748613 -0.887010833 0
    outer loop
      vertex 26.3035644 -8.15677008 1
      vertex 27 -7.79422863 7
      vertex 26.3035644 -8.15677008 7
    endloop
  endfacet
  facet normal 0.537299608 -0.843391446 0
    outer loop
      vertex 27 -7.79422863 1
      vertex 27.6621879 -7.3723684 1
      vertex 27.6621879 -7.3723684 7
    endloop
  endfacet
  facet normal 0.537299608 -0.843391446 0
    outer loop
      vertex 27 -7.79422863 1
      vertex 27.6621879 -7.3723684 7
      vertex 27 -7.79422863 7
    endloop
  endfacet
  facet normal 0.608761429 -0.79335334 0
    outer loop
      vertex 27.6621879 -7.3723684 1
      vertex 28.2850885 -6.89439999 1
      vertex 28.2850885 -6.89439999 7
    endloop
  endfacet
  facet normal 0.608761429 -0.79335334 0
    outer loop
      vertex 27.6621879 -7.3723684 1
      vertex 28.2850885 -6.89439999 7
      vertex 27.6621879 -7.3723684 7
    endloop
  endfacet
  facet normal 0.675590208 -0.737277337 0
    outer loop
      vertex 28.2850885 -6.89439999 1
      vertex 28.863961 -6.36396103 1
      vertex 28.863961 -6.36396103 7
    endloop
  endfacet
  facet normal 0.675590208 -0.737277337 0
    outer loop
      vertex 28.2850885 -6.89439999 1
      vertex 28.863961 -6.36396103 7
      vertex 28.2850885 -6.89439999 7
    endloop
  endfacet
  facet normal 0.737277337 -0.675590208 0
    outer loop
      vertex 28.863961 -6.36396103 1
      vertex 29.3944 -5.78508849 1
      vertex 29.3944 -5.78508849 7
    endloop
  endfacet
  facet normal 0.737277337 -0.675590208 0
    outer loop
      vertex 28.863961 -6.36396103 1
      vertex 29.3944 -5.78508849 7
      vertex 28.863961 -6.36396103 7
    endloop
  endfacet
  facet normal 0.79335334 -0.608761429 0
    outer loop
      vertex 29.3944 -5.78508849 1
      vertex 29.8723684 -5.16218793 1
      vertex 29.8723684 -5.16218793 7
    endloop
  endfacet
  facet normal 0.79335334 -0.608761429 0
    outer loop
      vertex 29.3944 -5.78508849 1
      vertex 29.8723684 -5.16218793 7
      vertex 29.3944 -5.78508849 7
    endloop
  endfacet
  facet normal 0.843391446 -0.537299608 0
    outer loop
      vertex 29.8723684 -5.16218793 1
      vertex 30.2942286 -4.5 1
      vertex 30.2942286 -4.5 7
    endloop
  endfacet
  facet normal 0.843391446 -0.537299608 0
    outer loop
      vertex 29.8723684 -5.16218793 1
      vertex 30.2942286 -4.5 7
      vertex 29.8723684 -5.16218793 7
    endloop
  endfacet
  facet normal 0.887010833 -0.461748613 0
    outer loop
      vertex 30.2942286 -4.5 1
      vertex 30.6567701 -3.80356436 1
      vertex 30.6567701 -3.80356436 7
    endloop
  endfacet
  facet normal 0.887010833 -0.461748613 0
    outer loop
      vertex 30.2942286 -4.5 1
      vertex 30.6567701 -3.80356436 7
      vertex 30.2942286 -4.5 7
    endloop
  endfacet
  facet normal 0.923879533 -0.382683432 0
    outer loop
      vertex 30.6567701 -3.80356436 1
      vertex 30.9572336 -3.07818129 1
      vertex 30.9572336 -3.07818129 7
    endloop
  endfacet
  facet normal 0.923879533 -0.382683432 0
    outer loop
      vertex 30.6567701 -3.80356436 1
      vertex 30.9572336 -3.07818129 7
      vertex 30.6567701 -3.80356436 7
    endloop
  endfacet
  facet normal 0.953716951 -0.3007058 0
    outer loop
      vertex 30.9572336 -3.07818129 1
      vertex 31.1933324 -2.32937141 1
      vertex 31.1933324 -2.32937141 7
    endloop
  endfacet
  facet normal 0.953716951 -0.3007058 0
    outer loop
      vertex 30.9572336 -3.07818129 1
      vertex 31.1933324 -2.32937141 7
      vertex 30.9572336 -3.07818129 7
    endloop
  endfacet
  facet normal 0.976296007 -0.216439614 0
    outer loop
      vertex 31.1933324 -2.32937141 1
      vertex 31.3632698 -1.5628336 1
      vertex 31.3632698 -1.5628336 7
    endloop
  endfacet
  facet normal 0.976296007 -0.216439614 0
    outer loop
      vertex 31.1933324 -2.32937141 1
      vertex 31.3632698 -1.5628336 7
      vertex 31.1933324 -2.32937141 7
    endloop
  endfacet
  facet normal 0.991444861 -0.130526192 0
    outer loop
      vertex 31.3632698 -1.5628336 1
      vertex 31.4657523 -0.784401685 1
      vertex 31.4657523 -0.784401685 7
    endloop
  endfacet
  facet normal 0.991444861 -0.130526192 0
    outer loop
      vertex 31.3632698 -1.5628336 1
      vertex 31.4657523 -0.784401685 7
      vertex 31.3632698 -1.5628336 7
    endloop
  endfacet
  facet normal 0.999048222 -0.0436193874 0
    outer loop
      vertex 31.4657523 -0.784401685 1
      vertex 31.5 0 1
      vertex 31.5 0 7
    endloop
  endfacet
  facet normal 0.999048222 -0.0436193874 0
    outer loop
      vertex 31.4657523 -0.784401685 1
      vertex 31.5 0 7
      vertex 31.4657523 -0.784401685 7
    endloop
  endfacet
  facet normal 0.999048222 0.0436193874 0
    outer loop
      vertex 31.5 0 1
      vertex 31.4657523 0.784401685 1
      vertex 31.4657523 0.784401685 7
    endloop
  endfacet
  facet normal 0.999048222 0.0436193874 -0
    outer loop
      vertex 31.5 0 1
      vertex 31.4657523 0.784401685 7
      vertex 31.5 0 7
    endloop
  endfacet
  facet normal 0.991444861 0.130526192 0
    outer loop
      vertex 31.4657523 0.784401685 1
      vertex 31.3632698 1.5628336 1
      vertex 31.3632698 1.5628336 7
    endloop
  endfacet
  facet normal 0.991444861 0.130526192 -0
    outer loop
      vertex 31.4657523 0.784401685 1
      vertex 31.3632698 1.5628336 7
      vertex 31.4657523 0.784401685 7
    endloop
  endfacet
  facet normal 0.976296007 0.216439614 0
    outer loop
      vertex 31.3632698 1.5628336 1
      vertex 31.1933324 2.32937141 1
      vertex 31.1933324 2.32937141 7
    endloop
  endfacet
  facet normal 0.976296007 0.216439614 -0
    outer loop
      vertex 31.3632698 1.5628336 1
      vertex 31.1933324 2.32937141 7
      vertex 31.3632698 1.5628336 7
    endloop
  endfacet
  facet normal 0.953716951 0.3007058 0
    outer loop
      vertex 31.1933324 2.32937141 1
      vertex 30.9572336 3.07818129 1
      vertex 30.9572336 3.07818129 7
    endloop
  endfacet
  facet normal 0.953716951 0.3007058 -0
    outer loop
      vertex 31.1933324 2.32937141 1
      vertex 30.9572336 3.07818129 7
      vertex 31.1933324 2.32937141 7
    endloop
  endfacet
  facet normal 0.923879533 0.382683432 0
    outer loop
      vertex 30.9572336 3.07818129 1
      vertex 30.6567701 3.80356436 1
      vertex 30.6567701 3.80356436 7
    endloop
  endfacet
  facet normal 0.923879533 0.382683432 -0
    outer loop
      vertex 30.9572336 3.07818129 1
      vertex 30.6567701 3.80356436 7
      vertex 30.9572336 3.07818129 7
    endloop
  endfacet
  facet normal 0.887010833 0.461748613 0
    outer loop
      vertex 30.6567701 3.80356436 1
      vertex 30.2942286 4.5 1
      vertex 30.2942286 4.5 7
    endloop
  endfacet
  facet normal 0.887010833 0.461748613 -0
    outer loop
      vertex 30.6567701 3.80356436 1
      vertex 30.2942286 4.5 7
      vertex 30.6567701 3.80356436 7
    endloop
  endfacet
  facet normal 0.843391446 0.537299608 0
    outer loop
      vertex 30.2942286 4.5 1
      vertex 29.8723684 5.16218793 1
      vertex 29.8723684 5.16218793 7
    endloop
  endfacet
  facet normal 0.843391446 0.537299608 -0
    outer loop
      vertex 30.2942286 4.5 1
      vertex 29.8723684 5.16218793 7
      vertex 30.2942286 4.5 7
    endloop
  endfacet
  facet normal 0.79335334 0.608761429 0
    outer loop
      vertex 29.8723684 5.16218793 1
      vertex 29.3944 5.78508849 1
      vertex 29.3944 5.78508849 7
    endloop
  endfacet
  facet normal 0.79335334 0.608761429 -0
    outer loop
      vertex 29.8723684 5.16218793 1
      vertex 29.3944 5.78508849 7
      vertex 29.8723684 5.16218793 7
    endloop
  endfacet
  facet normal 0.737277337 0.675590208 0
    outer loop
      vertex 29.3944 5.78508849 1
      vertex 28.863961 6.36396103 1
      vertex 28.863961 6.36396103 7
    endloop
  endfacet
  facet normal 0.737277337 0.675590208 -0
    outer loop
      vertex 29.3944 5.78508849 1
      vertex 28.863961 6.36396103 7
      vertex 29.3944 5.78508849 7
    endloop
  endfacet
  facet normal 0.675590208 0.737277337 0
    outer loop
      vertex 28.863961 6.36396103 1
      vertex 28.7155005 6.5 1
      vertex 28.7155005 6.5 7
    endloop
  endfacet
  facet normal 0.675590208 0.737277337 -0
    outer loop
      vertex 28.863961 6.36396103 1
      vertex 28.7155005 6.5 7
      vertex 28.863961 6.36396103 7
    endloop
  endfacet
  facet normal 0.962798561 -0.270220154 0
    outer loop
      vertex 28.7155005 6.5 1
      vertex 28.8163 6.85915 1
      vertex 28.8163 6.85915 7
    endloop
  endfacet
  facet normal 0.962798561 -0.270220154 0
    outer loop
      vertex 28.7155005 6.5 1
      vertex 28.8163 6.85915 7
      vertex 28.7155005 6.5 7
    endloop
  endfacet
  facet normal 0.976696189 -0.214626544 0
    outer loop
      vertex 28.8163 6.85915 1
      vertex 49.5035163 101 1
      vertex 49.5035163 101 7
    endloop
  endfacet
  facet normal 0.976696189 -0.214626544 0
    outer loop
      vertex 28.8163 6.85915 1
      vertex 49.5035163 101 7
      vertex 28.8163 6.85915 7
    endloop
  endfacet
  facet normal 0 1 0
    outer loop
      vertex 49.5035163 101 1
      vertex -49.5035163 101 1
      vertex -49.5035163 101 7
    endloop
  endfacet
  facet normal 0 1 -0
    outer loop
      vertex 49.5035163 101 1
      vertex -49.5035163 101 7
      vertex 49.5035163 101 7
    endloop
  endfacet
  facet normal -0.976696189 -0.214626544 0
    outer loop
      vertex -49.5035163 101 1
      vertex -28.8163 6.85915 1
      vertex -28.8163 6.85915 7
    endloop
  endfacet
  facet normal -0.976696189 -0.214626544 0
    outer loop
      vertex -49.5035163 101 1
      vertex -28.8163 6.85915 7
      vertex -49.5035163 101 7
    endloop
  endfacet
  facet normal -0.962798561 -0.270220154 0
    outer loop
      vertex -28.8163 6.85915 1
      vertex -28.7155005 6.5 1
      vertex -28.7155005 6.5 7
    endloop
  endfacet
  facet normal -0.962798561 -0.270220154 0
    outer loop
      vertex -28.8163 6.85915 1
      vertex -28.7155005 6.5 7
      vertex -28.8163 6.85915 7
    endloop
  endfacet
  facet normal -0.675590208 0.737277337 0
    outer loop
      vertex -28.7155005 6.5 1
      vertex -28.863961 6.36396103 1
      vertex -28.863961 6.36396103 7
    endloop
  endfacet
  facet normal -0.675590208 0.737277337 0
    outer loop
      vertex -28.7155005 6.5 1
      vertex -28.863961 6.36396103 7
      vertex -28.7155005 6.5 7
    endloop
  endfacet
  facet normal -0.737277337 0.675590208 0
    outer loop
      vertex -28.863961 6.36396103 1
      vertex -29.3944 5.78508849 1
      vertex -29.3944 5.78508849 7
    endloop
  endfacet
  facet normal -0.737277337 0.675590208 0
    outer loop
      vertex -28.863961 6.36396103 1
      vertex -29.3944 5.78508849 7
      vertex -28.863961 6.36396103 7
    endloop
  endfacet
  facet normal -0.79335334 0.608761429 0
    outer loop
      vertex -29.3944 5.78508849 1
      vertex -29.8723684 5.16218793 1
      vertex -29.8723684 5.16218793 7
    endloop
  endfacet
  facet normal -0.79335334 0.608761429 0
    outer loop
      vertex -29.3944 5.78508849 1
      vertex -29.8723684 5.16218793 7
      vertex -29.3944 5.78508849 7
    endloop
  endfacet
  facet normal -0.843391446 0.537299608 0
    outer loop
      vertex -29.8723684 5.16218793 1
      vertex -30.2942286 4.5 1
      vertex -30.2942286 4.5 7
    endloop
  endfacet
  facet normal -0.843391446 0.537299608 0
    outer loop
      vertex -29.8723684 5.16218793 1
      vertex -30.2942286 4.5 7
      vertex -29.8723684 5.16218793 7
    endloop
  endfacet
  facet normal -0.887010833 0.461748613 0
    outer loop
      vertex -30.2942286 4.5 1
      vertex -30.6567701 3.80356436 1
      vertex -30.6567701 3.80356436 7
    endloop
  endfacet
  facet normal -0.887010833 0.461748613 0
    outer loop
      vertex -30.2942286 4.5 1
      vertex -30.6567701 3.80356436 7
      vertex -30.2942286 4.5 7
    endloop
  endfacet
  facet normal -0.923879533 0.382683432 0
    outer loop
      vertex -30.6567701 3.80356436 1
      vertex -30.9572336 3.07818129 1
      vertex -30.9572336 3.07818129 7
    endloop
  endfacet
  facet normal -0.923879533 0.382683432 0
    outer loop
      vertex -30.6567701 3.80356436 1
      vertex -30.9572336 3.07818129 7
      vertex -30.6567701 3.80356436 7
    endloop
  endfacet
  facet normal -0.953716951 0.3007058 0
    outer loop
      vertex -30.9572336 3.07818129 1
      vertex -31.1933324 2.32937141 1
      vertex -31.1933324 2.32937141 7
    endloop
  endfacet
  facet normal -0.953716951 0.3007058 0
    outer loop
      vertex -30.9572336 3.07818129 1
      vertex -31.1933324 2.32937141 7
      vertex -30.9572336 3.07818129 7
    endloop
  endfacet
  facet normal -0.976296007 0.216439614 0
    outer loop
      vertex -31.1933324 2.32937141 1
      vertex -31.3632698 1.5628336 1
      vertex -31.3632698 1.5628336 7
    endloop
  endfacet
  facet normal -0.976296007 0.216439614 0
    outer loop
      vertex -31.1933324 2.32937141 1
      vertex -31.3632698 1.5628336 7
      vertex -31.1933324 2.32937141 7
    endloop
  endfacet
  facet normal -0.991444861 0.130526192 0
    outer loop
      vertex -31.3632698 1.5628336 1
      vertex -31.4657523 0.784401685 1
      vertex -31.4657523 0.784401685 7
    endloop
  endfacet
  facet normal -0.991444861 0.130526192 0
    outer loop
      vertex -31.3632698 1.5628336 1
      vertex -31.4657523 0.784401685 7
      vertex -31.3632698 1.5628336 7
    endloop
  endfacet
  facet normal -0.999048222 0.0436193874 0
    outer loop
      vertex -31.4657523 0.784401685 1
      vertex -31.5 1.11022302e-15 1
      vertex -31.5 1.11022302e-15 7
    endloop
  endfacet
  facet normal -0.999048222 0.0436193874 0
    outer loop
      vertex -31.4657523 0.784401685 1
      vertex -31.5 1.11022302e-15 7
      vertex -31.4657523 0.784401685 7
    endloop
  endfacet
  facet normal -0.999048222 -0.0436193874 0
    outer loop
      vertex -31.5 1.11022302e-15 1
      vertex -31.4657523 -0.784401685 1
      vertex -31.4657523 -0.784401685 7
    endloop
  endfacet
  facet normal -0.999048222 -0.0436193874 0
    outer loop
      vertex -31.5 1.11022302e-15 1
      vertex -31.4657523 -0.784401685 7
      vertex -31.5 1.11022302e-15 7
    endloop
  endfacet
  facet normal -0.991444861 -0.130526192 0
    outer loop
      vertex -31.4657523 -0.784401685 1
      vertex -31.3632698 -1.5628336 1
      vertex -31.3632698 -1.5628336 7
    endloop
  endfacet
  facet normal -0.991444861 -0.130526192 0
    outer loop
      vertex -31.4657523 -0.784401685 1
      vertex -31.3632698 -1.5628336 7
      vertex -31.4657523 -0.784401685 7
    endloop
  endfacet
  facet normal -0.976296007 -0.216439614 0
    outer loop
      vertex -31.3632698 -1.5628336 1
      vertex -31.1933324 -2.32937141 1
      vertex -31.1933324 -2.32937141 7
    endloop
  endfacet
  facet normal -0.976296007 -0.216439614 0
    outer loop
      vertex -31.3632698 -1.5628336 1
      vertex -31.1933324 -2.32937141 7
      vertex -31.3632698 -1.5628336 7
    endloop
  endfacet
  facet normal -0.953716951 -0.3007058 0
    outer loop
      vertex -31.1933324 -2.32937141 1
      vertex -30.9572336 -3.07818129 1
      vertex -30.9572336 -3.07818129 7
    endloop
  endfacet
  facet normal -0.953716951 -0.3007058 0
    outer loop
      vertex -31.1933324 -2.32937141 1
      vertex -30.9572336 -3.07818129 7
      vertex -31.1933324 -2.32937141 7
    endloop
  endfacet
  facet normal -0.923879533 -0.382683432 0
    outer loop
      vertex -30.9572336 -3.07818129 1
      vertex -30.6567701 -3.80356436 1
      vertex -30.6567701 -3.80356436 7
    endloop
  endfacet
  facet normal -0.923879533 -0.382683432 0
    outer loop
      vertex -30.9572336 -3.07818129 1
      vertex -30.6567701 -3.80356436 7
      vertex -30.9572336 -3.07818129 7
    endloop
  endfacet
  facet normal -0.887010833 -0.461748613 0
    outer loop
      vertex -30.6567701 -3.80356436 1
      vertex -30.2942286 -4.5 1
      vertex -30.2942286 -4.5 7
    endloop
  endfacet
  facet normal -0.887010833 -0.461748613 0
    outer loop
      vertex -30.6567701 -3.80356436 1
      vertex -30.2942286 -4.5 7
      vertex -30.6567701 -3.80356436 7
    endloop
  endfacet
  facet normal -0.843391446 -0.537299608 0
    outer loop
      vertex -30.2942286 -4.5 1
      vertex -29.8723684 -5.16218793 1
      vertex -29.8723684 -5.16218793 7
    endloop
  endfacet
  facet normal -0.843391446 -0.537299608 0
    outer loop
      vertex -30.2942286 -4.5 1
      vertex -29.8723684 -5.16218793 7
      vertex -30.2942286 -4.5 7
    endloop
  endfacet
  facet normal -0.79335334 -0.608761429 0
    outer loop
      vertex -29.8723684 -5.16218793 1
      vertex -29.3944 -5.78508849 1
      vertex -29.3944 -5.78508849 7
    endloop
  endfacet
  facet normal -0.79335334 -0.608761429 0
    outer loop
      vertex -29.8723684 -5.16218793 1
      vertex -29.3944 -5.78508849 7
      vertex -29.8723684 -5.16218793 7
    endloop
  endfacet
  facet normal -0.737277337 -0.675590208 0
    outer loop
      vertex -29.3944 -5.78508849 1
      vertex -28.863961 -6.36396103 1
      vertex -28.863961 -6.36396103 7
    endloop
  endfacet
  facet normal -0.737277337 -0.675590208 0
    outer loop
      vertex -29.3944 -5.78508849 1
      vertex -28.863961 -6.36396103 7
      vertex -29.3944 -5.78508849 7
    endloop
  endfacet
  facet normal -0.675590208 -0.737277337 0
    outer loop
      vertex -28.863961 -6.36396103 1
      vertex -28.2850885 -6.89439999 1
      vertex -28.2850885 -6.89439999 7
    endloop
  endfacet
  facet normal -0.675590208 -0.737277337 0
    outer loop
      vertex -28.863961 -6.36396103 1
      vertex -28.2850885 -6.89439999 7
      vertex -28.863961 -6.36396103 7
    endloop
  endfacet
  facet normal -0.608761429 -0.79335334 0
    outer loop
      vertex -28.2850885 -6.89439999 1
      vertex -27.6621879 -7.3723684 1
      vertex -27.6621879 -7.3723684 7
    endloop
  endfacet
  facet normal -0.608761429 -0.79335334 0
    outer loop
      vertex -28.2850885 -6.89439999 1
      vertex -27.6621879 -7.3723684 7
      vertex -28.2850885 -6.89439999 7
    endloop
  endfacet
  facet normal -0.537299608 -0.843391446 0
    outer loop
      vertex -27.6621879 -7.3723684 1
      vertex -27 -7.79422863 1
      vertex -27 -7.79422863 7
    endloop
  endfacet
  facet normal -0.537299608 -0.843391446 0
    outer loop
      vertex -27.6621879 -7.3723684 1
      vertex -27 -7.79422863 7
      vertex -27.6621879 -7.3723684 7
    endloop
  endfacet
  facet normal -0.461748613 -0.887010833 0
    outer loop
      vertex -27 -7.79422863 1
      vertex -26.3035644 -8.15677008 1
      vertex -26.3035644 -8.15677008 7
    endloop
  endfacet
  facet normal -0.461748613 -0.887010833 0
    outer loop
      vertex -27 -7.79422863 1
      vertex -26.3035644 -8.15677008 7
      vertex -27 -7.79422863 7
    endloop
  endfacet
  facet normal -0.382683432 -0.923879533 0
    outer loop
      vertex -26.3035644 -8.15677008 1
      vertex -25.5781813 -8.45723359 1
      vertex -25.5781813 -8.45723359 7
    endloop
  endfacet
  facet normal -0.382683432 -0.923879533 0
    outer loop
      vertex -26.3035644 -8.15677008 1
      vertex -25.5781813 -8.45723359 7
      vertex -26.3035644 -8.15677008 7
    endloop
  endfacet
  facet normal -0.3007058 -0.953716951 0
    outer loop
      vertex -25.5781813 -8.45723359 1
      vertex -24.8293714 -8.69333244 1
      vertex -24.8293714 -8.69333244 7
    endloop
  endfacet
  facet normal -0.3007058 -0.953716951 0
    outer loop
      vertex -25.5781813 -8.45723359 1
      vertex -24.8293714 -8.69333244 7
      vertex -25.5781813 -8.45723359 7
    endloop
  endfacet
  facet normal -0.216439614 -0.976296007 0
    outer loop
      vertex -24.8293714 -8.69333244 1
      vertex -24.0628336 -8.86326978 1
      vertex -24.0628336 -8.86326978 7
    endloop
  endfacet
  facet normal -0.216439614 -0.976296007 0
    outer loop
      vertex -24.8293714 -8.69333244 1
      vertex -24.0628336 -8.86326978 7
      vertex -24.8293714 -8.69333244 7
    endloop
  endfacet
  facet normal -0.130526192 -0.991444861 0
    outer loop
      vertex -24.0628336 -8.86326978 1
      vertex -23.2844017 -8.96575228 1
      vertex -23.2844017 -8.96575228 7
    endloop
  endfacet
  facet normal -0.130526192 -0.991444861 0
    outer loop
      vertex -24.0628336 -8.86326978 1
      vertex -23.2844017 -8.96575228 7
      vertex -24.0628336 -8.86326978 7
    endloop
  endfacet
  facet normal -0.0436193874 -0.999048222 0
    outer loop
      vertex -23.2844017 -8.96575228 1
      vertex -22.5 -9 1
      vertex -22.5 -9 7
    endloop
  endfacet
  facet normal -0.0436193874 -0.999048222 0
    outer loop
      vertex -23.2844017 -8.96575228 1
      vertex -22.5 -9 7
      vertex -23.2844017 -8.96575228 7
    endloop
  endfacet
  facet normal -0.582189984 0.401316362 -0.707106781
    outer loop
      vertex 29.7866847 94 0
      vertex -0 50.7884315 0
      vertex 0 52.5504 1
    endloop
  endfacet
  facet normal -0.582189984 0.401316362 -0.707106781
    outer loop
      vertex 29.7866847 94 0
      vertex 0 52.5504 1
      vertex 27.8827991 93 1
    endloop
  endfacet
  facet normal 0.582189984 0.401316362 -0.707106781
    outer loop
      vertex -0 50.7884315 0
      vertex -29.7866847 94 0
      vertex -27.8827991 93 1
    endloop
  endfacet
  facet normal 0.582189984 0.401316362 -0.707106781
    outer loop
      vertex -0 50.7884315 0
      vertex -27.8827991 93 1
      vertex 0 52.5504 1
    endloop
  endfacet
  facet normal 0 -0.707106781 -0.707106781
    outer loop
      vertex -29.7866847 94 0
      vertex 29.7866847 94 0
      vertex 27.8827991 93 1
    endloop
  endfacet
  facet normal 0 -0.707106781 -0.707106781
    outer loop
      vertex -29.7866847 94 0
      vertex 27.8827991 93 1
      vertex -27.8827991 93 1
    endloop
  endfacet
  facet normal -0.823340971 0.567547043 0
    outer loop
      vertex 27.8827991 93 1
      vertex 0 52.5504 1
      vertex 0 52.5504 7
    endloop
  endfacet
  facet normal -0.823340971 0.567547043 0
    outer loop
      vertex 27.8827991 93 1
      vertex 0 52.5504 7
      vertex 27.8827991 93 7
    endloop
  endfacet
  facet normal 0.823340971 0.567547043 0
    outer loop
      vertex 0 52.5504 1
      vertex -27.8827991 93 1
      vertex -27.8827991 93 7
    endloop
  endfacet
  facet normal 0.823340971 0.567547043 -0
    outer loop
      vertex 0 52.5504 1
      vertex -27.8827991 93 7
      vertex 0 52.5504 7
    endloop
  endfacet
  facet normal 0 -1 0
    outer loop
      vertex -27.8827991 93 1
      vertex 27.8827991 93 1
      vertex 27.8827991 93 7
    endloop
  endfacet
  facet normal 0 -1 0
    outer loop
      vertex -27.8827991 93 1
      vertex 27.8827991 93 7
      vertex -27.8827991 93 7
    endloop
  endfacet
  facet normal 0.582893633 0.400293658 -0.707106781
    outer loop
      vertex 19.128652 23 0
      vertex 3.04554883 46.4196527 0
      vertex 4.26088 46.4164 1
    endloop
  endfacet
  facet normal 0.582893633 0.400293658 -0.707106781
    outer loop
      vertex 19.128652 23 0
      vertex 4.26088 46.4164 1
      vertex 19.6550141 24 1
    endloop
  endfacet
  facet normal 0.580742641 -0.403407963 -0.707106781
    outer loop
      vertex 3.04554883 46.4196527 0
      vertex 39.9815445 99.5923949 0
      vertex 37.9205 94.8725 1
    endloop
  endfacet
  facet normal 0.580742641 -0.403407963 -0.707106781
    outer loop
      vertex 3.04554883 46.4196527 0
      vertex 37.9205 94.8725 1
      vertex 4.26088 46.4164 1
    endloop
  endfacet
  facet normal -0.690628512 0.151763824 -0.707106781
    outer loop
      vertex 39.9815445 99.5923949 0
      vertex 23.1505644 23 0
      vertex 22.346452 24 1
    endloop
  endfacet
  facet normal -0.690628512 0.151763824 -0.707106781
    outer loop
      vertex 39.9815445 99.5923949 0
      vertex 22.346452 24 1
      vertex 37.9205 94.8725 1
    endloop
  endfacet
  facet normal 0 0.707106781 -0.707106781
    outer loop
      vertex 23.1505644 23 0
      vertex 19.128652 23 0
      vertex 19.6550141 24 1
    endloop
  endfacet
  facet normal 0 0.707106781 -0.707106781
    outer loop
      vertex 23.1505644 23 0
      vertex 19.6550141 24 1
      vertex 22.346452 24 1
    endloop
  endfacet
  facet normal 0.824336081 0.56610072 0
    outer loop
      vertex 19.6550141 24 1
      vertex 4.26088 46.4164 1
      vertex 4.26088 46.4164 7
    endloop
  endfacet
  facet normal 0.824336081 0.56610072 -0
    outer loop
      vertex 19.6550141 24 1
      vertex 4.26088 46.4164 7
      vertex 19.6550141 24 7
    endloop
  endfacet
  facet normal 0.821294119 -0.570505013 0
    outer loop
      vertex 4.26088 46.4164 1
      vertex 37.9205 94.8725 1
      vertex 37.9205 94.8725 7
    endloop
  endfacet
  facet normal 0.821294119 -0.570505013 0
    outer loop
      vertex 4.26088 46.4164 1
      vertex 37.9205 94.8725 7
      vertex 4.26088 46.4164 7
    endloop
  endfacet
  facet normal -0.976696209 0.214626458 0
    outer loop
      vertex 37.9205 94.8725 1
      vertex 22.346452 24 1
      vertex 22.346452 24 7
    endloop
  endfacet
  facet normal -0.976696209 0.214626458 0
    outer loop
      vertex 37.9205 94.8725 1
      vertex 22.346452 24 7
      vertex 37.9205 94.8725 7
    endloop
  endfacet
  facet normal 0 1 0
    outer loop
      vertex 22.346452 24 1
      vertex 19.6550141 24 1
      vertex 19.6550141 24 7
    endloop
  endfacet
  facet normal 0 1 -0
    outer loop
      vertex 22.346452 24 1
      vertex 19.6550141 24 7
      vertex 22.346452 24 7
    endloop
  endfacet
  facet normal -0.637214584 -0.306524996 -0.707106781
    outer loop
      vertex -0 42.5893487 0
      vertex 16.5907228 8.09999 0
      vertex 15 9.09999 1
    endloop
  endfacet
  facet normal -0.637214584 -0.306524996 -0.707106781
    outer loop
      vertex -0 42.5893487 0
      vertex 15 9.09999 1
      vertex 0 40.2825 1
    endloop
  endfacet
  facet normal 0 0.707106781 -0.707106781
    outer loop
      vertex 16.5907228 8.09999 0
      vertex -16.5907228 8.09999 0
      vertex -15 9.09999 1
    endloop
  endfacet
  facet normal 0 0.707106781 -0.707106781
    outer loop
      vertex 16.5907228 8.09999 0
      vertex -15 9.09999 1
      vertex 15 9.09999 1
    endloop
  endfacet
  facet normal 0.637214584 -0.306524996 -0.707106781
    outer loop
      vertex -16.5907228 8.09999 0
      vertex -0 42.5893487 0
      vertex 0 40.2825 1
    endloop
  endfacet
  facet normal 0.637214584 -0.306524996 -0.707106781
    outer loop
      vertex -16.5907228 8.09999 0
      vertex 0 40.2825 1
      vertex -15 9.09999 1
    endloop
  endfacet
  facet normal -0.901157507 -0.433491807 0
    outer loop
      vertex 0 40.2825 1
      vertex 15 9.09999 1
      vertex 15 9.09999 7
    endloop
  endfacet
  facet normal -0.901157507 -0.433491807 0
    outer loop
      vertex 0 40.2825 1
      vertex 15 9.09999 7
      vertex 0 40.2825 7
    endloop
  endfacet
  facet normal 0 1 0
    outer loop
      vertex 15 9.09999 1
      vertex -15 9.09999 1
      vertex -15 9.09999 7
    endloop
  endfacet
  facet normal 0 1 -0
    outer loop
      vertex 15 9.09999 1
      vertex -15 9.09999 7
      vertex 15 9.09999 7
    endloop
  endfacet
  facet normal 0.901157507 -0.433491807 0
    outer loop
      vertex -15 9.09999 1
      vertex 0 40.2825 1
      vertex 0 40.2825 7
    endloop
  endfacet
  facet normal 0.901157507 -0.433491807 0
    outer loop
      vertex -15 9.09999 1
      vertex 0 40.2825 7
      vertex -15 9.09999 7
    endloop
  endfacet
  facet normal 0.690628512 0.151763824 -0.707106781
    outer loop
      vertex -23.1505644 23 0
      vertex -39.9815445 99.5923949 0
      vertex -37.9205 94.8725 1
    endloop
  endfacet
  facet normal 0.690628512 0.151763824 -0.707106781
    outer loop
      vertex -23.1505644 23 0
      vertex -37.9205 94.8725 1
      vertex -22.346452 24 1
    endloop
  endfacet
  facet normal -0.580742641 -0.403407963 -0.707106781
    outer loop
      vertex -39.9815445 99.5923949 0
      vertex -3.04554883 46.4196527 0
      vertex -4.26088 46.4164 1
    endloop
  endfacet
  facet normal -0.580742641 -0.403407963 -0.707106781
    outer loop
      vertex -39.9815445 99.5923949 0
      vertex -4.26088 46.4164 1
      vertex -37.9205 94.8725 1
    endloop
  endfacet
  facet normal -0.582893633 0.400293658 -0.707106781
    outer loop
      vertex -3.04554883 46.4196527 0
      vertex -19.128652 23 0
      vertex -19.6550141 24 1
    endloop
  endfacet
  facet normal -0.582893633 0.400293658 -0.707106781
    outer loop
      vertex -3.04554883 46.4196527 0
      vertex -19.6550141 24 1
      vertex -4.26088 46.4164 1
    endloop
  endfacet
  facet normal 0 0.707106781 -0.707106781
    outer loop
      vertex -19.128652 23 0
      vertex -23.1505644 23 0
      vertex -22.346452 24 1
    endloop
  endfacet
  facet normal 0 0.707106781 -0.707106781
    outer loop
      vertex -19.128652 23 0
      vertex -22.346452 24 1
      vertex -19.6550141 24 1
    endloop
  endfacet
  facet normal 0.976696209 0.214626458 0
    outer loop
      vertex -22.346452 24 1
      vertex -37.9205 94.8725 1
      vertex -37.9205 94.8725 7
    endloop
  endfacet
  facet normal 0.976696209 0.214626458 -0
    outer loop
      vertex -22.346452 24 1
      vertex -37.9205 94.8725 7
      vertex -22.346452 24 7
    endloop
  endfacet
  facet normal -0.821294119 -0.570505013 0
    outer loop
      vertex -37.9205 94.8725 1
      vertex -4.26088 46.4164 1
      vertex -4.26088 46.4164 7
    endloop
  endfacet
  facet normal -0.821294119 -0.570505013 0
    outer loop
      vertex -37.9205 94.8725 1
      vertex -4.26088 46.4164 7
      vertex -37.9205 94.8725 7
    endloop
  endfacet
  facet normal -0.824336081 0.56610072 0
    outer loop
      vertex -4.26088 46.4164 1
      vertex -19.6550141 24 1
      vertex -19.6550141 24 7
    endloop
  endfacet
  facet normal -0.824336081 0.56610072 0
    outer loop
      vertex -4.26088 46.4164 1
      vertex -19.6550141 24 7
      vertex -4.26088 46.4164 7
    endloop
  endfacet
  facet normal 0 1 0
    outer loop
      vertex -19.6550141 24 1
      vertex -22.346452 24 1
      vertex -22.346452 24 7
    endloop
  endfacet
  facet normal 0 1 -0
    outer loop
      vertex -19.6550141 24 1
      vertex -22.346452 24 7
      vertex -19.6550141 24 7
    endloop
  endfacet
  facet normal -0.991444861 0.130526192 0
    outer loop
      vertex -19.5076106 -0.174311485 0
      vertex -19.5303845 -0.347296355 0
      vertex -19.5303845 -0.347296355 2.885
    endloop
  endfacet
  facet normal -0.991444861 0.130526192 0
    outer loop
      vertex -19.5076106 -0.174311485 0
      vertex -19.5303845 -0.347296355 2.885
      vertex -19.5076106 -0.174311485 2.885
    endloop
  endfacet
  facet normal -0.976296007 0.216439614 0
    outer loop
      vertex -19.5303845 -0.347296355 0
      vertex -19.5681483 -0.51763809 0
      vertex -19.5681483 -0.51763809 2.885
    endloop
  endfacet
  facet normal -0.976296007 0.216439614 0
    outer loop
      vertex -19.5303845 -0.347296355 0
      vertex -19.5681483 -0.51763809 2.885
      vertex -19.5303845 -0.347296355 2.885
    endloop
  endfacet
  facet normal -0.953716951 0.3007058 0
    outer loop
      vertex -19.5681483 -0.51763809 0
      vertex -19.6206148 -0.684040287 0
      vertex -19.6206148 -0.684040287 2.885
    endloop
  endfacet
  facet normal -0.953716951 0.3007058 0
    outer loop
      vertex -19.5681483 -0.51763809 0
      vertex -19.6206148 -0.684040287 2.885
      vertex -19.5681483 -0.51763809 2.885
    endloop
  endfacet
  facet normal -0.923879533 0.382683432 0
    outer loop
      vertex -19.6206148 -0.684040287 0
      vertex -19.6873844 -0.845236523 0
      vertex -19.6873844 -0.845236523 2.885
    endloop
  endfacet
  facet normal -0.923879533 0.382683432 0
    outer loop
      vertex -19.6206148 -0.684040287 0
      vertex -19.6873844 -0.845236523 2.885
      vertex -19.6206148 -0.684040287 2.885
    endloop
  endfacet
  facet normal -0.887010833 0.461748613 0
    outer loop
      vertex -19.6873844 -0.845236523 0
      vertex -19.7679492 -1 0
      vertex -19.7679492 -1 2.885
    endloop
  endfacet
  facet normal -0.887010833 0.461748613 0
    outer loop
      vertex -19.6873844 -0.845236523 0
      vertex -19.7679492 -1 2.885
      vertex -19.6873844 -0.845236523 2.885
    endloop
  endfacet
  facet normal -0.843391446 0.537299608 0
    outer loop
      vertex -19.7679492 -1 0
      vertex -19.8616959 -1.14715287 0
      vertex -19.8616959 -1.14715287 2.885
    endloop
  endfacet
  facet normal -0.843391446 0.537299608 0
    outer loop
      vertex -19.7679492 -1 0
      vertex -19.8616959 -1.14715287 2.885
      vertex -19.7679492 -1 2.885
    endloop
  endfacet
  facet normal -0.79335334 0.608761429 0
    outer loop
      vertex -19.8616959 -1.14715287 0
      vertex -19.9679111 -1.28557522 0
      vertex -19.9679111 -1.28557522 2.885
    endloop
  endfacet
  facet normal -0.79335334 0.608761429 0
    outer loop
      vertex -19.8616959 -1.14715287 0
      vertex -19.9679111 -1.28557522 2.885
      vertex -19.8616959 -1.14715287 2.885
    endloop
  endfacet
  facet normal -0.737277337 0.675590208 0
    outer loop
      vertex -19.9679111 -1.28557522 0
      vertex -20.0857864 -1.41421356 0
      vertex -20.0857864 -1.41421356 2.885
    endloop
  endfacet
  facet normal -0.737277337 0.675590208 0
    outer loop
      vertex -19.9679111 -1.28557522 0
      vertex -20.0857864 -1.41421356 2.885
      vertex -19.9679111 -1.28557522 2.885
    endloop
  endfacet
  facet normal -0.675590208 0.737277337 0
    outer loop
      vertex -20.0857864 -1.41421356 0
      vertex -20.2144248 -1.53208889 0
      vertex -20.2144248 -1.53208889 2.885
    endloop
  endfacet
  facet normal -0.675590208 0.737277337 0
    outer loop
      vertex -20.0857864 -1.41421356 0
      vertex -20.2144248 -1.53208889 2.885
      vertex -20.0857864 -1.41421356 2.885
    endloop
  endfacet
  facet normal -0.608761429 0.79335334 0
    outer loop
      vertex -20.2144248 -1.53208889 0
      vertex -20.3528471 -1.63830409 0
      vertex -20.3528471 -1.63830409 2.885
    endloop
  endfacet
  facet normal -0.608761429 0.79335334 0
    outer loop
      vertex -20.2144248 -1.53208889 0
      vertex -20.3528471 -1.63830409 2.885
      vertex -20.2144248 -1.53208889 2.885
    endloop
  endfacet
  facet normal -0.537299608 0.843391446 0
    outer loop
      vertex -20.3528471 -1.63830409 0
      vertex -20.5 -1.73205081 0
      vertex -20.5 -1.73205081 2.885
    endloop
  endfacet
  facet normal -0.537299608 0.843391446 0
    outer loop
      vertex -20.3528471 -1.63830409 0
      vertex -20.5 -1.73205081 2.885
      vertex -20.3528471 -1.63830409 2.885
    endloop
  endfacet
  facet normal -0.461748613 0.887010833 0
    outer loop
      vertex -20.5 -1.73205081 0
      vertex -20.6547635 -1.81261557 0
      vertex -20.6547635 -1.81261557 2.885
    endloop
  endfacet
  facet normal -0.461748613 0.887010833 0
    outer loop
      vertex -20.5 -1.73205081 0
      vertex -20.6547635 -1.81261557 2.885
      vertex -20.5 -1.73205081 2.885
    endloop
  endfacet
  facet normal -0.382683432 0.923879533 0
    outer loop
      vertex -20.6547635 -1.81261557 0
      vertex -20.8159597 -1.87938524 0
      vertex -20.8159597 -1.87938524 2.885
    endloop
  endfacet
  facet normal -0.382683432 0.923879533 0
    outer loop
      vertex -20.6547635 -1.81261557 0
      vertex -20.8159597 -1.87938524 2.885
      vertex -20.6547635 -1.81261557 2.885
    endloop
  endfacet
  facet normal -0.3007058 0.953716951 0
    outer loop
      vertex -20.8159597 -1.87938524 0
      vertex -20.9823619 -1.93185165 0
      vertex -20.9823619 -1.93185165 2.885
    endloop
  endfacet
  facet normal -0.3007058 0.953716951 0
    outer loop
      vertex -20.8159597 -1.87938524 0
      vertex -20.9823619 -1.93185165 2.885
      vertex -20.8159597 -1.87938524 2.885
    endloop
  endfacet
  facet normal -0.216439614 0.976296007 0
    outer loop
      vertex -20.9823619 -1.93185165 0
      vertex -21.1527036 -1.96961551 0
      vertex -21.1527036 -1.96961551 2.885
    endloop
  endfacet
  facet normal -0.216439614 0.976296007 0
    outer loop
      vertex -20.9823619 -1.93185165 0
      vertex -21.1527036 -1.96961551 2.885
      vertex -20.9823619 -1.93185165 2.885
    endloop
  endfacet
  facet normal -0.130526192 0.991444861 0
    outer loop
      vertex -21.1527036 -1.96961551 0
      vertex -21.3256885 -1.9923894 0
      vertex -21.3256885 -1.9923894 2.885
    endloop
  endfacet
  facet normal -0.130526192 0.991444861 0
    outer loop
      vertex -21.1527036 -1.96961551 0
      vertex -21.3256885 -1.9923894 2.885
      vertex -21.1527036 -1.96961551 2.885
    endloop
  endfacet
  facet normal -0.0436193874 0.999048222 0
    outer loop
      vertex -21.3256885 -1.9923894 0
      vertex -21.5 -2 0
      vertex -21.5 -2 2.885
    endloop
  endfacet
  facet normal -0.0436193874 0.999048222 0
    outer loop
      vertex -21.3256885 -1.9923894 0
      vertex -21.5 -2 2.885
      vertex -21.3256885 -1.9923894 2.885
    endloop
  endfacet
  facet normal 0.0436193874 0.999048222 0
    outer loop
      vertex -21.5 -2 0
      vertex -21.6743115 -1.9923894 0
      vertex -21.6743115 -1.9923894 2.885
    endloop
  endfacet
  facet normal 0.0436193874 0.999048222 -0
    outer loop
      vertex -21.5 -2 0
      vertex -21.6743115 -1.9923894 2.885
      vertex -21.5 -2 2.885
    endloop
  endfacet
  facet normal 0.130526192 0.991444861 0
    outer loop
      vertex -21.6743115 -1.9923894 0
      vertex -21.8472964 -1.96961551 0
      vertex -21.8472964 -1.96961551 2.885
    endloop
  endfacet
  facet normal 0.130526192 0.991444861 -0
    outer loop
      vertex -21.6743115 -1.9923894 0
      vertex -21.8472964 -1.96961551 2.885
      vertex -21.6743115 -1.9923894 2.885
    endloop
  endfacet
  facet normal 0.216439614 0.976296007 0
    outer loop
      vertex -21.8472964 -1.96961551 0
      vertex -22.0176381 -1.93185165 0
      vertex -22.0176381 -1.93185165 2.885
    endloop
  endfacet
  facet normal 0.216439614 0.976296007 -0
    outer loop
      vertex -21.8472964 -1.96961551 0
      vertex -22.0176381 -1.93185165 2.885
      vertex -21.8472964 -1.96961551 2.885
    endloop
  endfacet
  facet normal 0.3007058 0.953716951 0
    outer loop
      vertex -22.0176381 -1.93185165 0
      vertex -22.1840403 -1.87938524 0
      vertex -22.1840403 -1.87938524 2.885
    endloop
  endfacet
  facet normal 0.3007058 0.953716951 -0
    outer loop
      vertex -22.0176381 -1.93185165 0
      vertex -22.1840403 -1.87938524 2.885
      vertex -22.0176381 -1.93185165 2.885
    endloop
  endfacet
  facet normal 0.382683432 0.923879533 0
    outer loop
      vertex -22.1840403 -1.87938524 0
      vertex -22.3452365 -1.81261557 0
      vertex -22.3452365 -1.81261557 2.885
    endloop
  endfacet
  facet normal 0.382683432 0.923879533 -0
    outer loop
      vertex -22.1840403 -1.87938524 0
      vertex -22.3452365 -1.81261557 2.885
      vertex -22.1840403 -1.87938524 2.885
    endloop
  endfacet
  facet normal 0.461748613 0.887010833 0
    outer loop
      vertex -22.3452365 -1.81261557 0
      vertex -22.5 -1.73205081 0
      vertex -22.5 -1.73205081 2.885
    endloop
  endfacet
  facet normal 0.461748613 0.887010833 -0
    outer loop
      vertex -22.3452365 -1.81261557 0
      vertex -22.5 -1.73205081 2.885
      vertex -22.3452365 -1.81261557 2.885
    endloop
  endfacet
  facet normal 0.537299608 0.843391446 0
    outer loop
      vertex -22.5 -1.73205081 0
      vertex -22.6471529 -1.63830409 0
      vertex -22.6471529 -1.63830409 2.885
    endloop
  endfacet
  facet normal 0.537299608 0.843391446 -0
    outer loop
      vertex -22.5 -1.73205081 0
      vertex -22.6471529 -1.63830409 2.885
      vertex -22.5 -1.73205081 2.885
    endloop
  endfacet
  facet normal 0.608761429 0.79335334 0
    outer loop
      vertex -22.6471529 -1.63830409 0
      vertex -22.7855752 -1.53208889 0
      vertex -22.7855752 -1.53208889 2.885
    endloop
  endfacet
  facet normal 0.608761429 0.79335334 -0
    outer loop
      vertex -22.6471529 -1.63830409 0
      vertex -22.7855752 -1.53208889 2.885
      vertex -22.6471529 -1.63830409 2.885
    endloop
  endfacet
  facet normal 0.675590208 0.737277337 0
    outer loop
      vertex -22.7855752 -1.53208889 0
      vertex -22.9142136 -1.41421356 0
      vertex -22.9142136 -1.41421356 2.885
    endloop
  endfacet
  facet normal 0.675590208 0.737277337 -0
    outer loop
      vertex -22.7855752 -1.53208889 0
      vertex -22.9142136 -1.41421356 2.885
      vertex -22.7855752 -1.53208889 2.885
    endloop
  endfacet
  facet normal 0.737277337 0.675590208 0
    outer loop
      vertex -22.9142136 -1.41421356 0
      vertex -23.0320889 -1.28557522 0
      vertex -23.0320889 -1.28557522 2.885
    endloop
  endfacet
  facet normal 0.737277337 0.675590208 -0
    outer loop
      vertex -22.9142136 -1.41421356 0
      vertex -23.0320889 -1.28557522 2.885
      vertex -22.9142136 -1.41421356 2.885
    endloop
  endfacet
  facet normal 0.79335334 0.608761429 0
    outer loop
      vertex -23.0320889 -1.28557522 0
      vertex -23.1383041 -1.14715287 0
      vertex -23.1383041 -1.14715287 2.885
    endloop
  endfacet
  facet normal 0.79335334 0.608761429 -0
    outer loop
      vertex -23.0320889 -1.28557522 0
      vertex -23.1383041 -1.14715287 2.885
      vertex -23.0320889 -1.28557522 2.885
    endloop
  endfacet
  facet normal 0.843391446 0.537299608 0
    outer loop
      vertex -23.1383041 -1.14715287 0
      vertex -23.2320508 -1 0
      vertex -23.2320508 -1 2.885
    endloop
  endfacet
  facet normal 0.843391446 0.537299608 -0
    outer loop
      vertex -23.1383041 -1.14715287 0
      vertex -23.2320508 -1 2.885
      vertex -23.1383041 -1.14715287 2.885
    endloop
  endfacet
  facet normal 0.887010833 0.461748613 0
    outer loop
      vertex -23.2320508 -1 0
      vertex -23.3126156 -0.845236523 0
      vertex -23.3126156 -0.845236523 2.885
    endloop
  endfacet
  facet normal 0.887010833 0.461748613 -0
    outer loop
      vertex -23.2320508 -1 0
      vertex -23.3126156 -0.845236523 2.885
      vertex -23.2320508 -1 2.885
    endloop
  endfacet
  facet normal 0.923879533 0.382683432 0
    outer loop
      vertex -23.3126156 -0.845236523 0
      vertex -23.3793852 -0.684040287 0
      vertex -23.3793852 -0.684040287 2.885
    endloop
  endfacet
  facet normal 0.923879533 0.382683432 -0
    outer loop
      vertex -23.3126156 -0.845236523 0
      vertex -23.3793852 -0.684040287 2.885
      vertex -23.3126156 -0.845236523 2.885
    endloop
  endfacet
  facet normal 0.953716951 0.3007058 0
    outer loop
      vertex -23.3793852 -0.684040287 0
      vertex -23.4318517 -0.51763809 0
      vertex -23.4318517 -0.51763809 2.885
    endloop
  endfacet
  facet normal 0.953716951 0.3007058 -0
    outer loop
      vertex -23.3793852 -0.684040287 0
      vertex -23.4318517 -0.51763809 2.885
      vertex -23.3793852 -0.684040287 2.885
    endloop
  endfacet
  facet normal 0.976296007 0.216439614 0
    outer loop
      vertex -23.4318517 -0.51763809 0
      vertex -23.4696155 -0.347296355 0
      vertex -23.4696155 -0.347296355 2.885
    endloop
  endfacet
  facet normal 0.976296007 0.216439614 -0
    outer loop
      vertex -23.4318517 -0.51763809 0
      vertex -23.4696155 -0.347296355 2.885
      vertex -23.4318517 -0.51763809 2.885
    endloop
  endfacet
  facet normal 0.991444861 0.130526192 0
    outer loop
      vertex -23.4696155 -0.347296355 0
      vertex -23.4923894 -0.174311485 0
      vertex -23.4923894 -0.174311485 2.885
    endloop
  endfacet
  facet normal 0.991444861 0.130526192 -0
    outer loop
      vertex -23.4696155 -0.347296355 0
      vertex -23.4923894 -0.174311485 2.885
      vertex -23.4696155 -0.347296355 2.885
    endloop
  endfacet
  facet normal 0.999048222 0.0436193874 0
    outer loop
      vertex -23.4923894 -0.174311485 0
      vertex -23.5 2.4492936e-16 0
      vertex -23.5 2.4492936e-16 2.885
    endloop
  endfacet
  facet normal 0.999048222 0.0436193874 -0
    outer loop
      vertex -23.4923894 -0.174311485 0
      vertex -23.5 2.4492936e-16 2.885
      vertex -23.4923894 -0.174311485 2.885
    endloop
  endfacet
  facet normal 0.999048222 -0.0436193874 0
    outer loop
      vertex -23.5 2.4492936e-16 0
      vertex -23.4923894 0.174311485 0
      vertex -23.4923894 0.174311485 2.885
    endloop
  endfacet
  facet normal 0.999048222 -0.0436193874 0
    outer loop
      vertex -23.5 2.4492936e-16 0
      vertex -23.4923894 0.174311485 2.885
      vertex -23.5 2.4492936e-16 2.885
    endloop
  endfacet
  facet normal 0.991444861 -0.130526192 0
    outer loop
      vertex -23.4923894 0.174311485 0
      vertex -23.4696155 0.347296355 0
      vertex -23.4696155 0.347296355 2.885
    endloop
  endfacet
  facet normal 0.991444861 -0.130526192 0
    outer loop
      vertex -23.4923894 0.174311485 0
      vertex -23.4696155 0.347296355 2.885
      vertex -23.4923894 0.174311485 2.885
    endloop
  endfacet
  facet normal 0.976296007 -0.216439614 0
    outer loop
      vertex -23.4696155 0.347296355 0
      vertex -23.4318517 0.51763809 0
      vertex -23.4318517 0.51763809 2.885
    endloop
  endfacet
  facet normal 0.976296007 -0.216439614 0
    outer loop
      vertex -23.4696155 0.347296355 0
      vertex -23.4318517 0.51763809 2.885
      vertex -23.4696155 0.347296355 2.885
    endloop
  endfacet
  facet normal 0.953716951 -0.3007058 0
    outer loop
      vertex -23.4318517 0.51763809 0
      vertex -23.3793852 0.684040287 0
      vertex -23.3793852 0.684040287 2.885
    endloop
  endfacet
  facet normal 0.953716951 -0.3007058 0
    outer loop
      vertex -23.4318517 0.51763809 0
      vertex -23.3793852 0.684040287 2.885
      vertex -23.4318517 0.51763809 2.885
    endloop
  endfacet
  facet normal 0.923879533 -0.382683432 0
    outer loop
      vertex -23.3793852 0.684040287 0
      vertex -23.3126156 0.845236523 0
      vertex -23.3126156 0.845236523 2.885
    endloop
  endfacet
  facet normal 0.923879533 -0.382683432 0
    outer loop
      vertex -23.3793852 0.684040287 0
      vertex -23.3126156 0.845236523 2.885
      vertex -23.3793852 0.684040287 2.885
    endloop
  endfacet
  facet normal 0.887010833 -0.461748613 0
    outer loop
      vertex -23.3126156 0.845236523 0
      vertex -23.2320508 1 0
      vertex -23.2320508 1 2.885
    endloop
  endfacet
  facet normal 0.887010833 -0.461748613 0
    outer loop
      vertex -23.3126156 0.845236523 0
      vertex -23.2320508 1 2.885
      vertex -23.3126156 0.845236523 2.885
    endloop
  endfacet
  facet normal 0.843391446 -0.537299608 0
    outer loop
      vertex -23.2320508 1 0
      vertex -23.1383041 1.14715287 0
      vertex -23.1383041 1.14715287 2.885
    endloop
  endfacet
  facet normal 0.843391446 -0.537299608 0
    outer loop
      vertex -23.2320508 1 0
      vertex -23.1383041 1.14715287 2.885
      vertex -23.2320508 1 2.885
    endloop
  endfacet
  facet normal 0.79335334 -0.608761429 0
    outer loop
      vertex -23.1383041 1.14715287 0
      vertex -23.0320889 1.28557522 0
      vertex -23.0320889 1.28557522 2.885
    endloop
  endfacet
  facet normal 0.79335334 -0.608761429 0
    outer loop
      vertex -23.1383041 1.14715287 0
      vertex -23.0320889 1.28557522 2.885
      vertex -23.1383041 1.14715287 2.885
    endloop
  endfacet
  facet normal 0.737277337 -0.675590208 0
    outer loop
      vertex -23.0320889 1.28557522 0
      vertex -22.9142136 1.41421356 0
      vertex -22.9142136 1.41421356 2.885
    endloop
  endfacet
  facet normal 0.737277337 -0.675590208 0
    outer loop
      vertex -23.0320889 1.28557522 0
      vertex -22.9142136 1.41421356 2.885
      vertex -23.0320889 1.28557522 2.885
    endloop
  endfacet
  facet normal 0.675590208 -0.737277337 0
    outer loop
      vertex -22.9142136 1.41421356 0
      vertex -22.7855752 1.53208889 0
      vertex -22.7855752 1.53208889 2.885
    endloop
  endfacet
  facet normal 0.675590208 -0.737277337 0
    outer loop
      vertex -22.9142136 1.41421356 0
      vertex -22.7855752 1.53208889 2.885
      vertex -22.9142136 1.41421356 2.885
    endloop
  endfacet
  facet normal 0.608761429 -0.79335334 0
    outer loop
      vertex -22.7855752 1.53208889 0
      vertex -22.6471529 1.63830409 0
      vertex -22.6471529 1.63830409 2.885
    endloop
  endfacet
  facet normal 0.608761429 -0.79335334 0
    outer loop
      vertex -22.7855752 1.53208889 0
      vertex -22.6471529 1.63830409 2.885
      vertex -22.7855752 1.53208889 2.885
    endloop
  endfacet
  facet normal 0.537299608 -0.843391446 0
    outer loop
      vertex -22.6471529 1.63830409 0
      vertex -22.5 1.73205081 0
      vertex -22.5 1.73205081 2.885
    endloop
  endfacet
  facet normal 0.537299608 -0.843391446 0
    outer loop
      vertex -22.6471529 1.63830409 0
      vertex -22.5 1.73205081 2.885
      vertex -22.6471529 1.63830409 2.885
    endloop
  endfacet
  facet normal 0.461748613 -0.887010833 0
    outer loop
      vertex -22.5 1.73205081 0
      vertex -22.3452365 1.81261557 0
      vertex -22.3452365 1.81261557 2.885
    endloop
  endfacet
  facet normal 0.461748613 -0.887010833 0
    outer loop
      vertex -22.5 1.73205081 0
      vertex -22.3452365 1.81261557 2.885
      vertex -22.5 1.73205081 2.885
    endloop
  endfacet
  facet normal 0.382683432 -0.923879533 0
    outer loop
      vertex -22.3452365 1.81261557 0
      vertex -22.1840403 1.87938524 0
      vertex -22.1840403 1.87938524 2.885
    endloop
  endfacet
  facet normal 0.382683432 -0.923879533 0
    outer loop
      vertex -22.3452365 1.81261557 0
      vertex -22.1840403 1.87938524 2.885
      vertex -22.3452365 1.81261557 2.885
    endloop
  endfacet
  facet normal 0.3007058 -0.953716951 0
    outer loop
      vertex -22.1840403 1.87938524 0
      vertex -22.0176381 1.93185165 0
      vertex -22.0176381 1.93185165 2.885
    endloop
  endfacet
  facet normal 0.3007058 -0.953716951 0
    outer loop
      vertex -22.1840403 1.87938524 0
      vertex -22.0176381 1.93185165 2.885
      vertex -22.1840403 1.87938524 2.885
    endloop
  endfacet
  facet normal 0.216439614 -0.976296007 0
    outer loop
      vertex -22.0176381 1.93185165 0
      vertex -21.8472964 1.96961551 0
      vertex -21.8472964 1.96961551 2.885
    endloop
  endfacet
  facet normal 0.216439614 -0.976296007 0
    outer loop
      vertex -22.0176381 1.93185165 0
      vertex -21.8472964 1.96961551 2.885
      vertex -22.0176381 1.93185165 2.885
    endloop
  endfacet
  facet normal 0.130526192 -0.991444861 0
    outer loop
      vertex -21.8472964 1.96961551 0
      vertex -21.6743115 1.9923894 0
      vertex -21.6743115 1.9923894 2.885
    endloop
  endfacet
  facet normal 0.130526192 -0.991444861 0
    outer loop
      vertex -21.8472964 1.96961551 0
      vertex -21.6743115 1.9923894 2.885
      vertex -21.8472964 1.96961551 2.885
    endloop
  endfacet
  facet normal 0.0436193874 -0.999048222 0
    outer loop
      vertex -21.6743115 1.9923894 0
      vertex -21.5 2 0
      vertex -21.5 2 2.885
    endloop
  endfacet
  facet normal 0.0436193874 -0.999048222 0
    outer loop
      vertex -21.6743115 1.9923894 0
      vertex -21.5 2 2.885
      vertex -21.6743115 1.9923894 2.885
    endloop
  endfacet
  facet normal -0.0436193874 -0.999048222 0
    outer loop
      vertex -21.5 2 0
      vertex -21.3256885 1.9923894 0
      vertex -21.3256885 1.9923894 2.885
    endloop
  endfacet
  facet normal -0.0436193874 -0.999048222 0
    outer loop
      vertex -21.5 2 0
      vertex -21.3256885 1.9923894 2.885
      vertex -21.5 2 2.885
    endloop
  endfacet
  facet normal -0.130526192 -0.991444861 0
    outer loop
      vertex -21.3256885 1.9923894 0
      vertex -21.1527036 1.96961551 0
      vertex -21.1527036 1.96961551 2.885
    endloop
  endfacet
  facet normal -0.130526192 -0.991444861 0
    outer loop
      vertex -21.3256885 1.9923894 0
      vertex -21.1527036 1.96961551 2.885
      vertex -21.3256885 1.9923894 2.885
    endloop
  endfacet
  facet normal -0.216439614 -0.976296007 0
    outer loop
      vertex -21.1527036 1.96961551 0
      vertex -20.9823619 1.93185165 0
      vertex -20.9823619 1.93185165 2.885
    endloop
  endfacet
  facet normal -0.216439614 -0.976296007 0
    outer loop
      vertex -21.1527036 1.96961551 0
      vertex -20.9823619 1.93185165 2.885
      vertex -21.1527036 1.96961551 2.885
    endloop
  endfacet
  facet normal -0.3007058 -0.953716951 0
    outer loop
      vertex -20.9823619 1.93185165 0
      vertex -20.8159597 1.87938524 0
      vertex -20.8159597 1.87938524 2.885
    endloop
  endfacet
  facet normal -0.3007058 -0.953716951 0
    outer loop
      vertex -20.9823619 1.93185165 0
      vertex -20.8159597 1.87938524 2.885
      vertex -20.9823619 1.93185165 2.885
    endloop
  endfacet
  facet normal -0.382683432 -0.923879533 0
    outer loop
      vertex -20.8159597 1.87938524 0
      vertex -20.6547635 1.81261557 0
      vertex -20.6547635 1.81261557 2.885
    endloop
  endfacet
  facet normal -0.382683432 -0.923879533 0
    outer loop
      vertex -20.8159597 1.87938524 0
      vertex -20.6547635 1.81261557 2.885
      vertex -20.8159597 1.87938524 2.885
    endloop
  endfacet
  facet normal -0.461748613 -0.887010833 0
    outer loop
      vertex -20.6547635 1.81261557 0
      vertex -20.5 1.73205081 0
      vertex -20.5 1.73205081 2.885
    endloop
  endfacet
  facet normal -0.461748613 -0.887010833 0
    outer loop
      vertex -20.6547635 1.81261557 0
      vertex -20.5 1.73205081 2.885
      vertex -20.6547635 1.81261557 2.885
    endloop
  endfacet
  facet normal -0.537299608 -0.843391446 0
    outer loop
      vertex -20.5 1.73205081 0
      vertex -20.3528471 1.63830409 0
      vertex -20.3528471 1.63830409 2.885
    endloop
  endfacet
  facet normal -0.537299608 -0.843391446 0
    outer loop
      vertex -20.5 1.73205081 0
      vertex -20.3528471 1.63830409 2.885
      vertex -20.5 1.73205081 2.885
    endloop
  endfacet
  facet normal -0.608761429 -0.79335334 0
    outer loop
      vertex -20.3528471 1.63830409 0
      vertex -20.2144248 1.53208889 0
      vertex -20.2144248 1.53208889 2.885
    endloop
  endfacet
  facet normal -0.608761429 -0.79335334 0
    outer loop
      vertex -20.3528471 1.63830409 0
      vertex -20.2144248 1.53208889 2.885
      vertex -20.3528471 1.63830409 2.885
    endloop
  endfacet
  facet normal -0.675590208 -0.737277337 0
    outer loop
      vertex -20.2144248 1.53208889 0
      vertex -20.0857864 1.41421356 0
      vertex -20.0857864 1.41421356 2.885
    endloop
  endfacet
  facet normal -0.675590208 -0.737277337 0
    outer loop
      vertex -20.2144248 1.53208889 0
      vertex -20.0857864 1.41421356 2.885
      vertex -20.2144248 1.53208889 2.885
    endloop
  endfacet
  facet normal -0.737277337 -0.675590208 0
    outer loop
      vertex -20.0857864 1.41421356 0
      vertex -19.9679111 1.28557522 0
      vertex -19.9679111 1.28557522 2.885
    endloop
  endfacet
  facet normal -0.737277337 -0.675590208 0
    outer loop
      vertex -20.0857864 1.41421356 0
      vertex -19.9679111 1.28557522 2.885
      vertex -20.0857864 1.41421356 2.885
    endloop
  endfacet
  facet normal -0.79335334 -0.608761429 0
    outer loop
      vertex -19.9679111 1.28557522 0
      vertex -19.8616959 1.14715287 0
      vertex -19.8616959 1.14715287 2.885
    endloop
  endfacet
  facet normal -0.79335334 -0.608761429 0
    outer loop
      vertex -19.9679111 1.28557522 0
      vertex -19.8616959 1.14715287 2.885
      vertex -19.9679111 1.28557522 2.885
    endloop
  endfacet
  facet normal -0.843391446 -0.537299608 0
    outer loop
      vertex -19.8616959 1.14715287 0
      vertex -19.7679492 1 0
      vertex -19.7679492 1 2.885
    endloop
  endfacet
  facet normal -0.843391446 -0.537299608 0
    outer loop
      vertex -19.8616959 1.14715287 0
      vertex -19.7679492 1 2.885
      vertex -19.8616959 1.14715287 2.885
    endloop
  endfacet
  facet normal -0.887010833 -0.461748613 0
    outer loop
      vertex -19.7679492 1 0
      vertex -19.6873844 0.845236523 0
      vertex -19.6873844 0.845236523 2.885
    endloop
  endfacet
  facet normal -0.887010833 -0.461748613 0
    outer loop
      vertex -19.7679492 1 0
      vertex -19.6873844 0.845236523 2.885
      vertex -19.7679492 1 2.885
    endloop
  endfacet
  facet normal -0.923879533 -0.382683432 0
    outer loop
      vertex -19.6873844 0.845236523 0
      vertex -19.6206148 0.684040287 0
      vertex -19.6206148 0.684040287 2.885
    endloop
  endfacet
  facet normal -0.923879533 -0.382683432 0
    outer loop
      vertex -19.6873844 0.845236523 0
      vertex -19.6206148 0.684040287 2.885
      vertex -19.6873844 0.845236523 2.885
    endloop
  endfacet
  facet normal -0.953716951 -0.3007058 0
    outer loop
      vertex -19.6206148 0.684040287 0
      vertex -19.5681483 0.51763809 0
      vertex -19.5681483 0.51763809 2.885
    endloop
  endfacet
  facet normal -0.953716951 -0.3007058 0
    outer loop
      vertex -19.6206148 0.684040287 0
      vertex -19.5681483 0.51763809 2.885
      vertex -19.6206148 0.684040287 2.885
    endloop
  endfacet
  facet normal -0.976296007 -0.216439614 0
    outer loop
      vertex -19.5681483 0.51763809 0
      vertex -19.5303845 0.347296355 0
      vertex -19.5303845 0.347296355 2.885
    endloop
  endfacet
  facet normal -0.976296007 -0.216439614 0
    outer loop
      vertex -19.5681483 0.51763809 0
      vertex -19.5303845 0.347296355 2.885
      vertex -19.5681483 0.51763809 2.885
    endloop
  endfacet
  facet normal -0.991444861 -0.130526192 0
    outer loop
      vertex -19.5303845 0.347296355 0
      vertex -19.5076106 0.174311485 0
      vertex -19.5076106 0.174311485 2.885
    endloop
  endfacet
  facet normal -0.991444861 -0.130526192 0
    outer loop
      vertex -19.5303845 0.347296355 0
      vertex -19.5076106 0.174311485 2.885
      vertex -19.5303845 0.347296355 2.885
    endloop
  endfacet
  facet normal -0.999048222 -0.0436193874 0
    outer loop
      vertex -19.5076106 0.174311485 0
      vertex -19.5 0 0
      vertex -19.5 0 2.885
    endloop
  endfacet
  facet normal -0.999048222 -0.0436193874 0
    outer loop
      vertex -19.5076106 0.174311485 0
      vertex -19.5 0 2.885
      vertex -19.5076106 0.174311485 2.885
    endloop
  endfacet
  facet normal -0.999048222 0.0436193874 0
    outer loop
      vertex -19.5 0 0
      vertex -19.5076106 -0.174311485 0
      vertex -19.5076106 -0.174311485 2.885
    endloop
  endfacet
  facet normal -0.999048222 0.0436193874 0
    outer loop
      vertex -19.5 0 0
      vertex -19.5076106 -0.174311485 2.885
      vertex -19.5 0 2.885
    endloop
  endfacet
  facet normal -0.991444861 0.130526192 0
    outer loop
      vertex 23.4923894 -0.174311485 0
      vertex 23.4696155 -0.347296355 0
      vertex 23.4696155 -0.347296355 2.885
    endloop
  endfacet
  facet normal -0.991444861 0.130526192 0
    outer loop
      vertex 23.4923894 -0.174311485 0
      vertex 23.4696155 -0.347296355 2.885
      vertex 23.4923894 -0.174311485 2.885
    endloop
  endfacet
  facet normal -0.976296007 0.216439614 0
    outer loop
      vertex 23.4696155 -0.347296355 0
      vertex 23.4318517 -0.51763809 0
      vertex 23.4318517 -0.51763809 2.885
    endloop
  endfacet
  facet normal -0.976296007 0.216439614 0
    outer loop
      vertex 23.4696155 -0.347296355 0
      vertex 23.4318517 -0.51763809 2.885
      vertex 23.4696155 -0.347296355 2.885
    endloop
  endfacet
  facet normal -0.953716951 0.3007058 0
    outer loop
      vertex 23.4318517 -0.51763809 0
      vertex 23.3793852 -0.684040287 0
      vertex 23.3793852 -0.684040287 2.885
    endloop
  endfacet
  facet normal -0.953716951 0.3007058 0
    outer loop
      vertex 23.4318517 -0.51763809 0
      vertex 23.3793852 -0.684040287 2.885
      vertex 23.4318517 -0.51763809 2.885
    endloop
  endfacet
  facet normal -0.923879533 0.382683432 0
    outer loop
      vertex 23.3793852 -0.684040287 0
      vertex 23.3126156 -0.845236523 0
      vertex 23.3126156 -0.845236523 2.885
    endloop
  endfacet
  facet normal -0.923879533 0.382683432 0
    outer loop
      vertex 23.3793852 -0.684040287 0
      vertex 23.3126156 -0.845236523 2.885
      vertex 23.3793852 -0.684040287 2.885
    endloop
  endfacet
  facet normal -0.887010833 0.461748613 0
    outer loop
      vertex 23.3126156 -0.845236523 0
      vertex 23.2320508 -1 0
      vertex 23.2320508 -1 2.885
    endloop
  endfacet
  facet normal -0.887010833 0.461748613 0
    outer loop
      vertex 23.3126156 -0.845236523 0
      vertex 23.2320508 -1 2.885
      vertex 23.3126156 -0.845236523 2.885
    endloop
  endfacet
  facet normal -0.843391446 0.537299608 0
    outer loop
      vertex 23.2320508 -1 0
      vertex 23.1383041 -1.14715287 0
      vertex 23.1383041 -1.14715287 2.885
    endloop
  endfacet
  facet normal -0.843391446 0.537299608 0
    outer loop
      vertex 23.2320508 -1 0
      vertex 23.1383041 -1.14715287 2.885
      vertex 23.2320508 -1 2.885
    endloop
  endfacet
  facet normal -0.79335334 0.608761429 0
    outer loop
      vertex 23.1383041 -1.14715287 0
      vertex 23.0320889 -1.28557522 0
      vertex 23.0320889 -1.28557522 2.885
    endloop
  endfacet
  facet normal -0.79335334 0.608761429 0
    outer loop
      vertex 23.1383041 -1.14715287 0
      vertex 23.0320889 -1.28557522 2.885
      vertex 23.1383041 -1.14715287 2.885
    endloop
  endfacet
  facet normal -0.737277337 0.675590208 0
    outer loop
      vertex 23.0320889 -1.28557522 0
      vertex 22.9142136 -1.41421356 0
      vertex 22.9142136 -1.41421356 2.885
    endloop
  endfacet
  facet normal -0.737277337 0.675590208 0
    outer loop
      vertex 23.0320889 -1.28557522 0
      vertex 22.9142136 -1.41421356 2.885
      vertex 23.0320889 -1.28557522 2.885
    endloop
  endfacet
  facet normal -0.675590208 0.737277337 0
    outer loop
      vertex 22.9142136 -1.41421356 0
      vertex 22.7855752 -1.53208889 0
      vertex 22.7855752 -1.53208889 2.885
    endloop
  endfacet
  facet normal -0.675590208 0.737277337 0
    outer loop
      vertex 22.9142136 -1.41421356 0
      vertex 22.7855752 -1.53208889 2.885
      vertex 22.9142136 -1.41421356 2.885
    endloop
  endfacet
  facet normal -0.608761429 0.79335334 0
    outer loop
      vertex 22.7855752 -1.53208889 0
      vertex 22.6471529 -1.63830409 0
      vertex 22.6471529 -1.63830409 2.885
    endloop
  endfacet
  facet normal -0.608761429 0.79335334 0
    outer loop
      vertex 22.7855752 -1.53208889 0
      vertex 22.6471529 -1.63830409 2.885
      vertex 22.7855752 -1.53208889 2.885
    endloop
  endfacet
  facet normal -0.537299608 0.843391446 0
    outer loop
      vertex 22.6471529 -1.63830409 0
      vertex 22.5 -1.73205081 0
      vertex 22.5 -1.73205081 2.885
    endloop
  endfacet
  facet normal -0.537299608 0.843391446 0
    outer loop
      vertex 22.6471529 -1.63830409 0
      vertex 22.5 -1.73205081 2.885
      vertex 22.6471529 -1.63830409 2.885
    endloop
  endfacet
  facet normal -0.461748613 0.887010833 0
    outer loop
      vertex 22.5 -1.73205081 0
      vertex 22.3452365 -1.81261557 0
      vertex 22.3452365 -1.81261557 2.885
    endloop
  endfacet
  facet normal -0.461748613 0.887010833 0
    outer loop
      vertex 22.5 -1.73205081 0
      vertex 22.3452365 -1.81261557 2.885
      vertex 22.5 -1.73205081 2.885
    endloop
  endfacet
  facet normal -0.382683432 0.923879533 0
    outer loop
      vertex 22.3452365 -1.81261557 0
      vertex 22.1840403 -1.87938524 0
      vertex 22.1840403 -1.87938524 2.885
    endloop
  endfacet
  facet normal -0.382683432 0.923879533 0
    outer loop
      vertex 22.3452365 -1.81261557 0
      vertex 22.1840403 -1.87938524 2.885
      vertex 22.3452365 -1.81261557 2.885
    endloop
  endfacet
  facet normal -0.3007058 0.953716951 0
    outer loop
      vertex 22.1840403 -1.87938524 0
      vertex 22.0176381 -1.93185165 0
      vertex 22.0176381 -1.93185165 2.885
    endloop
  endfacet
  facet normal -0.3007058 0.953716951 0
    outer loop
      vertex 22.1840403 -1.87938524 0
      vertex 22.0176381 -1.93185165 2.885
      vertex 22.1840403 -1.87938524 2.885
    endloop
  endfacet
  facet normal -0.216439614 0.976296007 0
    outer loop
      vertex 22.0176381 -1.93185165 0
      vertex 21.8472964 -1.96961551 0
      vertex 21.8472964 -1.96961551 2.885
    endloop
  endfacet
  facet normal -0.216439614 0.976296007 0
    outer loop
      vertex 22.0176381 -1.93185165 0
      vertex 21.8472964 -1.96961551 2.885
      vertex 22.0176381 -1.93185165 2.885
    endloop
  endfacet
  facet normal -0.130526192 0.991444861 0
    outer loop
      vertex 21.8472964 -1.96961551 0
      vertex 21.6743115 -1.9923894 0
      vertex 21.6743115 -1.9923894 2.885
    endloop
  endfacet
  facet normal -0.130526192 0.991444861 0
    outer loop
      vertex 21.8472964 -1.96961551 0
      vertex 21.6743115 -1.9923894 2.885
      vertex 21.8472964 -1.96961551 2.885
    endloop
  endfacet
  facet normal -0.0436193874 0.999048222 0
    outer loop
      vertex 21.6743115 -1.9923894 0
      vertex 21.5 -2 0
      vertex 21.5 -2 2.885
    endloop
  endfacet
  facet normal -0.0436193874 0.999048222 0
    outer loop
      vertex 21.6743115 -1.9923894 0
      vertex 21.5 -2 2.885
      vertex 21.6743115 -1.9923894 2.885
    endloop
  endfacet
  facet normal 0.0436193874 0.999048222 0
    outer loop
      vertex 21.5 -2 0
      vertex 21.3256885 -1.9923894 0
      vertex 21.3256885 -1.9923894 2.885
    endloop
  endfacet
  facet normal 0.0436193874 0.999048222 -0
    outer loop
      vertex 21.5 -2 0
      vertex 21.3256885 -1.9923894 2.885
      vertex 21.5 -2 2.885
    endloop
  endfacet
  facet normal 0.130526192 0.991444861 0
    outer loop
      vertex 21.3256885 -1.9923894 0
      vertex 21.1527036 -1.96961551 0
      vertex 21.1527036 -1.96961551 2.885
    endloop
  endfacet
  facet normal 0.130526192 0.991444861 -0
    outer loop
      vertex 21.3256885 -1.9923894 0
      vertex 21.1527036 -1.96961551 2.885
      vertex 21.3256885 -1.9923894 2.885
    endloop
  endfacet
  facet normal 0.216439614 0.976296007 0
    outer loop
      vertex 21.1527036 -1.96961551 0
      vertex 20.9823619 -1.93185165 0
      vertex 20.9823619 -1.93185165 2.885
    endloop
  endfacet
  facet normal 0.216439614 0.976296007 -0
    outer loop
      vertex 21.1527036 -1.96961551 0
      vertex 20.9823619 -1.93185165 2.885
      vertex 21.1527036 -1.96961551 2.885
    endloop
  endfacet
  facet normal 0.3007058 0.953716951 0
    outer loop
      vertex 20.9823619 -1.93185165 0
      vertex 20.8159597 -1.87938524 0
      vertex 20.8159597 -1.87938524 2.885
    endloop
  endfacet
  facet normal 0.3007058 0.953716951 -0
    outer loop
      vertex 20.9823619 -1.93185165 0
      vertex 20.8159597 -1.87938524 2.885
      vertex 20.9823619 -1.93185165 2.885
    endloop
  endfacet
  facet normal 0.382683432 0.923879533 0
    outer loop
      vertex 20.8159597 -1.87938524 0
      vertex 20.6547635 -1.81261557 0
      vertex 20.6547635 -1.81261557 2.885
    endloop
  endfacet
  facet normal 0.382683432 0.923879533 -0
    outer loop
      vertex 20.8159597 -1.87938524 0
      vertex 20.6547635 -1.81261557 2.885
      vertex 20.8159597 -1.87938524 2.885
    endloop
  endfacet
  facet normal 0.461748613 0.887010833 0
    outer loop
      vertex 20.6547635 -1.81261557 0
      vertex 20.5 -1.73205081 0
      vertex 20.5 -1.73205081 2.885
    endloop
  endfacet
  facet normal 0.461748613 0.887010833 -0
    outer loop
      vertex 20.6547635 -1.81261557 0
      vertex 20.5 -1.73205081 2.885
      vertex 20.6547635 -1.81261557 2.885
    endloop
  endfacet
  facet normal 0.537299608 0.843391446 0
    outer loop
      vertex 20.5 -1.73205081 0
      vertex 20.3528471 -1.63830409 0
      vertex 20.3528471 -1.63830409 2.885
    endloop
  endfacet
  facet normal 0.537299608 0.843391446 -0
    outer loop
      vertex 20.5 -1.73205081 0
      vertex 20.3528471 -1.63830409 2.885
      vertex 20.5 -1.73205081 2.885
    endloop
  endfacet
  facet normal 0.608761429 0.79335334 0
    outer loop
      vertex 20.3528471 -1.63830409 0
      vertex 20.2144248 -1.53208889 0
      vertex 20.2144248 -1.53208889 2.885
    endloop
  endfacet
  facet normal 0.608761429 0.79335334 -0
    outer loop
      vertex 20.3528471 -1.63830409 0
      vertex 20.2144248 -1.53208889 2.885
      vertex 20.3528471 -1.63830409 2.885
    endloop
  endfacet
  facet normal 0.675590208 0.737277337 0
    outer loop
      vertex 20.2144248 -1.53208889 0
      vertex 20.0857864 -1.41421356 0
      vertex 20.0857864 -1.41421356 2.885
    endloop
  endfacet
  facet normal 0.675590208 0.737277337 -0
    outer loop
      vertex 20.2144248 -1.53208889 0
      vertex 20.0857864 -1.41421356 2.885
      vertex 20.2144248 -1.53208889 2.885
    endloop
  endfacet
  facet normal 0.737277337 0.675590208 0
    outer loop
      vertex 20.0857864 -1.41421356 0
      vertex 19.9679111 -1.28557522 0
      vertex 19.9679111 -1.28557522 2.885
    endloop
  endfacet
  facet normal 0.737277337 0.675590208 -0
    outer loop
      vertex 20.0857864 -1.41421356 0
      vertex 19.9679111 -1.28557522 2.885
      vertex 20.0857864 -1.41421356 2.885
    endloop
  endfacet
  facet normal 0.79335334 0.608761429 0
    outer loop
      vertex 19.9679111 -1.28557522 0
      vertex 19.8616959 -1.14715287 0
      vertex 19.8616959 -1.14715287 2.885
    endloop
  endfacet
  facet normal 0.79335334 0.608761429 -0
    outer loop
      vertex 19.9679111 -1.28557522 0
      vertex 19.8616959 -1.14715287 2.885
      vertex 19.9679111 -1.28557522 2.885
    endloop
  endfacet
  facet normal 0.843391446 0.537299608 0
    outer loop
      vertex 19.8616959 -1.14715287 0
      vertex 19.7679492 -1 0
      vertex 19.7679492 -1 2.885
    endloop
  endfacet
  facet normal 0.843391446 0.537299608 -0
    outer loop
      vertex 19.8616959 -1.14715287 0
      vertex 19.7679492 -1 2.885
      vertex 19.8616959 -1.14715287 2.885
    endloop
  endfacet
  facet normal 0.887010833 0.461748613 0
    outer loop
      vertex 19.7679492 -1 0
      vertex 19.6873844 -0.845236523 0
      vertex 19.6873844 -0.845236523 2.885
    endloop
  endfacet
  facet normal 0.887010833 0.461748613 -0
    outer loop
      vertex 19.7679492 -1 0
      vertex 19.6873844 -0.845236523 2.885
      vertex 19.7679492 -1 2.885
    endloop
  endfacet
  facet normal 0.923879533 0.382683432 0
    outer loop
      vertex 19.6873844 -0.845236523 0
      vertex 19.6206148 -0.684040287 0
      vertex 19.6206148 -0.684040287 2.885
    endloop
  endfacet
  facet normal 0.923879533 0.382683432 -0
    outer loop
      vertex 19.6873844 -0.845236523 0
      vertex 19.6206148 -0.684040287 2.885
      vertex 19.6873844 -0.845236523 2.885
    endloop
  endfacet
  facet normal 0.953716951 0.3007058 0
    outer loop
      vertex 19.6206148 -0.684040287 0
      vertex 19.5681483 -0.51763809 0
      vertex 19.5681483 -0.51763809 2.885
    endloop
  endfacet
  facet normal 0.953716951 0.3007058 -0
    outer loop
      vertex 19.6206148 -0.684040287 0
      vertex 19.5681483 -0.51763809 2.885
      vertex 19.6206148 -0.684040287 2.885
    endloop
  endfacet
  facet normal 0.976296007 0.216439614 0
    outer loop
      vertex 19.5681483 -0.51763809 0
      vertex 19.5303845 -0.347296355 0
      vertex 19.5303845 -0.347296355 2.885
    endloop
  endfacet
  facet normal 0.976296007 0.216439614 -0
    outer loop
      vertex 19.5681483 -0.51763809 0
      vertex 19.5303845 -0.347296355 2.885
      vertex 19.5681483 -0.51763809 2.885
    endloop
  endfacet
  facet normal 0.991444861 0.130526192 0
    outer loop
      vertex 19.5303845 -0.347296355 0
      vertex 19.5076106 -0.174311485 0
      vertex 19.5076106 -0.174311485 2.885
    endloop
  endfacet
  facet normal 0.991444861 0.130526192 -0
    outer loop
      vertex 19.5303845 -0.347296355 0
      vertex 19.5076106 -0.174311485 2.885
      vertex 19.5303845 -0.347296355 2.885
    endloop
  endfacet
  facet normal 0.999048222 0.0436193874 0
    outer loop
      vertex 19.5076106 -0.174311485 0
      vertex 19.5 2.4492936e-16 0
      vertex 19.5 2.4492936e-16 2.885
    endloop
  endfacet
  facet normal 0.999048222 0.0436193874 -0
    outer loop
      vertex 19.5076106 -0.174311485 0
      vertex 19.5 2.4492936e-16 2.885
      vertex 19.5076106 -0.174311485 2.885
    endloop
  endfacet
  facet normal 0.999048222 -0.0436193874 0
    outer loop
      vertex 19.5 2.4492936e-16 0
      vertex 19.5076106 0.174311485 0
      vertex 19.5076106 0.174311485 2.885
    endloop
  endfacet
  facet normal 0.999048222 -0.0436193874 0
    outer loop
      vertex 19.5 2.4492936e-16 0
      vertex 19.5076106 0.174311485 2.885
      vertex 19.5 2.4492936e-16 2.885
    endloop
  endfacet
  facet normal 0.991444861 -0.130526192 0
    outer loop
      vertex 19.5076106 0.174311485 0
      vertex 19.5303845 0.347296355 0
      vertex 19.5303845 0.347296355 2.885
    endloop
  endfacet
  facet normal 0.991444861 -0.130526192 0
    outer loop
      vertex 19.5076106 0.174311485 0
      vertex 19.5303845 0.347296355 2.885
      vertex 19.5076106 0.174311485 2.885
    endloop
  endfacet
  facet normal 0.976296007 -0.216439614 0
    outer loop
      vertex 19.5303845 0.347296355 0
      vertex 19.5681483 0.51763809 0
      vertex 19.5681483 0.51763809 2.885
    endloop
  endfacet
  facet normal 0.976296007 -0.216439614 0
    outer loop
      vertex 19.5303845 0.347296355 0
      vertex 19.5681483 0.51763809 2.885
      vertex 19.5303845 0.347296355 2.885
    endloop
  endfacet
  facet normal 0.953716951 -0.3007058 0
    outer loop
      vertex 19.5681483 0.51763809 0
      vertex 19.6206148 0.684040287 0
      vertex 19.6206148 0.684040287 2.885
    endloop
  endfacet
  facet normal 0.953716951 -0.3007058 0
    outer loop
      vertex 19.5681483 0.51763809 0
      vertex 19.6206148 0.684040287 2.885
      vertex 19.5681483 0.51763809 2.885
    endloop
  endfacet
  facet normal 0.923879533 -0.382683432 0
    outer loop
      vertex 19.6206148 0.684040287 0
      vertex 19.6873844 0.845236523 0
      vertex 19.6873844 0.845236523 2.885
    endloop
  endfacet
  facet normal 0.923879533 -0.382683432 0
    outer loop
      vertex 19.6206148 0.684040287 0
      vertex 19.6873844 0.845236523 2.885
      vertex 19.6206148 0.684040287 2.885
    endloop
  endfacet
  facet normal 0.887010833 -0.461748613 0
    outer loop
      vertex 19.6873844 0.845236523 0
      vertex 19.7679492 1 0
      vertex 19.7679492 1 2.885
    endloop
  endfacet
  facet normal 0.887010833 -0.461748613 0
    outer loop
      vertex 19.6873844 0.845236523 0
      vertex 19.7679492 1 2.885
      vertex 19.6873844 0.845236523 2.885
    endloop
  endfacet
  facet normal 0.843391446 -0.537299608 0
    outer loop
      vertex 19.7679492 1 0
      vertex 19.8616959 1.14715287 0
      vertex 19.8616959 1.14715287 2.885
    endloop
  endfacet
  facet normal 0.843391446 -0.537299608 0
    outer loop
      vertex 19.7679492 1 0
      vertex 19.8616959 1.14715287 2.885
      vertex 19.7679492 1 2.885
    endloop
  endfacet
  facet normal 0.79335334 -0.608761429 0
    outer loop
      vertex 19.8616959 1.14715287 0
      vertex 19.9679111 1.28557522 0
      vertex 19.9679111 1.28557522 2.885
    endloop
  endfacet
  facet normal 0.79335334 -0.608761429 0
    outer loop
      vertex 19.8616959 1.14715287 0
      vertex 19.9679111 1.28557522 2.885
      vertex 19.8616959 1.14715287 2.885
    endloop
  endfacet
  facet normal 0.737277337 -0.675590208 0
    outer loop
      vertex 19.9679111 1.28557522 0
      vertex 20.0857864 1.41421356 0
      vertex 20.0857864 1.41421356 2.885
    endloop
  endfacet
  facet normal 0.737277337 -0.675590208 0
    outer loop
      vertex 19.9679111 1.28557522 0
      vertex 20.0857864 1.41421356 2.885
      vertex 19.9679111 1.28557522 2.885
    endloop
  endfacet
  facet normal 0.675590208 -0.737277337 0
    outer loop
      vertex 20.0857864 1.41421356 0
      vertex 20.2144248 1.53208889 0
      vertex 20.2144248 1.53208889 2.885
    endloop
  endfacet
  facet normal 0.675590208 -0.737277337 0
    outer loop
      vertex 20.0857864 1.41421356 0
      vertex 20.2144248 1.53208889 2.885
      vertex 20.0857864 1.41421356 2.885
    endloop
  endfacet
  facet normal 0.608761429 -0.79335334 0
    outer loop
      vertex 20.2144248 1.53208889 0
      vertex 20.3528471 1.63830409 0
      vertex 20.3528471 1.63830409 2.885
    endloop
  endfacet
  facet normal 0.608761429 -0.79335334 0
    outer loop
      vertex 20.2144248 1.53208889 0
      vertex 20.3528471 1.63830409 2.885
      vertex 20.2144248 1.53208889 2.885
    endloop
  endfacet
  facet normal 0.537299608 -0.843391446 0
    outer loop
      vertex 20.3528471 1.63830409 0
      vertex 20.5 1.73205081 0
      vertex 20.5 1.73205081 2.885
    endloop
  endfacet
  facet normal 0.537299608 -0.843391446 0
    outer loop
      vertex 20.3528471 1.63830409 0
      vertex 20.5 1.73205081 2.885
      vertex 20.3528471 1.63830409 2.885
    endloop
  endfacet
  facet normal 0.461748613 -0.887010833 0
    outer loop
      vertex 20.5 1.73205081 0
      vertex 20.6547635 1.81261557 0
      vertex 20.6547635 1.81261557 2.885
    endloop
  endfacet
  facet normal 0.461748613 -0.887010833 0
    outer loop
      vertex 20.5 1.73205081 0
      vertex 20.6547635 1.81261557 2.885
      vertex 20.5 1.73205081 2.885
    endloop
  endfacet
  facet normal 0.382683432 -0.923879533 0
    outer loop
      vertex 20.6547635 1.81261557 0
      vertex 20.8159597 1.87938524 0
      vertex 20.8159597 1.87938524 2.885
    endloop
  endfacet
  facet normal 0.382683432 -0.923879533 0
    outer loop
      vertex 20.6547635 1.81261557 0
      vertex 20.8159597 1.87938524 2.885
      vertex 20.6547635 1.81261557 2.885
    endloop
  endfacet
  facet normal 0.3007058 -0.953716951 0
    outer loop
      vertex 20.8159597 1.87938524 0
      vertex 20.9823619 1.93185165 0
      vertex 20.9823619 1.93185165 2.885
    endloop
  endfacet
  facet normal 0.3007058 -0.953716951 0
    outer loop
      vertex 20.8159597 1.87938524 0
      vertex 20.9823619 1.93185165 2.885
      vertex 20.8159597 1.87938524 2.885
    endloop
  endfacet
  facet normal 0.216439614 -0.976296007 0
    outer loop
      vertex 20.9823619 1.93185165 0
      vertex 21.1527036 1.96961551 0
      vertex 21.1527036 1.96961551 2.885
    endloop
  endfacet
  facet normal 0.216439614 -0.976296007 0
    outer loop
      vertex 20.9823619 1.93185165 0
      vertex 21.1527036 1.96961551 2.885
      vertex 20.9823619 1.93185165 2.885
    endloop
  endfacet
  facet normal 0.130526192 -0.991444861 0
    outer loop
      vertex 21.1527036 1.96961551 0
      vertex 21.3256885 1.9923894 0
      vertex 21.3256885 1.9923894 2.885
    endloop
  endfacet
  facet normal 0.130526192 -0.991444861 0
    outer loop
      vertex 21.1527036 1.96961551 0
      vertex 21.3256885 1.9923894 2.885
      vertex 21.1527036 1.96961551 2.885
    endloop
  endfacet
  facet normal 0.0436193874 -0.999048222 0
    outer loop
      vertex 21.3256885 1.9923894 0
      vertex 21.5 2 0
      vertex 21.5 2 2.885
    endloop
  endfacet
  facet normal 0.0436193874 -0.999048222 0
    outer loop
      vertex 21.3256885 1.9923894 0
      vertex 21.5 2 2.885
      vertex 21.3256885 1.9923894 2.885
    endloop
  endfacet
  facet normal -0.0436193874 -0.999048222 0
    outer loop
      vertex 21.5 2 0
      vertex 21.6743115 1.9923894 0
      vertex 21.6743115 1.9923894 2.885
    endloop
  endfacet
  facet normal -0.0436193874 -0.999048222 0
    outer loop
      vertex 21.5 2 0
      vertex 21.6743115 1.9923894 2.885
      vertex 21.5 2 2.885
    endloop
  endfacet
  facet normal -0.130526192 -0.991444861 0
    outer loop
      vertex 21.6743115 1.9923894 0
      vertex 21.8472964 1.96961551 0
      vertex 21.8472964 1.96961551 2.885
    endloop
  endfacet
  facet normal -0.130526192 -0.991444861 0
    outer loop
      vertex 21.6743115 1.9923894 0
      vertex 21.8472964 1.96961551 2.885
      vertex 21.6743115 1.9923894 2.885
    endloop
  endfacet
  facet normal -0.216439614 -0.976296007 0
    outer loop
      vertex 21.8472964 1.96961551 0
      vertex 22.0176381 1.93185165 0
      vertex 22.0176381 1.93185165 2.885
    endloop
  endfacet
  facet normal -0.216439614 -0.976296007 0
    outer loop
      vertex 21.8472964 1.96961551 0
      vertex 22.0176381 1.93185165 2.885
      vertex 21.8472964 1.96961551 2.885
    endloop
  endfacet
  facet normal -0.3007058 -0.953716951 0
    outer loop
      vertex 22.0176381 1.93185165 0
      vertex 22.1840403 1.87938524 0
      vertex 22.1840403 1.87938524 2.885
    endloop
  endfacet
  facet normal -0.3007058 -0.953716951 0
    outer loop
      vertex 22.0176381 1.93185165 0
      vertex 22.1840403 1.87938524 2.885
      vertex 22.0176381 1.93185165 2.885
    endloop
  endfacet
  facet normal -0.382683432 -0.923879533 0
    outer loop
      vertex 22.1840403 1.87938524 0
      vertex 22.3452365 1.81261557 0
      vertex 22.3452365 1.81261557 2.885
    endloop
  endfacet
  facet normal -0.382683432 -0.923879533 0
    outer loop
      vertex 22.1840403 1.87938524 0
      vertex 22.3452365 1.81261557 2.885
      vertex 22.1840403 1.87938524 2.885
    endloop
  endfacet
  facet normal -0.461748613 -0.887010833 0
    outer loop
      vertex 22.3452365 1.81261557 0
      vertex 22.5 1.73205081 0
      vertex 22.5 1.73205081 2.885
    endloop
  endfacet
  facet normal -0.461748613 -0.887010833 0
    outer loop
      vertex 22.3452365 1.81261557 0
      vertex 22.5 1.73205081 2.885
      vertex 22.3452365 1.81261557 2.885
    endloop
  endfacet
  facet normal -0.537299608 -0.843391446 0
    outer loop
      vertex 22.5 1.73205081 0
      vertex 22.6471529 1.63830409 0
      vertex 22.6471529 1.63830409 2.885
    endloop
  endfacet
  facet normal -0.537299608 -0.843391446 0
    outer loop
      vertex 22.5 1.73205081 0
      vertex 22.6471529 1.63830409 2.885
      vertex 22.5 1.73205081 2.885
    endloop
  endfacet
  facet normal -0.608761429 -0.79335334 0
    outer loop
      vertex 22.6471529 1.63830409 0
      vertex 22.7855752 1.53208889 0
      vertex 22.7855752 1.53208889 2.885
    endloop
  endfacet
  facet normal -0.608761429 -0.79335334 0
    outer loop
      vertex 22.6471529 1.63830409 0
      vertex 22.7855752 1.53208889 2.885
      vertex 22.6471529 1.63830409 2.885
    endloop
  endfacet
  facet normal -0.675590208 -0.737277337 0
    outer loop
      vertex 22.7855752 1.53208889 0
      vertex 22.9142136 1.41421356 0
      vertex 22.9142136 1.41421356 2.885
    endloop
  endfacet
  facet normal -0.675590208 -0.737277337 0
    outer loop
      vertex 22.7855752 1.53208889 0
      vertex 22.9142136 1.41421356 2.885
      vertex 22.7855752 1.53208889 2.885
    endloop
  endfacet
  facet normal -0.737277337 -0.675590208 0
    outer loop
      vertex 22.9142136 1.41421356 0
      vertex 23.0320889 1.28557522 0
      vertex 23.0320889 1.28557522 2.885
    endloop
  endfacet
  facet normal -0.737277337 -0.675590208 0
    outer loop
      vertex 22.9142136 1.41421356 0
      vertex 23.0320889 1.28557522 2.885
      vertex 22.9142136 1.41421356 2.885
    endloop
  endfacet
  facet normal -0.79335334 -0.608761429 0
    outer loop
      vertex 23.0320889 1.28557522 0
      vertex 23.1383041 1.14715287 0
      vertex 23.1383041 1.14715287 2.885
    endloop
  endfacet
  facet normal -0.79335334 -0.608761429 0
    outer loop
      vertex 23.0320889 1.28557522 0
      vertex 23.1383041 1.14715287 2.885
      vertex 23.0320889 1.28557522 2.885
    endloop
  endfacet
  facet normal -0.843391446 -0.537299608 0
    outer loop
      vertex 23.1383041 1.14715287 0
      vertex 23.2320508 1 0
      vertex 23.2320508 1 2.885
    endloop
  endfacet
  facet normal -0.843391446 -0.537299608 0
    outer loop
      vertex 23.1383041 1.14715287 0
      vertex 23.2320508 1 2.885
      vertex 23.1383041 1.14715287 2.885
    endloop
  endfacet
  facet normal -0.887010833 -0.461748613 0
    outer loop
      vertex 23.2320508 1 0
      vertex 23.3126156 0.845236523 0
      vertex 23.3126156 0.845236523 2.885
    endloop
  endfacet
  facet normal -0.887010833 -0.461748613 0
    outer loop
      vertex 23.2320508 1 0
      vertex 23.3126156 0.845236523 2.885
      vertex 23.2320508 1 2.885
    endloop
  endfacet
  facet normal -0.923879533 -0.382683432 0
    outer loop
      vertex 23.3126156 0.845236523 0
      vertex 23.3793852 0.684040287 0
      vertex 23.3793852 0.684040287 2.885
    endloop
  endfacet
  facet normal -0.923879533 -0.382683432 0
    outer loop
      vertex 23.3126156 0.845236523 0
      vertex 23.3793852 0.684040287 2.885
      vertex 23.3126156 0.845236523 2.885
    endloop
  endfacet
  facet normal -0.953716951 -0.3007058 0
    outer loop
      vertex 23.3793852 0.684040287 0
      vertex 23.4318517 0.51763809 0
      vertex 23.4318517 0.51763809 2.885
    endloop
  endfacet
  facet normal -0.953716951 -0.3007058 0
    outer loop
      vertex 23.3793852 0.684040287 0
      vertex 23.4318517 0.51763809 2.885
      vertex 23.3793852 0.684040287 2.885
    endloop
  endfacet
  facet normal -0.976296007 -0.216439614 0
    outer loop
      vertex 23.4318517 0.51763809 0
      vertex 23.4696155 0.347296355 0
      vertex 23.4696155 0.347296355 2.885
    endloop
  endfacet
  facet normal -0.976296007 -0.216439614 0
    outer loop
      vertex 23.4318517 0.51763809 0
      vertex 23.4696155 0.347296355 2.885
      vertex 23.4318517 0.51763809 2.885
    endloop
  endfacet
  facet normal -0.991444861 -0.130526192 0
    outer loop
      vertex 23.4696155 0.347296355 0
      vertex 23.4923894 0.174311485 0
      vertex 23.4923894 0.174311485 2.885
    endloop
  endfacet
  facet normal -0.991444861 -0.130526192 0
    outer loop
      vertex 23.4696155 0.347296355 0
      vertex 23.4923894 0.174311485 2.885
      vertex 23.4696155 0.347296355 2.885
    endloop
  endfacet
  facet normal -0.999048222 -0.0436193874 0
    outer loop
      vertex 23.4923894 0.174311485 0
      vertex 23.5 0 0
      vertex 23.5 0 2.885
    endloop
  endfacet
  facet normal -0.999048222 -0.0436193874 0
    outer loop
      vertex 23.4923894 0.174311485 0
      vertex 23.5 0 2.885
      vertex 23.4923894 0.174311485 2.885
    endloop
  endfacet
  facet normal -0.999048222 0.0436193874 0
    outer loop
      vertex 23.5 0 0
      vertex 23.4923894 -0.174311485 0
      vertex 23.4923894 -0.174311485 2.885
    endloop
  endfacet
  facet normal -0.999048222 0.0436193874 0
    outer loop
      vertex 23.5 0 0
      vertex 23.4923894 -0.174311485 2.885
      vertex 23.5 0 2.885
    endloop
  endfacet
  facet normal 0 -1 0
    outer loop
      vertex -25.53 4.68 2.885
      vertex -17.47 4.68 2.885
      vertex -17.47 4.68 7
    endloop
  endfacet
  facet normal 0 -1 0
    outer loop
      vertex -25.53 4.68 2.885
      vertex -17.47 4.68 7
      vertex -25.53 4.68 7
    endloop
  endfacet
  facet normal -1 0 0
    outer loop
      vertex -17.47 4.68 2.885
      vertex -17.47 -4.68 2.885
      vertex -17.47 -4.68 7
    endloop
  endfacet
  facet normal -1 0 0
    outer loop
      vertex -17.47 4.68 2.885
      vertex -17.47 -4.68 7
      vertex -17.47 4.68 7
    endloop
  endfacet
  facet normal 0 1 0
    outer loop
      vertex -17.47 -4.68 2.885
      vertex -25.53 -4.68 2.885
      vertex -25.53 -4.68 7
    endloop
  endfacet
  facet normal 0 1 -0
    outer loop
      vertex -17.47 -4.68 2.885
      vertex -25.53 -4.68 7
      vertex -17.47 -4.68 7
    endloop
  endfacet
  facet normal 1 0 0
    outer loop
      vertex -25.53 -4.68 2.885
      vertex -25.53 4.68 2.885
      vertex -25.53 4.68 7
    endloop
  endfacet
  facet normal 1 0 0
    outer loop
      vertex -25.53 -4.68 2.885
      vertex -25.53 4.68 7
      vertex -25.53 -4.68 7
    endloop
  endfacet
  facet normal 0 -1 0
    outer loop
      vertex 17.47 4.68 2.885
      vertex 25.53 4.68 2.885
      vertex 25.53 4.68 7
    endloop
  endfacet
  facet normal 0 -1 0
    outer loop
      vertex 17.47 4.68 2.885
      vertex 25.53 4.68 7
      vertex 17.47 4.68 7
    endloop
  endfacet
  facet normal -1 0 0
    outer loop
      vertex 25.53 4.68 2.885
      vertex 25.53 -4.68 2.885
      vertex 25.53 -4.68 7
    endloop
  endfacet
  facet normal -1 0 0
    outer loop
      vertex 25.53 4.68 2.885
      vertex 25.53 -4.68 7
      vertex 25.53 4.68 7
    endloop
  endfacet
  facet normal 0 1 0
    outer loop
      vertex 25.53 -4.68 2.885
      vertex 17.47 -4.68 2.885
      vertex 17.47 -4.68 7
    endloop
  endfacet
  facet normal 0 1 -0
    outer loop
      vertex 25.53 -4.68 2.885
      vertex 17.47 -4.68 7
      vertex 25.53 -4.68 7
    endloop
  endfacet
  facet normal 1 0 0
    outer loop
      vertex 17.47 -4.68 2.885
      vertex 17.47 4.68 2.885
      vertex 17.47 4.68 7
    endloop
  endfacet
  facet normal 1 0 0
    outer loop
      vertex 17.47 -4.68 2.885
      vertex 17.47 4.68 7
      vertex 17.47 -4.68 7
    endloop
  endfacet
endsolid ix14_stand_MuleV2.0
